"Model","Chi_sq","df","CFI","TLI","RMSEA","RMSEA_lo","RMSEA_hi","SRMR"
"4-factor",699.101742579833,98,0.857802354176193,0.825880433685134,0.111203925315947,0.103523830005604,0.119036355822875,0.0685942877000766
"5-factor",805.808431359633,125,0.858083936800306,0.826294738643575,0.104789222494309,0.0979502122282883,0.111751427152017,0.0641331390287491
