,punitiveness_agg,hostile_agg,hatred_comp,revenge_comp,sdo_comp
sim_prosocial_mean,-0.12681974760251388,-0.041738084685964995,-0.038878583104186945,-0.05369321600166926,-0.05286779401402178
sim_dark_mean,0.028959715268425924,-0.009332891982012042,-0.06669927950269598,0.028017169351092542,-0.00013760738682412534
just_prosocial,-0.09997975005936052,-0.0791699825687069,-0.07450359750004198,-0.06396156791920597,-0.037825763547769495
just_dark,0.12595062839082732,0.07534797912568686,0.048520108504729514,0.09473534589238816,0.03246695816344454
vader_compound,-0.19330927178818222,-0.052011326309036876,-0.09128837677346467,-0.021885245514660572,-0.07825395429648382
