"DV","r_Hostile","r_Crime","Difference"
"punitiveness_agg",0.585812650192014,0.321622623127531,0.264190027064483
"punitiveness_8item",0.70896895588934,0.355079957347612,0.353888998541728
