"Correlate","Main_Effect_b","Main_Effect_p","Political_b","Political_p","Interaction_b","Interaction_p","Interaction_Sig"
"Hostile Aggression",0.433,"0.0000000000000000000000000000000000000589",0.081,"0.0000010908894116",-0.026,"0.074",""
"Crime Concerns",0.213,"0.0000000005221353291445955697327361491459",0.137,"0.0000000000000571",-0.024,"0.174",""
"Emotions",0.382,"0.0000000000000000000000000000087238951105",0.096,"0.0000000170314826",-0.009,"0.565",""
"Personality",0.324,"0.0000000000000005465970616239029940629697",0.061,"0.0031261058211971",-0.008,"0.616",""
"RWA",0.35,"0.0000000000000000110878210021776622749166",0.05,"0.0175255121396556",-0.023,"0.186",""
"SDO",0.171,"0.0000098047700458965083468920384546230196",0.119,"0.0000000032088381",0,"0.991",""
"Racial Resentment",0.309,"0.0000000000000066583742784677135982772151",0.069,"0.0008019148318104",0.005,"0.765",""
"Hatred",0.382,"0.0000000000000000000000000000027732975274",0.102,"0.0000000014094963",-0.012,"0.445",""
