ResponseId,Vignette,retributivist,retribution_rel,retrib_medsplit,retrib_tertile,sentence_ratio,ratio_medsplit,semantic_retributivism,sem_medsplit,sentence_delta,sentence2_resid,sentence2_resid_vig,libcons,pros_lean,duration_s,longstring,modal_response,flag_fast_half,flag_fast_third,flag_slow,flag_longstring,flag_any
R_6zFmDHUnWzyvmXD,2,0,-1.5,0,low,0,0,NA,NA,-20,-13.048105857215182,-14.086283325842208,1,-1,490,12,0.717391304347826,1,0,0,1,1
R_6EKM6PN9xTmWMV0,1,0,0,0,mid,1,1,NA,NA,0,6.560139325842495,6.581856622772781,1,0,475,12,0.34782608695652173,1,0,0,1,1
R_5IY8U2LsOKs3MYZ,3,0,0.2857142857142856,1,mid,1,1,NA,NA,0,6.560139325842081,7.654364879733894,6,0.5,731,5,0.29347826086956524,0,0,0,0,0
R_3oqysjixGy9AoFj,3,0,1.031746031746032,1,high,0.125,0,NA,NA,-35,-28.309275735176932,-27.28065834537015,1,0,629,3,0.33695652173913043,1,0,0,0,1
R_1iyTntLbOmxMPIJ,1,0,0.2777777777777781,1,mid,0.8,0,NA,NA,-5,1.8866016732945545,1.7442985600121867,1,0,644,9,0.25,1,0,0,0,1
R_1YExfMDQjZUMW8L,3,1,0.11111111111111072,0,mid,0.75,0,NA,NA,-5,1.951894142785049,2.8492952044216517,4,0,692,10,0.42391304347826086,0,0,0,1,1
R_3l6JGh2Vgfkr4di,2,0,0.33333333333333304,1,mid,1,1,NA,NA,0,6.886601673294554,5.881228286710069,7,1,712,12,0.2391304347826087,0,0,0,1,1
R_5DZFKhv3bXw8q1j,2,0,0.1904761904761898,1,mid,1,1,NA,NA,0,6.560139325842081,5.71878634947026,4,1,765,6,0.31521739130434784,0,0,0,0,0
R_1I5h4tFmat7ueoq,1,1,0.6190476190476186,1,high,0.25,0,NA,NA,-15,-8.048105857214953,-8.223213052539855,4,0,785,5,0.31521739130434784,0,0,0,0,0
R_5OiRx59rM96Yg1P,2,1,-0.45238095238095255,0,low,1,1,NA,NA,0,6.886601673294554,5.881228286710069,5,1,788,5,0.33695652173913043,0,0,0,0,0
R_7mekN9GC1fk33li,3,1,1.166666666666667,1,high,1,1,NA,NA,0,6.560139325842081,7.6543648797338815,6,1,697,12,0.3695652173913043,0,0,0,1,1
R_37pERk7YMXWU3ct,2,1,0.5317460317460321,1,high,1,1,NA,NA,0,6.560139325842081,5.71878634947026,2,0,710,3,0.25,0,0,0,0,0
R_1S7gxHDqAH6iTdw,1,0,-0.587301587301587,0,low,0,0,NA,NA,-20,-13.048105857214951,-13.223213052539851,7,0,825,7,0.4673913043478261,0,0,0,0,0
R_5uK38w74t1M7MZz,1,0,-0.13492063492063444,0,low,0.42857142857142855,0,NA,NA,-20,-13.243983265686435,-13.320678214883738,3,1,704,4,0.30434782608695654,0,0,0,0,0
R_3mxDp5vNOub0Dhi,1,0,-2.3492063492063493,0,low,0.5,0,NA,NA,-15,-8.17869079619594,-8.288189827435776,1,-0.5,845,6,0.31521739130434784,0,0,0,0,0
R_51yVhsL0ZiP86Zf,3,0,-0.2142857142857144,0,low,1,1,NA,NA,0,6.560139325842081,7.6543648797338815,5,1,834,5,0.25,0,0,0,0,0
R_5pLxudtSu1p0sah,3,0,-0.3095238095238102,0,low,1,1,NA,NA,0,6.821309203804059,7.7843184295257295,2,-0.5,829,6,0.2391304347826087,0,0,0,0,0
R_3pSAlHyALk9eEzo,2,1,0.16666666666666696,1,mid,1,1,NA,NA,0,6.560139325842081,5.71878634947026,3,1,774,13,0.5,0,0,0,1,1
R_599HQbVOKVbZukp,3,0,0,0,mid,1,1,NA,NA,0,7.082479081766036,7.914271979317574,2,-0.5,811,16,0.6956521739130435,0,0,0,1,1
R_5qenq19PCdUiKth,2,0,0.1904761904761898,1,mid,0.8,0,NA,NA,-5,1.8866016732945545,0.8812282867100696,6,0,863,6,0.32608695652173914,0,0,0,0,0
R_1ruNUCEB7DiBJlK,1,0,-0.23015873015872979,0,low,1,1,NA,NA,0,6.821309203804059,6.711810172564225,1,-1,820,4,0.31521739130434784,0,0,0,0,0
R_5AYwGQA1UEhk1Bs,2,0,0.5158730158730149,1,high,0.8,0,NA,NA,-10,-3.439860674157917,-4.281213650529738,4,-0.5,850,3,0.33695652173913043,0,0,0,0,0
R_7JCP5joUZcvXQ5n,3,1,0.833333333333333,1,high,1,1,NA,NA,0,6.560139325842081,7.6543648797338815,5,1,831,12,0.32608695652173914,0,0,0,1,1
R_7S96BBBlccTP8bX,3,0,-0.8888888888888893,0,low,0.25,0,NA,NA,-15,-8.048105857214953,-7.15070479557835,4,-1,878,4,0.2717391304347826,0,0,0,0,0
R_7LizMoSqiPxB27i,2,0,1.2142857142857144,1,high,1,1,NA,NA,0,6.560139325842081,5.71878634947026,7,1,655,6,0.4782608695652174,1,0,0,0,1
R_67WixwAfLe3T5qV,1,0,0.32539682539682513,1,mid,1.08,1,NA,NA,2,8.886601673294555,8.744298560012188,4,0.5,852,5,0.29347826086956524,0,0,0,0,0
R_5xjvlRoVVzBD8oF,3,0,-0.8333333333333335,0,low,0.5,0,NA,NA,-5,2.0824790817660355,2.914271979317572,2,-1,778,4,0.32608695652173914,0,0,0,0,0
R_6tbaibbl7CUmn13,3,1,2,1,high,1,1,NA,NA,0,6.560139325842081,7.6543648797338815,7,1,842,12,0.5652173913043478,0,0,0,1,1
R_3P4Jj1mMSeAVAec,2,0,-0.6587301587301582,0,low,1,1,NA,NA,0,6.560139325842081,5.71878634947026,3,1,892,4,0.20652173913043478,0,0,0,0,0
R_6rTQDeKCvU1ur6t,2,1,0.9206349206349209,1,high,1,1,NA,NA,0,6.560139325842081,5.71878634947026,7,1,594,6,0.5217391304347826,1,0,0,0,1
R_37cScPc73JUzAoF,2,0,0.23809523809523814,1,mid,1,1,NA,NA,0,6.625431795332574,5.751274736918219,2,0,867,9,0.2717391304347826,0,0,0,0,0
R_7M5xxKMdUul1t91,1,0,0.16666666666666696,1,mid,0.6666666666666666,0,NA,NA,-10,-3.1786907961959407,-3.2881898274357764,6,0,967,21,0.5760869565217391,0,0,0,1,1
R_7KACMrap9qEXt9z,1,0,0.03174603174603252,0,mid,0,0,NA,NA,-25,-18.113398326705447,-18.255701439987813,4,0.5,869,4,0.22826086956521738,0,0,0,0,0
R_1Nk5sR2uPFVL7Z1,1,0,-1.4365079365079367,0,low,0.42857142857142855,0,NA,NA,-20,-13.243983265686435,-13.320678214883738,3,-0.5,960,3,0.25,0,0,0,0,0
R_7scw68DaWGuO87V,1,0,-1.5238095238095242,0,low,1,1,NA,NA,0,6.560139325842081,6.581856622772377,2,0.5,834,3,0.29347826086956524,0,0,0,0,0
R_5wNphI7v7bLxYFT,1,1,1.1587301587301582,1,high,1,1,NA,NA,0,6.560139325842081,6.581856622772377,4,1,931,6,0.2717391304347826,0,0,0,0,0
R_5DtPjnmaseHuMbN,3,1,0,0,mid,1,1,NA,NA,0,6.560139325842081,7.6543648797338815,1,1,649,32,0.5978260869565217,1,0,0,1,1
R_6Lu4zAp8vuCMKkX,3,0,1.4603174603174605,1,high,0.03333333333333333,0,NA,NA,-29,-22.17869079619594,-21.215681570474278,1,0.5,871,7,0.5434782608695652,0,0,0,0,0
R_1RmQVeySLYRgObf,1,0,-1.0952380952380953,0,low,0.6521739130434783,0,NA,NA,-8,-1.087281338909248,-1.2427060850086293,3,1,947,5,0.31521739130434784,0,0,0,0,0
R_5R35vwemG0f4YoU,3,0,-0.5238095238095237,0,low,0.75,0,NA,NA,-5,1.951894142785049,2.8492952044216517,3,0.5,1001,6,0.30434782608695654,0,0,0,0,0
R_5uKbm3cpuLnsypY,3,1,0.23809523809523814,1,mid,1,1,NA,NA,0,6.821309203804059,7.7843184295257295,2,1,1092,4,0.2717391304347826,0,0,0,0,0
R_751wvcOom5YUIVP,1,0,-0.26190476190476186,0,low,1,1,NA,NA,0,6.560139325842081,6.581856622772377,3,1,984,3,0.29347826086956524,0,0,0,0,0
R_6l0HLKGtHX6kjqo,3,0,1.531746031746032,1,high,1,1,NA,NA,0,6.560139325842081,7.6543648797338815,4,0.5,826,3,0.32608695652173914,0,0,0,0,0
R_73f2h2lGwLSb2jr,2,1,0.023809523809523725,0,mid,1,1,NA,NA,0,6.560139325842081,5.71878634947026,4,1,1066,5,0.2717391304347826,0,0,0,0,0
R_7Eiga2GRUfOC8FK,2,0,0.5238095238095237,1,high,0.8333333333333334,0,NA,NA,-5,1.8213092038040588,0.8487398992621065,4,0.5,875,6,0.25,0,0,0,0,0
R_3qw0E5uszeCuYrR,1,1,-0.01587301587301493,0,mid,1,1,NA,NA,0,6.560139325842081,6.581856622772377,4,0.5,1063,4,0.2826086956521739,0,0,0,0,0
R_5I6lvtQTnSJPOaX,1,1,0.412698412698413,1,high,1,1,NA,NA,0,6.886601673294554,6.7442985600121865,4,1,767,5,0.21739130434782608,0,0,0,0,0
R_6arEKOInRki4VHB,2,1,0.07142857142857117,0,mid,1,1,NA,NA,0,6.560139325842081,5.71878634947026,6,1,1007,7,0.1956521739130435,0,0,0,0,0
R_5DqmzlUa44iDWEm,3,0,0.06349206349206371,0,mid,0.5,0,NA,NA,-5,2.0824790817660355,2.914271979317572,2,0.5,893,6,0.31521739130434784,0,0,0,0,0
R_377oDQegmYd1SGW,2,0,0.30952380952380976,1,mid,0.1,0,NA,NA,-18,-11.048105857214951,-12.08628332584197,3,-1,1147,5,0.25,0,0,0,0,0
R_1Lch9oOJjhp2Ffw,1,0,0.6428571428571432,1,high,1,1,NA,NA,0,6.756016734313565,6.679321785116263,5,1,936,4,0.25,0,0,0,0,0
R_3v2GxFXcJcaLePx,1,1,0.12698412698412742,0,mid,1,1,NA,NA,0,6.560139325842081,6.581856622772377,7,0,1105,4,0.2717391304347826,0,0,0,0,0
R_3qX3zY4vm0K2rRS,2,1,-0.03174603174603252,0,mid,1,1,NA,NA,0,6.560139325842081,5.71878634947026,6,1,1025,3,0.29347826086956524,0,0,0,0,0
R_5Xi7N8ZTwId4Fdn,1,1,0.9365079365079372,1,high,0.3125,0,NA,NA,-22,-15.20480778399214,-15.301185182414963,2,1,981,4,0.31521739130434784,0,0,0,0,0
R_5iVDkBdt9PC3zas,2,0,1.174603174603174,1,high,1,1,NA,NA,0,6.560139325842081,5.71878634947026,3,1,1090,5,0.21739130434782608,0,0,0,0,0
R_63xzse3rbJDREgd,2,1,0.46031746031746046,1,high,1.04,1,NA,NA,1,7.886601673294554,6.881228286710069,1,-1,1035,5,0.2391304347826087,0,0,0,0,0
R_6d9QmzjiwbRnvlr,3,1,0.5238095238095237,1,high,0.6666666666666666,0,NA,NA,-10,-3.1786907961959407,-2.2156815704742723,5,0,974,6,0.3804347826086957,0,0,0,0,0
R_5Iat6OkhutCUQJ6,1,0,-0.3174603174603181,0,low,1.4285714285714286,1,NA,NA,15,21.75601673431356,21.67932178511626,4,0.5,986,6,0.2826086956521739,0,0,0,0,0
R_3Hp4dTZbBPf6hjo,3,0,0.9920634920634921,1,high,0.4,0,NA,NA,-30,-23.439860674157913,-22.345635120266117,2,1,1164,5,0.22826086956521738,0,0,0,0,0
R_3fUzOHiRCWBPdZv,3,1,0.03174603174603252,0,mid,0.03333333333333333,0,NA,NA,-29,-22.17869079619594,-21.215681570474278,7,1,1070,3,0.2717391304347826,0,0,0,0,0
R_5dzOS6Hpu2ssqce,2,1,-0.13492063492063444,0,low,0.5714285714285714,0,NA,NA,-15,-8.243983265686435,-9.183748488185856,4,0.5,1149,3,0.18478260869565216,0,0,0,0,0
R_3alUbr0miGGA13j,2,0,-0.15079365079365115,0,low,0.8571428571428571,0,NA,NA,-5,1.7560167343135649,0.8162515118141451,4,0,1188,4,0.2391304347826087,0,0,0,0,0
R_1wEBCXXh3EAGjJL,3,0,0.06349206349206327,0,mid,0.45454545454545453,0,NA,NA,-18,-11.217866277890238,-10.235174602943049,4,-0.5,1103,12,0.33695652173913043,0,0,0,1,1
R_6TnSKs1DEh9bMN2,2,1,0.23015873015872934,1,mid,1,1,NA,NA,0,6.690724264823071,5.783763124366184,3,0,1078,4,0.25,0,0,0,0,0
R_7PPzU3McST0BBv3,3,0,-0.23809523809523814,0,low,1,1,NA,NA,0,6.886601673294554,7.816806816973692,4,1,1099,4,0.22826086956521738,0,0,0,0,0
R_6WDPSL9mXUBtZeh,3,0,0.23015873015872934,1,mid,0.08,0,NA,NA,-23,-16.113398326705447,-15.183193183026308,4,0.5,1062,2,0.18478260869565216,0,0,0,0,0
R_62F7ZHGJFKUOcHp,1,1,0.16666666666666696,1,mid,0.5,0,NA,NA,-10,-3.048105857214953,-3.223213052539854,6,-1,999,4,0.18478260869565216,0,0,0,0,0
R_3A33EbWAu8bPP4R,2,0,-0.666666666666667,0,low,1,1,NA,NA,0,6.821309203804059,5.848739899262108,6,1,1156,3,0.2608695652173913,0,0,0,0,0
R_3erKatWfeBwJDJn,2,0,0.09523809523809579,0,mid,0.3333333333333333,0,NA,NA,-10,-2.98281338772446,-4.05379493839401,3,0,1194,3,0.21739130434782608,0,0,0,0,0
R_5QldweKJ37AKt7X,3,1,0.8888888888888893,1,high,1,1,NA,NA,0,6.821309203804059,7.7843184295257295,7,0,1102,9,0.40217391304347827,0,0,0,0,0
R_7QRIfhycq6sOsMe,3,0,0.07936507936507908,0,mid,0.2,0,NA,NA,-20,-13.113398326705447,-12.183193183026308,1,-1,1250,5,0.358695652173913,0,0,0,0,0
R_7K3dz3sByxkDqdZ,2,0,0.5793650793650791,1,high,0.8,0,NA,NA,-10,-3.439860674157917,-4.281213650529738,3,0,1251,4,0.25,0,0,0,0,0
R_1IbJ8ZNpCEqZTeu,2,1,0.2936507936507935,1,mid,1,1,NA,NA,0,6.560139325842081,5.71878634947026,5,-0.5,728,5,0.34782608695652173,0,0,0,0,0
R_1iWfmCHu0FQplwB,1,1,0.26190476190476186,1,mid,0.25,0,NA,NA,-15,-8.048105857214953,-8.223213052539855,2,0,1192,3,0.2717391304347826,0,0,0,0,0
R_3rTSsorEvHFuuwx,2,1,-0.3730158730158726,0,low,1,1,NA,NA,0,6.560139325842081,5.71878634947026,3,0,1304,4,0.21739130434782608,0,0,0,0,0
R_3FR96pNLGf6d4aU,1,0,-0.26984126984127066,0,low,0.4,0,NA,NA,-15,-8.113398326705447,-8.255701439987815,2,0.5,1219,5,0.2717391304347826,0,0,0,0,0
R_5FLIhP5XoFqhEa6,3,0,-1.2142857142857144,0,low,0.4,0,NA,NA,-30,-23.439860674157913,-22.345635120266117,2,0,1252,4,0.29347826086956524,0,0,0,0,0
R_3MXYSJHbz9A57pL,1,0,0.1904761904761898,1,mid,1,1,NA,NA,0,6.560139325842081,6.581856622772377,4,1,1227,6,0.30434782608695654,0,0,0,0,0
R_5DtppANNmBW7278,1,1,-0.3888888888888893,0,low,1,1,NA,NA,0,6.821309203804059,6.711810172564225,5,0.5,1266,7,0.29347826086956524,0,0,0,0,0
R_1xTb6rv771MGVR7,2,1,0.626984126984127,1,high,1,1,NA,NA,0,6.560139325842081,5.71878634947026,1,-0.5,1199,6,0.4782608695652174,0,0,0,0,0
R_7nU5XUBeC69bXcp,2,0,0.11904761904761862,0,mid,1,1,NA,NA,0,6.560139325842081,5.71878634947026,4,0.5,959,6,0.29347826086956524,0,0,0,0,0
R_7OUzEipWUEblT9d,3,0,-0.45238095238095255,0,low,1,1,NA,NA,0,6.560139325842081,7.6543648797338815,4,1,1335,5,0.358695652173913,0,0,0,0,0
R_1IauyRhlhBQQs5R,1,1,0.3015873015873005,1,mid,1,1,NA,NA,0,6.560139325842081,6.581856622772377,5,0.5,1117,7,0.4782608695652174,0,0,0,0,0
R_3kyBr5mLK0zCPbr,3,1,-0.4047619047619042,0,low,0.3,0,NA,NA,-35,-28.439860674157913,-27.345635120266117,7,0,1164,6,0.391304347826087,0,0,0,0,0
R_7sbULDu0EBwme79,2,0,0.22222222222222232,1,mid,1,1,NA,NA,0,6.560139325842081,5.71878634947026,3,0,651,8,0.31521739130434784,1,0,0,0,1
R_5LXHS9lxhtfKZcl,2,1,0.16666666666666696,1,mid,1,1,NA,NA,0,6.560139325842081,5.71878634947026,5,1,1225,13,0.33695652173913043,0,0,0,1,1
R_72ScECcQ5DNZb73,1,0,-0.9365079365079367,0,low,1,1,NA,NA,0,6.951894142785049,6.776786947460148,3,0.5,993,5,0.2717391304347826,0,0,0,0,0
R_6CPTgl4hykxRYfn,1,0,0.48412698412698507,1,high,0.9090909090909091,0,NA,NA,-2,4.92577715498885,4.763791592480963,5,1,1085,4,0.29347826086956524,0,0,0,0,0
R_1tJg7215BsTWGkN,2,0,0.1904761904761898,1,mid,0.875,0,NA,NA,-5,1.690724264823071,0.7837631243661842,7,0,1169,12,0.5978260869565217,0,0,0,1,1
R_3tJyt02ltFuLWDL,2,0,0.1904761904761898,1,mid,1,1,NA,NA,0,6.951894142785049,5.913716674158031,5,-1,1264,10,0.29347826086956524,0,0,0,1,1
R_1BV1YZYHlms1Uch,2,0,0.8650793650793651,1,high,0.6,0,NA,NA,-10,-3.1133983267054455,-4.118771713289931,1,-1,664,4,0.45652173913043476,1,0,0,0,1
R_3aLxooZf8085akS,1,0,1.047619047619048,1,high,0.4,0,NA,NA,-30,-23.439860674157913,-23.41814337722762,1,0.5,1409,3,0.33695652173913043,0,0,0,0,0
R_3y9koSebd8rWz4R,3,0,2.1746031746031744,1,high,1,1,NA,NA,0,6.560139325842081,7.6543648797338815,4,-0.5,1381,3,0.2391304347826087,0,0,0,0,0
R_502EAhjxbMmjHtz,1,1,0.5476190476190474,1,high,1,1,NA,NA,0,6.560139325842081,6.581856622772377,5,0,1402,5,0.40217391304347827,0,0,0,0,0
R_5Vc0ofnn9v4ykpz,2,1,0.5079365079365079,1,high,0.5,0,NA,NA,-25,-18.439860674157917,-19.28121365052974,6,1,1132,5,0.2608695652173913,0,0,0,0,0
R_7oG76NA06dHWLqt,2,1,0.055555555555556246,0,mid,1,1,NA,NA,0,6.560139325842081,5.71878634947026,2,1,689,7,0.358695652173913,0,0,0,0,0
R_577t1ULlOCljPXx,3,0,0.1825396825396819,1,mid,0.7,0,NA,NA,-15,-8.439860674157917,-7.345635120266117,6,1,1314,3,0.33695652173913043,0,0,0,0,0
R_7DD7Jxm1VL663Pr,3,0,0.753968253968254,1,high,0.5,0,NA,NA,-25,-18.439860674157917,-17.34563512026612,4,1,1405,5,0.2608695652173913,0,0,0,0,0
R_6fkjNwtzRDbmIAh,2,0,-0.15873015873015817,0,low,0.75,0,NA,NA,-10,-3.3092757351769295,-4.216236875633816,4,0,1241,6,0.29347826086956524,0,0,0,0,0
R_6kGjiXvbwpdSBXP,3,0,-1.2142857142857144,0,low,0.44,0,NA,NA,-28,-21.439860674157913,-20.345635120266117,4,0,1165,4,0.2391304347826087,0,0,0,0,0
R_54scDevtfBoh2F3,3,0,0.6031746031746037,1,high,0.5,0,NA,NA,-15,-8.17869079619594,-7.215681570474272,7,1,1355,5,0.29347826086956524,0,0,0,0,0
R_5azZQ4kndnd9UrI,3,1,0.3809523809523814,1,mid,1,1,NA,NA,0,6.560139325842081,7.6543648797338815,5,-1,1053,6,0.358695652173913,0,0,0,0,0
R_6BtOo5kJrill7Z7,1,1,0.5,1,high,1,1,NA,NA,0,6.560139325842081,6.581856622772377,3,1,628,12,0.42391304347826086,1,0,0,1,1
R_5TAxmPxoznubxBZ,2,0,-1.1587301587301582,0,low,1,1,NA,NA,0,6.560139325842081,5.71878634947026,2,1,1445,4,0.21739130434782608,0,0,0,0,0
R_3anPOAPN5wmEA41,3,0,0.33333333333333304,1,mid,1,1,NA,NA,0,6.560139325842081,7.6543648797338815,7,0,953,13,0.5,0,0,0,1,1
R_14w95b8s7ilcBi1,3,1,0.7380952380952381,1,high,0,0,NA,NA,-25,-18.113398326705447,-17.18319318302631,5,0,1065,3,0.21739130434782608,0,0,0,0,0
R_6eLWRHcwfE9IjNd,1,0,0.4761904761904763,1,high,1,1,NA,NA,0,7.082479081766036,6.84176372235607,4,1,1398,4,0.29347826086956524,0,0,0,0,0
R_71afjFZcmOr3R3H,1,1,0.19841269841269948,1,mid,0.46875,0,NA,NA,-17,-10.204807783992138,-10.30118518241496,3,0.5,1175,4,0.25,0,0,0,0,0
R_7aZakPLJqnPScUN,1,0,0.26190476190476186,1,mid,1.2,1,NA,NA,5,11.886601673294555,11.744298560012188,2,0.5,1484,6,0.21739130434782608,0,0,0,0,0
R_3s4RB67ZHBRWDMR,3,1,1.182539682539682,1,high,1,1,NA,NA,0,6.560139325842081,7.6543648797338815,7,1,1387,6,0.43478260869565216,0,0,0,0,0
R_7EFvezEwITifStC,1,1,1.833333333333333,1,high,1,1,NA,NA,0,6.560139325842081,6.581856622772377,3,1,702,8,0.3804347826086957,0,0,0,0,0
R_1qaEfpZtec1EHYD,1,0,-0.15873015873015817,0,low,0.40476190476190477,0,NA,NA,-25,-18.33539272297313,-18.366161957310883,3,1,971,3,0.20652173913043478,0,0,0,0,0
R_7geis1uzZkyBCcJ,1,0,0.33333333333333304,1,mid,1,1,NA,NA,0,6.560139325842081,6.581856622772377,4,1,1202,13,0.3695652173913043,0,0,0,1,1
R_5YDEnoUn8tnTDLd,3,0,1.3095238095238102,1,high,1,1,NA,NA,0,6.560139325842081,7.6543648797338815,1,1,1168,6,0.2826086956521739,0,0,0,0,0
R_7aeG5hlsH3ze7re,1,1,-0.6428571428571432,0,low,0.6666666666666666,0,NA,NA,-10,-3.1786907961959407,-3.2881898274357764,6,0,1076,4,0.30434782608695654,0,0,0,0,0
R_76dwF3nMDfpOYMx,1,0,-0.2539682539682535,0,low,0.8,0,NA,NA,-5,1.8866016732945545,1.7442985600121867,2,-0.5,1225,5,0.2391304347826087,0,0,0,0,0
R_7OprbWkg076P5Nj,3,0,-0.6269841269841274,0,low,0.6666666666666666,0,NA,NA,-10,-3.1786907961959407,-2.2156815704742723,4,0,1305,4,0.2826086956521739,0,0,0,0,0
R_3GuCB6KW44SNx73,1,0,0.2142857142857144,1,mid,1,1,NA,NA,0,6.742958240415465,6.6728241076266706,3,-1,1093,5,0.32608695652173914,0,0,0,0,0
R_7IWWpodn5tTXZfY,1,1,0.666666666666667,1,high,1,1,NA,NA,0,6.821309203804059,6.711810172564225,2,0.5,1065,12,0.31521739130434784,0,0,0,1,1
R_7d0lWiZeWt48zaK,3,0,0.5714285714285712,1,high,1,1,NA,NA,0,6.756016734313565,7.751830042077765,3,1,1510,6,0.2717391304347826,0,0,0,0,0
R_57PEouWuChNy9W1,2,0,1.4047619047619042,1,high,0,0,NA,NA,-25,-18.113398326705447,-19.11877171328993,5,1,1486,3,0.2391304347826087,0,0,0,0,0
R_3gSICIiGeQ8DCjN,3,1,1.2936507936507935,1,high,1,1,NA,NA,0,6.690724264823071,7.719341654629805,6,1,1500,4,0.21739130434782608,0,0,0,0,0
R_7LOw73SxMUa7ece,1,1,0.26984126984127066,1,mid,1,1,NA,NA,0,6.886601673294554,6.7442985600121865,4,-0.5,1492,5,0.21739130434782608,0,0,0,0,0
R_8iliDBiZmWP9a78,2,0,-0.5238095238095237,0,low,1.0333333333333334,1,NA,NA,1,7.82130920380406,6.848739899262108,2,-1,972,2,0.1956521739130435,0,0,0,0,0
R_5pzIElLBxKDM80v,1,1,-0.4285714285714288,0,low,1,1,NA,NA,0,6.886601673294554,6.7442985600121865,5,1,1509,5,0.34782608695652173,0,0,0,0,0
R_5Dunkf4MBZdefZJ,3,1,0.4285714285714288,1,high,0.8,0,NA,NA,-10,-3.439860674157917,-2.3456351202661176,7,-0.5,1557,4,0.2391304347826087,0,0,0,0,0
R_6Lqhu4uQOafg0Oh,3,1,0.9365079365079367,1,high,1,1,NA,NA,0,6.690724264823071,7.719341654629805,6,1,1549,3,0.2717391304347826,0,0,0,0,0
R_7pFm6JRPJei143Z,1,0,-0.055555555555556246,0,low,0.5,0,NA,NA,-15,-8.17869079619594,-8.288189827435776,1,-0.5,1433,4,0.3804347826086957,0,0,0,0,0
R_7K7Qifu4l8btus8,2,0,0.1904761904761907,1,mid,1,1,NA,NA,0,6.886601673294554,5.881228286710069,1,0,1669,5,0.391304347826087,0,0,0,0,0
R_7jcZj5K7zNVVLdr,2,1,0.2936507936507935,1,mid,0.75,0,NA,NA,-10,-3.3092757351769295,-4.216236875633816,6,1,1080,5,0.20652173913043478,0,0,0,0,0
R_3CTrCfiDTZ0KTb6,2,1,0.6428571428571432,1,high,1,1,NA,NA,0,6.886601673294554,5.881228286710069,3,1,830,6,0.4782608695652174,0,0,0,0,0
R_3DpecRwPmNbdBvi,1,1,-0.2936507936507935,0,low,1,1,NA,NA,0,6.560139325842081,6.581856622772377,2,1,1241,4,0.3695652173913043,0,0,0,0,0
R_5rqCE53FNqEGFks,1,1,0.023809523809523725,0,mid,1,1,NA,NA,0,6.821309203804059,6.711810172564225,6,1,1568,6,0.2826086956521739,0,0,0,0,0
R_6RqlKmqaWSITzdn,3,0,-0.22222222222222232,0,low,0.3,0,NA,NA,-35,-28.439860674157913,-27.345635120266117,3,1,946,5,0.3804347826086957,0,0,0,0,0
R_5RAeMOEQAX6bEWZ,3,0,0.07142857142857117,0,mid,0.5,0,NA,NA,-25,-18.439860674157917,-17.34563512026612,3,1,1547,6,0.2391304347826087,0,0,0,0,0
R_7fcUviD4M0slaVp,2,0,-0.26984126984127066,0,low,1,1,NA,NA,0,7.082479081766036,5.978693449053952,4,-1,1659,4,0.21739130434782608,0,0,0,0,0
R_6pncnKiJGyR3l38,2,0,-0.4047619047619042,0,low,0.7446808510638298,0,NA,NA,-12,-5.400685192463621,-6.261720618060962,5,0.5,1531,5,0.2717391304347826,0,0,0,0,0
R_3ISOqSenuNi7Jql,3,0,0.1904761904761898,1,mid,0.6333333333333333,0,NA,NA,-11,-4.178690796195941,-3.2156815704742727,6,0,925,7,0.5434782608695652,0,0,0,0,0
R_6R1RKoda26zrvKZ,2,0,-0.007936507936508352,0,mid,1,1,NA,NA,0,6.951894142785049,5.913716674158031,5,0.5,1494,3,0.2717391304347826,0,0,0,0,0
R_7eDAMJG6SmKplmH,2,0,-0.2857142857142856,0,low,0.8333333333333334,0,NA,NA,-5,1.8213092038040588,0.8487398992621065,4,1,1457,24,0.7717391304347826,0,0,0,1,1
R_3s5FKEL4pdLyLSh,2,0,0.5714285714285712,1,high,1,1,NA,NA,0,6.560139325842081,5.71878634947026,2,0,1434,7,0.22826086956521738,0,0,0,0,0
R_317JU9az7WjAE8s,1,0,0,0,mid,1,1,NA,NA,0,6.821309203804059,6.711810172564225,4,0,1418,17,0.42391304347826086,0,0,0,1,1
R_7VwHCbU6n3Ip4Ye,3,0,0.13492063492063444,0,mid,1,1,NA,NA,0,6.756016734313565,7.751830042077765,2,1,946,4,0.25,0,0,0,0,0
R_5EJWGcNSUWxOwui,3,0,-0.8571428571428568,0,low,1,1,NA,NA,0,6.560139325842081,7.6543648797338815,1,0.5,927,10,0.44565217391304346,0,0,0,1,1
R_11YifmNJShbcVde,2,1,0.7619047619047619,1,high,1,1,NA,NA,0,6.560139325842081,5.71878634947026,1,-0.5,1678,3,0.2826086956521739,0,0,0,0,0
R_7z8Rld1QcyO9lrr,1,0,0.5,1,high,1,1,NA,NA,0,6.560139325842081,6.581856622772377,5,1,1064,12,0.42391304347826086,0,0,0,1,1
R_5OJCo41k43Uvs6Y,3,0,-0.35714285714285676,0,low,1,1,NA,NA,0,6.886601673294554,7.816806816973692,2,0,1478,4,0.25,0,0,0,0,0
R_7ZR8lnKAA3By86t,2,1,0.14285714285714324,1,mid,1,1,NA,NA,0,6.560139325842081,5.71878634947026,6,1,933,5,0.2608695652173913,0,0,0,0,0
R_7SBk6YPctQGPVpP,2,0,-0.03968253968253954,0,low,1.125,1,NA,NA,5,11.69072426482307,10.783763124366184,6,1,1599,3,0.25,0,0,0,0,0
R_7V2vfczhki64TTT,3,0,-1.3571428571428572,0,low,0.8,0,NA,NA,-5,1.8866016732945545,2.8168068169736897,2,-1,1014,5,0.3695652173913043,0,0,0,0,0
R_70vm1xpQlRxHl1s,1,0,0.04761904761904745,0,mid,0.5,0,NA,NA,-15,-8.17869079619594,-8.288189827435776,1,0,1005,8,0.2826086956521739,0,0,0,0,0
R_1OemtcoyjWouzbj,1,0,0.13492063492063533,0,mid,0.8666666666666667,0,NA,NA,-4,2.821309203804059,2.711810172564223,1,0,1092,4,0.21739130434782608,0,0,0,0,0
R_55SbU8bBR6bZAX9,2,0,0.4285714285714288,1,high,1,1,NA,NA,0,6.560139325842081,5.71878634947026,3,1,1502,6,0.358695652173913,0,0,0,0,0
R_5B8xKkI2XBjdKbD,3,0,0.4285714285714288,1,high,1,1,NA,NA,0,6.560139325842081,7.6543648797338815,4,0.5,1770,3,0.29347826086956524,0,0,0,0,0
R_7Ap99TkAdzJJVPb,2,1,-0.26984126984127066,0,low,1,1,NA,NA,0,6.560139325842081,5.71878634947026,4,1,1724,10,0.6304347826086957,0,0,0,1,1
R_5Q8IW431JFBRrod,1,0,-0.023809523809523725,0,mid,1,1,NA,NA,0,6.560139325842081,6.581856622772377,5,0,1047,3,0.31521739130434784,0,0,0,0,0
R_3TB0asMOVm2nuE6,1,1,0.8174603174603181,1,high,1,1,NA,NA,0,6.560139325842081,6.581856622772377,1,0,1834,4,0.22826086956521738,0,0,0,0,0
R_7Ubbqbnmkj9sxex,2,1,-0.055555555555556246,0,low,0.5,0,NA,NA,-10,-3.048105857214953,-4.08628332584197,3,1,1877,7,0.31521739130434784,0,0,0,0,0
R_5iKaZuZ4qdXpOwO,1,0,0.09523809523809579,0,mid,0.6666666666666666,0,NA,NA,-10,-3.1786907961959407,-3.2881898274357764,4,-0.5,1851,4,0.21739130434782608,0,0,0,0,0
R_18ofIbyrz3CPWgx,3,1,-0.15079365079365115,0,low,0.8333333333333334,0,NA,NA,-5,1.8213092038040588,2.7843184295257273,3,0.5,1241,3,0.32608695652173914,0,0,0,0,0
R_5J3mNY0fOawhLsF,3,0,-0.3968253968253963,0,low,1,1,NA,NA,0,6.560139325842081,7.6543648797338815,4,1,1549,5,0.2391304347826087,0,0,0,0,0
R_7P7xIkYxeAWHQgX,3,0,1.1190476190476186,1,high,0.5,0,NA,NA,-10,-3.048105857214953,-2.15070479557835,3,-0.5,1926,3,0.21739130434782608,0,0,0,0,0
R_732mg1S5ULj0brc,2,0,-0.3095238095238102,0,low,0.8571428571428571,0,NA,NA,-5,1.7560167343135649,0.8162515118141451,7,1,1317,7,0.29347826086956524,0,0,0,0,0
R_3QojG2eRqTYuBUQ,3,0,0.6269841269841274,1,high,0.5,0,NA,NA,-25,-18.439860674157917,-17.34563512026612,1,1,1429,4,0.25,0,0,0,0,0
R_10Mmap7NptSmAow,3,0,1.333333333333333,1,high,1.3333333333333333,1,NA,NA,10,16.821309203804063,17.784318429525726,7,1,2024,12,0.5108695652173914,0,0,0,1,1
R_1LS6VLj0CbrmvzW,3,0,0.2777777777777777,1,mid,0.6666666666666666,0,NA,NA,-5,2.01718661227554,2.8817835918696106,4,-0.5,1242,7,0.3804347826086957,0,0,0,0,0
R_6Gktq5cf4jBKrdO,3,1,0.1825396825396819,1,mid,0.7575757575757576,0,NA,NA,-8,-1.217866277890238,-0.23517460294305004,3,1,1623,4,0.20652173913043478,0,0,0,0,0
R_5Qt14h6iydnvS8w,2,1,0.36507936507936556,1,mid,1,1,NA,NA,0,6.886601673294554,5.881228286710069,5,1,1767,5,0.4782608695652174,0,0,0,0,0
R_6alC50nQLJpBNtU,2,0,-0.09523809523809579,0,low,1,1,NA,NA,0,6.821309203804059,5.848739899262108,4,1,1134,6,0.2826086956521739,0,0,0,0,0
R_6VqFhSPGwZDiVGh,2,0,-0.1904761904761898,0,low,0.5,0,NA,NA,-10,-3.048105857214953,-4.08628332584197,1,0,1875,3,0.21739130434782608,0,0,0,0,0
R_7DTqopnczdpTKQF,1,1,0.07142857142857117,0,mid,1,1,NA,NA,0,6.560139325842081,6.581856622772377,4,1,1344,6,0.32608695652173914,0,0,0,0,0
R_3sisTwYexKNQbvd,1,1,-0.2936507936507935,0,low,1,1,NA,NA,0,6.560139325842081,6.581856622772377,6,1,1649,6,0.31521739130434784,0,0,0,0,0
R_1I5Y3HZpKtw5BzQ,1,0,0.09523809523809579,0,mid,0.32,0,NA,NA,-34,-27.439860674157913,-27.41814337722762,4,-0.5,1588,5,0.4673913043478261,0,0,0,0,0
R_5dWK4e2NRTMXSFD,1,1,0.4047619047619042,1,high,0.4878048780487805,0,NA,NA,-21,-14.322334229075027,-14.35966427982129,2,0.5,1880,6,0.25,0,0,0,0,0
R_7DBy27CDAc2wfN6,3,0,0.13492063492063533,0,mid,0,0,NA,NA,-30,-23.17869079619594,-22.215681570474278,1,-1,889,8,0.5108695652173914,0,0,0,0,0
R_62diV1N8J9ANcHv,2,1,-0.12698412698412742,0,low,1,1,NA,NA,0,6.560139325842081,5.71878634947026,1,1,1146,5,0.34782608695652173,0,0,0,0,0
R_53n0gmiXmx62OQ1,3,1,0.5714285714285712,1,high,0.94,0,NA,NA,-3,3.5601393258420813,4.654364879733882,4,0,2070,5,0.34782608695652173,0,0,0,0,0
R_3unC6NNgnVNxozf,3,0,-0.1031746031746037,0,low,1,1,NA,NA,0,6.951894142785049,7.849295204421653,2,0.5,1995,2,0.22826086956521738,0,0,0,0,0
R_6JrxcTATdQWWUPn,1,0,-0.5555555555555562,0,low,1,1,NA,NA,0,6.560139325842081,6.581856622772377,5,-0.5,1549,6,0.2608695652173913,0,0,0,0,0
R_2h5CKKmjetxUEhs,1,0,0.3015873015873005,1,mid,0.8064516129032258,0,NA,NA,-6,0.8082507099059604,0.7053124950746317,7,1,1873,7,0.32608695652173914,0,0,0,0,0
R_1KykGbVy8Dr8Hm1,2,0,0.2936507936507935,1,mid,1,1,NA,NA,0,6.560139325842081,5.71878634947026,5,1,872,6,0.40217391304347827,0,0,0,0,0
R_1VCuGG6uXiiDza1,2,0,-1.166666666666667,0,low,1,1,NA,NA,0,6.690724264823071,5.783763124366184,2,-1,1468,2,0.2717391304347826,0,0,0,0,0
R_3WZPXxajah230BE,1,1,0.5,1,high,0,0,NA,NA,-20,-13.048105857214951,-13.223213052539851,4,1,2042,5,0.29347826086956524,0,0,0,0,0
R_6JsYWDZxbNxAxny,3,1,-0.1031746031746037,0,low,1,1,NA,NA,0,6.677665770924971,7.7128439771402135,6,1,1304,3,0.22826086956521738,0,0,0,0,0
R_17aoiPyoHYw3TSf,2,0,0.6666666666666665,1,high,1,1,NA,NA,0,6.886601673294554,5.881228286710069,3,0.5,1249,4,0.4891304347826087,0,0,0,0,0
R_50Slv8EA39U8G09,1,0,-0.2857142857142856,0,low,0.8333333333333334,0,NA,NA,-5,1.8213092038040588,1.7118101725642234,1,0.5,1627,16,0.30434782608695654,0,0,0,1,1
R_6ESyVvuIAAhWGOe,2,0,1.166666666666667,1,high,0.5,0,NA,NA,-10,-3.048105857214953,-4.08628332584197,4,-1,1322,12,0.391304347826087,0,0,0,1,1
R_32SIDDEyFi1tnRM,3,0,0.14285714285714324,1,mid,1,1,NA,NA,0,6.756016734313565,7.751830042077765,5,0,1182,2,0.17391304347826086,0,0,0,0,0
R_62Ql5stw5SusI6f,1,1,-0.3968253968253963,0,low,0,0,NA,NA,-30,-23.17869079619594,-23.28818982743578,5,0,1418,4,0.22826086956521738,0,0,0,0,0
R_5ArRO2jhk7Cyny9,2,0,0.6507936507936511,1,high,1,1,NA,NA,0,6.951894142785049,5.913716674158031,4,0.5,2105,5,0.30434782608695654,0,0,0,0,0
R_77tp3RXMgnxlR4Z,1,1,-0.1031746031746037,0,low,1,1,NA,NA,0,6.560139325842081,6.581856622772377,5,1,1843,3,0.30434782608695654,0,0,0,0,0
R_7FIGZXhQBO5cb2Q,2,0,-0.4285714285714288,0,low,0.8292682926829268,0,NA,NA,-7,-0.32233422907502846,-1.2227345531234086,3,-0.5,2179,10,0.2717391304347826,0,0,0,1,1
R_3N50P03S9e4dap3,3,0,0.666666666666667,1,high,1,1,NA,NA,0,6.560139325842081,7.6543648797338815,7,0,1444,10,0.6086956521739131,0,0,0,1,1
R_3IQ39NgPQSAyxj0,3,0,-0.4285714285714284,0,low,0.75,0,NA,NA,-5,1.951894142785049,2.8492952044216517,3,-1,1653,7,0.41304347826086957,0,0,0,0,0
R_10VQzgWlWuo3Bdo,2,0,0,0,mid,0.6666666666666666,0,NA,NA,-10,-3.1786907961959407,-4.151260100737893,1,0,1449,17,0.391304347826087,0,0,0,1,1
R_1gUek0iw7WTmXYV,1,0,0.5476190476190474,1,high,0.6,0,NA,NA,-10,-3.1133983267054455,-3.255701439987814,5,0.5,2158,3,0.2391304347826087,0,0,0,0,0
R_74pfOwUiXLHTooU,3,1,1,1,high,1,1,NA,NA,0,6.821309203804059,7.7843184295257295,4,1,1405,12,0.30434782608695654,0,0,0,1,1
R_1qqA7AWzb0Z2r05,1,0,0.5793650793650791,1,high,1,1,NA,NA,0,6.821309203804059,6.711810172564225,1,-0.5,775,4,0.2826086956521739,0,0,0,0,0
R_1xgqYdXMyTa04OB,1,0,0.11904761904761862,0,mid,0.5555555555555556,0,NA,NA,-4,3.0955375756641366,2.8482613998456636,4,1,2022,4,0.30434782608695654,0,0,0,0,0
R_6F2Q7gTbfH1Y52b,1,0,-0.3174603174603181,0,low,0.4,0,NA,NA,-30,-23.439860674157913,-23.41814337722762,4,-1,1759,5,0.30434782608695654,0,0,0,0,0
R_3mOvqIAlYxZ1ny4,1,0,0.5238095238095237,1,high,0.6,0,NA,NA,-8,-1.048105857214953,-1.2232130525398537,2,0,1025,6,0.29347826086956524,0,0,0,0,0
R_3mVNAWyX2u7zItY,3,1,-0.4047619047619042,0,low,0.5,0,NA,NA,-10,-3.048105857214953,-2.15070479557835,6,0.5,1004,6,0.34782608695652173,0,0,0,0,0
R_6uoTKYFugiS9SIV,2,1,0.16666666666666696,1,mid,1,1,NA,NA,0,6.821309203804059,5.848739899262108,1,0,1959,12,0.42391304347826086,0,0,0,1,1
R_5m1wc30h2TkoTAs,2,0,0.3888888888888893,1,mid,1,1,NA,NA,0,6.560139325842081,5.71878634947026,2,0,1253,4,0.25,0,0,0,0,0
R_6E29WaUtVg5QMGR,3,0,-0.17460317460317487,0,low,0,0,NA,NA,-16,-8.995871881622557,-8.124714085619981,4,0,1288,4,0.25,0,0,0,0,0
R_196BRX1KnFVm56D,1,1,0.23809523809523814,1,mid,1,1,NA,NA,0,6.560139325842081,6.581856622772377,4,0,1519,10,0.5652173913043478,0,0,0,1,1
R_55uNCr4pb7pxJLg,3,0,-0.18253968253968278,0,low,0.75,0,NA,NA,-5,1.951894142785049,2.8492952044216517,2,-1,1589,4,0.3804347826086957,0,0,0,0,0
R_7HSsFUmQnMPSI7G,2,1,0.11111111111111072,0,mid,1,1,NA,NA,0,6.560139325842081,5.71878634947026,2,0,2268,5,0.31521739130434784,0,0,0,0,0
R_1bIOWiSY0OOj7iR,2,0,-0.34126984126984183,0,low,1,1,NA,NA,0,6.560139325842081,5.71878634947026,3,-0.5,1140,3,0.2391304347826087,0,0,0,0,0
R_5TdlV9MulBravtf,1,1,-0.03968253968253954,0,low,0,0,NA,NA,-35,-28.24398326568644,-28.32067821488374,5,0,1666,3,0.21739130434782608,0,0,0,0,0
R_1fC1yGKqJesIQf7,1,0,0.07142857142857117,0,mid,1,1,NA,NA,0,6.8996601671926525,6.7507962375017785,5,0.5,2334,5,0.21739130434782608,0,0,0,0,0
R_5X73OTXeV2hSEfG,3,0,-0.8650793650793651,0,low,0.5,0,NA,NA,-10,-3.048105857214953,-2.15070479557835,2,-1,2249,6,0.2826086956521739,0,0,0,0,0
R_3isPqtjU76eGkIa,1,0,-0.03174603174603252,0,mid,0.64,0,NA,NA,-9,-2.1133983267054455,-2.2557014399878135,4,0.5,2284,5,0.41304347826086957,0,0,0,0,0
R_6DpD71R1gnIJCZj,3,0,-0.4761904761904763,0,low,0.7317073170731707,0,NA,NA,-11,-4.322334229075029,-3.287156022859788,4,-1,2062,6,0.4782608695652174,0,0,0,0,0
R_7HM6O835PRwPxXU,2,1,0.5714285714285712,1,high,1,1,NA,NA,0,6.560139325842081,5.71878634947026,5,1,1736,9,0.5217391304347826,0,0,0,0,0
R_1QWzmUE0ssK40Ol,2,0,0.8730158730158726,1,high,0,0,NA,NA,-25,-18.113398326705447,-19.11877171328993,1,0.5,1236,3,0.2391304347826087,0,0,0,0,0
R_7tmRdtXvOsTBdFZ,2,1,0.07936507936507908,0,mid,0.8333333333333334,0,NA,NA,-6,0.7429582404154658,-0.19024616567544728,2,0,1456,6,0.2826086956521739,0,0,0,0,0
R_1Nfuui0FZ7sDcNr,1,0,0.6190476190476186,1,high,0.8,0,NA,NA,-5,1.8866016732945545,1.7442985600121867,4,-1,931,4,0.5108695652173914,0,0,0,0,0
R_7JXjiJGkt91lvrB,2,0,0.2142857142857144,1,mid,0.3,0,NA,NA,-14,-7.048105857214953,-8.086283325841972,5,-1,895,4,0.25,0,0,0,0,0
R_3cjUGKrHyIQGOum,1,0,1.166666666666667,1,high,1,1,NA,NA,0,6.560139325842081,6.581856622772377,2,0,1967,8,0.5,0,0,0,0,0
R_7JFenSIczJKl3sA,3,1,0.5714285714285712,1,high,1,1,NA,NA,0,6.560139325842081,7.6543648797338815,6,0,2462,7,0.40217391304347827,0,0,0,0,0
R_7h6CbxY7YaJee2Z,2,0,-0.07142857142857117,0,low,0.8,0,NA,NA,-5,1.8866016732945545,0.8812282867100696,6,-0.5,2177,6,0.4891304347826087,0,0,0,0,0
R_6wnMIM70jmp9YoU,2,0,-0.9206349206349209,0,low,1,1,NA,NA,0,6.560139325842081,5.71878634947026,4,-1,1802,3,0.29347826086956524,0,0,0,0,0
R_7QlK0bGDdgH7pcn,3,1,-0.3888888888888893,0,low,0.8333333333333334,0,NA,NA,-5,1.8213092038040588,2.7843184295257273,3,-1,1868,6,0.29347826086956524,0,0,0,0,0
R_573U15mnkcpetF0,3,0,-0.46031746031746046,0,low,1,1,NA,NA,0,6.886601673294554,7.816806816973692,4,-1,1110,3,0.2391304347826087,0,0,0,0,0
R_3JjSXSWcTAu1sGg,3,0,-0.5714285714285712,0,low,0.5,0,NA,NA,-10,-3.048105857214953,-2.15070479557835,4,0.5,2316,5,0.33695652173913043,0,0,0,0,0
R_3wc4McB5njDoUnc,3,0,-1.166666666666667,0,low,0.8,0,NA,NA,-5,1.8866016732945545,2.8168068169736897,2,1,1533,3,0.2826086956521739,0,0,0,0,0
R_6hgbs1p95Xi9UQs,2,1,0.33333333333333304,1,mid,0.6666666666666666,0,NA,NA,-10,-3.1786907961959407,-4.151260100737893,3,0.5,1783,12,0.6195652173913043,0,0,0,1,1
R_1atvutO175V2cZO,1,1,0.3968253968253963,1,mid,1,1,NA,NA,0,6.560139325842081,6.581856622772377,5,-0.5,2068,4,0.32608695652173914,0,0,0,0,0
R_5bOfEbG5RaHiq1r,3,0,0.16666666666666696,1,mid,0.2,0,NA,NA,-12,-4.98281338772446,-4.118216408130389,2,-0.5,2194,3,0.25,0,0,0,0,0
R_3a9mRMKyC0FsDns,1,0,1.3730158730158726,1,high,0.9615384615384616,0,NA,NA,-1,5.873543179396455,5.737800882522593,4,1,2149,5,0.2717391304347826,0,0,0,0,0
R_5qDvVTqPfOUqhxJ,2,1,1,1,high,1,1,NA,NA,0,6.560139325842081,5.71878634947026,5,1,2481,13,0.6521739130434783,0,0,0,1,1
R_7G0S57V0DSFbmLA,1,0,-0.17460317460317487,0,low,0.35,0,NA,NA,-26,-19.30927573517693,-19.3531666023317,6,0,1243,6,0.33695652173913043,0,0,0,0,0
R_3Lthmot2Dt7iwvt,1,0,-0.2142857142857144,0,low,1,1,NA,NA,0,6.560139325842081,6.581856622772377,6,1,1244,6,0.32608695652173914,0,0,0,0,0
R_6JmYO3KrNmjcPfi,2,1,1.0476190476190474,1,high,1,1,NA,NA,0,6.560139325842081,5.71878634947026,6,0,2472,6,0.32608695652173914,0,0,0,0,0
R_108K1MQVgqm5jUZ,3,0,0.3809523809523814,1,mid,1,1,NA,NA,0,6.560139325842081,7.6543648797338815,1,1,2082,6,0.5543478260869565,0,0,0,0,0
R_3jEw1gLMUBrjaZH,2,1,-0.6190476190476186,0,low,1,1,NA,NA,0,6.560139325842081,5.71878634947026,6,1,1512,4,0.30434782608695654,0,0,0,0,0
R_1FQf3HrsI6c1EvK,3,1,0.1904761904761898,1,mid,0.5,0,NA,NA,-15,-8.17869079619594,-7.215681570474272,3,0,2117,3,0.2391304347826087,0,0,0,0,0
R_7zZpOR41Q8A32IO,3,1,0.16666666666666696,1,mid,0.8,0,NA,NA,-10,-3.439860674157917,-2.3456351202661176,5,0,2356,13,0.2826086956521739,0,0,0,1,1
R_6BkkhFUGHH1l9M5,3,0,0.5317460317460325,1,high,0.6,0,NA,NA,-20,-13.439860674157917,-12.345635120266117,4,1,1705,4,0.2717391304347826,0,0,0,0,0
R_3GDMcKNoIOoEx4T,2,1,-0.13492063492063444,0,low,0.2,0,NA,NA,-40,-33.43986067415791,-34.28121365052974,5,1,2008,4,0.34782608695652173,0,0,0,0,0
R_6IlYhv1koPDiLOp,1,1,0.07936507936507908,0,mid,0.6666666666666666,0,NA,NA,-15,-8.374568204667424,-8.385654989779662,3,1,1997,3,0.25,0,0,0,0,0
R_7CszMc8y0g2f6Kh,2,1,0.5476190476190474,1,high,0.625,0,NA,NA,-15,-8.309275735176929,-9.216236875633816,4,0.5,1492,3,0.25,0,0,0,0,0
R_5KvGp5TiRFr3jKg,1,1,0.8809523809523814,1,high,1,1,NA,NA,0,6.560139325842081,6.581856622772377,7,1,1889,8,0.5,0,0,0,0,0
R_5jJq9n7xDV6CHPr,3,1,-0.48412698412698507,0,low,0,0,NA,NA,-35,-28.24398326568644,-27.248169957922237,4,0,2281,5,0.29347826086956524,0,0,0,0,0
R_50wbjcEvw8wTcHL,3,0,0.8809523809523814,1,high,0.18181818181818182,0,NA,NA,-18,-11.074222845011152,-10.163700150557535,5,0,1809,5,0.391304347826087,0,0,0,0,0
R_53dgIeKEWvsT86t,1,0,-0.11111111111111116,0,low,1,1,NA,NA,0,7.147771551256529,6.874252109804029,1,-1,2283,4,0.2826086956521739,0,0,0,0,0
R_5EGdwl9KHRQ8MTm,1,1,-0.3095238095238102,0,low,1,1,NA,NA,0,6.756016734313565,6.679321785116263,5,0.5,1128,5,0.30434782608695654,0,0,0,0,0
R_1eXa4qqp6v414In,2,0,0.8253968253968251,1,high,0.75,0,NA,NA,-10,-3.3092757351769295,-4.216236875633816,3,0,2286,5,0.2608695652173913,0,0,0,0,0
R_67JxASqYagoT6fk,2,0,-0.6190476190476186,0,low,1,1,NA,NA,0,6.690724264823071,5.783763124366184,2,1,2103,4,0.42391304347826086,0,0,0,0,0
R_517vZRgZU5ms16S,1,1,0.5714285714285712,1,high,1,1,NA,NA,0,6.560139325842081,6.581856622772377,6,1,2230,7,0.40217391304347827,0,0,0,0,0
R_1mEuHJq6alynXqh,3,0,-0.16666666666666696,0,low,0.42857142857142855,0,NA,NA,-20,-13.243983265686435,-12.248169957922235,4,0,1668,4,0.1956521739130435,0,0,0,0,0
R_3esKQHUXUBfghOZ,1,0,-0.34920634920634885,0,low,0.5882352941176471,0,NA,NA,-7,-0.008930375520656226,-0.2037200200710765,3,0,2229,8,0.45652173913043476,0,0,0,0,0
R_1lFAvByyuvumMvt,2,1,0.8492063492063489,1,high,1,1,NA,NA,0,6.560139325842081,5.71878634947026,4,0.5,1696,5,0.31521739130434784,0,0,0,0,0
R_5CrIYwtOrnELkIC,2,0,0,0,mid,1,1,NA,NA,0,6.560139325842081,5.71878634947026,4,-1,2126,17,0.6630434782608695,0,0,0,1,1
R_69mDO73P8P5Bouq,1,1,0.07142857142857117,0,mid,0.7428571428571429,0,NA,NA,-9,-2.2439832656864356,-2.320678214883739,4,0,2331,5,0.33695652173913043,0,0,0,0,0
R_3SGSNNCNGQv9W25,3,1,0.2063492063492065,1,mid,1,1,NA,NA,0,6.560139325842081,7.6543648797338815,7,0,1526,3,0.2608695652173913,0,0,0,0,0
R_3J2VREDOzVpCBI4,3,1,0,0,mid,1,1,NA,NA,0,6.821309203804059,7.7843184295257295,6,1,3437,17,0.42391304347826086,0,0,0,1,1
R_1ttWKhMWl6hNzb2,1,1,-0.2777777777777777,0,low,0.5,0,NA,NA,-25,-18.439860674157917,-18.418143377227622,6,0,1944,5,0.34782608695652173,0,0,0,0,0
R_3170Z6UJxdRkU4Z,2,1,0.8571428571428568,1,high,1,1,NA,NA,0,6.873543179396455,5.874730609220476,2,0,2357,5,0.3695652173913043,0,0,0,0,0
R_5SBIjqbVbMaKNdT,2,1,0.5,1,high,1,1,NA,NA,0,6.560139325842081,5.71878634947026,4,0,923,13,0.3695652173913043,0,0,0,1,1
R_7y2vlIUU0QrC1mG,1,0,0.4047619047619042,1,high,1,1,NA,NA,0,6.560139325842081,6.581856622772377,5,0.5,2737,6,0.1956521739130435,0,0,0,0,0
R_7RyZ6UXi5WTt0Fr,3,0,0.05555555555555536,0,mid,0.4,0,NA,NA,-15,-8.113398326705447,-7.1831931830263125,4,-0.5,3094,5,0.2717391304347826,0,0,0,0,0
R_7hKBWKKN1QdKbDr,1,1,-0.26190476190476186,0,low,0.8571428571428571,0,NA,NA,-5,1.7560167343135649,1.6793217851162623,6,0,1814,8,0.42391304347826086,0,0,0,0,0
R_5gMZEbNrmnxOz6I,2,1,-0.1031746031746037,0,low,0.3,0,NA,NA,-35,-28.439860674157913,-29.281213650529736,2,0,2391,3,0.20652173913043478,0,0,0,0,0
R_1knrjQhjAjNobCB,3,0,0.8730158730158726,1,high,1,1,NA,NA,0,6.886601673294554,7.816806816973692,6,0.5,1906,5,0.2826086956521739,0,0,0,0,0
R_1mV5V7y3a9Aieac,1,0,-0.412698412698413,0,low,0.45454545454545453,0,NA,NA,-12,-5.0742228450111515,-5.2362084075190385,6,0.5,2126,3,0.391304347826087,0,0,0,0,0
R_7iFr2BfWudy78r8,1,1,-0.19841269841269948,0,low,1,1,NA,NA,0,6.821309203804059,6.711810172564225,5,-0.5,3191,5,0.18478260869565216,0,0,0,0,0
R_3xZfVcvnHRJUfUl,3,0,-0.26190476190476186,0,low,0.8125,0,NA,NA,-6,0.795192216007861,1.7713230745465431,5,-0.5,1352,5,0.30434782608695654,0,0,0,0,0
R_35P6PNywolpNtUB,3,0,0.03174603174603252,0,mid,0.5,0,NA,NA,-25,-18.439860674157917,-17.34563512026612,5,1,954,4,0.3695652173913043,0,0,0,0,0
R_5RWyeZaY2kY9O0F,2,1,1.5555555555555562,1,high,1,1,NA,NA,0,6.560139325842081,5.71878634947026,3,0.5,1438,8,0.32608695652173914,0,0,0,0,0
R_3DT0DIxsIy6hBL3,1,0,-0.46825396825396837,0,low,1,1,NA,NA,0,6.912718661090752,6.757293914991371,2,0,1175,4,0.358695652173913,0,0,0,0,0
R_3fYSi7RLf6EHK8W,3,1,-0.08730158730158699,0,low,0.8571428571428571,0,NA,NA,-5,1.7560167343135649,2.751830042077766,3,1,3416,4,0.34782608695652173,0,0,0,0,0
R_7QtFYnBFzbXzlr3,2,0,1,1,high,1,1,NA,NA,0,6.756016734313565,5.816251511814145,6,1,2131,10,0.32608695652173914,0,0,0,1,1
R_5SShBcq8iGVovFn,2,1,-0.34126984126984095,0,low,1.1428571428571428,1,NA,NA,4,10.847426191600258,9.861735254241292,5,1,805,3,0.358695652173913,0,0,0,0,0
R_5kLfLiwadLf356k,2,1,1.833333333333333,1,high,1,1,NA,NA,0,6.560139325842081,5.71878634947026,6,1,933,5,0.30434782608695654,0,0,0,0,0
R_1GCVxQWqH8PAoiv,2,0,-0.2857142857142856,0,low,0.8333333333333334,0,NA,NA,-5,1.8213092038040588,0.8487398992621065,3,0.5,679,11,0.30434782608695654,1,0,0,1,1
R_3ZTZbRtO5wI67nR,3,0,0.5476190476190479,1,high,0.7142857142857143,0,NA,NA,-8,-1.1525738083997423,-0.20268621549508714,1,-0.5,2413,7,0.41304347826086957,0,0,0,0,0
R_6170TpNs0nJtaGu,3,1,1.626984126984127,1,high,0.5,0,NA,NA,-25,-18.439860674157917,-17.34563512026612,4,0,2413,4,0.2608695652173913,0,0,0,0,0
R_7HpKsAwcQUrkSs3,1,1,-0.4682539682539675,0,low,1.6666666666666667,1,NA,NA,20,26.82130920380406,26.71181017256422,2,1,2357,3,0.2608695652173913,0,0,0,0,0
R_7QzXIPqkfxn7jHd,1,1,0.32539682539682513,1,mid,1.5,1,NA,NA,15,21.82130920380406,21.71181017256422,4,0.5,923,5,0.31521739130434784,0,0,0,0,0
R_5Be4k3sPxUg9CLv,3,0,-0.3730158730158726,0,low,0.8333333333333334,0,NA,NA,-5,1.8213092038040588,2.7843184295257273,4,1,1606,4,0.34782608695652173,0,0,0,0,0
R_3TLXJIuRgojkg5J,1,1,-0.8888888888888893,0,low,0.8333333333333334,0,NA,NA,-5,1.8213092038040588,1.7118101725642234,2,1,1726,4,0.34782608695652173,0,0,0,0,0
R_5goKjlDrxgfVqJP,2,1,0.5158730158730149,1,high,0.6666666666666666,0,NA,NA,-15,-8.374568204667424,-9.248725263081779,6,1,745,5,0.31521739130434784,0,0,0,0,0
R_6oASChNeVJ82HWJ,1,0,0.3730158730158726,1,mid,1,1,NA,NA,0,6.560139325842081,6.581856622772377,2,1,1759,4,0.22826086956521738,0,0,0,0,0
R_3z6WaLtb0KtGV77,3,1,-0.11111111111111072,0,low,1,1,NA,NA,0,6.560139325842081,7.6543648797338815,5,1,840,7,0.4782608695652174,0,0,0,0,0
R_5e5wKCV2Fj6MsT0,3,0,-0.11904761904761862,0,low,0.5714285714285714,0,NA,NA,-15,-8.243983265686435,-7.248169957922233,7,0.5,1041,5,0.30434782608695654,0,0,0,0,0
R_3fll2cuQn0q0G6v,2,1,1.1904761904761898,1,high,1,1,NA,NA,0,6.560139325842081,5.71878634947026,5,1,2083,6,0.5217391304347826,0,0,0,0,0
R_5qlzJhgtOf2ofjX,1,0,1.912698412698413,1,high,0.16666666666666666,0,NA,NA,-25,-18.17869079619594,-18.28818982743578,1,0,1640,4,0.2826086956521739,0,0,0,0,0
R_3nwPcz1hlz4BNdw,1,1,-0.11904761904761862,0,low,0.6666666666666666,0,NA,NA,-5,2.01718661227554,1.8092753349081068,4,0,2400,5,0.2826086956521739,0,0,0,0,0
R_3vbXB9IAwIABtmN,3,0,-0.7619047619047614,0,low,0.75,0,NA,NA,-10,-3.3092757351769295,-2.2806583453701954,2,-1,1564,3,0.30434782608695654,0,0,0,0,0
R_1QRBn2AWbQ7java,2,1,0.8412698412698418,1,high,0.6,0,NA,NA,-10,-3.1133983267054455,-4.118771713289931,3,1,1528,3,0.32608695652173914,0,0,0,0,0
R_60rxCZE6KWddXJ0,3,0,0.46031746031746046,1,high,0.18518518518518517,0,NA,NA,-22,-15.139515314501645,-14.196188538005499,4,1,1958,5,0.33695652173913043,0,0,0,0,0
R_1TLQbRqsGU8A4rn,1,0,-0.698412698412699,0,low,0.5,0,NA,NA,-25,-18.439860674157917,-18.418143377227622,1,-0.5,1911,5,0.22826086956521738,0,0,0,0,0
R_37e5e0QC8RzXdaV,2,1,2.246031746031746,1,high,0.6,0,NA,NA,-20,-13.439860674157917,-14.281213650529738,6,1,1617,5,0.2826086956521739,0,0,0,0,0
R_5rP3awBoT4iVVmt,3,0,-0.03174603174603208,0,mid,0.5,0,NA,NA,-20,-13.309275735176929,-12.280658345370195,7,1,2605,5,0.2826086956521739,0,0,0,0,0
R_50VcJ1KCbwMmcBP,2,1,1.5,1,high,1,1,NA,NA,0,6.560139325842081,5.71878634947026,1,1,1071,12,0.5760869565217391,0,0,0,1,1
R_5Gk4t90mWH4d5V3,1,0,1.365079365079365,1,high,0.3333333333333333,0,NA,NA,-20,-13.17869079619594,-13.288189827435776,1,0,755,5,0.358695652173913,0,0,0,0,0
R_5XMgAiyQX5Svtrb,1,0,0.023809523809523725,0,mid,0.7142857142857143,0,NA,NA,-6,0.9388356488869507,0.7702892699705566,4,1,1321,8,0.34782608695652173,0,0,0,0,0
R_5qyx2l8jdJeE6vT,2,0,0.23809523809523814,1,mid,0.25,0,NA,NA,-30,-23.309275735176932,-24.216236875633818,5,1,786,6,0.25,0,0,0,0,0
R_1CddutvJ9kibC7f,2,0,-0.8492063492063489,0,low,1,1,NA,NA,0,6.560139325842081,5.71878634947026,6,0,1062,6,0.32608695652173914,0,0,0,0,0
R_3khrUPSNxIJrz4x,3,1,0.3015873015873014,1,mid,0.6666666666666666,0,NA,NA,-5,2.01718661227554,2.8817835918696106,3,-0.5,754,3,0.2391304347826087,0,0,0,0,0
R_7J7NWHq87YUwhzB,3,1,1.2380952380952381,1,high,1,1,NA,NA,0,6.560139325842081,7.6543648797338815,4,-0.5,1230,3,0.29347826086956524,0,0,0,0,0
R_3BLpJMEyvnyItep,2,1,-0.5952380952380958,0,low,1,1,NA,NA,0,6.560139325842081,5.71878634947026,6,1,1809,4,0.2391304347826087,0,0,0,0,0
R_7dvIaljRZYzhENH,1,0,-0.4761904761904763,0,low,0.92,0,NA,NA,-2,4.886601673294554,4.7442985600121865,6,1,2048,5,0.2717391304347826,0,0,0,0,0
R_1Qhc0drUAB7r4TT,3,0,1.0476190476190474,1,high,1.1666666666666667,1,NA,NA,5,11.821309203804061,12.784318429525731,7,1,1710,3,0.1956521739130435,0,0,0,0,0
R_5WEgP3nh7SeQbvz,1,0,0,0,mid,1,1,NA,NA,0,6.560139325842081,6.581856622772377,3,0.5,1883,17,0.44565217391304346,0,0,0,1,1
R_3C1F77wrPWzZGro,1,0,-0.35714285714285676,0,low,0.4,0,NA,NA,-30,-23.439860674157913,-23.41814337722762,7,1,2157,11,0.33695652173913043,0,0,0,1,1
R_3EGBcqmJkQjbnVk,3,0,-0.15873015873015817,0,low,1,1,NA,NA,0,6.560139325842081,7.6543648797338815,4,0.5,1098,8,0.2717391304347826,0,0,0,0,0
R_1WWNT37grZVu9fb,3,0,-0.12698412698412742,0,low,0.6428571428571429,0,NA,NA,-15,-8.3353927229731255,-7.293653700349379,4,0,751,6,0.391304347826087,0,0,0,0,0
R_1QFh0uMymcXGeYw,1,0,0.4920634920634921,1,high,0.45454545454545453,0,NA,NA,-6,1.0694205878679346,0.8352660448664748,2,0,756,3,0.18478260869565216,0,0,0,0,0
R_7EPnQPs9iClTf21,2,0,-0.5,0,low,NA,NA,NA,NA,0,7.21306402074702,6.043670223949872,2,-1,1841,13,0.6086956521739131,0,0,0,1,1
R_1s7kNOKGXy2cuir,1,0,0.6349206349206349,1,high,0.8,0,NA,NA,-5,1.8866016732945545,1.7442985600121867,4,-0.5,2267,6,0.32608695652173914,0,0,0,0,0
R_53lO3NiS91sSOBo,2,0,-0.007936507936507908,0,mid,1,1,NA,NA,0,6.560139325842081,5.71878634947026,2,-0.5,1254,5,0.2826086956521739,0,0,0,0,0
R_1P1dveIIUYTkc4a,2,0,1.1031746031746035,1,high,0.2,0,NA,NA,-20,-13.113398326705447,-14.118771713289933,1,-0.5,1909,3,0.41304347826086957,0,0,0,0,0
R_7dmpwgIoGABwmkP,3,0,-0.04761904761904745,0,low,0.6,0,NA,NA,-10,-3.1133983267054455,-2.18319318302631,3,1,896,5,0.21739130434782608,0,0,0,0,0
R_1aM2CQrdaLxd1br,1,0,1.0555555555555554,1,high,0.8,0,NA,NA,-5,1.8866016732945545,1.7442985600121867,3,1,1581,5,0.32608695652173914,0,0,0,0,0
R_1exN8ivhSXSmZGx,3,1,-1.2063492063492065,0,low,1,1,NA,NA,0,6.560139325842081,7.6543648797338815,4,0.5,1292,3,0.31521739130434784,0,0,0,0,0
R_3Kvdd95Ima2HeTh,1,0,-0.7142857142857144,0,low,1,1,NA,NA,0,6.560139325842081,6.581856622772377,6,1,1510,11,0.5760869565217391,0,0,0,1,1
R_7wSOoIghdE6wxmm,2,1,0.7936507936507935,1,high,0.2,0,NA,NA,-20,-13.113398326705447,-14.118771713289933,5,-0.5,2294,4,0.25,0,0,0,0,0
R_7ey0RG45NODMRSO,3,0,-0.7777777777777777,0,low,0.21428571428571427,0,NA,NA,-11,-3.9697548938263596,-3.1117187306407965,3,-1,1028,5,0.18478260869565216,0,0,0,0,0
R_673Agpj8YhjKqHg,2,0,-0.5476190476190479,0,low,1,1,NA,NA,0,6.951894142785049,5.913716674158031,1,-0.5,1401,5,0.358695652173913,0,0,0,0,0
R_1Xom870iAfwbRfP,3,0,-1.3571428571428572,0,low,1,1,NA,NA,0,6.951894142785049,7.849295204421653,1,0.5,1414,4,0.32608695652173914,0,0,0,0,0
R_7maYjVirfTnLAOz,1,0,0.33333333333333304,1,mid,1,1,NA,NA,0,6.756016734313565,6.679321785116263,5,1,1262,10,0.32608695652173914,0,0,0,1,1
R_7uIp1I7BpZjrVCr,2,0,0.11904761904761862,0,mid,1,1,NA,NA,0,6.560139325842081,5.71878634947026,2,0.5,1377,3,0.2608695652173913,0,0,0,0,0
R_1TRk40mbcPrm8F1,2,1,-0.007936507936507908,0,mid,1,1,NA,NA,0,6.560139325842081,5.71878634947026,2,0,1872,5,0.20652173913043478,0,0,0,0,0
R_73agnrzQxlFf2Wh,3,1,-0.6984126984126995,0,low,0.4,0,NA,NA,-15,-8.113398326705447,-7.1831931830263125,4,0,686,4,0.3695652173913043,0,0,0,0,0
R_1J8zN4Z5Sq4SnyK,3,0,2.428571428571429,1,high,0.2,0,NA,NA,-20,-13.113398326705447,-12.183193183026308,4,-1,988,5,0.391304347826087,0,0,0,0,0
R_7yKExbzYILOyIYF,1,1,0.6190476190476186,1,high,1,1,NA,NA,0,6.886601673294554,6.7442985600121865,5,1,1004,6,0.21739130434782608,0,0,0,0,0
R_7ey8743qedSumnD,1,0,0.17460317460317487,1,mid,0.1,0,NA,NA,-18,-11.048105857214951,-11.223213052539851,2,0,1586,4,0.32608695652173914,0,0,0,0,0
R_6SbPp9fRdxTEm5P,2,0,-0.9761904761904763,0,low,0.6,0,NA,NA,-20,-13.439860674157917,-14.281213650529738,6,-0.5,973,5,0.30434782608695654,0,0,0,0,0
R_6o1GXLpaRVah7tT,3,1,1.0317460317460325,1,high,1,1,NA,NA,0,6.560139325842081,7.6543648797338815,1,-0.5,904,3,0.34782608695652173,0,0,0,0,0
R_3eVo8xiMj8E8ShN,1,1,0.3968253968253963,1,mid,0.3,0,NA,NA,-35,-28.439860674157913,-28.41814337722762,7,1,1063,4,0.31521739130434784,0,0,0,0,0
R_5Jbo20Cd9VpCNfZ,3,0,0.43650793650793673,1,high,0.875,0,NA,NA,-5,1.690724264823071,2.719341654629805,6,0.5,737,4,0.32608695652173914,0,0,0,0,0
R_5q52Y0CLj7QJrx1,2,1,0.34920634920634885,1,mid,1,1,NA,NA,0,6.560139325842081,5.71878634947026,3,0,2400,5,0.29347826086956524,0,0,0,0,0
R_5qk3z55wuH7t6Ex,3,0,-1.3253968253968256,0,low,0.4,0,NA,NA,-12,-5.048105857214953,-4.15070479557835,2,0,985,4,0.21739130434782608,0,0,0,0,0
R_1pDL6DRSuc5u7BV,2,1,-0.4761904761904763,0,low,1.0227272727272727,1,NA,NA,1,7.638490289230673,6.757772414407813,2,1,1193,3,0.25,0,0,0,0,0
R_6JLzDRGqkPq1dDU,1,1,0.3968253968253963,1,mid,1,1,NA,NA,0,6.886601673294554,6.7442985600121865,6,0,2123,4,0.29347826086956524,0,0,0,0,0
R_19Knz2GSuPorWIV,2,0,-0.007936507936507908,0,mid,0,0,NA,NA,-50,-43.43986067415791,-44.28121365052974,3,-1,1768,5,0.29347826086956524,0,0,0,0,0
R_5d4i1BTaK2Q5ePk,1,1,1.7380952380952381,1,high,1,1,NA,NA,0,6.560139325842081,6.581856622772377,3,0.5,1706,9,0.34782608695652173,0,0,0,0,0
R_7IMK09Qp3otWaEM,1,0,-0.6825396825396819,0,low,1,1,NA,NA,0,6.560139325842081,6.581856622772377,5,0,3576,4,0.20652173913043478,0,0,0,0,0
R_3mfy6UitEOCda5C,3,0,-0.5238095238095237,0,low,1,1,NA,NA,0,6.560139325842081,7.6543648797338815,3,1,2265,3,0.1956521739130435,0,0,0,0,0
R_3QXJvGZpEhIX0o7,1,1,0.8095238095238102,1,high,1,1,NA,NA,0,6.821309203804059,6.711810172564225,5,0.5,987,3,0.2391304347826087,0,0,0,0,0
R_5e9fRMcWWqqC1M5,2,0,0.5158730158730149,1,high,0.35714285714285715,0,NA,NA,-18,-11.152573808399744,-12.13826474575871,1,-0.5,699,4,0.3695652173913043,0,0,0,0,0
R_1JIw6ZK4ZPQaRYA,3,0,-0.03174603174603163,0,mid,1,1,NA,NA,0,7.147771551256529,7.946760366765533,1,-1,735,4,0.33695652173913043,0,0,0,0,0
R_6DT3D8CUnp6DMsO,2,0,0.32539682539682513,1,mid,0.6,0,NA,NA,-20,-13.439860674157917,-14.281213650529738,3,0,1675,8,0.4782608695652174,0,0,0,0,0
R_7e8761ksnbKSzHb,1,1,0.7777777777777781,1,high,1,1,NA,NA,0,7.082479081766036,6.84176372235607,1,0.5,864,5,0.358695652173913,0,0,0,0,0
R_6duo4DnRSNjlfcv,2,0,0.22222222222222276,1,mid,0.5333333333333333,0,NA,NA,-7,0.017186612275539918,-1.0537949383940108,1,-1,1447,4,0.21739130434782608,0,0,0,0,0
R_6Lb93lEDSAXzlYP,3,0,-0.5634920634920633,0,low,1,1,NA,NA,0,6.886601673294554,7.816806816973692,2,0,954,3,0.18478260869565216,0,0,0,0,0
R_6IRJiqgy7D8EdlN,2,1,0.666666666666667,1,high,1,1,NA,NA,0,6.560139325842081,5.71878634947026,6,1,1135,13,0.43478260869565216,0,0,0,1,1
R_3ezvjUZIZqxMN84,1,0,0.4365079365079363,1,high,0.75,0,NA,NA,-5,1.951894142785049,1.7767869474601483,3,0.5,1355,3,0.2717391304347826,0,0,0,0,0
R_59rZHP443Qy3e9u,2,0,0,0,mid,1,1,NA,NA,0,6.560139325842081,5.71878634947026,6,1,718,17,0.41304347826086957,0,0,0,1,1
R_1dKqegoApJQUPiF,2,1,0.5238095238095237,1,high,0.6666666666666666,0,NA,NA,-10,-3.1786907961959407,-4.151260100737893,7,1,1659,6,0.40217391304347827,0,0,0,0,0
R_3CIKlq94W6g52fL,3,1,0.6031746031746037,1,high,0.8333333333333334,0,NA,NA,-5,1.8213092038040588,2.7843184295257273,5,0.5,520,4,0.25,1,0,0,0,1
R_5MJOzf4m3CN66nO,3,0,0.5079365079365079,1,high,0.3333333333333333,0,NA,NA,-10,-2.98281338772446,-2.11821640813039,2,0,1893,6,0.31521739130434784,0,0,0,0,0
R_54ueocfLdSiYRPc,1,0,-0.4285714285714288,0,low,0.8,0,NA,NA,-5,1.8866016732945545,1.7442985600121867,4,0,1126,10,0.32608695652173914,0,0,0,1,1
R_3hwbBt4HzAYGkW5,3,1,-0.09523809523809579,0,low,1,1,NA,NA,0,6.560139325842081,7.6543648797338815,2,1,839,4,0.20652173913043478,0,0,0,0,0
R_5oGZVZkN8GPmvDu,3,1,0,0,mid,1,1,NA,NA,0,6.560139325842081,7.6543648797338815,7,1,767,17,0.6739130434782609,0,0,0,1,1
R_3mwjaLiefXYD6zn,2,0,-0.06349206349206327,0,low,1.0204081632653061,1,NA,NA,1,7.57319781974018,6.7252840269598515,6,0,1103,5,0.32608695652173914,0,0,0,0,0
R_53jtxwV5D80tWTp,3,1,0.04761904761904745,0,mid,0.6,0,NA,NA,-10,-3.1133983267054455,-2.18319318302631,3,1,862,5,0.29347826086956524,0,0,0,0,0
R_5emKvLJQ5mNurA8,1,0,-2.9047619047619047,0,low,1,1,NA,NA,0,6.821309203804059,6.711810172564225,6,-0.5,1293,5,0.32608695652173914,0,0,0,0,0
R_3Gc97wMAwic5i81,3,0,0.7380952380952377,1,high,1,1,NA,NA,0,6.821309203804059,7.7843184295257295,1,-0.5,1328,3,0.22826086956521738,0,0,0,0,0
R_3HCaouu0hPBxl91,1,1,0.5714285714285712,1,high,1.0465116279069768,1,NA,NA,2,8.651548783128773,8.62734036519952,5,1,740,4,0.33695652173913043,0,0,0,0,0
R_510fWb2szHYiICL,2,0,0.04761904761904745,0,mid,1,1,NA,NA,0,6.560139325842081,5.71878634947026,4,1,1276,6,0.40217391304347827,0,0,0,0,0
R_6PlAbIdT4cFvWRX,2,1,1.0555555555555562,1,high,1,1,NA,NA,0,6.690724264823071,5.783763124366184,3,1,1667,3,0.22826086956521738,0,0,0,0,0
R_63kHnAStzZNKVTk,1,0,0.5714285714285712,1,high,1,1,NA,NA,0,6.560139325842081,6.581856622772377,6,1,1017,5,0.2608695652173913,0,0,0,0,0
R_3JPHMZPeON0dzDo,2,1,0.06349206349206327,0,mid,0.4,0,NA,NA,-30,-23.439860674157913,-24.281213650529736,1,0,1763,4,0.1956521739130435,0,0,0,0,0
R_5PwpRWq2xsHvRu1,1,0,0.4285714285714288,1,high,1,1,NA,NA,0,6.886601673294554,6.7442985600121865,7,0,1590,6,0.358695652173913,0,0,0,0,0
R_534A7G2P3GqJx0o,1,0,0.8095238095238102,1,high,1,1,NA,NA,0,6.560139325842081,6.581856622772377,7,1,934,6,0.4782608695652174,0,0,0,0,0
R_1iF0Am0qWqE3Zm5,3,0,-0.8571428571428568,0,low,0.8,0,NA,NA,-5,1.8866016732945545,2.8168068169736897,4,0,1870,7,0.25,0,0,0,0,0
R_3JIXTx8GYV6ZhPo,2,1,0.43650793650793673,1,high,1,1,NA,NA,0,6.821309203804059,5.848739899262108,1,0,915,3,0.2608695652173913,0,0,0,0,0
R_6PB4oruzJdKsAAF,3,0,-0.18253968253968234,0,low,0,0,NA,NA,-20,-13.048105857214951,-12.150704795578347,1,-0.5,1580,4,0.44565217391304346,0,0,0,0,0
R_110lLgXflxCW3Pd,1,0,0.2063492063492065,1,mid,1,1,NA,NA,0,6.886601673294554,6.7442985600121865,2,1,5071,2,0.20652173913043478,0,0,1,0,1
R_6P1KrLFxtlSq4AH,3,0,-0.14285714285714324,0,low,0.6,0,NA,NA,-20,-13.439860674157917,-12.345635120266117,1,1,3158,5,0.34782608695652173,0,0,0,0,0
R_3CHrR4qYf8ublzO,1,1,0.5238095238095237,1,high,1,1,NA,NA,0,6.560139325842081,6.581856622772377,7,0.5,1462,9,0.30434782608695654,0,0,0,0,0
R_63oDp7dvIVwghLb,2,0,0.9682539682539675,1,high,1,1,NA,NA,0,6.951894142785049,5.913716674158031,5,-1,1845,5,0.30434782608695654,0,0,0,0,0
R_14rOBZzYwHnUg8h,3,1,0.23809523809523814,1,mid,1,1,NA,NA,0,6.756016734313565,7.751830042077765,6,1,1308,5,0.20652173913043478,0,0,0,0,0
R_3m3GLVrFtdEYpXR,2,1,-0.13492063492063444,0,low,1,1,NA,NA,0,6.560139325842081,5.71878634947026,6,0.5,2164,3,0.21739130434782608,0,0,0,0,0
R_7n2l0COVyUlpRSx,1,0,1,1,high,1,1,NA,NA,0,6.560139325842081,6.581856622772377,3,1,992,3,0.22826086956521738,0,0,0,0,0
R_1gGVybSOHS6FV75,3,0,0.746031746031746,1,high,1,1,NA,NA,0,6.912718661090752,7.829802171952874,5,-1,1739,3,0.22826086956521738,0,0,0,0,0
R_7ImW3GX10ehIT5f,2,0,0.7301587301587293,1,high,1,1,NA,NA,0,6.560139325842081,5.71878634947026,4,0.5,2191,3,0.2608695652173913,0,0,0,0,0
R_3rxAieDuHmQn3m5,3,1,0.33333333333333304,1,mid,1,1,NA,NA,0,6.821309203804059,7.7843184295257295,4,-0.5,1307,12,0.43478260869565216,0,0,0,1,1
R_6HtsLVDUHuZIEdX,1,1,1.166666666666667,1,high,1,1,NA,NA,0,6.886601673294554,6.7442985600121865,5,1,1174,12,0.34782608695652173,0,0,0,1,1
R_3taiEQh08vr599J,2,0,0.1507936507936507,1,mid,0.5,0,NA,NA,-10,-3.048105857214953,-4.08628332584197,1,0,1584,3,0.2717391304347826,0,0,0,0,0
R_368RN4ifFAC5JW0,3,0,0.6349206349206344,1,high,1,1,NA,NA,0,6.690724264823071,7.719341654629805,5,0.5,885,4,0.2608695652173913,0,0,0,0,0
R_6Z0xQWINFzhCm89,2,0,0.666666666666667,1,high,1,1,NA,NA,0,6.821309203804059,5.848739899262108,6,1,1495,12,0.42391304347826086,0,0,0,1,1
R_1I6kXKCeh11qmaA,1,1,-0.4761904761904763,0,low,1,1,NA,NA,0,6.951894142785049,6.776786947460148,5,-0.5,860,5,0.2717391304347826,0,0,0,0,0
R_5PuOOSmb7McSmiY,3,1,0.06349206349206327,0,mid,1,1,NA,NA,0,6.560139325842081,7.6543648797338815,3,1,744,4,0.2826086956521739,0,0,0,0,0
R_3JLjQLXEwgPh77r,1,1,1.7698412698412707,1,high,0.4,0,NA,NA,-30,-23.439860674157913,-23.41814337722762,6,1,2542,6,0.2717391304347826,0,0,0,0,0
R_3pQLZ9PdfbujEw9,2,0,-0.007936507936507908,0,mid,1,1,NA,NA,0,6.821309203804059,5.848739899262108,6,0.5,1927,4,0.2608695652173913,0,0,0,0,0
R_6QELQ5nf4G6SBp9,1,1,0.4047619047619042,1,high,1,1,NA,NA,0,6.560139325842081,6.581856622772377,6,1,1484,6,0.30434782608695654,0,0,0,0,0
R_6Kg20suJZEIOyaG,3,1,0.5,1,high,1.1666666666666667,1,NA,NA,5,11.821309203804061,12.784318429525731,6,1,1274,13,0.6739130434782609,0,0,0,1,1
R_3EgunHQDLOx9lN4,1,1,0.5,1,high,1,1,NA,NA,0,6.560139325842081,6.581856622772377,6,1,1089,13,0.6413043478260869,0,0,0,1,1
R_6EzZOxC1CYsxJaV,2,0,-0.3015873015873005,0,low,0.6666666666666666,0,NA,NA,-10,-3.1786907961959407,-4.151260100737893,2,0.5,1364,3,0.21739130434782608,0,0,0,0,0
R_5Ms8vocF7ExWJ4J,3,1,-0.5476190476190474,0,low,0.775,0,NA,NA,-9,-2.309275735176929,-1.2806583453701954,6,-1,872,7,0.29347826086956524,0,0,0,0,0
R_1qKDTIENhXNQUp6,1,0,1.2301587301587302,1,high,1,1,NA,NA,0,6.886601673294554,6.7442985600121865,1,-0.5,774,3,0.2717391304347826,0,0,0,0,0
R_1fCj56SY27ZSYOW,1,1,1.0714285714285712,1,high,1,1,NA,NA,0,6.690724264823071,6.646833397668302,1,1,831,5,0.20652173913043478,0,0,0,0,0
R_3R9sKFFvOyYQ9fu,3,1,0.45238095238095255,1,high,0.86,0,NA,NA,-7,-0.43986067415791685,0.6543648797338828,5,1,1573,5,0.22826086956521738,0,0,0,0,0
R_5X0Wx8b1yVLgsxm,2,0,0.4285714285714288,1,high,1,1,NA,NA,0,6.560139325842081,5.71878634947026,5,0.5,1385,3,0.2717391304347826,0,0,0,0,0
R_7kQUpud6fBHppWp,2,0,0.1031746031746037,0,mid,1,1,NA,NA,0,6.560139325842081,5.71878634947026,3,1,1862,6,0.2391304347826087,0,0,0,0,0
R_117XRmMyJtzPwbL,3,1,0.8253968253968256,1,high,1.25,1,NA,NA,5,11.951894142785049,12.849295204421653,6,1,2298,5,0.42391304347826086,0,0,0,0,0
R_1bUCRQbgvYuvOC3,1,1,0,0,mid,1,1,NA,NA,0,6.560139325842081,6.581856622772377,2,0,734,17,0.31521739130434784,0,0,0,1,1
R_5Cddz52Ww2sCbUj,3,0,0.698412698412699,1,high,0.5,0,NA,NA,-5,2.0824790817660355,2.914271979317572,4,-1,1404,3,0.29347826086956524,0,0,0,0,0
R_6FRQRuAWC0iFIfP,1,1,0.7619047619047619,1,high,0.3,0,NA,NA,-35,-28.439860674157913,-28.41814337722762,5,1,966,5,0.25,0,0,0,0,0
R_5yTlQ4hsffr0EP7,3,0,-0.8253968253968251,0,low,0,0,NA,NA,-20,-13.048105857214951,-12.150704795578347,4,0,1981,4,0.1956521739130435,0,0,0,0,0
R_5QzgQPbIv9RYH2N,3,1,-0.3809523809523814,0,low,0.8571428571428571,0,NA,NA,-5,1.7560167343135649,2.751830042077766,5,1,1114,3,0.2717391304347826,0,0,0,0,0
R_7r9tsaPWu1L9o7d,2,1,-0.3730158730158726,0,low,1,1,NA,NA,0,6.821309203804059,5.848739899262108,6,0,1114,4,0.22826086956521738,0,0,0,0,0
R_6r0GI2BSGanaXKx,1,0,-2,0,low,1,1,NA,NA,0,6.951894142785049,6.776786947460148,1,-1,1304,12,0.7391304347826086,0,0,0,1,1
R_1dMwdkgYMunGCh0,2,1,0.14285714285714324,1,mid,1,1,NA,NA,0,6.560139325842081,5.71878634947026,7,-0.5,1429,5,0.32608695652173914,0,0,0,0,0
R_5gRT7ssyup3yk8k,3,0,-0.03968253968253954,0,low,1,1,NA,NA,0,6.560139325842081,7.6543648797338815,4,0,822,3,0.30434782608695654,0,0,0,0,0
R_1THIC5zBbiFJOQa,2,0,-0.34920634920634885,0,low,0.4166666666666667,0,NA,NA,-21,-14.257041759584533,-15.190246165675445,5,0,2371,5,0.391304347826087,0,0,0,0,0
R_6azcTDcUJaB0EU2,1,1,1.9047619047619047,1,high,0.9444444444444444,0,NA,NA,-2,4.742958240415465,4.6728241076266706,4,-1,1142,3,0.20652173913043478,0,0,0,0,0
R_7AXNSwjez7M6qi6,1,0,0.19841269841269904,1,mid,1,1,NA,NA,0,6.560139325842081,6.581856622772377,2,0.5,1054,4,0.22826086956521738,0,0,0,0,0
R_3YiEkC5bfQZYpDb,1,1,0.19841269841269948,1,mid,0.3333333333333333,0,NA,NA,-20,-13.17869079619594,-13.288189827435776,5,0,2069,7,0.2826086956521739,0,0,0,0,0
R_5CwAAhejXw9Bv6r,3,0,0.8888888888888893,1,high,0.6666666666666666,0,NA,NA,-10,-3.1786907961959407,-2.2156815704742723,3,0,1174,8,0.2608695652173913,0,0,0,0,0
R_73h2ACNMlw07Tb3,2,0,0.1904761904761898,1,mid,0.5833333333333334,0,NA,NA,-10,-3.1003398328073475,-4.11227403580034,4,0.5,1657,7,0.41304347826086957,0,0,0,0,0
R_5pWV5Ieudxq5o8u,2,1,0.17460317460317487,1,mid,1,1,NA,NA,0,6.560139325842081,5.71878634947026,7,1,1968,3,0.25,0,0,0,0,0
R_5QJMvymDkYRi6Wy,1,1,-0.7063492063492065,0,low,0.45454545454545453,0,NA,NA,-12,-5.0742228450111515,-5.2362084075190385,4,-0.5,1098,4,0.2391304347826087,0,0,0,0,0
R_3EoaabitMKGa9CX,2,0,0.37301587301587347,1,mid,1,1,NA,NA,0,6.821309203804059,5.848739899262108,3,1,2155,3,0.33695652173913043,0,0,0,0,0
R_3pxwHrISJ73Z09f,2,0,-0.023809523809523725,0,mid,1,1,NA,NA,0,6.886601673294554,5.881228286710069,2,0,1363,4,0.3695652173913043,0,0,0,0,0
R_6fyVNjVZZSTGLjr,2,0,0.3095238095238102,1,mid,1,1,NA,NA,0,6.560139325842081,5.71878634947026,4,1,886,6,0.3804347826086957,0,0,0,0,0
R_3qWytmZlwh7g3pD,3,1,0.15873015873015817,1,mid,0.4878048780487805,0,NA,NA,-21,-14.322334229075027,-13.287156022859786,3,0.5,1700,5,0.3695652173913043,0,0,0,0,0
R_1wiqml7CqcO9fJc,2,0,-0.26190476190476186,0,low,0.5,0,NA,NA,-15,-8.17869079619594,-9.151260100737892,1,-1,1444,4,0.2717391304347826,0,0,0,0,0
R_6R47ULyeULamU79,3,0,-0.14285714285714324,0,low,0,0,NA,NA,-25,-18.113398326705447,-17.18319318302631,1,0,2169,6,0.25,0,0,0,0,0
R_6282rjAlHjKhjBn,3,1,0.04761904761904745,0,mid,0.75,0,NA,NA,-10,-3.3092757351769295,-2.2806583453701954,1,0,1118,3,0.30434782608695654,0,0,0,0,0
R_7oZUxBt84cIu3no,2,1,0.2063492063492065,1,mid,1,1,NA,NA,0,6.756016734313565,5.816251511814145,4,0,1026,3,0.25,0,0,0,0,0
R_1usFvDckwG9aKfT,1,0,-0.6111111111111107,0,low,1,1,NA,NA,0,6.92577715498885,6.763791592480963,7,0,1958,5,0.40217391304347827,0,0,0,0,0
R_5pPUuN6I0PMXOky,3,1,0.5714285714285712,1,high,0.4,0,NA,NA,-30,-23.439860674157913,-22.345635120266117,1,-1,1101,6,0.43478260869565216,0,0,0,0,0
R_1iXxr72nhUxHpRa,2,0,0.7777777777777777,1,high,0.3,0,NA,NA,-35,-28.439860674157913,-29.281213650529736,1,0,712,4,0.34782608695652173,0,0,0,0,0
R_6knNxPVw9x9fF73,1,1,0,0,mid,0.1,0,NA,NA,-45,-38.43986067415791,-38.41814337722763,6,1,2373,6,0.31521739130434784,0,0,0,0,0
R_6nj4PxKXwDZAYGB,1,0,0.4841269841269842,1,high,0.2,0,NA,NA,-20,-13.113398326705447,-13.255701439987813,1,0,1373,3,0.25,0,0,0,0,0
R_3Bll1RAdBC71qAH,1,0,1.0317460317460325,1,high,4,1,NA,NA,15,22.14777155125653,21.87425210980403,5,0,1455,5,0.29347826086956524,0,0,0,0,0
R_34CSnDj0tapyBNR,3,1,-0.11904761904761862,0,low,1,1,NA,NA,0,6.560139325842081,7.6543648797338815,4,-0.5,1424,4,0.25,0,0,0,0,0
R_6fpcB1NxbDENclK,3,0,0.03174603174603163,0,mid,0.8064516129032258,0,NA,NA,-6,0.8082507099059604,1.7778207520361355,1,0,670,5,0.391304347826087,1,0,0,0,1
R_11yVxggno6ipFZf,1,1,2.2222222222222223,1,high,1,1,NA,NA,0,6.951894142785049,6.776786947460148,6,1,1967,7,0.5543478260869565,0,0,0,0,0
R_69sOz7tYvGZJ7TX,3,0,0.4285714285714288,1,high,0.6,0,NA,NA,-10,-3.1133983267054455,-2.18319318302631,3,0,1432,4,0.22826086956521738,0,0,0,0,0
R_3apcaFA39buolnH,3,0,-0.1825396825396819,0,low,0.28,0,NA,NA,-18,-11.113398326705447,-10.183193183026308,3,0.5,2900,4,0.25,0,0,0,0,0
R_62hfDodb4Pl5gsW,3,1,0.5555555555555562,1,high,1,1,NA,NA,0,6.560139325842081,7.6543648797338815,7,1,1035,7,0.4673913043478261,0,0,0,0,0
R_3IYFhH4AVfi5SU4,1,0,-1.087301587301587,0,low,0.4878048780487805,0,NA,NA,-21,-14.322334229075027,-14.35966427982129,3,-0.5,1205,5,0.2608695652173913,0,0,0,0,0
R_1EEZid30ciXrRtg,2,1,0.7777777777777777,1,high,0.5,0,NA,NA,-15,-8.17869079619594,-9.151260100737892,1,-0.5,1268,7,0.40217391304347827,0,0,0,0,0
R_1P46rs7iP1Q8xa1,3,1,0.5793650793650791,1,high,1,1,NA,NA,0,6.560139325842081,7.6543648797338815,4,0.5,1102,4,0.29347826086956524,0,0,0,0,0
R_10reeoRiFs8z6wD,2,0,-0.5079365079365079,0,low,0.2,0,NA,NA,-20,-13.113398326705447,-14.118771713289933,1,-0.5,1301,4,0.34782608695652173,0,0,0,0,0
R_3TgGtDinRHTixZ7,1,1,0.03968253968253954,0,mid,1,1,NA,NA,0,6.690724264823071,6.646833397668302,2,1,2264,6,0.32608695652173914,0,0,0,0,0
R_12RLVDIlLQUpEz9,2,1,0.11111111111111072,0,mid,1,1,NA,NA,0,6.560139325842081,5.71878634947026,2,1,2208,3,0.31521739130434784,0,0,0,0,0
R_5JCPeYF2WLNVKmi,1,0,0.15079365079365115,1,mid,1,1,NA,NA,0,7.082479081766036,6.84176372235607,4,0.5,1567,4,0.3695652173913043,0,0,0,0,0
R_3NxpEzVJWgqn2HT,3,0,-1.4047619047619047,0,low,1,1,NA,NA,0,6.886601673294554,7.816806816973692,2,0,1184,4,0.21739130434782608,0,0,0,0,0
R_3HakmudRMRI1knn,2,0,0.6904761904761898,1,high,0.5,0,NA,NA,-25,-18.439860674157917,-19.28121365052974,3,1,1914,6,0.2608695652173913,0,0,0,0,0
R_1zaC4KKkpFdsAF3,1,1,0.412698412698413,1,high,1,1,NA,NA,0,6.821309203804059,6.711810172564225,2,0,1475,3,0.25,0,0,0,0,0
R_1lB7v1yTsdkMDH5,2,1,0.4682539682539675,1,high,1,1,NA,NA,0,6.560139325842081,5.71878634947026,4,1,1146,6,0.33695652173913043,0,0,0,0,0
R_5QLSpjSIqS92eJI,2,0,0.6031746031746037,1,high,1,1,NA,NA,0,6.951894142785049,5.913716674158031,2,1,1677,4,0.31521739130434784,0,0,0,0,0
R_3DZVGCZmtQxTPUt,3,1,1.5476190476190474,1,high,1,1,NA,NA,0,6.560139325842081,7.6543648797338815,4,1,968,8,0.5108695652173914,0,0,0,0,0
R_3BmJCJq5OyzQIHw,1,0,0,0,mid,0.5555555555555556,0,NA,NA,-8,-1.0219888694187542,-1.210217697560668,4,-0.5,497,6,0.34782608695652173,1,0,0,0,1
R_6TvIzUDFHM6Xwxj,2,0,0.06349206349206327,0,mid,1,1,NA,NA,0,6.821309203804059,5.848739899262108,6,-0.5,1240,5,0.31521739130434784,0,0,0,0,0
R_6fH7Sj36Qm6Csoc,3,1,0.6904761904761898,1,high,1,1,NA,NA,0,6.560139325842081,7.6543648797338815,2,-1,2157,3,0.2391304347826087,0,0,0,0,0
R_3ezwTPNEaOtqM2l,1,1,-0.023809523809523725,0,mid,1,1,NA,NA,0,6.886601673294554,6.7442985600121865,4,-0.5,1100,5,0.33695652173913043,0,0,0,0,0
R_5LFNZGgMR6irjRk,2,0,0.8095238095238102,1,high,0,0,NA,NA,-40,-33.30927573517693,-34.21623687563382,3,1,1556,3,0.2391304347826087,0,0,0,0,0
R_1cWppQI8sFXcxZn,2,0,0.34920634920634885,1,mid,0.5882352941176471,0,NA,NA,-7,-0.008930375520656226,-1.0667902933731939,3,-0.5,1163,4,0.22826086956521738,0,0,0,0,0
R_5mPGqlyTQyb85Z7,1,1,0.841269841269841,1,high,0,0,NA,NA,-15,-7.98281338772446,-8.190724665091894,2,-0.5,1249,5,0.33695652173913043,0,0,0,0,0
R_5MUgJCCKHpGQFyh,3,1,-0.13492063492063444,0,low,1,1,NA,NA,0,6.560139325842081,7.6543648797338815,7,1,1845,3,0.31521739130434784,0,0,0,0,0
R_64eBwO9B3qU6bOr,2,1,0.13492063492063444,0,mid,0.375,0,NA,NA,-25,-18.30927573517693,-19.216236875633815,3,0,1253,4,0.45652173913043476,0,0,0,0,0
R_6A1mSSPz0JkNY0j,2,1,0.16666666666666696,1,mid,1,1,NA,NA,0,6.560139325842081,5.71878634947026,7,0,1386,13,0.5217391304347826,0,0,0,1,1
R_5jkXyaDXj6EC1UC,1,1,1.1111111111111112,1,high,0.4,0,NA,NA,-15,-8.113398326705447,-8.255701439987815,2,-1,2418,4,0.21739130434782608,0,0,0,0,0
R_7r1dMbFHKeJ8fDB,1,1,-0.3888888888888893,0,low,1,1,NA,NA,0,6.821309203804059,6.711810172564225,1,1,1328,6,0.2826086956521739,0,0,0,0,0
R_1y3Glp8qMC61kf7,3,1,0.833333333333333,1,high,0.5,0,NA,NA,-25,-18.439860674157917,-17.34563512026612,3,1,2350,12,0.2826086956521739,0,0,0,1,1
R_5qerMl24W0XhmRU,3,0,-0.5158730158730163,0,low,1,1,NA,NA,0,6.951894142785049,7.849295204421653,2,0.5,2319,4,0.2717391304347826,0,0,0,0,0
R_3eoQELrvqUADqpj,3,1,0.7063492063492065,1,high,0.4,0,NA,NA,-15,-8.113398326705447,-7.1831931830263125,6,1,1371,5,0.20652173913043478,0,0,0,0,0
R_6QZ3yYEgAKQp4sb,1,1,-0.1825396825396819,0,low,1,1,NA,NA,0,6.690724264823071,6.646833397668302,3,0,972,3,0.25,0,0,0,0,0
R_7WYIV5lWbTX2h0g,3,0,0.07936507936507908,0,mid,1,1,NA,NA,0,7.0041281183774435,7.8752859143800205,5,-1,1032,3,0.2717391304347826,0,0,0,0,0
R_59miRsQACZxvDPg,1,1,0,0,mid,1,1,NA,NA,0,6.560139325842081,6.581856622772377,7,0.5,2360,17,0.7391304347826086,0,0,0,1,1
R_5gXjTTNCu5VPgTD,2,0,-0.23015873015872934,0,low,0.625,0,NA,NA,-3,4.108596069562232,2.9916888040331355,4,-1,1005,5,0.2608695652173913,0,0,0,0,0
R_6xVNQM6vMMsuW48,3,0,-0.34920634920634885,0,low,1,1,NA,NA,0,6.560139325842081,7.6543648797338815,4,0.5,2149,3,0.29347826086956524,0,0,0,0,0
R_3GHwOks4gieoCwV,3,0,0.15079365079365115,1,mid,0.5,0,NA,NA,-25,-18.439860674157917,-17.34563512026612,2,0,1934,4,0.22826086956521738,0,0,0,0,0
R_3hGU86BDXCNEvnA,2,1,-0.6825396825396828,0,low,1,1,NA,NA,0,6.560139325842081,5.71878634947026,2,1,1209,4,0.22826086956521738,0,0,0,0,0
R_61AGy684fKd4XxW,2,0,-0.412698412698413,0,low,0.9574468085106383,0,NA,NA,-2,4.599314807536377,3.738279381939035,4,-0.5,875,5,0.2608695652173913,0,0,0,0,0
R_6yjWiVIZPpt74s2,1,0,0.2936507936507935,1,mid,1,1,NA,NA,0,6.821309203804059,6.711810172564225,3,0,897,6,0.2826086956521739,0,0,0,0,0
R_1RTUoQeSirXOH8y,2,0,-0.5476190476190474,0,low,0.3,0,NA,NA,-35,-28.439860674157913,-29.281213650529736,2,-0.5,1240,4,0.21739130434782608,0,0,0,0,0
R_6lilOPLuG27eh8t,2,0,1.015873015873015,1,high,0.7,0,NA,NA,-15,-8.439860674157917,-9.281213650529738,4,0,1052,5,0.29347826086956524,0,0,0,0,0
R_5bV9l3jbN0edBQJ,1,0,0.03968253968253954,0,mid,1,1,NA,NA,0,6.690724264823071,6.646833397668302,5,-0.5,2200,4,0.2391304347826087,0,0,0,0,0
R_3QuWUhTXWKUQgBA,3,0,0.03968253968253954,0,mid,1,1,NA,NA,0,7.017186612275542,7.881783591869613,2,1,1630,3,0.1956521739130435,0,0,0,0,0
R_50gu8p89YTdbaGB,1,0,0.5238095238095237,1,high,0,0,NA,NA,-25,-18.113398326705447,-18.255701439987813,1,-1,936,5,0.2717391304347826,0,0,0,0,0
R_5hRIMt7kphqtvKp,3,0,-0.33333333333333326,0,low,0,0,NA,NA,-20,-13.048105857214951,-12.150704795578347,4,-1,1639,10,0.6086956521739131,0,0,0,1,1
R_51MkHS6TzID5bJu,3,0,-0.07142857142857117,0,low,1,1,NA,NA,0,6.560139325842081,7.6543648797338815,2,0.5,924,7,0.40217391304347827,0,0,0,0,0
R_52VtSYbyVw3x3Hf,1,1,0.6269841269841274,1,high,1,1,NA,NA,0,6.560139325842081,6.581856622772377,4,1,1352,6,0.21739130434782608,0,0,0,0,0
R_3DvWZDTwm6VPFkk,3,1,1.4523809523809526,1,high,1,1,NA,NA,0,6.690724264823071,7.719341654629805,5,1,1131,6,0.5434782608695652,0,0,0,0,0
R_6YFLp3o6W7FBSoZ,1,0,0.11111111111111072,0,mid,0.6,0,NA,NA,-10,-3.1133983267054455,-3.255701439987814,2,0,2041,4,0.2391304347826087,0,0,0,0,0
R_7lVpxgZtABE2ZDe,1,0,0.5396825396825395,1,high,1,1,NA,NA,0,6.886601673294554,6.7442985600121865,4,0,1528,4,0.21739130434782608,0,0,0,0,0
R_6CNgpmbSSQivjZ6,3,1,1.3492063492063489,1,high,0.6,0,NA,NA,-20,-13.439860674157917,-12.345635120266117,6,1,1628,4,0.2826086956521739,0,0,0,0,0
R_52bhuZQ1FTtFeOo,2,0,-0.6031746031746037,0,low,1,1,NA,NA,0,6.560139325842081,5.71878634947026,4,0,2184,5,0.34782608695652173,0,0,0,0,0
R_1KrOIDSEKoCALKj,2,1,-0.17460317460317487,0,low,1,1,NA,NA,0,6.560139325842081,5.71878634947026,4,-0.5,1240,4,0.22826086956521738,0,0,0,0,0
R_7TRz1pCt8JxnMTD,1,0,-0.26190476190476186,0,low,1,1,NA,NA,0,6.560139325842081,6.581856622772377,6,1,1019,3,0.25,0,0,0,0,0
R_6mZW3TRC0tPy0y8,2,0,0.2857142857142856,1,mid,0.16666666666666666,0,NA,NA,-25,-18.17869079619594,-19.151260100737897,4,0,3611,6,0.30434782608695654,0,0,0,0,0
R_3rjhtvD6uCHcY26,2,0,0.16666666666666696,1,mid,1,1,NA,NA,0,6.560139325842081,5.71878634947026,3,1,1552,13,0.3804347826086957,0,0,0,1,1
R_5ieQC3CL8p4Acvu,1,0,-0.23015873015872934,0,low,1,1,NA,NA,0,6.560139325842081,6.581856622772377,3,0,1180,5,0.2608695652173913,0,0,0,0,0
R_3PG3x1drVzexphP,2,0,0.587301587301587,1,high,1,1,NA,NA,0,6.886601673294554,5.881228286710069,7,0,1475,3,0.33695652173913043,0,0,0,0,0
R_6gqKVc0R690cIfY,1,1,0.9761904761904763,1,high,1,1,NA,NA,0,6.560139325842081,6.581856622772377,1,0,1368,6,0.25,0,0,0,0,0
R_3KACePnJ1z4syCL,3,1,1.1349206349206344,1,high,1,1,NA,NA,0,6.690724264823071,7.719341654629805,5,1,958,4,0.41304347826086957,0,0,0,0,0
R_7Pr3wrt1tDykVSV,1,1,0.7222222222222223,1,high,1,1,NA,NA,0,6.821309203804059,6.711810172564225,1,0,1302,4,0.25,0,0,0,0,0
R_7SpYXHx5Ok1Eix5,3,0,2.015873015873016,1,high,0,0,NA,NA,-7,0.12165456346033243,0.9337650117863501,2,-0.5,1918,4,0.3804347826086957,0,0,0,0,0
R_1CkzVnRudNlLtno,1,0,0.6428571428571432,1,high,0,0,NA,NA,-15,-7.98281338772446,-8.190724665091894,4,-1,943,5,0.30434782608695654,0,0,0,0,0
R_7p9lvaQO8ZM256t,2,1,0.658730158730159,1,high,0.6,0,NA,NA,-10,-3.1133983267054455,-4.118771713289931,2,-0.5,3132,3,0.2391304347826087,0,0,0,0,0
R_7hR4DWnWTfRuHbt,3,0,0.15873015873015817,1,mid,0.3,0,NA,NA,-35,-28.439860674157913,-27.345635120266117,6,0,1553,5,0.32608695652173914,0,0,0,0,0
R_62Lh9anzPWsFSWR,3,1,0.34126984126984183,1,mid,1,1,NA,NA,0,6.560139325842081,7.6543648797338815,4,0,2345,3,0.2717391304347826,0,0,0,0,0
R_6oQEeAW1C8Sk5fr,2,0,-0.2777777777777777,0,low,0.6756756756756757,0,NA,NA,-12,-5.270100253482633,-6.19674384316504,4,-0.5,1807,4,0.25,0,0,0,0,0
R_63k9HYY1uGiv41z,2,1,-0.3968253968253972,0,low,0,0,NA,NA,-20,-13.048105857214951,-14.08628332584197,4,0,522,6,0.5217391304347826,1,0,0,0,1
R_6fkYtjQxrD6oli3,3,0,0.22222222222222232,1,mid,0.75,0,NA,NA,-5,1.951894142785049,2.8492952044216517,4,1,1757,3,0.21739130434782608,0,0,0,0,0
R_5hzPobxx3cQWd9x,3,1,-0.6190476190476186,0,low,1,1,NA,NA,0,6.560139325842081,7.6543648797338815,4,0.5,1106,5,0.4673913043478261,0,0,0,0,0
R_687wZpdHnJSa6s1,1,1,0.9841269841269851,1,high,0.9782608695652174,0,NA,NA,-1,5.612373301434476,5.6078473327307465,4,0.5,1636,4,0.1956521739130435,0,0,0,0,0
R_7FEVkaB51bUBiY9,2,1,0.19841269841269948,1,mid,1,1,NA,NA,0,6.560139325842081,5.71878634947026,3,-1,2641,5,0.2391304347826087,0,0,0,0,0
R_1C3KePdoC44jcrL,1,0,-0.5793650793650791,0,low,0.6,0,NA,NA,-10,-3.1133983267054455,-3.255701439987814,3,-0.5,745,3,0.22826086956521738,0,0,0,0,0
R_12JEFsIyEIgnN8m,2,1,0.1904761904761898,1,mid,1,1,NA,NA,0,6.951894142785049,5.913716674158031,6,1,869,11,0.391304347826087,0,0,0,1,1
R_5XrJBwwc46yaf17,2,1,0.412698412698413,1,high,0.5,0,NA,NA,-25,-18.439860674157917,-19.28121365052974,2,0,2045,6,0.2608695652173913,0,0,0,0,0
R_5hsZE7q8xVki4tf,3,0,0.23809523809523814,1,mid,1,1,NA,NA,0,6.560139325842081,7.6543648797338815,6,0.5,1497,5,0.2608695652173913,0,0,0,0,0
R_1EcVpen00KTN1eQ,3,1,-0.5555555555555562,0,low,1,1,NA,NA,0,6.821309203804059,7.7843184295257295,1,0,1120,5,0.22826086956521738,0,0,0,0,0
R_7CCAmnQWq1tiVrW,3,1,-0.26190476190476186,0,low,1,1,NA,NA,0,6.821309203804059,7.7843184295257295,1,0.5,2029,7,0.40217391304347827,0,0,0,0,0
R_5OSMkQRZ9fbX49g,2,1,-0.04761904761904745,0,low,0.35,0,NA,NA,-13,-6.048105857214953,-7.086283325841971,4,0.5,1555,6,0.34782608695652173,0,0,0,0,0
R_66SqQ4rFMOE6kb7,1,1,1.1349206349206344,1,high,0.15,0,NA,NA,-17,-10.048105857214951,-10.223213052539851,2,-0.5,1030,4,0.2717391304347826,0,0,0,0,0
R_7lUEuxBmc5rTiVz,2,0,-0.4047619047619042,0,low,0.3225806451612903,0,NA,NA,-21,-14.19174929009404,-15.157757778227484,2,1,782,5,0.31521739130434784,0,0,0,0,0
R_7OlY0B0QIuYioVS,3,0,-0.2857142857142856,0,low,1,1,NA,NA,0,6.886601673294554,7.816806816973692,4,-1,1329,4,0.22826086956521738,0,0,0,0,0
R_6FENjMkqjINPjoG,1,0,0.05555555555555536,0,mid,0.72,0,NA,NA,-7,-0.11339832670544553,-0.2557014399878134,4,0,904,3,0.2717391304347826,0,0,0,0,0
R_3UaNECFq3trJdJN,3,0,-1.4523809523809526,0,low,0.375,0,NA,NA,-25,-18.30927573517693,-17.2806583453702,4,-1,1083,4,0.18478260869565216,0,0,0,0,0
R_6g1JEdpq5jmW0o0,1,0,-0.2063492063492065,0,low,1,1,NA,NA,0,6.560139325842081,6.581856622772377,5,0.5,1241,5,0.32608695652173914,0,0,0,0,0
R_7YSCpknbYk2CBBn,1,1,0.5,1,high,0.8888888888888888,0,NA,NA,-5,1.625431795332576,1.6143450102203392,1,0,1678,4,0.34782608695652173,0,0,0,0,0
R_6Ns81xeDa1trHRT,3,0,-0.6904761904761898,0,low,0.6,0,NA,NA,-10,-3.1133983267054455,-2.18319318302631,3,0,1407,5,0.4891304347826087,0,0,0,0,0
R_1Et09mP2g8QZJk9,2,0,-0.6031746031746037,0,low,1,1,NA,NA,0,6.560139325842081,5.71878634947026,4,0,1168,4,0.30434782608695654,0,0,0,0,0
R_7AXuubILIg61bqx,1,0,0.2142857142857144,1,mid,1,1,NA,NA,0,6.951894142785049,6.776786947460148,1,-1,1690,5,0.3695652173913043,0,0,0,0,0
R_1UY6bTMEvndMo16,3,0,-0.3888888888888893,0,low,1,1,NA,NA,0,6.886601673294554,7.816806816973692,4,0,1558,8,0.2826086956521739,0,0,0,0,0
R_1ubb7oRYrC7H9KN,1,0,1.119047619047619,1,high,0.9615384615384616,0,NA,NA,-1,5.873543179396455,5.737800882522593,2,-1,1274,5,0.45652173913043476,0,0,0,0,0
R_1sQKElGwKbzWaT4,3,0,0.7063492063492065,1,high,1,1,NA,NA,0,6.886601673294554,7.816806816973692,4,0.5,1090,5,0.358695652173913,0,0,0,0,0
R_6AVfjHRIC0dW2oV,1,0,0.5793650793650791,1,high,1,1,NA,NA,0,6.821309203804059,6.711810172564225,2,0,1457,7,0.29347826086956524,0,0,0,0,0
R_1erDYw8y5cbURJV,2,1,-0.14285714285714324,0,low,1,1,NA,NA,0,6.886601673294554,5.881228286710069,2,-0.5,1921,4,0.2717391304347826,0,0,0,0,0
R_5ykFg9Z7qj8EqYd,2,0,1,1,high,1,1,NA,NA,0,6.560139325842081,5.71878634947026,7,1,1202,12,0.6086956521739131,0,0,0,1,1
R_7CslEyfzWsdB5Uh,3,0,-0.4047619047619042,0,low,0.5,0,NA,NA,-25,-18.439860674157917,-17.34563512026612,3,0.5,1449,6,0.2826086956521739,0,0,0,0,0
R_6hdRAPXgAMD48BH,2,0,-0.6587301587301582,0,low,0.6,0,NA,NA,-10,-3.1133983267054455,-4.118771713289931,3,-1,1717,4,0.25,0,0,0,0,0
R_6bZ6jXFkmL4ISCM,2,1,-0.23809523809523814,0,low,1,1,NA,NA,0,6.886601673294554,5.881228286710069,5,0,1340,3,0.34782608695652173,0,0,0,0,0
R_6CxI7lhejGy2u6l,2,0,0.11904761904761907,0,mid,1,1,NA,NA,0,6.951894142785049,5.913716674158031,1,-0.5,4818,15,0.6086956521739131,0,0,1,1,1
R_10aQhAIh4NUwgXD,2,1,0.055555555555556246,0,mid,0.75,0,NA,NA,-10,-3.3092757351769295,-4.216236875633816,4,1,1602,4,0.17391304347826086,0,0,0,0,0
R_6JP4TMPgFQCx3e9,2,1,1.3571428571428568,1,high,0.9347826086956522,0,NA,NA,-3,3.612373301434478,2.7447770594286305,3,1,663,4,0.25,1,0,0,0,1
R_1N5ha0td7Lr8NxG,3,0,-0.6349206349206344,0,low,1,1,NA,NA,0,6.560139325842081,7.6543648797338815,2,1,1104,4,0.2608695652173913,0,0,0,0,0
R_1m8orKDqvYaSf6d,3,1,-0.8015873015873005,0,low,1,1,NA,NA,0,6.560139325842081,7.6543648797338815,2,0.5,1646,4,0.18478260869565216,0,0,0,0,0
R_6abprdubtBFBP2K,1,1,1.8412698412698418,1,high,1,1,NA,NA,0,6.690724264823071,6.646833397668302,4,0.5,1242,4,0.2391304347826087,0,0,0,0,0
R_6tloTjuJcUVrNyN,2,0,0.4920634920634921,1,high,0.16129032258064516,0,NA,NA,-26,-19.19174929009404,-20.15775777822749,2,0.5,1702,4,0.2608695652173913,0,0,0,0,0
R_3IEqpq2ofLaGqAh,3,1,0.26984126984127066,1,mid,0.4,0,NA,NA,-15,-8.113398326705447,-7.1831931830263125,4,0.5,973,5,0.358695652173913,0,0,0,0,0
R_6tskuQCULW29Xyh,3,0,-0.06349206349206327,0,low,1,1,NA,NA,0,6.886601673294554,7.816806816973692,2,0,1244,2,0.17391304347826086,0,0,0,0,0
R_3mt7yhWDLXxRldi,1,0,0.047619047619047894,0,mid,0.2,0,NA,NA,-8,-0.9175209182339645,-1.1582362776439306,1,-1,774,6,0.5652173913043478,0,0,0,0,0
R_6z89mYlnyPfEu3g,1,0,1.2063492063492065,1,high,1,1,NA,NA,0,7.017186612275542,6.809275334908108,2,0.5,1187,3,0.21739130434782608,0,0,0,0,0
R_1NU5BN3JVfDKMRr,1,0,0.04761904761904745,0,mid,0.5,0,NA,NA,-15,-8.17869079619594,-8.288189827435776,3,1,1873,6,0.2608695652173913,0,0,0,0,0
R_3EbqUJouHALfpXI,3,0,-0.7936507936507935,0,low,0.9375,0,NA,NA,-1,6.0041281183774435,6.8752859143800205,5,0.5,828,3,0.30434782608695654,0,0,0,0,0
R_3MXMlCYho5U0BjS,2,0,-0.6031746031746033,0,low,1,1,NA,NA,0,6.560139325842081,5.71878634947026,4,0.5,1841,3,0.21739130434782608,0,0,0,0,0
R_3wLlThS3rWnaZqN,1,0,-1.1984126984126986,0,low,1,1,NA,NA,0,7.082479081766036,6.84176372235607,1,-1,948,4,0.3804347826086957,0,0,0,0,0
R_1MagJj6M1m81abz,3,0,-0.15079365079365115,0,low,1,1,NA,NA,0,6.560139325842081,7.6543648797338815,5,-1,1301,2,0.2717391304347826,0,0,0,0,0
R_6NmGdQXkMTfQS4F,2,0,2.8095238095238098,1,high,1,1,NA,NA,0,6.951894142785049,5.913716674158031,1,0,1589,5,0.31521739130434784,0,0,0,0,0
R_1qqnNuTHovah1in,1,1,0.7619047619047619,1,high,1,1,NA,NA,0,6.560139325842081,6.581856622772377,6,0.5,1973,3,0.30434782608695654,0,0,0,0,0
R_7IMKkgqcKeI02LA,2,0,0.5634920634920637,1,high,0,0,NA,NA,-1,6.20000552684892,5.037172546460278,4,-1,1162,3,0.2717391304347826,0,0,0,0,0
R_6FDKK4xRCwQMfgW,1,0,0.34920634920634885,1,mid,1,1,NA,NA,0,6.756016734313565,6.679321785116263,3,0,2013,3,0.32608695652173914,0,0,0,0,0
R_7P9zbxzfGSX3ZUR,3,0,0.9047619047619051,1,high,0,0,NA,NA,-15,-7.98281338772446,-7.118216408130389,2,-0.5,1705,4,0.45652173913043476,0,0,0,0,0
R_6mDviHJ3wAdkzTO,1,0,0.2460317460317465,1,mid,1,1,NA,NA,0,6.560139325842081,6.581856622772377,1,-0.5,1373,4,0.2717391304347826,0,0,0,0,0
R_5el7ZVPCNKZMqVO,1,0,1.6428571428571432,1,high,1.1111111111111112,1,NA,NA,5,11.625431795332576,11.614345010220338,5,0.5,2291,3,0.29347826086956524,0,0,0,0,0
R_5k65jiEj3UV2hbL,3,0,-0.23015873015872979,0,low,0.8,0,NA,NA,-5,1.8866016732945545,2.8168068169736897,1,-0.5,1521,4,0.22826086956521738,0,0,0,0,0
R_15NhgSyF5mMPXyQ,2,0,-0.03968253968253954,0,low,0.02,0,NA,NA,-49,-42.43986067415791,-43.28121365052974,1,1,821,4,0.29347826086956524,0,0,0,0,0
R_6IQrjcZf7CFEcr8,3,0,-0.5,0,low,1,1,NA,NA,0,6.560139325842081,7.6543648797338815,3,0,1202,3,0.1956521739130435,0,0,0,0,0
R_6prE0ZCBZfLQHfc,3,0,0.10317460317460281,0,mid,0.9428571428571428,0,NA,NA,-2,4.756016734313565,5.751830042077767,2,0,2728,4,0.29347826086956524,0,0,0,0,0
R_3EyGVEZi2km2cTz,1,1,0.8888888888888893,1,high,0.2,0,NA,NA,-40,-33.43986067415791,-33.41814337722763,5,0.5,1034,5,0.3695652173913043,0,0,0,0,0
R_75WxDuKlDjtEJIx,1,0,0,0,mid,1,1,NA,NA,0,6.560139325842081,6.581856622772377,5,1,1204,11,0.2608695652173913,0,0,0,1,1
R_12Lphl3P7o03V9L,3,1,-0.4206349206349209,0,low,1,1,NA,NA,0,6.886601673294554,7.816806816973692,4,-1,973,5,0.21739130434782608,0,0,0,0,0
R_3GDmors8Zq7bKHD,3,0,-1.1507936507936511,0,low,1.4285714285714286,1,NA,NA,15,21.75601673431356,22.751830042077763,1,0,1572,7,0.5543478260869565,0,0,0,0,0
R_52h7o6WdRs5igrz,1,1,1.3412698412698418,1,high,1,1,NA,NA,0,6.560139325842081,6.581856622772377,4,1,1317,3,0.21739130434782608,0,0,0,0,0
R_1CZYTxkObfXvm2T,2,1,-0.33333333333333304,0,low,1,1,NA,NA,0,6.560139325842081,5.71878634947026,1,0,1758,5,0.29347826086956524,0,0,0,0,0
R_6zNOAA7zGqbCU7Q,2,0,0.33333333333333304,1,mid,1,1,NA,NA,0,6.821309203804059,5.848739899262108,3,1,2188,5,0.391304347826087,0,0,0,0,0
R_5TNZ1TTHFzLuGeB,3,0,0.04761904761904745,0,mid,0,0,NA,NA,-25,-18.113398326705447,-17.18319318302631,4,0,1104,8,0.2608695652173913,0,0,0,0,0
R_6bc4vB4XSy5E3E5,1,0,0.13492063492063444,0,mid,1.25,1,NA,NA,10,16.690724264823068,16.646833397668296,4,0,1114,4,0.1956521739130435,0,0,0,0,0
R_6ctGF2w2Vj8Du7E,3,0,0.1031746031746037,0,mid,1,1,NA,NA,0,6.821309203804059,7.7843184295257295,6,0.5,1479,5,0.33695652173913043,0,0,0,0,0
R_7nwQQefnYbgNk6K,1,0,-0.44444444444444375,0,low,0.8,0,NA,NA,-5,1.8866016732945545,1.7442985600121867,4,0.5,1220,6,0.3695652173913043,0,0,0,0,0
R_6jemldQilPDxxPq,1,0,0.3015873015873014,1,mid,0,0,NA,NA,-35,-28.24398326568644,-28.32067821488374,3,0.5,1218,3,0.21739130434782608,0,0,0,0,0
R_72FUG6eHoDGcJgt,3,0,-0.11904761904761862,0,low,1,1,NA,NA,0,6.886601673294554,7.816806816973692,4,0,1228,8,0.5108695652173914,0,0,0,0,0
R_7rNg0mdjHsG9253,2,0,1.1428571428571432,1,high,1,1,NA,NA,0,6.690724264823071,5.783763124366184,4,-1,1668,4,0.34782608695652173,0,0,0,0,0
R_77xGvqL1e9KPvYc,2,1,0.3095238095238102,1,mid,1,1,NA,NA,0,6.560139325842081,5.71878634947026,2,0,3559,6,0.32608695652173914,0,0,0,0,0
R_11JqfeyuWnBTgtj,2,0,0.9603174603174605,1,high,1,1,NA,NA,0,6.560139325842081,5.71878634947026,4,-0.5,1171,4,0.31521739130434784,0,0,0,0,0
R_5CK1QuMzp6Be9nK,1,1,0.23015873015872934,1,mid,1,1,NA,NA,0,6.560139325842081,6.581856622772377,6,0,1382,4,0.44565217391304346,0,0,0,0,0
R_61aqs6Ehn74uECd,2,0,0,0,mid,1,1,NA,NA,0,6.560139325842081,5.71878634947026,1,0.5,1936,4,0.2608695652173913,0,0,0,0,0
R_23f9qmnzDFbH5yB,3,0,0.03968253968253954,0,mid,0.8,0,NA,NA,-10,-3.439860674157917,-2.3456351202661176,4,1,1207,4,0.2826086956521739,0,0,0,0,0
R_6ZEOAAp2AsC8XJg,2,1,0.6746031746031749,1,high,1,1,NA,NA,0,6.560139325842081,5.71878634947026,4,0,2266,3,0.20652173913043478,0,0,0,0,0
R_6JXhVpvPcyr0xGI,3,0,1.3492063492063489,1,high,1,1,NA,NA,0,6.560139325842081,7.6543648797338815,1,1,2041,4,0.31521739130434784,0,0,0,0,0
R_7i9vopvadrSotnb,1,0,0.1031746031746037,0,mid,0.7777777777777778,0,NA,NA,-10,-3.374568204667424,-3.3856549897796615,4,0,997,3,0.22826086956521738,0,0,0,0,0
R_1VLaN1nWfTUd2xF,2,1,0,0,mid,1,1,NA,NA,0,6.560139325842081,5.71878634947026,4,1,1228,17,0.3695652173913043,0,0,0,1,1
R_3aRjJwsrix0T9y2,1,0,-0.01587301587301493,0,mid,1.6666666666666667,1,NA,NA,20,26.82130920380406,26.71181017256422,3,-0.5,2020,3,0.22826086956521738,0,0,0,0,0
R_1XdMkSJIyx8zI2i,2,0,0.16666666666666652,1,mid,0.4411764705882353,0,NA,NA,-19,-12.230924771788334,-13.177250810696261,2,-0.5,1060,12,0.2717391304347826,0,0,0,1,1
R_3N3JRVDnyJgFTYl,1,0,0.34920634920634885,1,mid,1,1,NA,NA,0,6.886601673294554,6.7442985600121865,1,0.5,2379,3,0.22826086956521738,0,0,0,0,0
R_13rVKKWL5nyJkI1,3,0,0.5,1,high,0.5,0,NA,NA,-10,-3.048105857214953,-2.15070479557835,4,1,909,13,0.5978260869565217,0,0,0,1,1
R_3cbVfpnqjkpC4Iy,3,1,0.6825396825396819,1,high,0.175,0,NA,NA,-33,-26.309275735176932,-25.280658345370203,4,1,1511,3,0.33695652173913043,0,0,0,0,0
R_6FIqncmNJDgFXJD,2,1,0.9682539682539679,1,high,1,1,NA,NA,0,6.690724264823071,5.783763124366184,1,0,2363,5,0.2826086956521739,0,0,0,0,0
R_1SVwLHbcjz1g3eN,2,0,-0.6825396825396819,0,low,0.5,0,NA,NA,-15,-8.17869079619594,-9.151260100737892,5,1,1068,3,0.20652173913043478,0,0,0,0,0
R_6g9XpDghMj4WnYt,3,1,1.1507936507936511,1,high,1,1,NA,NA,0,6.560139325842081,7.6543648797338815,4,0,1076,4,0.2608695652173913,0,0,0,0,0
R_1Eo8A15sefsiJxF,3,1,-0.023809523809523725,0,mid,1,1,NA,NA,0,6.560139325842081,7.6543648797338815,5,0,1590,6,0.22826086956521738,0,0,0,0,0
R_6ODk8cjFzriLti9,3,0,-0.2142857142857144,0,low,0.1,0,NA,NA,-45,-38.43986067415791,-37.345635120266124,1,0,2678,4,0.30434782608695654,0,0,0,0,0
R_5zrbUng5qcWzLnX,1,0,-0.9285714285714288,0,low,1,1,NA,NA,0,6.560139325842081,6.581856622772377,3,1,1895,5,0.29347826086956524,0,0,0,0,0
R_7cnCfommAQNORoM,1,0,0.2063492063492065,1,mid,0.5,0,NA,NA,-20,-13.309275735176929,-13.353166602331697,1,-0.5,2712,4,0.3695652173913043,0,0,0,0,0
R_5DAqSi5GQFE7sJR,2,1,0.07936507936507908,0,mid,1,1,NA,NA,0,6.756016734313565,5.816251511814145,3,1,2237,4,0.30434782608695654,0,0,0,0,0
R_5PdN0HeDKthblno,3,0,-0.6587301587301582,0,low,0.18,0,NA,NA,-41,-34.43986067415791,-33.345635120266124,5,0,850,5,0.22826086956521738,0,0,0,0,0
R_5JGA46sTlbV9wid,2,0,-0.055555555555556246,0,low,1,1,NA,NA,0,6.560139325842081,5.71878634947026,5,0,791,4,0.33695652173913043,0,0,0,0,0
R_3HAMg9plgn8Q0JH,2,1,-0.46031746031746046,0,low,0.4230769230769231,0,NA,NA,-15,-8.126456820603547,-9.125269390779525,7,0.5,820,3,0.32608695652173914,0,0,0,0,0
R_1l0l40ezb8ML3LP,2,0,1.3571428571428572,1,high,1,1,NA,NA,0,6.560139325842081,5.71878634947026,3,-1,2361,4,0.29347826086956524,0,0,0,0,0
R_7U0cLEfVhLoXLhL,3,1,-0.3174603174603181,0,low,0.22727272727272727,0,NA,NA,-17,-10.074222845011152,-9.163700150557535,2,0.5,1470,4,0.2717391304347826,0,0,0,0,0
R_6OjoyKCUDn1MNYN,2,0,-1,0,low,0.13333333333333333,0,NA,NA,-13,-5.98281338772446,-7.05379493839401,1,-1,734,10,0.391304347826087,0,0,0,1,1
R_36lIJLsauTr9axP,1,0,0.1904761904761898,1,mid,0.8,0,NA,NA,-2,5.082479081766036,4.8417637223560694,3,-1,1185,5,0.2717391304347826,0,0,0,0,0
R_3kPZRcBbAw7p5Cx,1,0,-0.22222222222222232,0,low,0.7142857142857143,0,NA,NA,-6,0.9388356488869507,0.7702892699705566,6,-1,1522,4,0.29347826086956524,0,0,0,0,0
R_3hsgmOQ1Wgdjdvg,3,1,0.9920634920634921,1,high,1,1,NA,NA,0,6.951894142785049,7.849295204421653,1,-1,918,4,0.31521739130434784,0,0,0,0,0
R_6rLL41AvE9tWFHz,1,1,0,0,mid,1,1,NA,NA,0,6.560139325842081,6.581856622772377,6,1,1458,17,0.2826086956521739,0,0,0,1,1
R_3ZHVDOuyDHm8d2w,1,0,0,0,mid,1,1,NA,NA,0,6.560139325842081,6.581856622772377,7,0.5,1489,14,0.41304347826086957,0,0,0,1,1
R_6Ga4ABr1YEQwTAZ,1,1,0.9285714285714288,1,high,1,1,NA,NA,0,6.560139325842081,6.581856622772377,5,1,1961,5,0.2391304347826087,0,0,0,0,0
R_7VBHFRvuctmkFtY,2,1,0.07936507936507908,0,mid,0.2222222222222222,0,NA,NA,-35,-28.374568204667426,-29.24872526308178,5,-1,1362,4,0.34782608695652173,0,0,0,0,0
R_63otxnqDxIAOEBb,3,1,-0.08730158730158699,0,low,0.25,0,NA,NA,-15,-8.048105857214953,-7.15070479557835,5,0,1949,4,0.3695652173913043,0,0,0,0,0
R_3EcGVxwgupIbmzG,2,1,0.41269841269841256,1,high,1,1,NA,NA,0,6.560139325842081,5.71878634947026,4,0,1328,6,0.2717391304347826,0,0,0,0,0
R_3YTpHNcKL34p3DX,3,1,1.0555555555555562,1,high,1,1,NA,NA,0,6.560139325842081,7.6543648797338815,7,0,1472,3,0.31521739130434784,0,0,0,0,0
R_5otXsFAFCXV9jKW,2,0,0.4285714285714288,1,high,1,1,NA,NA,0,6.560139325842081,5.71878634947026,7,0.5,752,4,0.30434782608695654,0,0,0,0,0
R_6fkBsPQoDEzc8iY,1,0,1.1746031746031749,1,high,1,1,NA,NA,0,6.560139325842081,6.581856622772377,4,0.5,1992,4,0.30434782608695654,0,0,0,0,0
R_6JK1H5Gtm3Rece2,3,0,0.11904761904761862,0,mid,0.7142857142857143,0,NA,NA,-10,-3.2439832656864356,-2.2481699579222347,4,1,1393,6,0.2826086956521739,0,0,0,0,0
R_5rv6wIPeIcuO4RL,3,1,-0.36507936507936556,0,low,1,1,NA,NA,0,6.886601673294554,7.816806816973692,2,1,931,4,0.2717391304347826,0,0,0,0,0
R_14bdTVi1IK2fBrb,1,1,-0.5476190476190474,0,low,1,1,NA,NA,0,6.886601673294554,6.7442985600121865,2,1,1287,4,0.2391304347826087,0,0,0,0,0
R_5f8RYDSalDc3ypd,1,0,-1.833333333333333,0,low,1,1,NA,NA,0,6.560139325842081,6.581856622772377,3,-1,2243,3,0.20652173913043478,0,0,0,0,0
R_5HDuKEyh25GJDyx,2,0,0.01587301587301493,0,mid,1,1,NA,NA,0,6.560139325842081,5.71878634947026,1,0,1196,4,0.2391304347826087,0,0,0,0,0
R_6f31eVSLHc6Vhzy,1,0,-1.1746031746031749,0,low,0.5,0,NA,NA,-15,-8.17869079619594,-8.288189827435776,7,0,1752,10,0.6630434782608695,0,0,0,1,1
R_67qZmjcKjsm5wu4,3,0,-0.22222222222222232,0,low,1,1,NA,NA,0,6.821309203804059,7.7843184295257295,5,-1,856,4,0.3804347826086957,0,0,0,0,0
R_5G6AF0K3To1mi9h,2,0,0.20634920634920606,1,mid,1,1,NA,NA,0,6.886601673294554,5.881228286710069,4,-1,1299,3,0.29347826086956524,0,0,0,0,0
R_5qvzKuJbtplf7nq,3,0,0.6031746031746037,1,high,0.2,0,NA,NA,-4,3.147771551256528,3.9467603667655324,4,0,1588,4,0.2608695652173913,0,0,0,0,0
R_5nCLN5au9Teqao9,1,0,-0.7777777777777777,0,low,1,1,NA,NA,0,6.886601673294554,6.7442985600121865,4,0,1457,7,0.45652173913043476,0,0,0,0,0
R_6dGc2clhkRn7mDA,2,0,0.5555555555555554,1,high,1,1,NA,NA,0,6.560139325842081,5.71878634947026,1,0.5,1820,3,0.2391304347826087,0,0,0,0,0
R_71ocvHWuEVVnnC8,1,0,-0.11111111111111072,0,low,0,0,NA,NA,-40,-33.30927573517693,-33.353166602331704,3,0,1727,4,0.2717391304347826,0,0,0,0,0
R_1QRSF2JBp1vwZTv,3,1,0.587301587301587,1,high,1,1,NA,NA,0,6.560139325842081,7.6543648797338815,5,0,1093,4,0.30434782608695654,0,0,0,0,0
R_5uIl7NKMYprfL9c,1,0,0.5158730158730158,1,high,0.3333333333333333,0,NA,NA,-10,-2.98281338772446,-3.1907246650918935,1,-1,1212,4,0.532608695652174,0,0,0,0,0
R_5S2zuXAs6fXln1U,2,0,0,0,mid,1,1,NA,NA,0,6.560139325842081,5.71878634947026,6,0,1317,17,0.43478260869565216,0,0,0,1,1
R_565XigVevuciR22,2,1,0.4761904761904763,1,high,0.8,0,NA,NA,-10,-3.439860674157917,-4.281213650529738,1,0,1041,6,0.2717391304347826,0,0,0,0,0
R_6MizoSdlmUtLUnY,3,1,-0.1031746031746037,0,low,1,1,NA,NA,0,6.560139325842081,7.6543648797338815,2,0.5,2253,4,0.20652173913043478,0,0,0,0,0
R_6tioiTtdLvORS9M,1,0,-0.01587301587301493,0,mid,0.1,0,NA,NA,-18,-11.048105857214951,-11.223213052539851,3,1,2176,3,0.21739130434782608,0,0,0,0,0
R_5v6T2aemLcoxbso,2,0,0.7142857142857144,1,high,0.9,0,NA,NA,-2,4.951894142785049,3.9137166741580303,1,-1,1479,4,0.31521739130434784,0,0,0,0,0
R_5HjIjZMAzzKgVoe,3,0,0.46031746031746046,1,high,0.4,0,NA,NA,-15,-8.113398326705447,-7.1831931830263125,2,0,1198,5,0.2391304347826087,0,0,0,0,0
R_61iHWjQ3nQj9APO,1,1,1.166666666666667,1,high,1,1,NA,NA,0,6.821309203804059,6.711810172564225,5,1,2003,11,0.391304347826087,0,0,0,1,1
R_6idhV6rxs3mnfLH,3,1,-1.2857142857142856,0,low,0.7368421052631579,0,NA,NA,-10,-3.283158747380732,-2.2676629903910115,4,0,2454,9,0.358695652173913,0,0,0,0,0
R_7K0WB5uwKL4WxH0,3,1,-0.5555555555555562,0,low,1,1,NA,NA,0,6.560139325842081,7.6543648797338815,3,0,1657,3,0.18478260869565216,0,0,0,0,0
R_6ocG8ornl9by6dk,2,0,0.3015873015873005,1,mid,0.047619047619047616,0,NA,NA,-20,-13.06116435111305,-14.092781003331561,6,0,1347,8,0.42391304347826086,0,0,0,0,0
R_3X3yCHzRkg1oPkt,1,0,0.5555555555555562,1,high,0.8,0,NA,NA,-5,1.8866016732945545,1.7442985600121867,2,-0.5,1435,4,0.22826086956521738,0,0,0,0,0
R_7limTmQjLHUOrm1,1,0,0.3809523809523814,1,mid,1,1,NA,NA,0,6.560139325842081,6.581856622772377,4,0,1218,6,0.2391304347826087,0,0,0,0,0
R_3naUfmUnxWhDLLr,1,0,-0.2142857142857144,0,low,1,1,NA,NA,0,6.560139325842081,6.581856622772377,6,-0.5,1502,9,0.31521739130434784,0,0,0,0,0
R_3XpOMbsjzjEvRq9,3,0,-0.26190476190476186,0,low,0.6,0,NA,NA,-10,-3.1133983267054455,-2.18319318302631,2,0,1948,5,0.25,0,0,0,0,0
R_53ygWbybMq14fQ2,2,1,0,0,mid,1,1,NA,NA,0,6.742958240415465,5.809753834324553,5,1,1358,5,0.2391304347826087,0,0,0,0,0
R_7U7h83Gs4v57Jvz,2,0,0.04761904761904745,0,mid,0.3333333333333333,0,NA,NA,-20,-13.17869079619594,-14.151260100737893,2,0,1516,9,0.391304347826087,0,0,0,0,0
R_3v24CYawpcx7NXT,1,0,-0.23809523809523814,0,low,0.65,0,NA,NA,-7,-0.048105857214951246,-0.22321305253985205,4,-0.5,1164,5,0.31521739130434784,0,0,0,0,0
R_7Au6x8O5O5uWBax,3,1,0.16666666666666696,1,mid,1,1,NA,NA,0,6.560139325842081,7.6543648797338815,1,1,1218,8,0.4891304347826087,0,0,0,0,0
R_61HhcTwtJPrqKLM,2,0,0.04761904761904745,0,mid,1,1,NA,NA,0,6.560139325842081,5.71878634947026,6,0,755,6,0.5217391304347826,0,0,0,0,0
R_1KCWmimeNIGEeGd,1,0,-0.7142857142857144,0,low,1,1,NA,NA,0,6.560139325842081,6.581856622772377,2,1,1229,8,0.2391304347826087,0,0,0,0,0
R_3rAPTtRV1tuQG9a,2,1,-0.45238095238095255,0,low,1.6666666666666667,1,NA,NA,20,26.82130920380406,25.848739899262103,7,-1,2679,5,0.2826086956521739,0,0,0,0,0
R_31bHZhSz3OMX69z,2,0,3.095238095238096,1,high,1,1,NA,NA,0,6.560139325842081,5.71878634947026,7,1,832,8,0.40217391304347827,0,0,0,0,0
R_5ensvNeOvJGCaor,3,0,0.8730158730158726,1,high,1,1,NA,NA,0,6.951894142785049,7.849295204421653,3,-1,1995,3,0.20652173913043478,0,0,0,0,0
R_7kWw0D8zLpcxzG1,2,0,0.7063492063492065,1,high,1,1,NA,NA,0,6.560139325842081,5.71878634947026,2,1,1039,3,0.2826086956521739,0,0,0,0,0
R_3NaLPi7HgTOgaOd,3,0,0.3888888888888893,1,mid,0.23809523809523808,0,NA,NA,-16,-9.06116435111305,-8.157202473067942,5,-1,1170,3,0.25,0,0,0,0,0
R_6FNi7KJnyXOhfFL,1,0,0.04761904761904745,0,mid,1,1,NA,NA,0,6.560139325842081,6.581856622772377,2,0,2246,3,0.22826086956521738,0,0,0,0,0
R_6uUKPhYN0LZBs5E,1,0,0.1904761904761898,1,mid,0.45,0,NA,NA,-11,-4.048105857214953,-4.223213052539854,3,0,1403,5,0.20652173913043478,0,0,0,0,0
R_12r4VcEo4vZc92g,3,1,0.5793650793650791,1,high,1.25,1,NA,NA,5,11.951894142785049,12.849295204421653,3,0.5,1922,4,0.2391304347826087,0,0,0,0,0
R_1Nb8kDeukNVUKDQ,2,0,0.13492063492063444,0,mid,0.28,0,NA,NA,-18,-11.113398326705447,-12.118771713289933,4,-0.5,1630,4,0.21739130434782608,0,0,0,0,0
R_1fWOceWujGcWFix,1,1,1.3571428571428568,1,high,1,1,NA,NA,0,6.690724264823071,6.646833397668302,6,1,1771,5,0.31521739130434784,0,0,0,0,0
R_3Hnvfm1pUTJYH9V,3,0,-1.8730158730158721,0,low,0,0,NA,NA,-35,-28.24398326568644,-27.248169957922237,2,-0.5,2062,3,0.20652173913043478,0,0,0,0,0
R_1dGpJ5m7oL0Kywp,3,1,-0.48412698412698507,0,low,1,1,NA,NA,0,6.560139325842081,7.6543648797338815,5,0.5,1489,4,0.21739130434782608,0,0,0,0,0
R_1atRfPEuM2DkCuC,1,1,0.6746031746031749,1,high,0.6,0,NA,NA,-10,-3.1133983267054455,-3.255701439987814,1,1,1103,6,0.29347826086956524,0,0,0,0,0
R_7uyrUrvHnFjSo8L,2,0,-0.5238095238095237,0,low,1,1,NA,NA,0,6.560139325842081,5.71878634947026,4,0,2249,6,0.45652173913043476,0,0,0,0,0
R_6DzENrZoA6e6V6h,3,0,0.16666666666666696,1,mid,1,1,NA,NA,0,6.821309203804059,7.7843184295257295,7,1,2185,12,0.4673913043478261,0,0,0,1,1
R_7k2p7DvjeJpcUqg,1,0,0.07936507936507908,0,mid,1.1666666666666667,1,NA,NA,5,11.821309203804061,11.711810172564226,5,-1,916,4,0.25,0,0,0,0,0
R_5EZ3T9VN0TGIq9R,2,0,0.4920634920634921,1,high,1,1,NA,NA,0,6.821309203804059,5.848739899262108,5,1,1976,4,0.29347826086956524,0,0,0,0,0
R_6QCBAwd8KZnQjn3,3,0,0.8492063492063497,1,high,0.3333333333333333,0,NA,NA,-10,-2.98281338772446,-2.11821640813039,6,0,1614,4,0.2826086956521739,0,0,0,0,0
R_5Kvt1o4t5p8M82t,1,1,0.7222222222222223,1,high,1,1,NA,NA,0,6.560139325842081,6.581856622772377,3,1,1205,4,0.2717391304347826,0,0,0,0,0
R_1qWKXO7xBM1eVd7,2,1,-0.1031746031746037,0,low,1,1,NA,NA,0,6.560139325842081,5.71878634947026,2,1,1391,5,0.4782608695652174,0,0,0,0,0
R_6f0yF2PuF0XVMFn,2,1,0.9523809523809526,1,high,1,1,NA,NA,0,6.560139325842081,5.71878634947026,5,1,936,6,0.5217391304347826,0,0,0,0,0
R_1UJ6DEVe3yHxXHj,1,1,0.8650793650793656,1,high,0.6666666666666666,0,NA,NA,-10,-3.1786907961959407,-3.2881898274357764,4,0.5,1574,5,0.30434782608695654,0,0,0,0,0
R_5lGMX7EtP2qITB4,1,0,0.6984126984126995,1,high,1,1,NA,NA,0,6.560139325842081,6.581856622772377,4,0,1412,4,0.2826086956521739,0,0,0,0,0
R_16btGHwAUJGL0L3,1,0,0.1825396825396819,1,mid,0.5,0,NA,NA,-25,-18.439860674157917,-18.418143377227622,4,0,5397,3,0.20652173913043478,0,0,1,0,1
R_5aXO6P8XpxXwDQn,3,1,0.16666666666666696,1,mid,0.967741935483871,0,NA,NA,-1,5.808250709905961,6.7778207520361375,7,1,701,13,0.3804347826086957,0,0,0,1,1
R_52QB5QmNmhemUUa,2,1,0.24603174603174605,1,mid,1,1,NA,NA,0,6.690724264823071,5.783763124366184,1,-0.5,1129,4,0.21739130434782608,0,0,0,0,0
R_3CJComq7UKvKaWm,3,0,0.9206349206349209,1,high,1,1,NA,NA,0,6.821309203804059,7.7843184295257295,2,0.5,915,5,0.30434782608695654,0,0,0,0,0
R_5uVyNZ4Qa5qmUcI,2,1,-0.3888888888888893,0,low,0.4,0,NA,NA,-30,-23.439860674157913,-24.281213650529736,4,-0.5,1334,4,0.29347826086956524,0,0,0,0,0
R_1d5AjpxB7Q8XDax,1,0,-1.3650793650793651,0,low,0.6666666666666666,0,NA,NA,-5,2.01718661227554,1.8092753349081068,2,-0.5,1550,4,0.2391304347826087,0,0,0,0,0
R_3PSkTv5FhcHENfp,2,1,0.1031746031746037,0,mid,0.8333333333333334,0,NA,NA,-5,1.8213092038040588,0.8487398992621065,4,0,1786,3,0.2391304347826087,0,0,0,0,0
R_5oLzFT60wzc7WMJ,3,1,1,1,high,0.5,0,NA,NA,-25,-18.439860674157917,-17.34563512026612,7,0,1251,12,0.2608695652173913,0,0,0,1,1
R_6PLX4ke4JqxtlUr,2,0,0.16666666666666696,1,mid,1,1,NA,NA,0,6.560139325842081,5.71878634947026,1,0.5,942,12,0.4891304347826087,0,0,0,1,1
R_6Lp7bNYga1K90n7,1,1,0.5476190476190474,1,high,0.21621621621621623,0,NA,NA,-29,-22.27010025348263,-22.333673569862928,2,1,2842,5,0.2608695652173913,0,0,0,0,0
R_7DSGu1ESRGQmzTA,3,0,-0.9841269841269851,0,low,1,1,NA,NA,0,6.560139325842081,7.6543648797338815,1,0.5,1492,5,0.1956521739130435,0,0,0,0,0
R_1DqDzhcwUrpOwpq,3,0,0.08730158730158699,0,mid,1,1,NA,NA,0,6.560139325842081,7.6543648797338815,7,1,1436,3,0.33695652173913043,0,0,0,0,0
R_5us736tYOJXuMOv,1,1,0.16666666666666696,1,mid,1,1,NA,NA,0,6.886601673294554,6.7442985600121865,6,0.5,1120,4,0.22826086956521738,0,0,0,0,0
R_3fQ8WFc9iH62SIP,1,0,0.3809523809523814,1,mid,0.8333333333333334,0,NA,NA,-5,1.8213092038040588,1.7118101725642234,6,-1,945,5,0.21739130434782608,0,0,0,0,0
R_7sskP28WVjhoiip,2,0,0.7222222222222219,1,high,0.75,0,NA,NA,-5,1.951894142785049,0.9137166741580314,1,-0.5,907,3,0.2826086956521739,0,0,0,0,0
R_3WnGMZya8KmqNFf,2,0,-0.25396825396825395,0,low,0.4,0,NA,NA,-15,-8.113398326705447,-9.118771713289933,2,0,1868,4,0.2826086956521739,0,0,0,0,0
R_38FzpcMS6AZ6l2a,3,0,0.19841269841269904,1,mid,0.4,0,NA,NA,-30,-23.439860674157913,-22.345635120266117,2,-0.5,782,3,0.20652173913043478,0,0,0,0,0
R_6JarKZqrzf5Cg58,1,0,0.23809523809523814,1,mid,0.6666666666666666,0,NA,NA,-10,-3.1786907961959407,-3.2881898274357764,1,0,1235,4,0.29347826086956524,0,0,0,0,0
R_1ohxtdEtuQCxdLz,1,1,0.32539682539682513,1,mid,0.25,0,NA,NA,-30,-23.309275735176932,-23.353166602331704,2,0,1170,4,0.29347826086956524,0,0,0,0,0
R_7r3b0XAzfMgTV05,3,0,0,0,mid,0.6,0,NA,NA,-10,-3.1133983267054455,-2.18319318302631,2,0,2787,17,0.6521739130434783,0,0,0,1,1
R_72tNbmL3KeQNd3o,3,1,0.6904761904761898,1,high,1,1,NA,NA,0,6.560139325842081,7.6543648797338815,2,0,1431,6,0.44565217391304346,0,0,0,0,0
R_7N1VonQuusM4GHA,1,1,-0.2857142857142856,0,low,1,1,NA,NA,0,6.560139325842081,6.581856622772377,7,1,1602,3,0.2826086956521739,0,0,0,0,0
R_5qymPmby3UW8KsA,3,0,-0.912698412698413,0,low,1,1,NA,NA,0,6.560139325842081,7.6543648797338815,4,0,893,5,0.21739130434782608,0,0,0,0,0
R_7GizpHeW1k7J0QN,1,0,-0.15079365079365115,0,low,1,1,NA,NA,0,6.560139325842081,6.581856622772377,1,1,1169,3,0.20652173913043478,0,0,0,0,0
R_3wuJ6M7nzwJm3el,2,0,-0.023809523809523725,0,mid,0.4166666666666667,0,NA,NA,-7,0.05636209396983672,-1.0343019059252336,1,-0.5,1854,4,0.31521739130434784,0,0,0,0,0
R_1CBDF1734B699cz,2,1,2.166666666666667,1,high,0,0,NA,NA,-25,-18.113398326705447,-19.11877171328993,5,1,2880,10,0.45652173913043476,0,0,0,1,1
R_5kz9n0XjyQS4qBh,3,1,0.1825396825396819,1,mid,1,1,NA,NA,0,6.821309203804059,7.7843184295257295,6,0.5,1515,4,0.41304347826086957,0,0,0,0,0
R_5TG1eqOm0lD26sb,1,1,-0.2857142857142856,0,low,1,1,NA,NA,0,6.560139325842081,6.581856622772377,3,1,1348,8,0.2608695652173913,0,0,0,0,0
R_7DMkXM9PgYboduG,2,0,0.5476190476190474,1,high,1,1,NA,NA,0,6.821309203804059,5.848739899262108,7,-0.5,1952,6,0.41304347826086957,0,0,0,0,0
R_11bTHYUX2tFnn86,2,0,-0.24603174603174605,0,low,1,1,NA,NA,0,6.560139325842081,5.71878634947026,4,0,1532,3,0.20652173913043478,0,0,0,0,0
R_1hExR7HfPLEXkYC,2,0,-0.19841269841269948,0,low,0.6666666666666666,0,NA,NA,-5,2.01718661227554,0.9462050616059892,6,-0.5,1296,4,0.1956521739130435,0,0,0,0,0
R_5o7vqNG0ZYW2zzX,3,1,0,0,mid,0.4,0,NA,NA,-30,-23.439860674157913,-22.345635120266117,7,-1,1588,17,0.717391304347826,0,0,0,1,1
R_50OuekYYaRebGH8,3,0,-0.5396825396825391,0,low,1.2962962962962963,1,NA,NA,8,14.860484685498356,15.803811461994504,3,-0.5,1768,7,0.3804347826086957,0,0,0,0,0
R_7zBZ5odq3la9HQx,1,0,-3.2222222222222223,0,low,0.25,0,NA,NA,-15,-8.048105857214953,-8.223213052539855,1,-0.5,2106,4,0.2717391304347826,0,0,0,0,0
R_114ML5JdbJ2QVeF,2,0,0.6031746031746037,1,high,1.2,1,NA,NA,6,12.821309203804061,11.848739899262108,6,0,1444,3,0.30434782608695654,0,0,0,0,0
R_5CVFjso5LYWmYvm,2,1,0.14285714285714324,1,mid,1,1,NA,NA,0,6.560139325842081,5.71878634947026,7,1,1495,8,0.5108695652173914,0,0,0,0,0
R_1nSXSF69Fj6A6Aq,3,0,0.587301587301587,1,high,0.6,0,NA,NA,-10,-3.1133983267054455,-2.18319318302631,6,0,1112,8,0.44565217391304346,0,0,0,0,0
R_3qh3BOBeX0lzN1R,2,1,0,0,mid,1,1,NA,NA,0,6.560139325842081,5.71878634947026,3,0.5,1021,35,0.75,0,0,0,1,1
R_5bIw43ZaxillTKZ,1,0,0.8571428571428568,1,high,0.25,0,NA,NA,-15,-8.048105857214953,-8.223213052539855,2,-0.5,739,5,0.2717391304347826,0,0,0,0,0
R_3sQDnAouU61EywV,1,0,0.833333333333333,1,high,1,1,NA,NA,0,6.821309203804059,6.711810172564225,4,0,2423,13,0.5652173913043478,0,0,0,1,1
R_7YzeN2wLvpp9DGo,3,0,-1.2142857142857144,0,low,0.5,0,NA,NA,-25,-18.439860674157917,-17.34563512026612,1,0,1199,3,0.29347826086956524,0,0,0,0,0
R_1elBrxH5CATanhl,1,0,-0.2142857142857144,0,low,1,1,NA,NA,0,7.017186612275542,6.809275334908108,2,0,1240,8,0.31521739130434784,0,0,0,0,0
R_7cyWggWHN0Rb6A9,1,0,1.9047619047619049,1,high,0.06666666666666667,0,NA,NA,-28,-21.17869079619594,-21.28818982743578,2,-0.5,969,3,0.33695652173913043,0,0,0,0,0
R_7szTXv2SUH8tQsd,2,1,0.1031746031746037,0,mid,1,1,NA,NA,0,6.873543179396455,5.874730609220476,7,1,796,3,0.45652173913043476,0,0,0,0,0
R_6s4lx4aXT7fJKqq,3,0,-0.8571428571428568,0,low,0.72,0,NA,NA,-14,-7.439860674157917,-6.345635120266117,6,0,1733,9,0.358695652173913,0,0,0,0,0
R_5mvZzmluHVTnTJS,1,0,-2.1269841269841265,0,low,1,1,NA,NA,0,6.560139325842081,6.581856622772377,7,0,1805,6,0.3804347826086957,0,0,0,0,0
R_5VkD1aNxz8bGvyV,1,0,-0.26984126984127066,0,low,1.2962962962962963,1,NA,NA,8,14.860484685498356,14.731303205033,7,0,421,8,0.6086956521739131,1,1,0,0,1
R_1rPmxuvJ1y1UF5P,2,0,0.8809523809523814,1,high,0.8333333333333334,0,NA,NA,-5,1.8213092038040588,0.8487398992621065,5,1,1080,4,0.1956521739130435,0,0,0,0,0
R_7VnzoyFBzCt7RYt,1,1,0.6269841269841274,1,high,1,1,NA,NA,0,6.821309203804059,6.711810172564225,3,0.5,1406,4,0.22826086956521738,0,0,0,0,0
R_7OoAaKhH6siQJ8f,2,0,0.34126984126984183,1,mid,0.8,0,NA,NA,-10,-3.439860674157917,-4.281213650529738,5,-0.5,1264,4,0.31521739130434784,0,0,0,0,0
R_1V1qzro86tDc7yh,3,0,0.16666666666666696,1,mid,0.8,0,NA,NA,-10,-3.439860674157917,-2.3456351202661176,4,1,2363,13,0.25,0,0,0,1,1
R_7dzVN2ipz7eHW44,2,0,1.7142857142857144,1,high,1,1,NA,NA,0,6.560139325842081,5.71878634947026,6,0.5,1867,7,0.358695652173913,0,0,0,0,0
R_1PaxR7Y1d3nn1Hb,3,0,0,0,mid,0.4583333333333333,0,NA,NA,-13,-6.100339832807349,-5.17669550553672,7,0.5,1347,17,0.5434782608695652,0,0,0,1,1
R_6cAvIrZRQxEU46o,2,0,-0.8095238095238098,0,low,1,1,NA,NA,0,6.886601673294554,5.881228286710069,5,0,1365,6,0.3695652173913043,0,0,0,0,0
R_1OlhLI5FbUiqblQ,3,0,-0.6349206349206344,0,low,1,1,NA,NA,0,6.690724264823071,7.719341654629805,3,-0.5,887,3,0.2608695652173913,0,0,0,0,0
R_6SGP8WVAD6WrQQo,1,1,0.055555555555556246,0,mid,0.21739130434782608,0,NA,NA,-18,-11.087281338909248,-11.242706085008631,7,0,1322,3,0.32608695652173914,0,0,0,0,0
R_71MyZrEzivNKIr4,2,0,-0.023809523809523725,0,mid,1,1,NA,NA,0,6.560139325842081,5.71878634947026,5,1,1015,7,0.2826086956521739,0,0,0,0,0
R_1gXZKv9bHLM1Qum,1,1,-0.09523809523809579,0,low,0.5357142857142857,0,NA,NA,-13,-6.152573808399742,-6.27519447245659,6,1,1715,6,0.2391304347826087,0,0,0,0,0
R_7rY6HTyjtVhS0LL,1,0,-0.6984126984126995,0,low,0.42857142857142855,0,NA,NA,-20,-13.243983265686435,-13.320678214883738,3,-0.5,1836,5,0.2717391304347826,0,0,0,0,0
R_5WQgt2WrBXH0cq5,3,0,-0.1904761904761898,0,low,0.40816326530612246,0,NA,NA,-29,-22.42680218025982,-21.33913744277653,5,0,2490,3,0.34782608695652173,0,0,0,0,0
R_5k3VAJGc4vqxeYp,2,0,0,0,mid,0.5,0,NA,NA,-15,-8.17869079619594,-9.151260100737892,7,0,1410,19,0.42391304347826086,0,0,0,1,1
R_5zPfXdsoIriZYnn,1,0,-0.32539682539682513,0,low,0.8333333333333334,0,NA,NA,-5,1.8213092038040588,1.7118101725642234,7,-1,1637,3,0.40217391304347827,0,0,0,0,0
R_6B2pcb29TPmlDYo,2,0,-1.2857142857142856,0,low,1.6666666666666667,1,NA,NA,20,26.82130920380406,25.848739899262103,5,-1,962,6,0.45652173913043476,0,0,0,0,0
R_3rIjVOPBevZQwya,2,0,-0.007936507936507908,0,mid,0.7,0,NA,NA,-15,-8.439860674157917,-9.281213650529738,7,0,799,5,0.2717391304347826,0,0,0,0,0
R_3S2i1upJgyk6uR5,3,0,0.6190476190476186,1,high,0.7142857142857143,0,NA,NA,-10,-3.2439832656864356,-2.2481699579222347,6,-1,1968,8,0.22826086956521738,0,0,0,0,0
R_6Wi9vJZFy9ehwVb,3,0,1.2142857142857144,1,high,0.75,0,NA,NA,-10,-3.3092757351769295,-2.2806583453701954,4,0,929,6,0.21739130434782608,0,0,0,0,0
R_68UujY4ueGBgwfT,3,0,0.6190476190476186,1,high,1,1,NA,NA,0,6.560139325842081,7.6543648797338815,1,1,1928,5,0.2826086956521739,0,0,0,0,0
R_6nemj119xDn7kLj,1,1,0,0,mid,0.6,0,NA,NA,-10,-3.1133983267054455,-3.255701439987814,6,0,1537,17,0.32608695652173914,0,0,0,1,1
R_3Gv4fri9xdxjCi5,3,0,0.25396825396825395,1,mid,1,1,NA,NA,0,7.095537575664136,7.920769656807169,4,-1,1371,3,0.2608695652173913,0,0,0,0,0
R_6kvpPvpDt4ZBqow,1,0,0.5476190476190474,1,high,0.8863636363636364,0,NA,NA,-5,1.6384902892306754,1.620842687709932,6,-1,1199,9,0.33695652173913043,0,0,0,0,0
R_6qPVMhvPdgKzFv5,2,0,0.4285714285714288,1,high,1,1,NA,NA,0,6.560139325842081,5.71878634947026,7,1,1223,4,0.18478260869565216,0,0,0,0,0
R_5m1Mt5YAfTNizcp,2,0,0.32539682539682513,1,mid,0.52,0,NA,NA,-24,-17.439860674157917,-18.28121365052974,3,0.5,823,6,0.41304347826086957,0,0,0,0,0
R_1MRn0qrwM2KZ18N,3,0,0.753968253968254,1,high,1,1,NA,NA,0,6.560139325842081,7.6543648797338815,6,1,10394,3,0.25,0,0,1,0,1
R_59kNMoHglufHIUV,1,0,0.6984126984126995,1,high,0.8,0,NA,NA,-5,1.8866016732945545,1.7442985600121867,6,0,1637,7,0.5543478260869565,0,0,0,0,0
R_5qXgRGigVCWWUKZ,3,0,-0.6746031746031749,0,low,0.3333333333333333,0,NA,NA,-20,-13.17869079619594,-12.21568157047427,4,-0.5,1057,3,0.25,0,0,0,0,0
R_3l5oI7jIrIFspGh,1,0,-1.0238095238095237,0,low,0.2,0,NA,NA,-8,-0.9175209182339645,-1.1582362776439306,1,-1,694,5,0.41304347826086957,0,0,0,0,0
R_1qCdq6QkBglvXvW,2,0,0.5714285714285712,1,high,0.8571428571428571,0,NA,NA,-5,1.7560167343135649,0.8162515118141451,7,1,2493,6,0.2826086956521739,0,0,0,0,0
R_5MPS1bDbucGiXhy,3,0,0.23015873015872934,1,mid,1,1,NA,NA,0,6.951894142785049,7.849295204421653,5,0.5,1676,3,0.2391304347826087,0,0,0,0,0
R_4C9fl8kcQr8YBjA,1,0,0.2777777777777777,1,mid,0.5,0,NA,NA,-10,-3.048105857214953,-3.223213052539854,2,0.5,1712,8,0.32608695652173914,0,0,0,0,0
R_7P0jTFM2pSJ0t8g,2,0,0,0,mid,1,1,NA,NA,0,6.560139325842081,5.71878634947026,7,0,1265,4,0.31521739130434784,0,0,0,0,0
R_6ilssWAIPWGNVCR,3,1,0,0,mid,0.4,0,NA,NA,-15,-8.113398326705447,-7.1831931830263125,4,0,783,17,0.4673913043478261,0,0,0,1,1
R_1C5usWrTTTwbLQR,2,0,-0.32539682539682513,0,low,1,1,NA,NA,0,6.821309203804059,5.848739899262108,3,-1,868,3,0.22826086956521738,0,0,0,0,0
R_5cSoriTI76K8OOU,1,0,0.23809523809523814,1,mid,1,1,NA,NA,0,6.560139325842081,6.581856622772377,6,0,706,4,0.2826086956521739,0,0,0,0,0
R_55Pnqdmue1bJFlL,1,0,0.3968253968253963,1,mid,0.7142857142857143,0,NA,NA,-6,0.9388356488869507,0.7702892699705566,6,0,1748,7,0.5543478260869565,0,0,0,0,0
R_3Do90oZmkPYPKRA,2,0,-0.1825396825396819,0,low,1,1,NA,NA,0,6.690724264823071,5.783763124366184,4,1,1541,3,0.2717391304347826,0,0,0,0,0
R_1i4XUYAUK5opFAy,2,1,0.833333333333333,1,high,1,1,NA,NA,0,6.560139325842081,5.71878634947026,7,0,2239,12,0.5869565217391305,0,0,0,1,1
R_3EtJIxDCM6MxB7j,1,1,0.3174603174603181,1,mid,1,1,NA,NA,0,6.560139325842081,6.581856622772377,7,1,1040,4,0.2717391304347826,0,0,0,0,0
R_3MQF9AJxg8UkmAX,3,0,-0.23809523809523814,0,low,0.625,0,NA,NA,-15,-8.309275735176929,-7.2806583453701945,1,-0.5,1715,6,0.1956521739130435,0,0,0,0,0
R_3Z6uK8BjifPJxSh,3,0,-0.33333333333333304,0,low,1,1,NA,NA,0,6.560139325842081,7.6543648797338815,2,1,934,7,0.2826086956521739,0,0,0,0,0
R_6aB9ePxc45dkM5b,2,1,0.3809523809523814,1,mid,1,1,NA,NA,0,6.560139325842081,5.71878634947026,6,1,1579,6,0.3804347826086957,0,0,0,0,0
R_62X2PmlrmAiUNDO,3,1,1.9761904761904763,1,high,1,1,NA,NA,0,6.560139325842081,7.6543648797338815,6,0.5,2029,6,0.2826086956521739,0,0,0,0,0
R_6q3Ek5AeDqzlnhW,1,1,0.23809523809523814,1,mid,1,1,NA,NA,0,6.951894142785049,6.776786947460148,2,0.5,1002,3,0.20652173913043478,0,0,0,0,0
R_7EGPIF4UCV5BM2p,1,1,-0.03174603174603252,0,mid,1,1,NA,NA,0,6.560139325842081,6.581856622772377,6,1,5550,6,0.3804347826086957,0,0,1,0,1
R_5rCyRZZRnnWlgQw,1,1,0.4285714285714288,1,high,0.6666666666666666,0,NA,NA,-10,-3.1786907961959407,-3.2881898274357764,3,0.5,1203,4,0.32608695652173914,0,0,0,0,0
R_5ogf8jZrZENb0xr,2,0,0.3095238095238102,1,mid,1,1,NA,NA,0,6.886601673294554,5.881228286710069,6,0,1525,7,0.3695652173913043,0,0,0,0,0
R_6fOeuVAXyfUZiPU,2,0,-0.5634920634920633,0,low,0.275,0,NA,NA,-29,-22.309275735176932,-23.216236875633818,4,0,1453,4,0.3695652173913043,0,0,0,0,0
R_5zATEitFMEk9XqJ,1,0,0,0,mid,0.52,0,NA,NA,-24,-17.439860674157917,-17.418143377227622,4,0,1524,17,0.2391304347826087,0,0,0,1,1
R_6feoyOzFHT9Tfnx,2,0,0.04761904761904745,0,mid,1.2,1,NA,NA,5,11.886601673294555,10.88122828671007,5,0,738,4,0.41304347826086957,0,0,0,0,0
R_6PT3R98dE3EYQRH,2,1,0,0,mid,1,1,NA,NA,0,6.560139325842081,5.71878634947026,7,1,2381,16,0.32608695652173914,0,0,0,1,1
R_6dMTRLuQDfjk946,3,1,-0.44444444444444375,0,low,0.7142857142857143,0,NA,NA,-10,-3.2439832656864356,-2.2481699579222347,5,1,1447,8,0.3804347826086957,0,0,0,0,0
R_1QcKiERrO59xNAK,3,0,0.666666666666667,1,high,0.6,0,NA,NA,-10,-3.1133983267054455,-2.18319318302631,3,0,1378,12,0.2391304347826087,0,0,0,1,1
R_3ErSCcHmhyPfuTf,1,1,-0.17460317460317487,0,low,0.16666666666666666,0,NA,NA,-25,-18.17869079619594,-18.28818982743578,6,1,1422,8,0.3695652173913043,0,0,0,0,0
R_6nOXsWwTV8T7lWV,3,0,1.2936507936507935,1,high,0.6,0,NA,NA,-10,-3.1133983267054455,-2.18319318302631,2,0,3082,6,0.40217391304347827,0,0,0,0,0
R_31vbwzH1TUVxeER,2,1,0.25396825396825395,1,mid,1,1,NA,NA,0,6.886601673294554,5.881228286710069,4,-1,1746,7,0.29347826086956524,0,0,0,0,0
R_7bDZ4PX1FHQ1uDf,1,1,0.6507936507936511,1,high,1,1,NA,NA,0,6.886601673294554,6.7442985600121865,3,-1,1354,7,0.3695652173913043,0,0,0,0,0
R_54pyoRydG8fXfK2,1,0,-0.5079365079365079,0,low,0,0,NA,NA,-25,-18.113398326705447,-18.255701439987813,4,0,855,5,0.32608695652173914,0,0,0,0,0
R_7dfKmGRfdVBq5MG,2,0,0.2142857142857144,1,mid,0.42857142857142855,0,NA,NA,-20,-13.243983265686435,-14.183748488185856,5,-0.5,1550,6,0.2826086956521739,0,0,0,0,0
R_5GwdGLICuhFF463,3,0,0.11904761904761862,0,mid,0.8333333333333334,0,NA,NA,-5,1.8213092038040588,2.7843184295257273,4,0,1160,7,0.6086956521739131,0,0,0,0,0
R_54ylM8iTc47zFrb,3,0,0.3015873015873005,1,mid,0.8571428571428571,0,NA,NA,-4,2.8474261916002575,3.797313784504913,4,0,2018,6,0.22826086956521738,0,0,0,0,0
R_52xWXWTjvVDpvfV,1,1,1.1587301587301582,1,high,0.75,0,NA,NA,-10,-3.3092757351769295,-3.353166602331699,3,0,1138,5,0.30434782608695654,0,0,0,0,0
R_18FX1HGQzon6rR6,3,0,0.16666666666666696,1,mid,1.2,1,NA,NA,5,11.886601673294555,12.816806816973694,7,1,1547,13,0.5978260869565217,0,0,0,1,1
R_7bJDT2aFHKjSNb3,2,0,-0.1825396825396819,0,low,0.6666666666666666,0,NA,NA,-5,2.01718661227554,0.9462050616059892,1,-1,970,5,0.2717391304347826,0,0,0,0,0
R_6q4UflCSgmvaEBr,2,0,0.8968253968253963,1,high,0.5,0,NA,NA,-25,-18.439860674157917,-19.28121365052974,6,1,1030,5,0.391304347826087,0,0,0,0,0
R_6n8H0By07CiVpXx,3,0,0.5555555555555554,1,high,0.4,0,NA,NA,-15,-8.113398326705447,-7.1831931830263125,1,-1,946,4,0.41304347826086957,0,0,0,0,0
R_3qdGETEsOLugqWL,1,0,0.45238095238095255,1,high,0.42857142857142855,0,NA,NA,-20,-13.243983265686435,-13.320678214883738,6,-1,767,5,0.32608695652173914,0,0,0,0,0
R_6kIHKChnNPXb3cg,2,1,-0.23809523809523814,0,low,0.92,0,NA,NA,-4,2.5601393258420813,1.7187863494702602,5,0.5,1417,6,0.21739130434782608,0,0,0,0,0
R_5p3ATDmE4VkFOq1,1,1,0.09523809523809579,0,mid,1.2195121951219512,1,NA,NA,9,15.677665770924971,15.640335720178706,2,1,1555,6,0.43478260869565216,0,0,0,0,0
R_1CO3NBWDipYluLr,3,1,0.5952380952380958,1,high,1,1,NA,NA,0,6.690724264823071,7.719341654629805,6,-0.5,2170,3,0.391304347826087,0,0,0,0,0
R_5e9Nsx17T3hwBAc,3,0,0.04761904761904745,0,mid,0.6944444444444444,0,NA,NA,-11,-4.257041759584534,-3.254667635411827,4,0.5,1836,4,0.29347826086956524,0,0,0,0,0
R_1QVD3xI810fDGSw,2,0,0.5,1,high,1,1,NA,NA,0,6.9780111305812476,5.926712029137216,1,1,1085,12,0.33695652173913043,0,0,0,1,1
R_33VqCtsDEflnLeh,1,1,0.023809523809523725,0,mid,1,1,NA,NA,0,6.560139325842081,6.581856622772377,4,-1,1038,7,0.3695652173913043,0,0,0,0,0
R_1OW1nhkjpfnnB4k,3,0,-0.8492063492063493,0,low,0.75,0,NA,NA,-5,1.951894142785049,2.8492952044216517,4,-1,1357,3,0.2717391304347826,0,0,0,0,0
R_1TYWmhVwh5ZW17X,2,0,0.0952380952380949,0,mid,1,1,NA,NA,0,6.560139325842081,5.71878634947026,4,-0.5,1486,6,0.1956521739130435,0,0,0,0,0
R_7ZNwwXHRga40EbY,2,1,0,0,mid,1,1,NA,NA,0,6.560139325842081,5.71878634947026,7,1,1168,17,0.44565217391304346,0,0,0,1,1
R_5n8cmJOLbnM1SeM,1,1,-0.8253968253968251,0,low,0.5,0,NA,NA,-25,-18.439860674157917,-18.418143377227622,4,1,1732,4,0.34782608695652173,0,0,0,0,0
R_6BXZjCQplL9iX4W,1,0,0.45238095238095255,1,high,1,1,NA,NA,0,6.560139325842081,6.581856622772377,7,1,1053,3,0.32608695652173914,0,0,0,0,0
R_1LUuvyEoU61PN5q,3,1,-0.13492063492063444,0,low,1,1,NA,NA,0,6.560139325842081,7.6543648797338815,1,0,1247,7,0.31521739130434784,0,0,0,0,0
R_3L22hippk4tZ7r3,1,0,0.04761904761904745,0,mid,0,0,NA,NA,-15,-7.98281338772446,-8.190724665091894,3,-0.5,1189,5,0.2826086956521739,0,0,0,0,0
R_5uK6r8pWCE1qyHy,2,0,-0.4682539682539675,0,low,1,1,NA,NA,0,6.560139325842081,5.71878634947026,2,1,2321,4,0.2391304347826087,0,0,0,0,0
R_35Qtgmp6oy46Q7f,1,0,0.44444444444444464,1,high,0,0,NA,NA,-40,-33.30927573517693,-33.353166602331704,1,0,1747,3,0.2608695652173913,0,0,0,0,0
R_7DMnKJvbM1Nyxd4,2,1,0.5158730158730149,1,high,1.0222222222222221,1,NA,NA,1,7.625431795332575,6.751274736918219,2,0,1348,6,0.40217391304347827,0,0,0,0,0
R_5K76QI6UDF9ZsYp,3,0,-1.6428571428571428,0,low,1,1,NA,NA,0,7.147771551256529,7.946760366765533,2,-0.5,2530,4,0.358695652173913,0,0,0,0,0
R_6stCjDfYlkQVYKB,2,0,0.055555555555556246,0,mid,1,1,NA,NA,0,6.560139325842081,5.71878634947026,4,0,2136,5,0.34782608695652173,0,0,0,0,0
R_1JezlHsnsqgW8m1,3,0,-0.03174603174603252,0,mid,0.8,0,NA,NA,-5,1.8866016732945545,2.8168068169736897,2,0,1488,7,0.1956521739130435,0,0,0,0,0
R_3HoCwYcItTSeLqy,1,1,-0.13492063492063444,0,low,1,1,NA,NA,0,6.886601673294554,6.7442985600121865,3,-1,1317,3,0.18478260869565216,0,0,0,0,0
R_3n0H0fpRk03aNgQ,1,1,0,0,mid,1,1,NA,NA,0,6.560139325842081,6.581856622772377,6,-1,911,17,0.391304347826087,0,0,0,1,1
R_6uCK7th7IcsNk7m,2,1,1.666666666666667,1,high,1,1,NA,NA,0,6.560139325842081,5.71878634947026,4,0,1974,5,0.25,0,0,0,0,0
R_7CCkgIfb8i0oRCz,3,0,0.5238095238095237,1,high,0,0,NA,NA,-35,-28.24398326568644,-27.248169957922237,5,0.5,2378,6,0.2826086956521739,0,0,0,0,0
R_6ZBVUV5I9Q4c8CX,3,0,-0.06349206349206327,0,low,1,1,NA,NA,0,6.560139325842081,7.6543648797338815,5,1,1011,6,0.40217391304347827,0,0,0,0,0
R_6FhdpkxNzc7t5L6,2,1,1.1428571428571432,1,high,0.8,0,NA,NA,-10,-3.439860674157917,-4.281213650529738,4,-0.5,2801,3,0.32608695652173914,0,0,0,0,0
R_1uL5ebut6hhMeAN,3,1,0.15873015873015817,1,mid,1.25,1,NA,NA,5,11.951894142785049,12.849295204421653,6,0,674,7,0.6630434782608695,1,0,0,0,1
R_7Br22oylag6ZU8W,2,0,-0.34126984126984183,0,low,0.88,0,NA,NA,-3,3.886601673294554,2.881228286710069,4,-1,1010,3,0.2717391304347826,0,0,0,0,0
R_3anpRb3xn0S0kcK,1,1,0,0,mid,1,1,NA,NA,0,6.560139325842081,6.581856622772377,7,0,1989,17,0.33695652173913043,0,0,0,1,1
R_3XE3s6zHT1SqCCl,1,0,0.26984126984127066,1,mid,0.625,0,NA,NA,-15,-8.309275735176929,-8.353166602331699,4,1,1454,4,0.33695652173913043,0,0,0,0,0
R_58UKl9rvdikJPdD,2,0,-0.11111111111111072,0,low,1,1,NA,NA,0,6.560139325842081,5.71878634947026,6,1,1177,6,0.2717391304347826,0,0,0,0,0
R_5tDPm2n5qC9UQ7G,1,0,0.055555555555556246,0,mid,1,1,NA,NA,0,6.756016734313565,6.679321785116263,4,0,1173,4,0.22826086956521738,0,0,0,0,0
R_7ff55xkNgwe3SUc,2,0,-0.9761904761904763,0,low,0.5,0,NA,NA,-25,-18.439860674157917,-19.28121365052974,2,1,2257,3,0.25,0,0,0,0,0
R_61QrqpXya326LaF,2,0,0.5952380952380953,1,high,1,1,NA,NA,0,6.821309203804059,5.848739899262108,2,0,504,6,0.45652173913043476,1,0,0,0,1
R_6ElIGdEzy97JpBL,1,0,-0.5238095238095237,0,low,0.3,0,NA,NA,-7,0.08247908176603547,-0.15823627764393078,1,-0.5,1672,4,0.3804347826086957,0,0,0,0,0
R_5PtTLL00ffBeM3e,3,0,-0.0952380952380949,0,low,0.2,0,NA,NA,-4,3.147771551256528,3.9467603667655324,4,0,3066,5,0.5108695652173914,0,0,0,0,0
R_5CNGtVSXoshVP3v,1,0,-0.3095238095238102,0,low,1,1,NA,NA,0,6.560139325842081,6.581856622772377,4,0,1112,5,0.2826086956521739,0,0,0,0,0
R_6qdGNbIWWKD7YHf,3,0,-0.7142857142857144,0,low,1,1,NA,NA,0,6.560139325842081,7.6543648797338815,4,0.5,1038,10,0.391304347826087,0,0,0,1,1
R_1PTrEzATTHcJBWt,3,0,-0.33333333333333304,0,low,0.5,0,NA,NA,-25,-18.439860674157917,-17.34563512026612,5,0,2619,4,0.20652173913043478,0,0,0,0,0
R_1zqoep7qIRXlk3v,3,0,-0.24603174603174605,0,low,0.975609756097561,0,NA,NA,-1,5.677665770924971,6.712843977140212,5,0,567,3,0.34782608695652173,1,0,0,0,1
R_7q5gYI0z2rOIJqN,2,0,-0.5634920634920633,0,low,0.5714285714285714,0,NA,NA,-15,-8.243983265686435,-9.183748488185856,2,-0.5,1272,3,0.22826086956521738,0,0,0,0,0
R_3YigpUhq7LXi0N7,3,1,0.6269841269841274,1,high,1,1,NA,NA,0,6.821309203804059,7.7843184295257295,2,0,1089,6,0.2717391304347826,0,0,0,0,0
R_5q89XaqyBG95fQk,2,1,0.666666666666667,1,high,1,1,NA,NA,0,6.886601673294554,5.881228286710069,2,1,1132,7,0.2391304347826087,0,0,0,0,0
R_6SPsmRZboWfpGDf,1,0,-0.03968253968253954,0,low,0.7666666666666667,0,NA,NA,-7,-0.1786907961959405,-0.2881898274357757,1,0.5,1796,5,0.1956521739130435,0,0,0,0,0
R_3wc6rr7BxVqUwHE,3,0,-0.25396825396825395,0,low,1,1,NA,NA,0,6.821309203804059,7.7843184295257295,2,0,1526,5,0.358695652173913,0,0,0,0,0
R_5CBtyLKPVyvTH8l,1,1,-0.4047619047619042,0,low,1.1612903225806452,1,NA,NA,5,11.808250709905963,11.705312495074633,7,-1,2352,4,0.32608695652173914,0,0,0,0,0
R_1gp9Vsk8MYj15fZ,1,0,0.9523809523809526,1,high,1,1,NA,NA,0,6.560139325842081,6.581856622772377,4,1,943,6,0.358695652173913,0,0,0,0,0
R_57ZNiOHqzX9DvGN,2,1,0.5952380952380958,1,high,1,1,NA,NA,0,6.821309203804059,5.848739899262108,2,0,2410,5,0.22826086956521738,0,0,0,0,0
R_7BQU8RuHJjJCovj,2,0,-0.11904761904761907,0,low,0.45454545454545453,0,NA,NA,-12,-5.0742228450111515,-6.099278680821157,2,-1,633,7,0.3695652173913043,1,0,0,0,1
R_5z16Ow7ptKlKtWN,2,0,0,0,mid,1,1,NA,NA,0,6.560139325842081,5.71878634947026,5,0,970,8,0.22826086956521738,0,0,0,0,0
R_50vJLZclzR1Cc7w,3,1,0.26984126984127066,1,mid,0.8333333333333334,0,NA,NA,-5,1.8213092038040588,2.7843184295257273,4,1,975,6,0.1956521739130435,0,0,0,0,0
R_1TYniYpRXvMXM0W,1,1,0.13492063492063444,0,mid,0.75,0,NA,NA,-10,-3.3092757351769295,-3.353166602331699,6,1,1165,5,0.33695652173913043,0,0,0,0,0
R_7mMLLdBmTHX64Uh,3,1,0.23809523809523814,1,mid,0.5,0,NA,NA,-15,-8.17869079619594,-7.215681570474272,3,0,2516,4,0.20652173913043478,0,0,0,0,0
R_7ixZwbb5uUGx8wp,2,1,-0.04761904761904745,0,low,1,1,NA,NA,0,6.756016734313565,5.816251511814145,2,1,1189,4,0.2826086956521739,0,0,0,0,0
R_5dB5U8XuhIlPZFM,1,1,0.912698412698413,1,high,0.3333333333333333,0,NA,NA,-20,-13.17869079619594,-13.288189827435776,3,1,1394,4,0.1956521739130435,0,0,0,0,0
R_3LnCb1gA0WmAug1,3,0,-0.11904761904761862,0,low,0.5666666666666667,0,NA,NA,-13,-6.178690796195941,-5.215681570474272,6,-1,1762,6,0.3804347826086957,0,0,0,0,0
R_5imRf0EKg09w417,3,1,0.833333333333333,1,high,1,1,NA,NA,0,6.560139325842081,7.6543648797338815,6,1,1292,12,0.5652173913043478,0,0,0,1,1
R_6saW9CejQoBzggd,1,0,0.2539682539682544,1,mid,0.04,0,NA,NA,-24,-17.113398326705447,-17.255701439987813,2,1,1012,7,0.3804347826086957,0,0,0,0,0
R_3X6DTT9ryef1DEt,1,0,0.16666666666666696,1,mid,0.775,0,NA,NA,-9,-2.309275735176929,-2.353166602331699,4,0,1864,7,0.2391304347826087,0,0,0,0,0
R_617Aoh84Ot3Lkdh,2,0,-0.2936507936507935,0,low,0.42857142857142855,0,NA,NA,-20,-13.243983265686435,-14.183748488185856,4,0.5,1609,5,0.3804347826086957,0,0,0,0,0
R_5f1AO5oMsHoRG3Q,3,1,0.023809523809523725,0,mid,1,1,NA,NA,0,6.560139325842081,7.6543648797338815,5,0,3217,9,0.25,0,0,0,0,0
R_3fP3mSpnquITxO5,1,1,0,0,mid,1,1,NA,NA,0,6.821309203804059,6.711810172564225,4,-0.5,919,17,0.41304347826086957,0,0,0,1,1
R_5etcttt4zqd9q69,3,1,-0.12698412698412742,0,low,0.8,0,NA,NA,-5,1.8866016732945545,2.8168068169736897,2,1,1611,4,0.30434782608695654,0,0,0,0,0
R_1vFEykOdYRUrOlH,1,0,0.055555555555556246,0,mid,0.6666666666666666,0,NA,NA,-5,2.01718661227554,1.8092753349081068,3,0,1625,4,0.18478260869565216,0,0,0,0,0
R_3aKXWaRVUF0ZreO,2,1,1.6349206349206344,1,high,1,1,NA,NA,0,6.560139325842081,5.71878634947026,4,-0.5,2955,5,0.2608695652173913,0,0,0,0,0
R_3V3l7PsTXns1kK6,2,0,-0.11904761904761862,0,low,0.82,0,NA,NA,-9,-2.439860674157917,-3.2812136505297387,4,-0.5,1901,5,0.2826086956521739,0,0,0,0,0
R_3V7EyutNoXnGHzH,3,0,-0.2063492063492065,0,low,0.6666666666666666,0,NA,NA,-10,-3.1786907961959407,-2.2156815704742723,4,-1,2443,8,0.22826086956521738,0,0,0,0,0
R_3pfmPUEjeXqUstV,2,0,0.7857142857142856,1,high,1,1,NA,NA,0,6.560139325842081,5.71878634947026,1,-1,852,6,0.29347826086956524,0,0,0,0,0
R_3jxnZEmj5o90W48,3,1,0.33333333333333304,1,mid,1,1,NA,NA,0,6.560139325842081,7.6543648797338815,3,1,2706,13,0.3804347826086957,0,0,0,1,1
R_7FKe4yMSzPl3ay2,1,0,0.9920634920634921,1,high,1,1,NA,NA,0,6.886601673294554,6.7442985600121865,2,1,3953,6,0.42391304347826086,0,0,0,0,0
R_1r2QU72hl8mdVDW,3,1,-0.023809523809523725,0,mid,1,1,NA,NA,0,6.821309203804059,7.7843184295257295,1,0,1121,6,0.25,0,0,0,0,0
R_3KflHXQDfThgotX,1,0,0.9365079365079367,1,high,0.1,0,NA,NA,-45,-38.43986067415791,-38.41814337722763,5,0,3638,6,0.30434782608695654,0,0,0,0,0
R_5U0pfx7fVttDDiJ,2,1,0.833333333333333,1,high,1,1,NA,NA,0,6.560139325842081,5.71878634947026,3,1,743,13,0.42391304347826086,0,0,0,1,1
R_7AiONkEjtYvSkYV,1,0,1.015873015873015,1,high,0.45,0,NA,NA,-22,-15.309275735176929,-15.353166602331699,6,0,882,3,0.34782608695652173,0,0,0,0,0
R_1jZzdDJGy4bLAU9,2,0,-0.1825396825396819,0,low,0.5,0,NA,NA,-25,-18.439860674157917,-19.28121365052974,1,-0.5,1068,3,0.22826086956521738,0,0,0,0,0
R_69p2KYAWhGmLVOd,3,1,0.7936507936507935,1,high,1,1,NA,NA,0,6.560139325842081,7.6543648797338815,5,1,2145,4,0.2391304347826087,0,0,0,0,0
R_1D7pcZGAdSbuTfe,3,0,-1.1507936507936511,0,low,0.72,0,NA,NA,-7,-0.11339832670544553,0.8168068169736902,3,0,1719,5,0.32608695652173914,0,0,0,0,0
R_5HMiV82nim0YMpX,1,0,0.16666666666666652,1,mid,0,0,NA,NA,-20,-13.048105857214951,-13.223213052539851,1,-0.5,1872,6,0.532608695652174,0,0,0,0,0
R_1Ns1MsZbDGMANVv,2,0,1.3571428571428568,1,high,1,1,NA,NA,0,6.560139325842081,5.71878634947026,6,1,950,8,0.2608695652173913,0,0,0,0,0
R_3lfrRx1M0FJAPks,3,1,0.15873015873015817,1,mid,1,1,NA,NA,0,6.951894142785049,7.849295204421653,3,1,2577,7,0.2608695652173913,0,0,0,0,0
R_3uHw4h2fOdb4qdJ,2,1,0.14285714285714324,1,mid,1,1,NA,NA,0,6.808250709905961,5.842242221772515,1,1,2315,6,0.6521739130434783,0,0,0,0,0
R_7ZU24DcuZ2LrsPI,1,1,1.2063492063492065,1,high,1,1,NA,NA,0,6.690724264823071,6.646833397668302,4,-1,826,4,0.29347826086956524,0,0,0,0,0
R_1OOyZaBNwAJFLQW,1,1,0.3333333333333335,1,mid,0.2692307692307692,0,NA,NA,-19,-12.126456820603547,-12.262199117477408,2,-0.5,2946,7,0.2608695652173913,0,0,0,0,0
R_5rqJnXz1tI737Fh,2,1,0,0,mid,1,1,NA,NA,0,6.560139325842081,5.71878634947026,4,1,1331,3,0.2391304347826087,0,0,0,0,0
R_6WWHx93j15BYl2N,2,0,0.3968253968253963,1,mid,0.05,0,NA,NA,-19,-12.048105857214951,-13.08628332584197,1,-0.5,847,4,0.31521739130434784,0,0,0,0,0
R_5sdxsVk0sTsj4VG,3,0,0.14285714285714324,1,mid,1,1,NA,NA,0,6.886601673294554,7.816806816973692,2,1,2013,11,0.43478260869565216,0,0,0,1,1
R_1rBbNSfxz9HseWc,1,0,-0.07936507936507908,0,low,0.25,0,NA,NA,-15,-8.048105857214953,-8.223213052539855,3,-0.5,2013,7,0.22826086956521738,0,0,0,0,0
R_6flnPNzhHL5nxp7,3,0,0,0,mid,1,1,NA,NA,0,6.886601673294554,7.816806816973692,5,0.5,1542,17,0.5,0,0,0,1,1
R_7bVn4jcCvuz60GZ,1,1,0,0,mid,1,1,NA,NA,0,6.821309203804059,6.711810172564225,7,0.5,1589,17,0.22826086956521738,0,0,0,1,1
R_3gMmiIL5i2ibXlx,3,0,0,0,mid,1,1,NA,NA,0,6.886601673294554,7.816806816973692,1,0.5,1719,18,0.4673913043478261,0,0,0,1,1
R_6RdN0ZkPidrFHxg,3,1,1.253968253968254,1,high,1,1,NA,NA,0,6.560139325842081,7.6543648797338815,3,0.5,766,4,0.2826086956521739,0,0,0,0,0
R_55hA2VxqYj37KSJ,2,0,0.5238095238095237,1,high,0.6666666666666666,0,NA,NA,-10,-3.1786907961959407,-4.151260100737893,2,1,2275,6,0.34782608695652173,0,0,0,0,0
R_360u8rApa74rGCJ,1,0,-0.8730158730158726,0,low,1,1,NA,NA,0,6.886601673294554,6.7442985600121865,2,1,2113,4,0.2826086956521739,0,0,0,0,0
R_7U8XDTCkTbBStQr,2,0,0.5793650793650791,1,high,1,1,NA,NA,0,6.951894142785049,5.913716674158031,2,0,1293,4,0.22826086956521738,0,0,0,0,0
R_50HGmdtbsxOMVko,3,1,0.9444444444444438,1,high,1,1,NA,NA,0,6.560139325842081,7.6543648797338815,4,0,1258,3,0.30434782608695654,0,0,0,0,0
R_1e8t0TBtd9l3jNc,1,0,0.3730158730158726,1,mid,1,1,NA,NA,0,6.560139325842081,6.581856622772377,5,1,1398,3,0.21739130434782608,0,0,0,0,0
R_1soG2APuRg0a06d,3,1,-0.26190476190476186,0,low,1,1,NA,NA,0,6.560139325842081,7.6543648797338815,3,0,1334,6,0.32608695652173914,0,0,0,0,0
R_3r0yP88nVlP3IPD,2,0,0.6428571428571432,1,high,1,1,NA,NA,0,6.560139325842081,5.71878634947026,5,0.5,2535,5,0.43478260869565216,0,0,0,0,0
R_7XneWNl01C6LLe9,2,0,-0.9047619047619042,0,low,1,1,NA,NA,0,6.560139325842081,5.71878634947026,2,-0.5,931,4,0.32608695652173914,0,0,0,0,0
R_6iLXL6nXc9uVZBL,2,1,0.7619047619047619,1,high,0.5,0,NA,NA,-25,-18.439860674157917,-19.28121365052974,5,0,636,6,0.30434782608695654,1,0,0,0,1
R_6QF6cJCvpVvpDaK,3,1,0.26190476190476186,1,mid,1,1,NA,NA,0,6.560139325842081,7.6543648797338815,7,0,997,4,0.358695652173913,0,0,0,0,0
R_3V4ofDUTfFlR4jN,1,0,0.25396825396825395,1,mid,0.625,0,NA,NA,-15,-8.309275735176929,-8.353166602331699,5,0.5,1875,5,0.5108695652173914,0,0,0,0,0
R_5F4KyH8pcPRWOZH,1,0,-0.2857142857142856,0,low,0.3333333333333333,0,NA,NA,-20,-13.17869079619594,-13.288189827435776,2,-0.5,1169,3,0.29347826086956524,0,0,0,0,0
R_6N47s2dJbbOp27R,1,1,0.7857142857142856,1,high,0.24444444444444444,0,NA,NA,-34,-27.374568204667426,-27.385654989779663,4,0,3008,6,0.42391304347826086,0,0,0,0,0
R_1zoUtOy7PDAKHBb,2,1,0,0,mid,0.7,0,NA,NA,-15,-8.439860674157917,-9.281213650529738,7,1,2626,17,0.6086956521739131,0,0,0,1,1
R_6pVGTGhEhZI3M6v,3,1,0.666666666666667,1,high,1,1,NA,NA,0,6.886601673294554,7.816806816973692,6,0,1689,12,0.25,0,0,0,1,1
R_1lMu6FGPOflRaxw,3,0,0.5396825396825395,1,high,0.25,0,NA,NA,-15,-8.048105857214953,-7.15070479557835,1,-1,956,4,0.43478260869565216,0,0,0,0,0
R_6uwUuZ11NmauhQv,1,0,0.07142857142857117,0,mid,0,0,NA,NA,-10,-2.9175209182339645,-3.158236277643931,2,0,2290,4,0.2608695652173913,0,0,0,0,0
R_5x1HnoCQHDwnYad,2,0,-0.17460317460317487,0,low,0.6097560975609756,0,NA,NA,-16,-9.322334229075027,-10.222734553123408,5,0,1752,3,0.2826086956521739,0,0,0,0,0
R_3pbzeYutgtedPIh,3,0,-0.5158730158730149,0,low,1,1,NA,NA,0,6.560139325842081,7.6543648797338815,3,0.5,1540,8,0.41304347826086957,0,0,0,0,0
R_5fJ1zPiGyJzi0W5,2,0,-0.8253968253968251,0,low,1,1,NA,NA,0,6.821309203804059,5.848739899262108,3,-0.5,1147,5,0.32608695652173914,0,0,0,0,0
R_7Cgs3odI9uD016X,1,0,0.01587301587301493,0,mid,1,1,NA,NA,0,6.821309203804059,6.711810172564225,3,-1,1497,3,0.31521739130434784,0,0,0,0,0
R_3ep9D2CbXmC9NWF,2,0,0.26984126984127066,1,mid,1,1,NA,NA,0,6.821309203804059,5.848739899262108,3,0,1354,15,0.358695652173913,0,0,0,1,1
R_7ZTthsN6I3B49k8,1,1,-0.12698412698412742,0,low,1,1,NA,NA,0,6.560139325842081,6.581856622772377,1,1,1189,4,0.3804347826086957,0,0,0,0,0
R_7bbJW71poVsnN1D,3,1,0.16666666666666696,1,mid,0,0,NA,NA,-50,-43.43986067415791,-42.345635120266124,6,1,1309,11,0.2826086956521739,0,0,0,1,1
R_6FQaUKzy7Zn54FI,3,1,-0.5158730158730149,0,low,0,0,NA,NA,-32,-25.20480778399214,-24.228676925453463,5,-0.5,2212,4,0.32608695652173914,0,0,0,0,0
R_111lIHmujn3clE8,2,1,-0.2936507936507935,0,low,1.25,1,NA,NA,10,16.690724264823068,15.783763124366184,4,-0.5,1698,4,0.2826086956521739,0,0,0,0,0
R_753iO3kuCpj2Q9j,3,1,-0.14285714285714324,0,low,1,1,NA,NA,0,6.560139325842081,7.6543648797338815,4,1,1062,5,0.33695652173913043,0,0,0,0,0
R_1wt99eyqfWDOOPp,2,0,0.5238095238095237,1,high,0.8333333333333334,0,NA,NA,-5,1.8213092038040588,0.8487398992621065,7,0,1172,3,0.30434782608695654,0,0,0,0,0
R_5TXmU4Be0zUyumh,1,0,0.7857142857142856,1,high,0.2,0,NA,NA,-20,-13.113398326705447,-13.255701439987813,1,0,1580,4,0.2826086956521739,0,0,0,0,0
R_7bIBxxD7iF5sLQM,3,1,0.13492063492063444,0,mid,1,1,NA,NA,0,6.560139325842081,7.6543648797338815,2,0,928,5,0.41304347826086957,0,0,0,0,0
R_5GylyRqi4i7CsGf,1,0,-0.3333333333333335,0,low,1,1,NA,NA,0,6.951894142785049,6.776786947460148,3,-0.5,978,5,0.29347826086956524,0,0,0,0,0
R_5DvGDhM1Wn3whqd,2,0,0.11904761904761862,0,mid,1,1,NA,NA,0,6.690724264823071,5.783763124366184,5,1,1389,5,0.29347826086956524,0,0,0,0,0
R_5dtBqSiFFai2Ycy,2,1,0.5079365079365079,1,high,1,1,NA,NA,0,6.560139325842081,5.71878634947026,6,1,1721,4,0.2717391304347826,0,0,0,0,0
R_3acmPBh4AONdg7T,3,0,-1.2142857142857144,0,low,1,1,NA,NA,0,6.560139325842081,7.6543648797338815,1,1,1273,6,0.17391304347826086,0,0,0,0,0
R_1XAinhRoIXUaLFn,1,1,0.7142857142857144,1,high,1,1,NA,NA,0,6.795192216007861,6.698814817585039,5,1,2278,5,0.21739130434782608,0,0,0,0,0
R_30r6JhUYXHpIyBp,1,0,0.1904761904761898,1,mid,1,1,NA,NA,0,6.860484685498355,6.731303205033002,5,1,1347,7,0.32608695652173914,0,0,0,0,0
R_1qI26P7CxgXqOM9,2,0,0.25396825396825395,1,mid,1,1,NA,NA,0,6.886601673294554,5.881228286710069,4,-1,1370,3,0.25,0,0,0,0,0
R_1q9O9dm460vOpiI,3,0,0.3809523809523814,1,mid,0.5,0,NA,NA,-25,-18.439860674157917,-17.34563512026612,4,-1,2462,6,0.43478260869565216,0,0,0,0,0
R_5k7e6F6iaDuj5lC,2,0,-0.6428571428571428,0,low,0.8,0,NA,NA,-5,1.8866016732945545,0.8812282867100696,1,-0.5,836,4,0.41304347826086957,0,0,0,0,0
R_1mn8YHN1ys9qrD1,3,0,0.8253968253968251,1,high,1,1,NA,NA,0,6.690724264823071,7.719341654629805,7,1,1953,4,0.32608695652173914,0,0,0,0,0
R_5dHq8Ii2R9GWhCq,1,0,0,0,mid,0.8571428571428571,0,NA,NA,-5,1.7560167343135649,1.6793217851162623,4,0,1543,17,0.25,0,0,0,1,1
R_1MPW2gf6Syy1Pwq,2,1,0.5,1,high,1,1,NA,NA,0,6.560139325842081,5.71878634947026,7,0,972,13,0.5,0,0,0,1,1
R_7zNmQzwefThMlPX,2,0,0.2936507936507935,1,mid,1,1,NA,NA,0,6.560139325842081,5.71878634947026,4,0,987,4,0.3695652173913043,0,0,0,0,0
R_6qW4DJ8wwTr5pbm,3,1,0,0,mid,1,1,NA,NA,0,6.560139325842081,7.6543648797338815,2,0,2360,10,0.34782608695652173,0,0,0,1,1
R_3YXaQRkiStxx6HD,3,0,0.7142857142857144,1,high,0.4375,0,NA,NA,-9,-1.9958718816225582,-1.1247140856199815,1,-0.5,2501,4,0.25,0,0,0,0,0
R_3Vmx0LexsNPPXI5,1,0,0.3333333333333335,1,mid,0.75,0,NA,NA,-5,1.951894142785049,1.7767869474601483,4,0,1490,4,0.31521739130434784,0,0,0,0,0
R_5m4R9oHHGFRL4F6,3,0,0.6031746031746033,1,high,0.4,0,NA,NA,-15,-8.113398326705447,-7.1831931830263125,2,0,1044,4,0.22826086956521738,0,0,0,0,0
R_3sTEaoM823K9lqV,3,1,-0.11111111111111072,0,low,1,1,NA,NA,0,6.886601673294554,7.816806816973692,6,0,1555,3,0.2391304347826087,0,0,0,0,0
R_7QMqnt5aurIYOSW,2,0,-0.12698412698412742,0,low,0.7380952380952381,0,NA,NA,-11,-4.335392722973127,-5.229232230613001,3,0.5,607,3,0.2391304347826087,1,0,0,0,1
R_58hsxEgreQFfqY9,2,0,0.5,1,high,1,1,NA,NA,0,6.886601673294554,5.881228286710069,4,0,549,11,0.4891304347826087,1,0,0,1,1
R_507eEPuGJC72UAi,2,1,1.2142857142857144,1,high,0,0,NA,NA,-25,-18.113398326705447,-19.11877171328993,3,0.5,1271,5,0.3804347826086957,0,0,0,0,0
R_5qg379PeT74GbQn,3,1,0,0,mid,0.8823529411764706,0,NA,NA,-2,4.991069624479346,5.868788236890429,4,0,368,60,0.8804347826086957,1,1,0,1,1
R_1gRMYk2a8MYPenJ,1,0,-0.4285714285714288,0,low,0.25,0,NA,NA,-30,-23.309275735176932,-23.353166602331704,1,-0.5,3005,5,0.20652173913043478,0,0,0,0,0
R_5TLukPBTVT6xznb,1,1,1.015873015873015,1,high,1,1,NA,NA,0,6.560139325842081,6.581856622772377,6,0.5,2657,6,0.2826086956521739,0,0,0,0,0
R_5xxrUeJsrTCwMr7,3,1,0.03968253968253954,0,mid,1,1,NA,NA,0,6.560139325842081,7.6543648797338815,4,-0.5,1645,3,0.22826086956521738,0,0,0,0,0
R_5rMIXRhyUmaS8iE,1,1,-0.5238095238095237,0,low,1,1,NA,NA,0,6.560139325842081,6.581856622772377,4,0,1243,8,0.42391304347826086,0,0,0,0,0
R_6h0zjJpjgSiw91L,2,1,1.333333333333333,1,high,0.9,0,NA,NA,-5,1.5601393258420815,0.7187863494702602,3,0.5,1261,7,0.29347826086956524,0,0,0,0,0
R_5I9O9UeH6sqjfKu,3,0,0.3015873015873005,1,mid,1,1,NA,NA,0,6.560139325842081,7.6543648797338815,5,1,127324,6,0.31521739130434784,0,0,1,0,1
R_6h6flV3qeFRHjpi,1,1,1.0396825396825395,1,high,1,1,NA,NA,0,6.560139325842081,6.581856622772377,6,1,1317,6,0.2826086956521739,0,0,0,0,0
R_6xLfe3POPRrHNyp,2,0,0.7063492063492065,1,high,1,1,NA,NA,0,6.599314807536377,5.738279381939036,6,0.5,1922,4,0.21739130434782608,0,0,0,0,0
R_5EnHCRa0AtYEniQ,2,1,0.2857142857142856,1,mid,0.625,0,NA,NA,-15,-8.309275735176929,-9.216236875633816,4,0,1412,11,0.391304347826087,0,0,0,1,1
R_67WH9MAi60ADy8U,1,0,0.2142857142857144,1,mid,1,1,NA,NA,0,6.690724264823071,6.646833397668302,7,1,1239,6,0.2717391304347826,0,0,0,0,0
R_12qLu1xs5dU849h,3,1,0.9682539682539679,1,high,0.4,0,NA,NA,-30,-23.439860674157913,-22.345635120266117,2,1,2145,4,0.20652173913043478,0,0,0,0,0
R_1dnlEsI0dFAxsS1,3,0,0.16666666666666696,1,mid,1,1,NA,NA,0,6.951894142785049,7.849295204421653,6,1,1917,3,0.29347826086956524,0,0,0,0,0
R_7k5p26JU2i9tjN4,2,0,-0.03174603174603252,0,mid,1,1,NA,NA,0,6.560139325842081,5.71878634947026,5,0,1964,3,0.2608695652173913,0,0,0,0,0
R_6G32ViiV4cPGDYz,1,1,0.04761904761904745,0,mid,1,1,NA,NA,0,6.560139325842081,6.581856622772377,7,0.5,1692,8,0.45652173913043476,0,0,0,0,0
R_71ACGQMeQ1mqFAW,2,0,-1.0158730158730156,0,low,0.4444444444444444,0,NA,NA,-25,-18.374568204667423,-19.248725263081777,6,0.5,2558,3,0.21739130434782608,0,0,0,0,0
R_6QHJ482VWkdYeAN,3,0,-0.6428571428571428,0,low,0.4,0,NA,NA,-15,-8.113398326705447,-7.1831931830263125,2,-0.5,1419,4,0.22826086956521738,0,0,0,0,0
R_5PH7rUihm71cYYx,1,1,0.9761904761904763,1,high,1,1,NA,NA,0,6.560139325842081,6.581856622772377,7,1,1215,3,0.2717391304347826,0,0,0,0,0
R_5HpiFimDL33fAsu,2,0,-0.25396825396825395,0,low,1,1,NA,NA,0,6.560139325842081,5.71878634947026,6,0,1400,6,0.33695652173913043,0,0,0,0,0
R_6dTr5Fq5DmNM1MN,3,1,0.2857142857142856,1,mid,0.4,0,NA,NA,-15,-8.113398326705447,-7.1831931830263125,5,-0.5,1205,4,0.3695652173913043,0,0,0,0,0
