response_id,item_type,n_words,dict_desert,dict_proportionality,dict_censure,dict_moral_balance,dict_revenge,dict_suffering,dict_deterrence,dict_incapacitation,dict_rehabilitation
R_6zFmDHUnWzyvmXD,backward,5,0,0,0,0,0,0,0,0,0
R_6EKM6PN9xTmWMV0,backward,11,0,0,0,0,0,0,0,0,0
R_5IY8U2LsOKs3MYZ,backward,3,0,0,0,0,0,0,0,0,0
R_3oqysjixGy9AoFj,backward,25,0,0,0,0,0,0,0,0,0
R_1iyTntLbOmxMPIJ,backward,18,0,0,0,0,0,0,0,0,0
R_1YExfMDQjZUMW8L,backward,5,0,0,0,0,0,0,0,0,0
R_3l6JGh2Vgfkr4di,backward,12,8.333,0,0,0,0,0,0,0,0
R_5DZFKhv3bXw8q1j,backward,11,9.091,0,0,0,0,0,0,0,0
R_1I5h4tFmat7ueoq,backward,23,0,0,0,0,0,0,0,4.348,0
R_5OiRx59rM96Yg1P,backward,13,0,0,0,0,0,0,0,0,0
R_7mekN9GC1fk33li,backward,24,0,0,0,0,0,0,0,0,0
R_37pERk7YMXWU3ct,backward,5,0,0,0,0,0,0,0,0,0
R_1S7gxHDqAH6iTdw,backward,5,0,0,0,0,0,0,0,0,0
R_5uK38w74t1M7MZz,backward,18,0,0,0,0,0,0,0,0,5.556
R_3mxDp5vNOub0Dhi,backward,38,0,0,0,0,0,0,0,2.632,0
R_51yVhsL0ZiP86Zf,backward,33,0,0,0,0,0,0,0,0,0
R_5pLxudtSu1p0sah,backward,18,0,0,0,0,0,0,0,0,0
R_3pSAlHyALk9eEzo,backward,70,0,0,0,0,0,1.429,0,0,0
R_599HQbVOKVbZukp,backward,42,0,0,0,0,0,0,0,0,0
R_5qenq19PCdUiKth,backward,13,0,0,0,0,0,0,0,0,0
R_1ruNUCEB7DiBJlK,backward,7,0,0,0,0,0,0,0,0,0
R_5AYwGQA1UEhk1Bs,backward,12,0,0,0,0,0,8.333,0,0,0
R_7JCP5joUZcvXQ5n,backward,19,0,0,0,0,0,0,0,0,0
R_7S96BBBlccTP8bX,backward,26,0,0,0,0,0,0,0,0,0
R_7LizMoSqiPxB27i,backward,4,0,0,0,0,0,0,0,0,0
R_67WixwAfLe3T5qV,backward,11,0,0,9.091,0,0,0,0,0,0
R_5xjvlRoVVzBD8oF,backward,9,11.111,0,0,0,0,0,0,0,0
R_6tbaibbl7CUmn13,backward,25,0,0,0,0,0,0,0,0,0
R_3P4Jj1mMSeAVAec,backward,47,0,0,0,0,0,0,0,2.128,0
R_6rTQDeKCvU1ur6t,backward,18,0,0,0,0,0,0,0,0,0
R_37cScPc73JUzAoF,backward,17,0,0,0,0,0,0,0,0,0
R_7M5xxKMdUul1t91,backward,47,0,0,0,0,0,0,0,2.174,0
R_7KACMrap9qEXt9z,backward,29,0,0,0,0,3.448,0,0,3.448,0
R_1Nk5sR2uPFVL7Z1,backward,32,0,0,0,0,0,0,0,0,0
R_7scw68DaWGuO87V,backward,16,0,0,0,0,0,0,0,0,0
R_5wNphI7v7bLxYFT,backward,18,0,0,0,0,0,0,0,0,0
R_5DtPjnmaseHuMbN,backward,3,0,0,0,0,0,0,0,0,0
R_6Lu4zAp8vuCMKkX,backward,21,0,0,0,0,0,0,0,0,0
R_1RmQVeySLYRgObf,backward,9,0,0,0,0,0,0,0,0,0
R_5R35vwemG0f4YoU,backward,9,0,0,0,0,0,0,0,0,0
R_5uKbm3cpuLnsypY,backward,10,0,0,0,0,0,0,0,0,0
R_751wvcOom5YUIVP,backward,11,0,0,0,0,0,0,0,0,0
R_6l0HLKGtHX6kjqo,backward,25,0,0,0,0,0,0,0,0,0
R_73f2h2lGwLSb2jr,backward,66,0,0,0,0,0,0,0,0,0
R_7Eiga2GRUfOC8FK,backward,23,0,0,0,0,0,0,0,0,0
R_3qw0E5uszeCuYrR,backward,4,0,0,0,0,0,0,0,0,0
R_5I6lvtQTnSJPOaX,backward,51,1.961,0,0,0,0,0,0,0,0
R_6arEKOInRki4VHB,backward,7,14.286,0,0,0,0,0,0,0,0
R_5DqmzlUa44iDWEm,backward,25,0,0,0,0,0,0,0,0,0
R_377oDQegmYd1SGW,backward,43,2.439,0,0,0,0,0,0,2.439,0
R_1Lch9oOJjhp2Ffw,backward,10,0,0,0,0,0,0,0,0,0
R_3v2GxFXcJcaLePx,backward,14,0,0,0,0,0,0,0,0,0
R_3qX3zY4vm0K2rRS,backward,11,9.091,0,0,0,0,0,0,0,0
R_5Xi7N8ZTwId4Fdn,backward,14,0,0,0,0,0,0,0,0,0
R_5iVDkBdt9PC3zas,backward,55,0,0,0,0,0,0,0,1.818,0
R_63xzse3rbJDREgd,backward,11,0,0,0,0,0,0,0,0,0
R_6d9QmzjiwbRnvlr,backward,9,0,0,0,0,0,0,0,0,0
R_5Iat6OkhutCUQJ6,backward,5,0,0,0,0,0,0,0,0,0
R_3Hp4dTZbBPf6hjo,backward,24,0,0,0,0,0,4.167,0,4.167,0
R_3fUzOHiRCWBPdZv,backward,46,2.174,0,0,0,0,0,0,0,0
R_5dzOS6Hpu2ssqce,backward,25,0,0,0,0,0,4.348,0,0,0
R_3alUbr0miGGA13j,backward,21,0,0,0,0,0,0,0,0,0
R_1wEBCXXh3EAGjJL,backward,14,0,0,0,0,0,0,0,0,0
R_6TnSKs1DEh9bMN2,backward,7,14.286,0,0,0,0,0,0,0,0
R_7PPzU3McST0BBv3,backward,5,0,0,0,0,0,0,0,0,0
R_6WDPSL9mXUBtZeh,backward,17,0,0,0,0,0,0,0,0,5.882
R_62F7ZHGJFKUOcHp,backward,23,0,0,0,0,0,0,0,0,0
R_3A33EbWAu8bPP4R,backward,10,0,0,0,0,0,0,0,0,0
R_3erKatWfeBwJDJn,backward,18,0,0,0,0,0,0,0,0,0
R_5QldweKJ37AKt7X,backward,2,0,0,0,0,0,0,0,0,0
R_7QRIfhycq6sOsMe,backward,31,0,0,0,0,0,0,0,3.125,0
R_7K3dz3sByxkDqdZ,backward,45,0,0,0,0,0,2.381,0,0,0
R_1IbJ8ZNpCEqZTeu,backward,12,0,0,0,0,0,8.333,0,0,0
R_1iWfmCHu0FQplwB,backward,24,4.167,0,0,0,0,0,0,4.167,0
R_3rTSsorEvHFuuwx,backward,18,0,0,0,0,0,0,0,0,0
R_3FR96pNLGf6d4aU,backward,56,0,0,0,0,0,0,0,3.636,0
R_5FLIhP5XoFqhEa6,backward,43,0,0,0,0,0,0,0,0,0
R_3MXYSJHbz9A57pL,backward,19,0,0,0,0,0,0,0,0,0
R_5DtppANNmBW7278,backward,5,0,0,0,0,0,0,0,0,0
R_1xTb6rv771MGVR7,backward,47,0,0,0,0,0,0,0,0,0
R_7nU5XUBeC69bXcp,backward,11,9.091,0,0,0,0,0,0,0,0
R_7OUzEipWUEblT9d,backward,20,0,0,0,0,0,0,0,0,0
R_1IauyRhlhBQQs5R,backward,16,0,0,0,0,0,0,0,0,0
R_3kyBr5mLK0zCPbr,backward,3,0,0,0,0,0,0,0,0,0
R_7sbULDu0EBwme79,backward,29,0,0,0,0,0,0,0,0,0
R_5LXHS9lxhtfKZcl,backward,15,0,0,0,0,0,0,0,0,0
R_72ScECcQ5DNZb73,backward,20,0,0,0,0,0,0,0,0,0
R_6CPTgl4hykxRYfn,backward,32,0,0,0,0,0,0,0,0,0
R_1tJg7215BsTWGkN,backward,54,0,0,0,0,0,0,0,1.852,0
R_3tJyt02ltFuLWDL,backward,67,0,0,0,0,0,0,0,0,0
R_1BV1YZYHlms1Uch,backward,18,0,0,0,0,0,0,0,0,0
R_3aLxooZf8085akS,backward,45,0,0,0,0,0,0,0,2.222,0
R_3y9koSebd8rWz4R,backward,30,0,0,0,0,0,0,0,0,0
R_502EAhjxbMmjHtz,backward,21,0,0,0,0,0,0,0,0,0
R_5Vc0ofnn9v4ykpz,backward,29,0,0,0,0,0,0,0,0,0
R_7oG76NA06dHWLqt,backward,16,0,0,0,0,0,0,0,0,0
R_577t1ULlOCljPXx,backward,17,0,0,0,0,0,0,0,0,0
R_7DD7Jxm1VL663Pr,backward,26,0,0,0,0,0,0,0,0,0
R_6fkjNwtzRDbmIAh,backward,12,0,0,0,0,0,0,0,0,0
R_6kGjiXvbwpdSBXP,backward,22,0,0,0,0,0,0,0,0,0
R_54scDevtfBoh2F3,backward,19,0,0,0,0,0,0,0,0,0
R_5azZQ4kndnd9UrI,backward,12,0,0,0,0,0,0,0,0,0
R_6BtOo5kJrill7Z7,backward,18,0,0,0,0,0,0,0,0,0
R_5TAxmPxoznubxBZ,backward,4,0,0,0,0,0,0,0,0,0
R_3anPOAPN5wmEA41,backward,16,6.25,0,0,0,0,0,0,0,0
R_14w95b8s7ilcBi1,backward,13,0,0,0,0,0,0,0,0,0
R_6eLWRHcwfE9IjNd,backward,47,0,0,0,0,0,0,0,0,0
R_71afjFZcmOr3R3H,backward,20,0,0,0,0,0,0,0,0,0
R_7aZakPLJqnPScUN,backward,15,0,0,0,0,0,0,0,0,0
R_3s4RB67ZHBRWDMR,backward,37,0,0,0,0,0,0,0,0,0
R_7EFvezEwITifStC,backward,19,0,0,0,0,0,0,0,0,0
R_1qaEfpZtec1EHYD,backward,42,2.381,0,0,0,0,0,0,0,0
R_7geis1uzZkyBCcJ,backward,28,3.704,0,0,0,0,3.704,0,0,0
R_5YDEnoUn8tnTDLd,backward,13,0,0,0,0,0,0,0,0,0
R_7aeG5hlsH3ze7re,backward,46,0,0,0,0,0,2.222,0,0,0
R_76dwF3nMDfpOYMx,backward,9,0,0,0,0,0,0,0,0,0
R_7OprbWkg076P5Nj,backward,39,2.632,0,0,0,0,0,0,0,0
R_3GuCB6KW44SNx73,backward,21,4.762,0,0,0,0,0,0,0,0
R_7IWWpodn5tTXZfY,backward,19,5.263,0,0,0,0,0,0,0,0
R_7d0lWiZeWt48zaK,backward,9,0,0,0,0,0,0,0,0,0
R_57PEouWuChNy9W1,backward,34,0,0,0,0,0,0,0,0,0
R_3gSICIiGeQ8DCjN,backward,37,2.857,0,0,0,0,0,0,0,0
R_7LOw73SxMUa7ece,backward,2,50,0,0,0,0,0,0,0,0
R_8iliDBiZmWP9a78,backward,12,8.333,0,0,0,0,0,0,0,0
R_5pzIElLBxKDM80v,backward,23,8.696,0,0,0,0,0,0,0,0
R_5Dunkf4MBZdefZJ,backward,15,0,0,0,0,0,0,0,0,0
R_6Lqhu4uQOafg0Oh,backward,12,0,0,0,0,0,0,0,0,0
R_7pFm6JRPJei143Z,backward,36,0,0,0,0,0,0,0,0,0
R_7K7Qifu4l8btus8,backward,30,0,0,0,0,0,0,0,0,0
R_7jcZj5K7zNVVLdr,backward,17,5.882,0,0,0,0,0,0,0,0
R_3CTrCfiDTZ0KTb6,backward,10,0,0,0,0,0,0,0,0,0
R_3DpecRwPmNbdBvi,backward,31,3.226,0,0,0,0,0,0,3.226,0
R_5rqCE53FNqEGFks,backward,47,0,0,0,0,0,0,0,0,0
R_6RqlKmqaWSITzdn,backward,4,0,0,0,0,0,0,0,0,0
R_5RAeMOEQAX6bEWZ,backward,35,0,0,0,0,0,0,0,0,0
R_7fcUviD4M0slaVp,backward,10,10,0,0,0,0,0,0,0,0
R_6pncnKiJGyR3l38,backward,14,7.143,0,0,0,0,0,0,0,0
R_3ISOqSenuNi7Jql,backward,7,0,0,0,0,0,0,0,0,0
R_6R1RKoda26zrvKZ,backward,71,0,0,0,0,0,0,0,0,0
R_7eDAMJG6SmKplmH,backward,20,0,0,0,0,0,0,0,0,0
R_3s5FKEL4pdLyLSh,backward,22,0,0,0,0,0,0,0,0,0
R_317JU9az7WjAE8s,backward,25,0,0,0,0,0,0,0,0,0
R_7VwHCbU6n3Ip4Ye,backward,17,0,0,0,0,0,0,0,0,0
R_5EJWGcNSUWxOwui,backward,32,0,0,0,0,0,0,0,0,0
R_11YifmNJShbcVde,backward,40,0,0,0,0,0,0,0,0,0
R_7z8Rld1QcyO9lrr,backward,20,5,0,0,0,0,0,0,0,0
R_5OJCo41k43Uvs6Y,backward,9,0,0,0,0,0,0,0,0,0
R_7ZR8lnKAA3By86t,backward,38,2.632,0,0,0,0,0,0,0,0
R_7SBk6YPctQGPVpP,backward,39,0,0,0,0,0,0,0,0,0
R_7V2vfczhki64TTT,backward,35,0,0,0,0,0,0,0,0,0
R_70vm1xpQlRxHl1s,backward,15,0,0,0,0,0,0,0,0,0
R_1OemtcoyjWouzbj,backward,21,0,0,0,0,0,0,0,0,0
R_55SbU8bBR6bZAX9,backward,36,0,0,0,0,0,0,0,2.778,0
R_5B8xKkI2XBjdKbD,backward,15,0,0,0,0,0,0,0,0,0
R_7Ap99TkAdzJJVPb,backward,21,4.762,0,0,0,0,0,0,0,0
R_5Q8IW431JFBRrod,backward,12,0,0,0,0,0,0,0,8.333,0
R_3TB0asMOVm2nuE6,backward,26,3.846,0,0,3.846,0,0,0,0,0
R_7Ubbqbnmkj9sxex,backward,55,0,0,0,0,0,0,0,1.818,0
R_5iKaZuZ4qdXpOwO,backward,35,2.857,0,0,0,0,0,0,2.857,0
R_18ofIbyrz3CPWgx,backward,20,0,0,0,0,0,0,0,0,0
R_5J3mNY0fOawhLsF,backward,9,0,0,0,0,0,0,0,0,0
R_7P7xIkYxeAWHQgX,backward,38,0,0,0,0,0,0,0,0,0
R_732mg1S5ULj0brc,backward,44,2.273,0,0,0,0,0,0,0,0
R_3QojG2eRqTYuBUQ,backward,15,0,0,0,0,0,0,0,0,0
R_10Mmap7NptSmAow,backward,33,0,0,0,0,0,0,0,0,0
R_1LS6VLj0CbrmvzW,backward,12,0,0,0,0,0,0,0,0,0
R_6Gktq5cf4jBKrdO,backward,20,0,0,0,0,0,0,0,0,0
R_5Qt14h6iydnvS8w,backward,13,0,0,0,0,0,0,0,0,0
R_6alC50nQLJpBNtU,backward,10,0,0,0,0,0,0,0,0,0
R_6VqFhSPGwZDiVGh,backward,32,0,0,0,0,0,0,0,0,0
R_7DTqopnczdpTKQF,backward,15,6.667,0,0,0,0,0,0,0,0
R_3sisTwYexKNQbvd,backward,22,0,0,0,0,0,0,0,0,0
R_1I5Y3HZpKtw5BzQ,backward,14,0,0,0,0,0,0,0,0,0
R_5dWK4e2NRTMXSFD,backward,13,7.692,0,0,0,0,0,0,0,0
R_7DBy27CDAc2wfN6,backward,9,0,0,0,0,0,0,0,0,0
R_62diV1N8J9ANcHv,backward,14,0,0,0,0,0,0,0,0,0
R_53n0gmiXmx62OQ1,backward,9,0,0,0,0,0,0,0,0,0
R_3unC6NNgnVNxozf,backward,16,0,0,0,0,0,0,0,0,0
R_6JrxcTATdQWWUPn,backward,7,0,0,0,0,0,0,0,0,0
R_2h5CKKmjetxUEhs,backward,5,0,0,0,0,0,0,0,0,0
R_1KykGbVy8Dr8Hm1,backward,10,0,0,0,0,0,0,0,0,0
R_1VCuGG6uXiiDza1,backward,19,5.263,0,0,0,0,0,0,0,0
R_3WZPXxajah230BE,backward,9,0,0,0,0,0,10,0,0,0
R_6JsYWDZxbNxAxny,backward,14,0,0,0,0,0,0,0,0,0
R_17aoiPyoHYw3TSf,backward,28,0,0,0,3.571,0,0,0,0,0
R_50Slv8EA39U8G09,backward,21,4.762,0,0,0,0,0,0,0,0
R_6ESyVvuIAAhWGOe,backward,24,0,0,0,0,0,0,0,4.348,0
R_32SIDDEyFi1tnRM,backward,38,0,0,0,0,0,0,0,0,0
R_62Ql5stw5SusI6f,backward,31,0,0,0,0,0,0,0,0,0
R_5ArRO2jhk7Cyny9,backward,18,0,0,0,0,0,0,0,0,0
R_77tp3RXMgnxlR4Z,backward,29,0,0,0,0,0,0,0,0,0
R_7FIGZXhQBO5cb2Q,backward,4,0,0,0,0,0,0,0,0,0
R_3N50P03S9e4dap3,backward,4,0,0,0,0,0,0,0,0,0
R_3IQ39NgPQSAyxj0,backward,24,0,0,0,0,0,0,0,4.167,0
R_10VQzgWlWuo3Bdo,backward,11,0,0,0,0,0,0,0,0,0
R_1gUek0iw7WTmXYV,backward,48,0,0,0,0,0,0,0,0,0
R_74pfOwUiXLHTooU,backward,34,2.941,0,0,0,0,0,0,0,0
R_1qqA7AWzb0Z2r05,backward,44,0,0,0,0,0,0,0,0,0
R_1xgqYdXMyTa04OB,backward,11,0,0,0,0,0,0,0,0,0
R_6F2Q7gTbfH1Y52b,backward,20,0,0,0,0,0,0,0,0,0
R_3mOvqIAlYxZ1ny4,backward,10,0,0,0,0,0,0,0,0,0
R_3mVNAWyX2u7zItY,backward,25,0,0,0,0,0,0,0,0,0
R_6uoTKYFugiS9SIV,backward,43,0,0,0,0,0,0,0,2.326,0
R_5m1wc30h2TkoTAs,backward,20,5,0,0,0,0,0,0,0,0
R_6E29WaUtVg5QMGR,backward,18,0,0,0,0,0,0,0,5.556,0
R_196BRX1KnFVm56D,backward,37,0,0,0,0,0,0,0,2.703,0
R_55uNCr4pb7pxJLg,backward,21,0,0,0,0,0,0,0,0,0
R_7HSsFUmQnMPSI7G,backward,53,1.887,0,0,0,0,0,0,0,0
R_1bIOWiSY0OOj7iR,backward,27,0,0,0,0,0,0,0,0,0
R_5TdlV9MulBravtf,backward,22,0,0,0,0,0,0,0,0,0
R_1fC1yGKqJesIQf7,backward,10,0,0,0,0,0,0,0,0,0
R_5X73OTXeV2hSEfG,backward,43,0,0,0,0,0,0,0,0,0
R_3isPqtjU76eGkIa,backward,29,0,0,0,0,0,0,0,0,0
R_6DpD71R1gnIJCZj,backward,19,0,0,0,0,0,0,0,0,5.263
R_7HM6O835PRwPxXU,backward,5,0,0,0,0,0,0,0,0,0
R_1QWzmUE0ssK40Ol,backward,16,0,0,0,0,0,0,0,0,0
R_7tmRdtXvOsTBdFZ,backward,18,0,0,0,0,0,0,0,0,0
R_1Nfuui0FZ7sDcNr,backward,7,0,0,0,0,0,0,0,0,0
R_7JXjiJGkt91lvrB,backward,43,0,0,0,0,0,0,0,2.381,0
R_3cjUGKrHyIQGOum,backward,9,0,0,0,0,0,0,0,0,0
R_7JFenSIczJKl3sA,backward,9,11.111,0,0,0,0,0,0,0,0
R_7h6CbxY7YaJee2Z,backward,26,0,0,0,0,0,0,0,0,0
R_6wnMIM70jmp9YoU,backward,31,0,0,0,0,0,0,0,0,0
R_7QlK0bGDdgH7pcn,backward,44,0,0,0,0,0,0,0,2.273,0
R_573U15mnkcpetF0,backward,25,4,0,0,0,0,0,0,0,0
R_3JjSXSWcTAu1sGg,backward,19,5.263,0,0,0,0,0,0,0,0
R_3wc4McB5njDoUnc,backward,31,0,0,0,0,0,0,0,0,0
R_6hgbs1p95Xi9UQs,backward,20,0,0,0,0,0,0,0,0,0
R_1atvutO175V2cZO,backward,33,2.857,0,0,0,0,0,0,2.857,0
R_5bOfEbG5RaHiq1r,backward,21,0,0,0,0,0,0,0,0,0
R_3a9mRMKyC0FsDns,backward,16,0,0,0,0,0,0,0,0,0
R_5qDvVTqPfOUqhxJ,backward,19,5.263,0,0,0,0,0,0,0,0
R_7G0S57V0DSFbmLA,backward,15,6.667,0,0,0,0,0,0,0,0
R_3Lthmot2Dt7iwvt,backward,9,11.111,0,0,0,0,0,0,0,0
R_6JmYO3KrNmjcPfi,backward,12,0,0,0,0,0,0,0,0,0
R_108K1MQVgqm5jUZ,backward,8,0,0,0,0,0,0,0,0,0
R_3jEw1gLMUBrjaZH,backward,7,0,0,0,0,0,0,0,0,0
R_1FQf3HrsI6c1EvK,backward,27,0,0,0,0,0,0,0,0,0
R_7zZpOR41Q8A32IO,backward,40,2.5,0,0,0,0,0,0,0,0
R_6BkkhFUGHH1l9M5,backward,33,0,0,0,0,0,3.03,0,3.03,0
R_3GDMcKNoIOoEx4T,backward,11,0,0,0,0,0,0,0,0,0
R_6IlYhv1koPDiLOp,backward,32,0,0,0,0,0,3.226,0,0,0
R_7CszMc8y0g2f6Kh,backward,19,0,0,0,0,0,0,0,5.263,0
R_5KvGp5TiRFr3jKg,backward,38,0,0,0,0,0,0,0,0,0
R_5jJq9n7xDV6CHPr,backward,13,0,0,0,0,0,0,0,0,0
R_50wbjcEvw8wTcHL,backward,4,0,0,0,0,0,0,0,0,0
R_53dgIeKEWvsT86t,backward,56,0,0,1.818,0,0,0,0,0,3.636
R_5EGdwl9KHRQ8MTm,backward,26,0,0,0,0,0,0,0,0,0
R_1eXa4qqp6v414In,backward,17,0,0,0,0,0,0,0,0,0
R_67JxASqYagoT6fk,backward,44,0,0,0,0,0,0,0,0,0
R_517vZRgZU5ms16S,backward,24,0,0,0,0,0,0,0,0,0
R_1mEuHJq6alynXqh,backward,45,0,0,0,0,0,0,2.222,2.222,2.222
R_3esKQHUXUBfghOZ,backward,5,0,0,0,0,0,0,0,0,0
R_1lFAvByyuvumMvt,backward,40,2.5,0,0,0,0,0,0,0,0
R_5CrIYwtOrnELkIC,backward,92,1.099,0,0,0,0,0,0,0,0
R_69mDO73P8P5Bouq,backward,28,0,0,0,0,0,0,0,0,0
R_3SGSNNCNGQv9W25,backward,28,0,0,0,3.571,0,0,0,0,0
R_3J2VREDOzVpCBI4,backward,3,0,0,0,0,0,0,0,0,0
R_1ttWKhMWl6hNzb2,backward,12,0,0,0,0,0,0,0,0,0
R_3170Z6UJxdRkU4Z,backward,5,0,0,0,0,0,0,0,0,0
R_5SBIjqbVbMaKNdT,backward,5,0,0,0,0,0,0,0,0,0
R_7y2vlIUU0QrC1mG,backward,25,4,0,0,0,0,0,0,0,0
R_7RyZ6UXi5WTt0Fr,backward,15,0,0,0,0,0,0,0,0,0
R_7hKBWKKN1QdKbDr,backward,21,0,0,0,0,0,0,0,0,0
R_5gMZEbNrmnxOz6I,backward,9,0,0,0,0,0,0,0,0,0
R_1knrjQhjAjNobCB,backward,11,0,0,0,0,0,0,0,0,0
R_1mV5V7y3a9Aieac,backward,6,0,0,0,0,0,0,0,0,0
R_7iFr2BfWudy78r8,backward,34,0,0,0,0,0,0,0,0,0
R_3xZfVcvnHRJUfUl,backward,27,0,3.571,0,0,0,0,0,0,0
R_35P6PNywolpNtUB,backward,3,0,0,0,0,0,0,0,0,0
R_5RWyeZaY2kY9O0F,backward,42,0,0,0,0,0,0,0,4.762,0
R_3DT0DIxsIy6hBL3,backward,9,0,0,0,0,0,0,0,0,0
R_3fYSi7RLf6EHK8W,backward,14,0,0,0,0,0,0,0,0,0
R_7QtFYnBFzbXzlr3,backward,22,0,0,0,0,0,0,0,0,0
R_5SShBcq8iGVovFn,backward,10,0,0,0,0,0,0,0,0,0
R_5kLfLiwadLf356k,backward,5,0,0,0,0,0,0,0,0,0
R_1GCVxQWqH8PAoiv,backward,8,0,0,0,0,0,0,0,0,0
R_3ZTZbRtO5wI67nR,backward,27,0,0,0,0,0,0,0,0,3.704
R_6170TpNs0nJtaGu,backward,16,0,0,0,0,0,0,0,0,0
R_7HpKsAwcQUrkSs3,backward,67,0,0,0,0,0,0,0,0,0
R_7QzXIPqkfxn7jHd,backward,22,0,0,0,0,0,0,0,0,0
R_5Be4k3sPxUg9CLv,backward,19,0,0,0,0,0,0,0,0,0
R_3TLXJIuRgojkg5J,backward,9,0,0,0,0,0,0,0,0,0
R_5goKjlDrxgfVqJP,backward,35,0,0,0,0,0,0,0,2.857,0
R_6oASChNeVJ82HWJ,backward,49,0,0,0,0,0,0,0,2.083,0
R_3z6WaLtb0KtGV77,backward,9,11.111,0,0,0,0,0,0,0,0
R_5e5wKCV2Fj6MsT0,backward,14,0,0,0,0,0,0,0,0,0
R_3fll2cuQn0q0G6v,backward,18,5.556,0,0,0,0,0,0,0,0
R_5qlzJhgtOf2ofjX,backward,38,2.778,0,0,0,0,0,0,0,0
R_3nwPcz1hlz4BNdw,backward,16,0,0,0,0,0,0,0,0,0
R_3vbXB9IAwIABtmN,backward,10,0,0,0,0,0,0,0,0,0
R_1QRBn2AWbQ7java,backward,30,0,0,0,0,0,0,0,3.333,0
R_60rxCZE6KWddXJ0,backward,24,0,0,0,0,0,0,0,4.167,0
R_1TLQbRqsGU8A4rn,backward,49,0,0,0,0,0,0,0,0,0
R_37e5e0QC8RzXdaV,backward,36,2.778,0,0,0,0,0,0,0,0
R_5rP3awBoT4iVVmt,backward,36,NA,NA,NA,NA,NA,NA,NA,NA,NA
R_50VcJ1KCbwMmcBP,backward,18,NA,NA,NA,NA,NA,NA,NA,NA,NA
R_5Gk4t90mWH4d5V3,backward,19,NA,NA,NA,NA,NA,NA,NA,NA,NA
R_5XMgAiyQX5Svtrb,backward,33,NA,NA,NA,NA,NA,NA,NA,NA,NA
R_5qyx2l8jdJeE6vT,backward,10,NA,NA,NA,NA,NA,NA,NA,NA,NA
R_1CddutvJ9kibC7f,backward,9,NA,NA,NA,NA,NA,NA,NA,NA,NA
R_3khrUPSNxIJrz4x,backward,17,NA,NA,NA,NA,NA,NA,NA,NA,NA
R_7J7NWHq87YUwhzB,backward,13,NA,NA,NA,NA,NA,NA,NA,NA,NA
R_3BLpJMEyvnyItep,backward,9,NA,NA,NA,NA,NA,NA,NA,NA,NA
R_7dvIaljRZYzhENH,backward,157,NA,NA,NA,NA,NA,NA,NA,NA,NA
R_1Qhc0drUAB7r4TT,backward,97,NA,NA,NA,NA,NA,NA,NA,NA,NA
R_5WEgP3nh7SeQbvz,backward,24,NA,NA,NA,NA,NA,NA,NA,NA,NA
R_3C1F77wrPWzZGro,backward,13,NA,NA,NA,NA,NA,NA,NA,NA,NA
R_3EGBcqmJkQjbnVk,backward,9,NA,NA,NA,NA,NA,NA,NA,NA,NA
R_1WWNT37grZVu9fb,backward,6,NA,NA,NA,NA,NA,NA,NA,NA,NA
R_1QFh0uMymcXGeYw,backward,24,NA,NA,NA,NA,NA,NA,NA,NA,NA
R_7EPnQPs9iClTf21,backward,34,NA,NA,NA,NA,NA,NA,NA,NA,NA
R_1s7kNOKGXy2cuir,backward,53,NA,NA,NA,NA,NA,NA,NA,NA,NA
R_53lO3NiS91sSOBo,backward,16,NA,NA,NA,NA,NA,NA,NA,NA,NA
R_1P1dveIIUYTkc4a,backward,29,NA,NA,NA,NA,NA,NA,NA,NA,NA
R_7dmpwgIoGABwmkP,backward,27,NA,NA,NA,NA,NA,NA,NA,NA,NA
R_1aM2CQrdaLxd1br,backward,27,NA,NA,NA,NA,NA,NA,NA,NA,NA
R_1exN8ivhSXSmZGx,backward,10,NA,NA,NA,NA,NA,NA,NA,NA,NA
R_3Kvdd95Ima2HeTh,backward,14,NA,NA,NA,NA,NA,NA,NA,NA,NA
R_7wSOoIghdE6wxmm,backward,29,NA,NA,NA,NA,NA,NA,NA,NA,NA
R_7ey0RG45NODMRSO,backward,6,NA,NA,NA,NA,NA,NA,NA,NA,NA
R_673Agpj8YhjKqHg,backward,14,NA,NA,NA,NA,NA,NA,NA,NA,NA
R_1Xom870iAfwbRfP,backward,15,NA,NA,NA,NA,NA,NA,NA,NA,NA
R_7maYjVirfTnLAOz,backward,34,NA,NA,NA,NA,NA,NA,NA,NA,NA
R_7uIp1I7BpZjrVCr,backward,22,NA,NA,NA,NA,NA,NA,NA,NA,NA
R_1TRk40mbcPrm8F1,backward,38,NA,NA,NA,NA,NA,NA,NA,NA,NA
R_73agnrzQxlFf2Wh,backward,5,NA,NA,NA,NA,NA,NA,NA,NA,NA
R_1J8zN4Z5Sq4SnyK,backward,18,NA,NA,NA,NA,NA,NA,NA,NA,NA
R_7yKExbzYILOyIYF,backward,6,NA,NA,NA,NA,NA,NA,NA,NA,NA
R_7ey8743qedSumnD,backward,8,NA,NA,NA,NA,NA,NA,NA,NA,NA
R_6SbPp9fRdxTEm5P,backward,23,NA,NA,NA,NA,NA,NA,NA,NA,NA
R_6o1GXLpaRVah7tT,backward,15,NA,NA,NA,NA,NA,NA,NA,NA,NA
R_3eVo8xiMj8E8ShN,backward,29,NA,NA,NA,NA,NA,NA,NA,NA,NA
R_5Jbo20Cd9VpCNfZ,backward,13,NA,NA,NA,NA,NA,NA,NA,NA,NA
R_5q52Y0CLj7QJrx1,backward,40,NA,NA,NA,NA,NA,NA,NA,NA,NA
R_5qk3z55wuH7t6Ex,backward,4,NA,NA,NA,NA,NA,NA,NA,NA,NA
R_1pDL6DRSuc5u7BV,backward,21,NA,NA,NA,NA,NA,NA,NA,NA,NA
R_6JLzDRGqkPq1dDU,backward,10,NA,NA,NA,NA,NA,NA,NA,NA,NA
R_19Knz2GSuPorWIV,backward,76,NA,NA,NA,NA,NA,NA,NA,NA,NA
R_5d4i1BTaK2Q5ePk,backward,47,NA,NA,NA,NA,NA,NA,NA,NA,NA
R_7IMK09Qp3otWaEM,backward,80,NA,NA,NA,NA,NA,NA,NA,NA,NA
R_3mfy6UitEOCda5C,backward,25,NA,NA,NA,NA,NA,NA,NA,NA,NA
R_3QXJvGZpEhIX0o7,backward,35,NA,NA,NA,NA,NA,NA,NA,NA,NA
R_5e9fRMcWWqqC1M5,backward,36,NA,NA,NA,NA,NA,NA,NA,NA,NA
R_1JIw6ZK4ZPQaRYA,backward,14,NA,NA,NA,NA,NA,NA,NA,NA,NA
R_6DT3D8CUnp6DMsO,backward,19,NA,NA,NA,NA,NA,NA,NA,NA,NA
R_7e8761ksnbKSzHb,backward,42,NA,NA,NA,NA,NA,NA,NA,NA,NA
R_6duo4DnRSNjlfcv,backward,33,NA,NA,NA,NA,NA,NA,NA,NA,NA
R_6Lb93lEDSAXzlYP,backward,16,NA,NA,NA,NA,NA,NA,NA,NA,NA
R_6IRJiqgy7D8EdlN,backward,14,NA,NA,NA,NA,NA,NA,NA,NA,NA
R_3ezvjUZIZqxMN84,backward,55,NA,NA,NA,NA,NA,NA,NA,NA,NA
R_59rZHP443Qy3e9u,backward,14,NA,NA,NA,NA,NA,NA,NA,NA,NA
R_1dKqegoApJQUPiF,backward,19,NA,NA,NA,NA,NA,NA,NA,NA,NA
R_3CIKlq94W6g52fL,backward,16,NA,NA,NA,NA,NA,NA,NA,NA,NA
R_5MJOzf4m3CN66nO,backward,33,NA,NA,NA,NA,NA,NA,NA,NA,NA
R_54ueocfLdSiYRPc,backward,19,NA,NA,NA,NA,NA,NA,NA,NA,NA
R_3hwbBt4HzAYGkW5,backward,17,NA,NA,NA,NA,NA,NA,NA,NA,NA
R_5oGZVZkN8GPmvDu,backward,8,NA,NA,NA,NA,NA,NA,NA,NA,NA
R_3mwjaLiefXYD6zn,backward,13,NA,NA,NA,NA,NA,NA,NA,NA,NA
R_53jtxwV5D80tWTp,backward,10,NA,NA,NA,NA,NA,NA,NA,NA,NA
R_5emKvLJQ5mNurA8,backward,10,NA,NA,NA,NA,NA,NA,NA,NA,NA
R_3Gc97wMAwic5i81,backward,31,NA,NA,NA,NA,NA,NA,NA,NA,NA
R_3HCaouu0hPBxl91,backward,17,NA,NA,NA,NA,NA,NA,NA,NA,NA
R_510fWb2szHYiICL,backward,27,NA,NA,NA,NA,NA,NA,NA,NA,NA
R_6PlAbIdT4cFvWRX,backward,41,NA,NA,NA,NA,NA,NA,NA,NA,NA
R_63kHnAStzZNKVTk,backward,64,NA,NA,NA,NA,NA,NA,NA,NA,NA
R_3JPHMZPeON0dzDo,backward,22,NA,NA,NA,NA,NA,NA,NA,NA,NA
R_5PwpRWq2xsHvRu1,backward,34,NA,NA,NA,NA,NA,NA,NA,NA,NA
R_534A7G2P3GqJx0o,backward,26,NA,NA,NA,NA,NA,NA,NA,NA,NA
R_1iF0Am0qWqE3Zm5,backward,11,NA,NA,NA,NA,NA,NA,NA,NA,NA
R_3JIXTx8GYV6ZhPo,backward,42,NA,NA,NA,NA,NA,NA,NA,NA,NA
R_6PB4oruzJdKsAAF,backward,35,NA,NA,NA,NA,NA,NA,NA,NA,NA
R_110lLgXflxCW3Pd,backward,59,NA,NA,NA,NA,NA,NA,NA,NA,NA
R_6P1KrLFxtlSq4AH,backward,75,NA,NA,NA,NA,NA,NA,NA,NA,NA
R_3CHrR4qYf8ublzO,backward,34,NA,NA,NA,NA,NA,NA,NA,NA,NA
R_63oDp7dvIVwghLb,backward,26,NA,NA,NA,NA,NA,NA,NA,NA,NA
R_14rOBZzYwHnUg8h,backward,3,NA,NA,NA,NA,NA,NA,NA,NA,NA
R_3m3GLVrFtdEYpXR,backward,40,NA,NA,NA,NA,NA,NA,NA,NA,NA
R_7n2l0COVyUlpRSx,backward,14,NA,NA,NA,NA,NA,NA,NA,NA,NA
R_1gGVybSOHS6FV75,backward,25,NA,NA,NA,NA,NA,NA,NA,NA,NA
R_7ImW3GX10ehIT5f,backward,9,NA,NA,NA,NA,NA,NA,NA,NA,NA
R_3rxAieDuHmQn3m5,backward,9,NA,NA,NA,NA,NA,NA,NA,NA,NA
R_6HtsLVDUHuZIEdX,backward,16,NA,NA,NA,NA,NA,NA,NA,NA,NA
R_3taiEQh08vr599J,backward,40,NA,NA,NA,NA,NA,NA,NA,NA,NA
R_368RN4ifFAC5JW0,backward,11,NA,NA,NA,NA,NA,NA,NA,NA,NA
R_6Z0xQWINFzhCm89,backward,28,NA,NA,NA,NA,NA,NA,NA,NA,NA
R_1I6kXKCeh11qmaA,backward,36,NA,NA,NA,NA,NA,NA,NA,NA,NA
R_5PuOOSmb7McSmiY,backward,10,NA,NA,NA,NA,NA,NA,NA,NA,NA
R_3JLjQLXEwgPh77r,backward,23,NA,NA,NA,NA,NA,NA,NA,NA,NA
R_3pQLZ9PdfbujEw9,backward,19,NA,NA,NA,NA,NA,NA,NA,NA,NA
R_6QELQ5nf4G6SBp9,backward,17,NA,NA,NA,NA,NA,NA,NA,NA,NA
R_6Kg20suJZEIOyaG,backward,9,NA,NA,NA,NA,NA,NA,NA,NA,NA
R_3EgunHQDLOx9lN4,backward,8,NA,NA,NA,NA,NA,NA,NA,NA,NA
R_6EzZOxC1CYsxJaV,backward,42,NA,NA,NA,NA,NA,NA,NA,NA,NA
R_5Ms8vocF7ExWJ4J,backward,5,NA,NA,NA,NA,NA,NA,NA,NA,NA
R_1qKDTIENhXNQUp6,backward,22,NA,NA,NA,NA,NA,NA,NA,NA,NA
R_1fCj56SY27ZSYOW,backward,23,NA,NA,NA,NA,NA,NA,NA,NA,NA
R_3R9sKFFvOyYQ9fu,backward,13,NA,NA,NA,NA,NA,NA,NA,NA,NA
R_5X0Wx8b1yVLgsxm,backward,12,NA,NA,NA,NA,NA,NA,NA,NA,NA
R_7kQUpud6fBHppWp,backward,34,NA,NA,NA,NA,NA,NA,NA,NA,NA
R_117XRmMyJtzPwbL,backward,4,NA,NA,NA,NA,NA,NA,NA,NA,NA
R_1bUCRQbgvYuvOC3,backward,3,NA,NA,NA,NA,NA,NA,NA,NA,NA
R_5Cddz52Ww2sCbUj,backward,6,NA,NA,NA,NA,NA,NA,NA,NA,NA
R_6FRQRuAWC0iFIfP,backward,27,NA,NA,NA,NA,NA,NA,NA,NA,NA
R_5yTlQ4hsffr0EP7,backward,26,NA,NA,NA,NA,NA,NA,NA,NA,NA
R_5QzgQPbIv9RYH2N,backward,13,NA,NA,NA,NA,NA,NA,NA,NA,NA
R_7r9tsaPWu1L9o7d,backward,8,NA,NA,NA,NA,NA,NA,NA,NA,NA
R_6r0GI2BSGanaXKx,backward,4,NA,NA,NA,NA,NA,NA,NA,NA,NA
R_1dMwdkgYMunGCh0,backward,14,NA,NA,NA,NA,NA,NA,NA,NA,NA
R_5gRT7ssyup3yk8k,backward,2,NA,NA,NA,NA,NA,NA,NA,NA,NA
R_1THIC5zBbiFJOQa,backward,6,NA,NA,NA,NA,NA,NA,NA,NA,NA
R_6azcTDcUJaB0EU2,backward,33,NA,NA,NA,NA,NA,NA,NA,NA,NA
R_7AXNSwjez7M6qi6,backward,14,NA,NA,NA,NA,NA,NA,NA,NA,NA
R_3YiEkC5bfQZYpDb,backward,12,NA,NA,NA,NA,NA,NA,NA,NA,NA
R_5CwAAhejXw9Bv6r,backward,35,NA,NA,NA,NA,NA,NA,NA,NA,NA
R_73h2ACNMlw07Tb3,backward,39,NA,NA,NA,NA,NA,NA,NA,NA,NA
R_5pWV5Ieudxq5o8u,backward,18,NA,NA,NA,NA,NA,NA,NA,NA,NA
R_5QJMvymDkYRi6Wy,backward,21,NA,NA,NA,NA,NA,NA,NA,NA,NA
R_3EoaabitMKGa9CX,backward,56,NA,NA,NA,NA,NA,NA,NA,NA,NA
R_3pxwHrISJ73Z09f,backward,35,NA,NA,NA,NA,NA,NA,NA,NA,NA
R_6fyVNjVZZSTGLjr,backward,30,NA,NA,NA,NA,NA,NA,NA,NA,NA
R_3qWytmZlwh7g3pD,backward,16,NA,NA,NA,NA,NA,NA,NA,NA,NA
R_1wiqml7CqcO9fJc,backward,3,NA,NA,NA,NA,NA,NA,NA,NA,NA
R_6R47ULyeULamU79,backward,8,NA,NA,NA,NA,NA,NA,NA,NA,NA
R_6282rjAlHjKhjBn,backward,182,NA,NA,NA,NA,NA,NA,NA,NA,NA
R_7oZUxBt84cIu3no,backward,7,NA,NA,NA,NA,NA,NA,NA,NA,NA
R_1usFvDckwG9aKfT,backward,17,NA,NA,NA,NA,NA,NA,NA,NA,NA
R_5pPUuN6I0PMXOky,backward,17,NA,NA,NA,NA,NA,NA,NA,NA,NA
R_1iXxr72nhUxHpRa,backward,16,NA,NA,NA,NA,NA,NA,NA,NA,NA
R_6knNxPVw9x9fF73,backward,28,NA,NA,NA,NA,NA,NA,NA,NA,NA
R_6nj4PxKXwDZAYGB,backward,23,NA,NA,NA,NA,NA,NA,NA,NA,NA
R_3Bll1RAdBC71qAH,backward,24,NA,NA,NA,NA,NA,NA,NA,NA,NA
R_34CSnDj0tapyBNR,backward,30,NA,NA,NA,NA,NA,NA,NA,NA,NA
R_6fpcB1NxbDENclK,backward,11,NA,NA,NA,NA,NA,NA,NA,NA,NA
R_11yVxggno6ipFZf,backward,25,NA,NA,NA,NA,NA,NA,NA,NA,NA
R_69sOz7tYvGZJ7TX,backward,28,NA,NA,NA,NA,NA,NA,NA,NA,NA
R_3apcaFA39buolnH,backward,61,NA,NA,NA,NA,NA,NA,NA,NA,NA
R_62hfDodb4Pl5gsW,backward,23,NA,NA,NA,NA,NA,NA,NA,NA,NA
R_3IYFhH4AVfi5SU4,backward,12,NA,NA,NA,NA,NA,NA,NA,NA,NA
R_1EEZid30ciXrRtg,backward,48,NA,NA,NA,NA,NA,NA,NA,NA,NA
R_1P46rs7iP1Q8xa1,backward,18,NA,NA,NA,NA,NA,NA,NA,NA,NA
R_10reeoRiFs8z6wD,backward,22,NA,NA,NA,NA,NA,NA,NA,NA,NA
R_3TgGtDinRHTixZ7,backward,10,NA,NA,NA,NA,NA,NA,NA,NA,NA
R_12RLVDIlLQUpEz9,backward,55,NA,NA,NA,NA,NA,NA,NA,NA,NA
R_5JCPeYF2WLNVKmi,backward,84,NA,NA,NA,NA,NA,NA,NA,NA,NA
R_3NxpEzVJWgqn2HT,backward,27,NA,NA,NA,NA,NA,NA,NA,NA,NA
R_3HakmudRMRI1knn,backward,23,NA,NA,NA,NA,NA,NA,NA,NA,NA
R_1zaC4KKkpFdsAF3,backward,17,NA,NA,NA,NA,NA,NA,NA,NA,NA
R_1lB7v1yTsdkMDH5,backward,27,NA,NA,NA,NA,NA,NA,NA,NA,NA
R_5QLSpjSIqS92eJI,backward,26,NA,NA,NA,NA,NA,NA,NA,NA,NA
R_3DZVGCZmtQxTPUt,backward,25,NA,NA,NA,NA,NA,NA,NA,NA,NA
R_3BmJCJq5OyzQIHw,backward,22,NA,NA,NA,NA,NA,NA,NA,NA,NA
R_6TvIzUDFHM6Xwxj,backward,13,NA,NA,NA,NA,NA,NA,NA,NA,NA
R_6fH7Sj36Qm6Csoc,backward,53,NA,NA,NA,NA,NA,NA,NA,NA,NA
R_3ezwTPNEaOtqM2l,backward,6,NA,NA,NA,NA,NA,NA,NA,NA,NA
R_5LFNZGgMR6irjRk,backward,25,NA,NA,NA,NA,NA,NA,NA,NA,NA
R_1cWppQI8sFXcxZn,backward,22,NA,NA,NA,NA,NA,NA,NA,NA,NA
R_5mPGqlyTQyb85Z7,backward,19,NA,NA,NA,NA,NA,NA,NA,NA,NA
R_5MUgJCCKHpGQFyh,backward,24,NA,NA,NA,NA,NA,NA,NA,NA,NA
R_64eBwO9B3qU6bOr,backward,10,NA,NA,NA,NA,NA,NA,NA,NA,NA
R_6A1mSSPz0JkNY0j,backward,13,NA,NA,NA,NA,NA,NA,NA,NA,NA
R_5jkXyaDXj6EC1UC,backward,31,NA,NA,NA,NA,NA,NA,NA,NA,NA
R_7r1dMbFHKeJ8fDB,backward,13,NA,NA,NA,NA,NA,NA,NA,NA,NA
R_1y3Glp8qMC61kf7,backward,92,NA,NA,NA,NA,NA,NA,NA,NA,NA
R_5qerMl24W0XhmRU,backward,38,NA,NA,NA,NA,NA,NA,NA,NA,NA
R_3eoQELrvqUADqpj,backward,24,NA,NA,NA,NA,NA,NA,NA,NA,NA
R_6QZ3yYEgAKQp4sb,backward,46,NA,NA,NA,NA,NA,NA,NA,NA,NA
R_7WYIV5lWbTX2h0g,backward,39,NA,NA,NA,NA,NA,NA,NA,NA,NA
R_59miRsQACZxvDPg,backward,18,NA,NA,NA,NA,NA,NA,NA,NA,NA
R_5gXjTTNCu5VPgTD,backward,12,NA,NA,NA,NA,NA,NA,NA,NA,NA
R_6xVNQM6vMMsuW48,backward,7,NA,NA,NA,NA,NA,NA,NA,NA,NA
R_3GHwOks4gieoCwV,backward,16,NA,NA,NA,NA,NA,NA,NA,NA,NA
R_3hGU86BDXCNEvnA,backward,23,NA,NA,NA,NA,NA,NA,NA,NA,NA
R_61AGy684fKd4XxW,backward,13,NA,NA,NA,NA,NA,NA,NA,NA,NA
R_6yjWiVIZPpt74s2,backward,67,NA,NA,NA,NA,NA,NA,NA,NA,NA
R_1RTUoQeSirXOH8y,backward,31,NA,NA,NA,NA,NA,NA,NA,NA,NA
R_6lilOPLuG27eh8t,backward,11,NA,NA,NA,NA,NA,NA,NA,NA,NA
R_5bV9l3jbN0edBQJ,backward,25,NA,NA,NA,NA,NA,NA,NA,NA,NA
R_3QuWUhTXWKUQgBA,backward,4,NA,NA,NA,NA,NA,NA,NA,NA,NA
R_50gu8p89YTdbaGB,backward,39,NA,NA,NA,NA,NA,NA,NA,NA,NA
R_5hRIMt7kphqtvKp,backward,20,NA,NA,NA,NA,NA,NA,NA,NA,NA
R_51MkHS6TzID5bJu,backward,3,NA,NA,NA,NA,NA,NA,NA,NA,NA
R_52VtSYbyVw3x3Hf,backward,17,NA,NA,NA,NA,NA,NA,NA,NA,NA
R_3DvWZDTwm6VPFkk,backward,39,NA,NA,NA,NA,NA,NA,NA,NA,NA
R_6YFLp3o6W7FBSoZ,backward,31,NA,NA,NA,NA,NA,NA,NA,NA,NA
R_7lVpxgZtABE2ZDe,backward,40,NA,NA,NA,NA,NA,NA,NA,NA,NA
R_6CNgpmbSSQivjZ6,backward,23,NA,NA,NA,NA,NA,NA,NA,NA,NA
R_52bhuZQ1FTtFeOo,backward,34,NA,NA,NA,NA,NA,NA,NA,NA,NA
R_1KrOIDSEKoCALKj,backward,22,NA,NA,NA,NA,NA,NA,NA,NA,NA
R_7TRz1pCt8JxnMTD,backward,99,NA,NA,NA,NA,NA,NA,NA,NA,NA
R_6mZW3TRC0tPy0y8,backward,40,NA,NA,NA,NA,NA,NA,NA,NA,NA
R_3rjhtvD6uCHcY26,backward,176,NA,NA,NA,NA,NA,NA,NA,NA,NA
R_5ieQC3CL8p4Acvu,backward,9,NA,NA,NA,NA,NA,NA,NA,NA,NA
R_3PG3x1drVzexphP,backward,6,NA,NA,NA,NA,NA,NA,NA,NA,NA
R_6gqKVc0R690cIfY,backward,31,NA,NA,NA,NA,NA,NA,NA,NA,NA
R_3KACePnJ1z4syCL,backward,11,NA,NA,NA,NA,NA,NA,NA,NA,NA
R_7Pr3wrt1tDykVSV,backward,19,NA,NA,NA,NA,NA,NA,NA,NA,NA
R_7SpYXHx5Ok1Eix5,backward,36,NA,NA,NA,NA,NA,NA,NA,NA,NA
R_1CkzVnRudNlLtno,backward,3,NA,NA,NA,NA,NA,NA,NA,NA,NA
R_7p9lvaQO8ZM256t,backward,9,NA,NA,NA,NA,NA,NA,NA,NA,NA
R_7hR4DWnWTfRuHbt,backward,22,NA,NA,NA,NA,NA,NA,NA,NA,NA
R_62Lh9anzPWsFSWR,backward,34,NA,NA,NA,NA,NA,NA,NA,NA,NA
R_6oQEeAW1C8Sk5fr,backward,44,NA,NA,NA,NA,NA,NA,NA,NA,NA
R_63k9HYY1uGiv41z,backward,4,NA,NA,NA,NA,NA,NA,NA,NA,NA
R_6fkYtjQxrD6oli3,backward,38,NA,NA,NA,NA,NA,NA,NA,NA,NA
R_5hzPobxx3cQWd9x,backward,30,NA,NA,NA,NA,NA,NA,NA,NA,NA
R_687wZpdHnJSa6s1,backward,16,NA,NA,NA,NA,NA,NA,NA,NA,NA
R_7FEVkaB51bUBiY9,backward,14,NA,NA,NA,NA,NA,NA,NA,NA,NA
R_1C3KePdoC44jcrL,backward,16,NA,NA,NA,NA,NA,NA,NA,NA,NA
R_12JEFsIyEIgnN8m,backward,15,NA,NA,NA,NA,NA,NA,NA,NA,NA
R_5XrJBwwc46yaf17,backward,24,NA,NA,NA,NA,NA,NA,NA,NA,NA
R_5hsZE7q8xVki4tf,backward,21,NA,NA,NA,NA,NA,NA,NA,NA,NA
R_1EcVpen00KTN1eQ,backward,38,NA,NA,NA,NA,NA,NA,NA,NA,NA
R_7CCAmnQWq1tiVrW,backward,8,NA,NA,NA,NA,NA,NA,NA,NA,NA
R_5OSMkQRZ9fbX49g,backward,28,NA,NA,NA,NA,NA,NA,NA,NA,NA
R_66SqQ4rFMOE6kb7,backward,12,NA,NA,NA,NA,NA,NA,NA,NA,NA
R_7lUEuxBmc5rTiVz,backward,5,NA,NA,NA,NA,NA,NA,NA,NA,NA
R_7OlY0B0QIuYioVS,backward,31,NA,NA,NA,NA,NA,NA,NA,NA,NA
R_6FENjMkqjINPjoG,backward,12,NA,NA,NA,NA,NA,NA,NA,NA,NA
R_3UaNECFq3trJdJN,backward,29,NA,NA,NA,NA,NA,NA,NA,NA,NA
R_6g1JEdpq5jmW0o0,backward,7,NA,NA,NA,NA,NA,NA,NA,NA,NA
R_7YSCpknbYk2CBBn,backward,8,NA,NA,NA,NA,NA,NA,NA,NA,NA
R_6Ns81xeDa1trHRT,backward,28,NA,NA,NA,NA,NA,NA,NA,NA,NA
R_1Et09mP2g8QZJk9,backward,9,NA,NA,NA,NA,NA,NA,NA,NA,NA
R_7AXuubILIg61bqx,backward,52,NA,NA,NA,NA,NA,NA,NA,NA,NA
R_1UY6bTMEvndMo16,backward,4,NA,NA,NA,NA,NA,NA,NA,NA,NA
R_1ubb7oRYrC7H9KN,backward,4,NA,NA,NA,NA,NA,NA,NA,NA,NA
R_1sQKElGwKbzWaT4,backward,14,NA,NA,NA,NA,NA,NA,NA,NA,NA
R_6AVfjHRIC0dW2oV,backward,41,NA,NA,NA,NA,NA,NA,NA,NA,NA
R_1erDYw8y5cbURJV,backward,20,NA,NA,NA,NA,NA,NA,NA,NA,NA
R_5ykFg9Z7qj8EqYd,backward,20,NA,NA,NA,NA,NA,NA,NA,NA,NA
R_7CslEyfzWsdB5Uh,backward,19,NA,NA,NA,NA,NA,NA,NA,NA,NA
R_6hdRAPXgAMD48BH,backward,68,NA,NA,NA,NA,NA,NA,NA,NA,NA
R_6bZ6jXFkmL4ISCM,backward,4,NA,NA,NA,NA,NA,NA,NA,NA,NA
R_6CxI7lhejGy2u6l,backward,115,NA,NA,NA,NA,NA,NA,NA,NA,NA
R_10aQhAIh4NUwgXD,backward,31,NA,NA,NA,NA,NA,NA,NA,NA,NA
R_6JP4TMPgFQCx3e9,backward,4,NA,NA,NA,NA,NA,NA,NA,NA,NA
R_1N5ha0td7Lr8NxG,backward,9,NA,NA,NA,NA,NA,NA,NA,NA,NA
R_1m8orKDqvYaSf6d,backward,11,NA,NA,NA,NA,NA,NA,NA,NA,NA
R_6abprdubtBFBP2K,backward,30,NA,NA,NA,NA,NA,NA,NA,NA,NA
R_6tloTjuJcUVrNyN,backward,16,NA,NA,NA,NA,NA,NA,NA,NA,NA
R_3IEqpq2ofLaGqAh,backward,11,NA,NA,NA,NA,NA,NA,NA,NA,NA
R_6tskuQCULW29Xyh,backward,14,NA,NA,NA,NA,NA,NA,NA,NA,NA
R_3mt7yhWDLXxRldi,backward,32,NA,NA,NA,NA,NA,NA,NA,NA,NA
R_6z89mYlnyPfEu3g,backward,56,NA,NA,NA,NA,NA,NA,NA,NA,NA
R_1NU5BN3JVfDKMRr,backward,16,NA,NA,NA,NA,NA,NA,NA,NA,NA
R_3EbqUJouHALfpXI,backward,3,NA,NA,NA,NA,NA,NA,NA,NA,NA
R_3MXMlCYho5U0BjS,backward,40,NA,NA,NA,NA,NA,NA,NA,NA,NA
R_3wLlThS3rWnaZqN,backward,31,NA,NA,NA,NA,NA,NA,NA,NA,NA
R_1MagJj6M1m81abz,backward,38,NA,NA,NA,NA,NA,NA,NA,NA,NA
R_6NmGdQXkMTfQS4F,backward,13,NA,NA,NA,NA,NA,NA,NA,NA,NA
R_1qqnNuTHovah1in,backward,73,NA,NA,NA,NA,NA,NA,NA,NA,NA
R_7IMKkgqcKeI02LA,backward,11,NA,NA,NA,NA,NA,NA,NA,NA,NA
R_6FDKK4xRCwQMfgW,backward,14,NA,NA,NA,NA,NA,NA,NA,NA,NA
R_7P9zbxzfGSX3ZUR,backward,50,NA,NA,NA,NA,NA,NA,NA,NA,NA
R_6mDviHJ3wAdkzTO,backward,21,NA,NA,NA,NA,NA,NA,NA,NA,NA
R_5el7ZVPCNKZMqVO,backward,49,NA,NA,NA,NA,NA,NA,NA,NA,NA
R_5k65jiEj3UV2hbL,backward,3,NA,NA,NA,NA,NA,NA,NA,NA,NA
R_15NhgSyF5mMPXyQ,backward,10,NA,NA,NA,NA,NA,NA,NA,NA,NA
R_6IQrjcZf7CFEcr8,backward,4,NA,NA,NA,NA,NA,NA,NA,NA,NA
R_6prE0ZCBZfLQHfc,backward,12,NA,NA,NA,NA,NA,NA,NA,NA,NA
R_3EyGVEZi2km2cTz,backward,44,NA,NA,NA,NA,NA,NA,NA,NA,NA
R_75WxDuKlDjtEJIx,backward,52,NA,NA,NA,NA,NA,NA,NA,NA,NA
R_12Lphl3P7o03V9L,backward,4,NA,NA,NA,NA,NA,NA,NA,NA,NA
R_3GDmors8Zq7bKHD,backward,15,NA,NA,NA,NA,NA,NA,NA,NA,NA
R_52h7o6WdRs5igrz,backward,47,NA,NA,NA,NA,NA,NA,NA,NA,NA
R_1CZYTxkObfXvm2T,backward,9,NA,NA,NA,NA,NA,NA,NA,NA,NA
R_6zNOAA7zGqbCU7Q,backward,71,NA,NA,NA,NA,NA,NA,NA,NA,NA
R_5TNZ1TTHFzLuGeB,backward,19,NA,NA,NA,NA,NA,NA,NA,NA,NA
R_6bc4vB4XSy5E3E5,backward,14,NA,NA,NA,NA,NA,NA,NA,NA,NA
R_6ctGF2w2Vj8Du7E,backward,16,NA,NA,NA,NA,NA,NA,NA,NA,NA
R_7nwQQefnYbgNk6K,backward,15,NA,NA,NA,NA,NA,NA,NA,NA,NA
R_6jemldQilPDxxPq,backward,41,NA,NA,NA,NA,NA,NA,NA,NA,NA
R_72FUG6eHoDGcJgt,backward,15,NA,NA,NA,NA,NA,NA,NA,NA,NA
R_7rNg0mdjHsG9253,backward,109,NA,NA,NA,NA,NA,NA,NA,NA,NA
R_77xGvqL1e9KPvYc,backward,18,NA,NA,NA,NA,NA,NA,NA,NA,NA
R_11JqfeyuWnBTgtj,backward,26,NA,NA,NA,NA,NA,NA,NA,NA,NA
R_5CK1QuMzp6Be9nK,backward,6,NA,NA,NA,NA,NA,NA,NA,NA,NA
R_61aqs6Ehn74uECd,backward,20,NA,NA,NA,NA,NA,NA,NA,NA,NA
R_23f9qmnzDFbH5yB,backward,21,NA,NA,NA,NA,NA,NA,NA,NA,NA
R_6ZEOAAp2AsC8XJg,backward,20,NA,NA,NA,NA,NA,NA,NA,NA,NA
R_6JXhVpvPcyr0xGI,backward,12,NA,NA,NA,NA,NA,NA,NA,NA,NA
R_7i9vopvadrSotnb,backward,151,NA,NA,NA,NA,NA,NA,NA,NA,NA
R_1VLaN1nWfTUd2xF,backward,25,NA,NA,NA,NA,NA,NA,NA,NA,NA
R_3aRjJwsrix0T9y2,backward,14,NA,NA,NA,NA,NA,NA,NA,NA,NA
R_1XdMkSJIyx8zI2i,backward,43,NA,NA,NA,NA,NA,NA,NA,NA,NA
R_3N3JRVDnyJgFTYl,backward,5,NA,NA,NA,NA,NA,NA,NA,NA,NA
R_13rVKKWL5nyJkI1,backward,15,NA,NA,NA,NA,NA,NA,NA,NA,NA
R_3cbVfpnqjkpC4Iy,backward,41,NA,NA,NA,NA,NA,NA,NA,NA,NA
R_6FIqncmNJDgFXJD,backward,9,NA,NA,NA,NA,NA,NA,NA,NA,NA
R_1SVwLHbcjz1g3eN,backward,50,NA,NA,NA,NA,NA,NA,NA,NA,NA
R_6g9XpDghMj4WnYt,backward,18,NA,NA,NA,NA,NA,NA,NA,NA,NA
R_1Eo8A15sefsiJxF,backward,18,NA,NA,NA,NA,NA,NA,NA,NA,NA
R_6ODk8cjFzriLti9,backward,31,NA,NA,NA,NA,NA,NA,NA,NA,NA
R_5zrbUng5qcWzLnX,backward,16,NA,NA,NA,NA,NA,NA,NA,NA,NA
R_7cnCfommAQNORoM,backward,27,NA,NA,NA,NA,NA,NA,NA,NA,NA
R_5DAqSi5GQFE7sJR,backward,113,NA,NA,NA,NA,NA,NA,NA,NA,NA
R_5PdN0HeDKthblno,backward,24,NA,NA,NA,NA,NA,NA,NA,NA,NA
R_5JGA46sTlbV9wid,backward,16,NA,NA,NA,NA,NA,NA,NA,NA,NA
R_3HAMg9plgn8Q0JH,backward,6,NA,NA,NA,NA,NA,NA,NA,NA,NA
R_1l0l40ezb8ML3LP,backward,60,NA,NA,NA,NA,NA,NA,NA,NA,NA
R_7U0cLEfVhLoXLhL,backward,19,NA,NA,NA,NA,NA,NA,NA,NA,NA
R_6OjoyKCUDn1MNYN,backward,16,NA,NA,NA,NA,NA,NA,NA,NA,NA
R_36lIJLsauTr9axP,backward,29,NA,NA,NA,NA,NA,NA,NA,NA,NA
R_3kPZRcBbAw7p5Cx,backward,10,NA,NA,NA,NA,NA,NA,NA,NA,NA
R_3hsgmOQ1Wgdjdvg,backward,23,NA,NA,NA,NA,NA,NA,NA,NA,NA
R_6rLL41AvE9tWFHz,backward,28,NA,NA,NA,NA,NA,NA,NA,NA,NA
R_3ZHVDOuyDHm8d2w,backward,18,NA,NA,NA,NA,NA,NA,NA,NA,NA
R_6Ga4ABr1YEQwTAZ,backward,8,NA,NA,NA,NA,NA,NA,NA,NA,NA
R_7VBHFRvuctmkFtY,backward,33,NA,NA,NA,NA,NA,NA,NA,NA,NA
R_63otxnqDxIAOEBb,backward,6,NA,NA,NA,NA,NA,NA,NA,NA,NA
R_3EcGVxwgupIbmzG,backward,9,NA,NA,NA,NA,NA,NA,NA,NA,NA
R_3YTpHNcKL34p3DX,backward,6,NA,NA,NA,NA,NA,NA,NA,NA,NA
R_5otXsFAFCXV9jKW,backward,5,NA,NA,NA,NA,NA,NA,NA,NA,NA
R_6fkBsPQoDEzc8iY,backward,19,NA,NA,NA,NA,NA,NA,NA,NA,NA
R_6JK1H5Gtm3Rece2,backward,29,NA,NA,NA,NA,NA,NA,NA,NA,NA
R_5rv6wIPeIcuO4RL,backward,18,NA,NA,NA,NA,NA,NA,NA,NA,NA
R_14bdTVi1IK2fBrb,backward,53,NA,NA,NA,NA,NA,NA,NA,NA,NA
R_5f8RYDSalDc3ypd,backward,63,NA,NA,NA,NA,NA,NA,NA,NA,NA
R_5HDuKEyh25GJDyx,backward,13,NA,NA,NA,NA,NA,NA,NA,NA,NA
R_6f31eVSLHc6Vhzy,backward,36,NA,NA,NA,NA,NA,NA,NA,NA,NA
R_67qZmjcKjsm5wu4,backward,8,NA,NA,NA,NA,NA,NA,NA,NA,NA
R_5G6AF0K3To1mi9h,backward,68,NA,NA,NA,NA,NA,NA,NA,NA,NA
R_5qvzKuJbtplf7nq,backward,20,NA,NA,NA,NA,NA,NA,NA,NA,NA
R_5nCLN5au9Teqao9,backward,12,NA,NA,NA,NA,NA,NA,NA,NA,NA
R_6dGc2clhkRn7mDA,backward,32,NA,NA,NA,NA,NA,NA,NA,NA,NA
R_71ocvHWuEVVnnC8,backward,22,NA,NA,NA,NA,NA,NA,NA,NA,NA
R_1QRSF2JBp1vwZTv,backward,26,NA,NA,NA,NA,NA,NA,NA,NA,NA
R_5uIl7NKMYprfL9c,backward,26,NA,NA,NA,NA,NA,NA,NA,NA,NA
R_5S2zuXAs6fXln1U,backward,25,NA,NA,NA,NA,NA,NA,NA,NA,NA
R_565XigVevuciR22,backward,29,NA,NA,NA,NA,NA,NA,NA,NA,NA
R_6MizoSdlmUtLUnY,backward,23,NA,NA,NA,NA,NA,NA,NA,NA,NA
R_6tioiTtdLvORS9M,backward,7,NA,NA,NA,NA,NA,NA,NA,NA,NA
R_5v6T2aemLcoxbso,backward,44,NA,NA,NA,NA,NA,NA,NA,NA,NA
R_5HjIjZMAzzKgVoe,backward,9,NA,NA,NA,NA,NA,NA,NA,NA,NA
R_61iHWjQ3nQj9APO,backward,26,NA,NA,NA,NA,NA,NA,NA,NA,NA
R_6idhV6rxs3mnfLH,backward,6,NA,NA,NA,NA,NA,NA,NA,NA,NA
R_7K0WB5uwKL4WxH0,backward,50,NA,NA,NA,NA,NA,NA,NA,NA,NA
R_6ocG8ornl9by6dk,backward,22,NA,NA,NA,NA,NA,NA,NA,NA,NA
R_3X3yCHzRkg1oPkt,backward,49,NA,NA,NA,NA,NA,NA,NA,NA,NA
R_7limTmQjLHUOrm1,backward,17,NA,NA,NA,NA,NA,NA,NA,NA,NA
R_3naUfmUnxWhDLLr,backward,12,NA,NA,NA,NA,NA,NA,NA,NA,NA
R_3XpOMbsjzjEvRq9,backward,44,NA,NA,NA,NA,NA,NA,NA,NA,NA
R_53ygWbybMq14fQ2,backward,39,NA,NA,NA,NA,NA,NA,NA,NA,NA
R_7U7h83Gs4v57Jvz,backward,21,NA,NA,NA,NA,NA,NA,NA,NA,NA
R_3v24CYawpcx7NXT,backward,17,NA,NA,NA,NA,NA,NA,NA,NA,NA
R_7Au6x8O5O5uWBax,backward,6,NA,NA,NA,NA,NA,NA,NA,NA,NA
R_61HhcTwtJPrqKLM,backward,4,NA,NA,NA,NA,NA,NA,NA,NA,NA
R_1KCWmimeNIGEeGd,backward,31,NA,NA,NA,NA,NA,NA,NA,NA,NA
R_3rAPTtRV1tuQG9a,backward,9,NA,NA,NA,NA,NA,NA,NA,NA,NA
R_31bHZhSz3OMX69z,backward,1,NA,NA,NA,NA,NA,NA,NA,NA,NA
R_5ensvNeOvJGCaor,backward,20,NA,NA,NA,NA,NA,NA,NA,NA,NA
R_7kWw0D8zLpcxzG1,backward,40,NA,NA,NA,NA,NA,NA,NA,NA,NA
R_3NaLPi7HgTOgaOd,backward,13,NA,NA,NA,NA,NA,NA,NA,NA,NA
R_6FNi7KJnyXOhfFL,backward,27,NA,NA,NA,NA,NA,NA,NA,NA,NA
R_6uUKPhYN0LZBs5E,backward,31,NA,NA,NA,NA,NA,NA,NA,NA,NA
R_12r4VcEo4vZc92g,backward,9,NA,NA,NA,NA,NA,NA,NA,NA,NA
R_1Nb8kDeukNVUKDQ,backward,118,NA,NA,NA,NA,NA,NA,NA,NA,NA
R_1fWOceWujGcWFix,backward,29,NA,NA,NA,NA,NA,NA,NA,NA,NA
R_3Hnvfm1pUTJYH9V,backward,58,NA,NA,NA,NA,NA,NA,NA,NA,NA
R_1dGpJ5m7oL0Kywp,backward,11,NA,NA,NA,NA,NA,NA,NA,NA,NA
R_1atRfPEuM2DkCuC,backward,39,NA,NA,NA,NA,NA,NA,NA,NA,NA
R_7uyrUrvHnFjSo8L,backward,12,NA,NA,NA,NA,NA,NA,NA,NA,NA
R_6DzENrZoA6e6V6h,backward,54,NA,NA,NA,NA,NA,NA,NA,NA,NA
R_7k2p7DvjeJpcUqg,backward,23,NA,NA,NA,NA,NA,NA,NA,NA,NA
R_5EZ3T9VN0TGIq9R,backward,21,NA,NA,NA,NA,NA,NA,NA,NA,NA
R_6QCBAwd8KZnQjn3,backward,44,NA,NA,NA,NA,NA,NA,NA,NA,NA
R_5Kvt1o4t5p8M82t,backward,10,NA,NA,NA,NA,NA,NA,NA,NA,NA
R_1qWKXO7xBM1eVd7,backward,16,NA,NA,NA,NA,NA,NA,NA,NA,NA
R_6f0yF2PuF0XVMFn,backward,12,NA,NA,NA,NA,NA,NA,NA,NA,NA
R_1UJ6DEVe3yHxXHj,backward,38,NA,NA,NA,NA,NA,NA,NA,NA,NA
R_5lGMX7EtP2qITB4,backward,62,NA,NA,NA,NA,NA,NA,NA,NA,NA
R_16btGHwAUJGL0L3,backward,130,NA,NA,NA,NA,NA,NA,NA,NA,NA
R_5aXO6P8XpxXwDQn,backward,10,NA,NA,NA,NA,NA,NA,NA,NA,NA
R_52QB5QmNmhemUUa,backward,26,NA,NA,NA,NA,NA,NA,NA,NA,NA
R_3CJComq7UKvKaWm,backward,12,NA,NA,NA,NA,NA,NA,NA,NA,NA
R_5uVyNZ4Qa5qmUcI,backward,12,NA,NA,NA,NA,NA,NA,NA,NA,NA
R_1d5AjpxB7Q8XDax,backward,65,NA,NA,NA,NA,NA,NA,NA,NA,NA
R_3PSkTv5FhcHENfp,backward,18,NA,NA,NA,NA,NA,NA,NA,NA,NA
R_5oLzFT60wzc7WMJ,backward,13,NA,NA,NA,NA,NA,NA,NA,NA,NA
R_6PLX4ke4JqxtlUr,backward,13,NA,NA,NA,NA,NA,NA,NA,NA,NA
R_6Lp7bNYga1K90n7,backward,109,NA,NA,NA,NA,NA,NA,NA,NA,NA
R_7DSGu1ESRGQmzTA,backward,14,NA,NA,NA,NA,NA,NA,NA,NA,NA
R_1DqDzhcwUrpOwpq,backward,16,NA,NA,NA,NA,NA,NA,NA,NA,NA
R_5us736tYOJXuMOv,backward,18,NA,NA,NA,NA,NA,NA,NA,NA,NA
R_3fQ8WFc9iH62SIP,backward,122,NA,NA,NA,NA,NA,NA,NA,NA,NA
R_7sskP28WVjhoiip,backward,51,NA,NA,NA,NA,NA,NA,NA,NA,NA
R_3WnGMZya8KmqNFf,backward,60,NA,NA,NA,NA,NA,NA,NA,NA,NA
R_38FzpcMS6AZ6l2a,backward,8,NA,NA,NA,NA,NA,NA,NA,NA,NA
R_6JarKZqrzf5Cg58,backward,26,NA,NA,NA,NA,NA,NA,NA,NA,NA
R_1ohxtdEtuQCxdLz,backward,46,NA,NA,NA,NA,NA,NA,NA,NA,NA
R_7r3b0XAzfMgTV05,backward,9,NA,NA,NA,NA,NA,NA,NA,NA,NA
R_72tNbmL3KeQNd3o,backward,50,NA,NA,NA,NA,NA,NA,NA,NA,NA
R_7N1VonQuusM4GHA,backward,12,NA,NA,NA,NA,NA,NA,NA,NA,NA
R_5qymPmby3UW8KsA,backward,17,NA,NA,NA,NA,NA,NA,NA,NA,NA
R_7GizpHeW1k7J0QN,backward,17,NA,NA,NA,NA,NA,NA,NA,NA,NA
R_3wuJ6M7nzwJm3el,backward,137,NA,NA,NA,NA,NA,NA,NA,NA,NA
R_1CBDF1734B699cz,backward,29,NA,NA,NA,NA,NA,NA,NA,NA,NA
R_5kz9n0XjyQS4qBh,backward,27,NA,NA,NA,NA,NA,NA,NA,NA,NA
R_5TG1eqOm0lD26sb,backward,30,NA,NA,NA,NA,NA,NA,NA,NA,NA
R_7DMkXM9PgYboduG,backward,41,NA,NA,NA,NA,NA,NA,NA,NA,NA
R_11bTHYUX2tFnn86,backward,112,NA,NA,NA,NA,NA,NA,NA,NA,NA
R_1hExR7HfPLEXkYC,backward,19,NA,NA,NA,NA,NA,NA,NA,NA,NA
R_5o7vqNG0ZYW2zzX,backward,5,NA,NA,NA,NA,NA,NA,NA,NA,NA
R_50OuekYYaRebGH8,backward,23,NA,NA,NA,NA,NA,NA,NA,NA,NA
R_7zBZ5odq3la9HQx,backward,58,NA,NA,NA,NA,NA,NA,NA,NA,NA
R_114ML5JdbJ2QVeF,backward,52,NA,NA,NA,NA,NA,NA,NA,NA,NA
R_5CVFjso5LYWmYvm,backward,194,NA,NA,NA,NA,NA,NA,NA,NA,NA
R_1nSXSF69Fj6A6Aq,backward,13,NA,NA,NA,NA,NA,NA,NA,NA,NA
R_3qh3BOBeX0lzN1R,backward,11,NA,NA,NA,NA,NA,NA,NA,NA,NA
R_5bIw43ZaxillTKZ,backward,42,NA,NA,NA,NA,NA,NA,NA,NA,NA
R_3sQDnAouU61EywV,backward,5,NA,NA,NA,NA,NA,NA,NA,NA,NA
R_7YzeN2wLvpp9DGo,backward,15,NA,NA,NA,NA,NA,NA,NA,NA,NA
R_1elBrxH5CATanhl,backward,22,NA,NA,NA,NA,NA,NA,NA,NA,NA
R_7cyWggWHN0Rb6A9,backward,34,NA,NA,NA,NA,NA,NA,NA,NA,NA
R_7szTXv2SUH8tQsd,backward,7,NA,NA,NA,NA,NA,NA,NA,NA,NA
R_6s4lx4aXT7fJKqq,backward,12,NA,NA,NA,NA,NA,NA,NA,NA,NA
R_5mvZzmluHVTnTJS,backward,13,NA,NA,NA,NA,NA,NA,NA,NA,NA
R_5VkD1aNxz8bGvyV,backward,22,NA,NA,NA,NA,NA,NA,NA,NA,NA
R_1rPmxuvJ1y1UF5P,backward,8,NA,NA,NA,NA,NA,NA,NA,NA,NA
R_7VnzoyFBzCt7RYt,backward,31,NA,NA,NA,NA,NA,NA,NA,NA,NA
R_7OoAaKhH6siQJ8f,backward,17,NA,NA,NA,NA,NA,NA,NA,NA,NA
R_1V1qzro86tDc7yh,backward,73,NA,NA,NA,NA,NA,NA,NA,NA,NA
R_7dzVN2ipz7eHW44,backward,60,NA,NA,NA,NA,NA,NA,NA,NA,NA
R_1PaxR7Y1d3nn1Hb,backward,12,NA,NA,NA,NA,NA,NA,NA,NA,NA
R_6cAvIrZRQxEU46o,backward,36,NA,NA,NA,NA,NA,NA,NA,NA,NA
R_1OlhLI5FbUiqblQ,backward,39,NA,NA,NA,NA,NA,NA,NA,NA,NA
R_6SGP8WVAD6WrQQo,backward,46,NA,NA,NA,NA,NA,NA,NA,NA,NA
R_71MyZrEzivNKIr4,backward,21,NA,NA,NA,NA,NA,NA,NA,NA,NA
R_1gXZKv9bHLM1Qum,backward,63,NA,NA,NA,NA,NA,NA,NA,NA,NA
R_7rY6HTyjtVhS0LL,backward,17,NA,NA,NA,NA,NA,NA,NA,NA,NA
R_5WQgt2WrBXH0cq5,backward,23,NA,NA,NA,NA,NA,NA,NA,NA,NA
R_5k3VAJGc4vqxeYp,backward,15,NA,NA,NA,NA,NA,NA,NA,NA,NA
R_5zPfXdsoIriZYnn,backward,66,NA,NA,NA,NA,NA,NA,NA,NA,NA
R_6B2pcb29TPmlDYo,backward,71,NA,NA,NA,NA,NA,NA,NA,NA,NA
R_3rIjVOPBevZQwya,backward,25,NA,NA,NA,NA,NA,NA,NA,NA,NA
R_3S2i1upJgyk6uR5,backward,33,NA,NA,NA,NA,NA,NA,NA,NA,NA
R_6Wi9vJZFy9ehwVb,backward,29,NA,NA,NA,NA,NA,NA,NA,NA,NA
R_68UujY4ueGBgwfT,backward,2,NA,NA,NA,NA,NA,NA,NA,NA,NA
R_6nemj119xDn7kLj,backward,33,NA,NA,NA,NA,NA,NA,NA,NA,NA
R_3Gv4fri9xdxjCi5,backward,41,NA,NA,NA,NA,NA,NA,NA,NA,NA
R_6kvpPvpDt4ZBqow,backward,23,NA,NA,NA,NA,NA,NA,NA,NA,NA
R_6qPVMhvPdgKzFv5,backward,46,NA,NA,NA,NA,NA,NA,NA,NA,NA
R_5m1Mt5YAfTNizcp,backward,16,NA,NA,NA,NA,NA,NA,NA,NA,NA
R_1MRn0qrwM2KZ18N,backward,73,NA,NA,NA,NA,NA,NA,NA,NA,NA
R_59kNMoHglufHIUV,backward,49,NA,NA,NA,NA,NA,NA,NA,NA,NA
R_5qXgRGigVCWWUKZ,backward,28,NA,NA,NA,NA,NA,NA,NA,NA,NA
R_3l5oI7jIrIFspGh,backward,26,NA,NA,NA,NA,NA,NA,NA,NA,NA
R_1qCdq6QkBglvXvW,backward,44,NA,NA,NA,NA,NA,NA,NA,NA,NA
R_5MPS1bDbucGiXhy,backward,10,NA,NA,NA,NA,NA,NA,NA,NA,NA
R_4C9fl8kcQr8YBjA,backward,27,NA,NA,NA,NA,NA,NA,NA,NA,NA
R_7P0jTFM2pSJ0t8g,backward,6,NA,NA,NA,NA,NA,NA,NA,NA,NA
R_6ilssWAIPWGNVCR,backward,14,NA,NA,NA,NA,NA,NA,NA,NA,NA
R_1C5usWrTTTwbLQR,backward,40,NA,NA,NA,NA,NA,NA,NA,NA,NA
R_5cSoriTI76K8OOU,backward,17,NA,NA,NA,NA,NA,NA,NA,NA,NA
R_55Pnqdmue1bJFlL,backward,52,NA,NA,NA,NA,NA,NA,NA,NA,NA
R_3Do90oZmkPYPKRA,backward,20,NA,NA,NA,NA,NA,NA,NA,NA,NA
R_1i4XUYAUK5opFAy,backward,24,NA,NA,NA,NA,NA,NA,NA,NA,NA
R_3EtJIxDCM6MxB7j,backward,8,NA,NA,NA,NA,NA,NA,NA,NA,NA
R_3MQF9AJxg8UkmAX,backward,30,NA,NA,NA,NA,NA,NA,NA,NA,NA
R_3Z6uK8BjifPJxSh,backward,20,NA,NA,NA,NA,NA,NA,NA,NA,NA
R_6aB9ePxc45dkM5b,backward,49,NA,NA,NA,NA,NA,NA,NA,NA,NA
R_62X2PmlrmAiUNDO,backward,42,NA,NA,NA,NA,NA,NA,NA,NA,NA
R_6q3Ek5AeDqzlnhW,backward,40,NA,NA,NA,NA,NA,NA,NA,NA,NA
R_7EGPIF4UCV5BM2p,backward,37,NA,NA,NA,NA,NA,NA,NA,NA,NA
R_5rCyRZZRnnWlgQw,backward,82,NA,NA,NA,NA,NA,NA,NA,NA,NA
R_5ogf8jZrZENb0xr,backward,11,NA,NA,NA,NA,NA,NA,NA,NA,NA
R_6fOeuVAXyfUZiPU,backward,11,NA,NA,NA,NA,NA,NA,NA,NA,NA
R_5zATEitFMEk9XqJ,backward,4,NA,NA,NA,NA,NA,NA,NA,NA,NA
R_6feoyOzFHT9Tfnx,backward,5,NA,NA,NA,NA,NA,NA,NA,NA,NA
R_6PT3R98dE3EYQRH,backward,53,NA,NA,NA,NA,NA,NA,NA,NA,NA
R_6dMTRLuQDfjk946,backward,8,NA,NA,NA,NA,NA,NA,NA,NA,NA
R_1QcKiERrO59xNAK,backward,10,NA,NA,NA,NA,NA,NA,NA,NA,NA
R_3ErSCcHmhyPfuTf,backward,16,NA,NA,NA,NA,NA,NA,NA,NA,NA
R_6nOXsWwTV8T7lWV,backward,29,NA,NA,NA,NA,NA,NA,NA,NA,NA
R_31vbwzH1TUVxeER,backward,19,NA,NA,NA,NA,NA,NA,NA,NA,NA
R_7bDZ4PX1FHQ1uDf,backward,24,NA,NA,NA,NA,NA,NA,NA,NA,NA
R_54pyoRydG8fXfK2,backward,34,NA,NA,NA,NA,NA,NA,NA,NA,NA
R_7dfKmGRfdVBq5MG,backward,21,NA,NA,NA,NA,NA,NA,NA,NA,NA
R_5GwdGLICuhFF463,backward,11,NA,NA,NA,NA,NA,NA,NA,NA,NA
R_54ylM8iTc47zFrb,backward,39,NA,NA,NA,NA,NA,NA,NA,NA,NA
R_52xWXWTjvVDpvfV,backward,8,NA,NA,NA,NA,NA,NA,NA,NA,NA
R_18FX1HGQzon6rR6,backward,7,NA,NA,NA,NA,NA,NA,NA,NA,NA
R_7bJDT2aFHKjSNb3,backward,7,NA,NA,NA,NA,NA,NA,NA,NA,NA
R_6q4UflCSgmvaEBr,backward,15,NA,NA,NA,NA,NA,NA,NA,NA,NA
R_6n8H0By07CiVpXx,backward,28,NA,NA,NA,NA,NA,NA,NA,NA,NA
R_3qdGETEsOLugqWL,backward,37,NA,NA,NA,NA,NA,NA,NA,NA,NA
R_6kIHKChnNPXb3cg,backward,8,NA,NA,NA,NA,NA,NA,NA,NA,NA
R_5p3ATDmE4VkFOq1,backward,13,NA,NA,NA,NA,NA,NA,NA,NA,NA
R_1CO3NBWDipYluLr,backward,15,NA,NA,NA,NA,NA,NA,NA,NA,NA
R_5e9Nsx17T3hwBAc,backward,16,NA,NA,NA,NA,NA,NA,NA,NA,NA
R_1QVD3xI810fDGSw,backward,32,NA,NA,NA,NA,NA,NA,NA,NA,NA
R_33VqCtsDEflnLeh,backward,28,NA,NA,NA,NA,NA,NA,NA,NA,NA
R_1OW1nhkjpfnnB4k,backward,19,NA,NA,NA,NA,NA,NA,NA,NA,NA
R_1TYWmhVwh5ZW17X,backward,16,NA,NA,NA,NA,NA,NA,NA,NA,NA
R_7ZNwwXHRga40EbY,backward,25,NA,NA,NA,NA,NA,NA,NA,NA,NA
R_5n8cmJOLbnM1SeM,backward,61,NA,NA,NA,NA,NA,NA,NA,NA,NA
R_6BXZjCQplL9iX4W,backward,12,NA,NA,NA,NA,NA,NA,NA,NA,NA
R_1LUuvyEoU61PN5q,backward,22,NA,NA,NA,NA,NA,NA,NA,NA,NA
R_3L22hippk4tZ7r3,backward,27,NA,NA,NA,NA,NA,NA,NA,NA,NA
R_5uK6r8pWCE1qyHy,backward,17,NA,NA,NA,NA,NA,NA,NA,NA,NA
R_35Qtgmp6oy46Q7f,backward,56,NA,NA,NA,NA,NA,NA,NA,NA,NA
R_7DMnKJvbM1Nyxd4,backward,51,NA,NA,NA,NA,NA,NA,NA,NA,NA
R_5K76QI6UDF9ZsYp,backward,11,NA,NA,NA,NA,NA,NA,NA,NA,NA
R_6stCjDfYlkQVYKB,backward,84,NA,NA,NA,NA,NA,NA,NA,NA,NA
R_1JezlHsnsqgW8m1,backward,37,NA,NA,NA,NA,NA,NA,NA,NA,NA
R_3HoCwYcItTSeLqy,backward,30,NA,NA,NA,NA,NA,NA,NA,NA,NA
R_3n0H0fpRk03aNgQ,backward,9,NA,NA,NA,NA,NA,NA,NA,NA,NA
R_6uCK7th7IcsNk7m,backward,23,NA,NA,NA,NA,NA,NA,NA,NA,NA
R_7CCkgIfb8i0oRCz,backward,7,NA,NA,NA,NA,NA,NA,NA,NA,NA
R_6ZBVUV5I9Q4c8CX,backward,8,NA,NA,NA,NA,NA,NA,NA,NA,NA
R_6FhdpkxNzc7t5L6,backward,28,NA,NA,NA,NA,NA,NA,NA,NA,NA
R_1uL5ebut6hhMeAN,backward,15,NA,NA,NA,NA,NA,NA,NA,NA,NA
R_7Br22oylag6ZU8W,backward,24,NA,NA,NA,NA,NA,NA,NA,NA,NA
R_3anpRb3xn0S0kcK,backward,37,NA,NA,NA,NA,NA,NA,NA,NA,NA
R_3XE3s6zHT1SqCCl,backward,22,NA,NA,NA,NA,NA,NA,NA,NA,NA
R_58UKl9rvdikJPdD,backward,16,NA,NA,NA,NA,NA,NA,NA,NA,NA
R_5tDPm2n5qC9UQ7G,backward,48,NA,NA,NA,NA,NA,NA,NA,NA,NA
R_7ff55xkNgwe3SUc,backward,19,NA,NA,NA,NA,NA,NA,NA,NA,NA
R_61QrqpXya326LaF,backward,12,NA,NA,NA,NA,NA,NA,NA,NA,NA
R_6ElIGdEzy97JpBL,backward,46,NA,NA,NA,NA,NA,NA,NA,NA,NA
R_5PtTLL00ffBeM3e,backward,52,NA,NA,NA,NA,NA,NA,NA,NA,NA
R_5CNGtVSXoshVP3v,backward,24,NA,NA,NA,NA,NA,NA,NA,NA,NA
R_6qdGNbIWWKD7YHf,backward,26,NA,NA,NA,NA,NA,NA,NA,NA,NA
R_1PTrEzATTHcJBWt,backward,64,NA,NA,NA,NA,NA,NA,NA,NA,NA
R_1zqoep7qIRXlk3v,backward,11,NA,NA,NA,NA,NA,NA,NA,NA,NA
R_7q5gYI0z2rOIJqN,backward,36,NA,NA,NA,NA,NA,NA,NA,NA,NA
R_3YigpUhq7LXi0N7,backward,23,NA,NA,NA,NA,NA,NA,NA,NA,NA
R_5q89XaqyBG95fQk,backward,18,NA,NA,NA,NA,NA,NA,NA,NA,NA
R_6SPsmRZboWfpGDf,backward,36,NA,NA,NA,NA,NA,NA,NA,NA,NA
R_3wc6rr7BxVqUwHE,backward,10,NA,NA,NA,NA,NA,NA,NA,NA,NA
R_5CBtyLKPVyvTH8l,backward,11,NA,NA,NA,NA,NA,NA,NA,NA,NA
R_1gp9Vsk8MYj15fZ,backward,25,NA,NA,NA,NA,NA,NA,NA,NA,NA
R_57ZNiOHqzX9DvGN,backward,109,NA,NA,NA,NA,NA,NA,NA,NA,NA
R_7BQU8RuHJjJCovj,backward,15,NA,NA,NA,NA,NA,NA,NA,NA,NA
R_5z16Ow7ptKlKtWN,backward,14,NA,NA,NA,NA,NA,NA,NA,NA,NA
R_50vJLZclzR1Cc7w,backward,38,NA,NA,NA,NA,NA,NA,NA,NA,NA
R_1TYniYpRXvMXM0W,backward,17,NA,NA,NA,NA,NA,NA,NA,NA,NA
R_7mMLLdBmTHX64Uh,backward,42,NA,NA,NA,NA,NA,NA,NA,NA,NA
R_7ixZwbb5uUGx8wp,backward,4,NA,NA,NA,NA,NA,NA,NA,NA,NA
R_5dB5U8XuhIlPZFM,backward,24,NA,NA,NA,NA,NA,NA,NA,NA,NA
R_3LnCb1gA0WmAug1,backward,11,NA,NA,NA,NA,NA,NA,NA,NA,NA
R_5imRf0EKg09w417,backward,24,NA,NA,NA,NA,NA,NA,NA,NA,NA
R_6saW9CejQoBzggd,backward,12,NA,NA,NA,NA,NA,NA,NA,NA,NA
R_3X6DTT9ryef1DEt,backward,11,NA,NA,NA,NA,NA,NA,NA,NA,NA
R_617Aoh84Ot3Lkdh,backward,19,NA,NA,NA,NA,NA,NA,NA,NA,NA
R_5f1AO5oMsHoRG3Q,backward,34,NA,NA,NA,NA,NA,NA,NA,NA,NA
R_3fP3mSpnquITxO5,backward,11,NA,NA,NA,NA,NA,NA,NA,NA,NA
R_5etcttt4zqd9q69,backward,28,NA,NA,NA,NA,NA,NA,NA,NA,NA
R_1vFEykOdYRUrOlH,backward,17,NA,NA,NA,NA,NA,NA,NA,NA,NA
R_3aKXWaRVUF0ZreO,backward,32,NA,NA,NA,NA,NA,NA,NA,NA,NA
R_3V3l7PsTXns1kK6,backward,5,NA,NA,NA,NA,NA,NA,NA,NA,NA
R_3V7EyutNoXnGHzH,backward,20,NA,NA,NA,NA,NA,NA,NA,NA,NA
R_3pfmPUEjeXqUstV,backward,17,NA,NA,NA,NA,NA,NA,NA,NA,NA
R_3jxnZEmj5o90W48,backward,29,NA,NA,NA,NA,NA,NA,NA,NA,NA
R_7FKe4yMSzPl3ay2,backward,36,NA,NA,NA,NA,NA,NA,NA,NA,NA
R_1r2QU72hl8mdVDW,backward,17,NA,NA,NA,NA,NA,NA,NA,NA,NA
R_3KflHXQDfThgotX,backward,23,NA,NA,NA,NA,NA,NA,NA,NA,NA
R_5U0pfx7fVttDDiJ,backward,12,NA,NA,NA,NA,NA,NA,NA,NA,NA
R_7AiONkEjtYvSkYV,backward,60,NA,NA,NA,NA,NA,NA,NA,NA,NA
R_1jZzdDJGy4bLAU9,backward,26,NA,NA,NA,NA,NA,NA,NA,NA,NA
R_69p2KYAWhGmLVOd,backward,4,NA,NA,NA,NA,NA,NA,NA,NA,NA
R_1D7pcZGAdSbuTfe,backward,83,NA,NA,NA,NA,NA,NA,NA,NA,NA
R_5HMiV82nim0YMpX,backward,28,NA,NA,NA,NA,NA,NA,NA,NA,NA
R_1Ns1MsZbDGMANVv,backward,5,NA,NA,NA,NA,NA,NA,NA,NA,NA
R_3lfrRx1M0FJAPks,backward,9,NA,NA,NA,NA,NA,NA,NA,NA,NA
R_3uHw4h2fOdb4qdJ,backward,6,NA,NA,NA,NA,NA,NA,NA,NA,NA
R_7ZU24DcuZ2LrsPI,backward,22,NA,NA,NA,NA,NA,NA,NA,NA,NA
R_1OOyZaBNwAJFLQW,backward,40,NA,NA,NA,NA,NA,NA,NA,NA,NA
R_5rqJnXz1tI737Fh,backward,31,NA,NA,NA,NA,NA,NA,NA,NA,NA
R_6WWHx93j15BYl2N,backward,31,NA,NA,NA,NA,NA,NA,NA,NA,NA
R_5sdxsVk0sTsj4VG,backward,36,NA,NA,NA,NA,NA,NA,NA,NA,NA
R_1rBbNSfxz9HseWc,backward,32,NA,NA,NA,NA,NA,NA,NA,NA,NA
R_6flnPNzhHL5nxp7,backward,30,NA,NA,NA,NA,NA,NA,NA,NA,NA
R_7bVn4jcCvuz60GZ,backward,22,NA,NA,NA,NA,NA,NA,NA,NA,NA
R_3gMmiIL5i2ibXlx,backward,5,NA,NA,NA,NA,NA,NA,NA,NA,NA
R_6RdN0ZkPidrFHxg,backward,2,NA,NA,NA,NA,NA,NA,NA,NA,NA
R_55hA2VxqYj37KSJ,backward,27,NA,NA,NA,NA,NA,NA,NA,NA,NA
R_360u8rApa74rGCJ,backward,60,NA,NA,NA,NA,NA,NA,NA,NA,NA
R_7U8XDTCkTbBStQr,backward,20,NA,NA,NA,NA,NA,NA,NA,NA,NA
R_50HGmdtbsxOMVko,backward,27,NA,NA,NA,NA,NA,NA,NA,NA,NA
R_1e8t0TBtd9l3jNc,backward,33,NA,NA,NA,NA,NA,NA,NA,NA,NA
R_1soG2APuRg0a06d,backward,12,NA,NA,NA,NA,NA,NA,NA,NA,NA
R_3r0yP88nVlP3IPD,backward,28,NA,NA,NA,NA,NA,NA,NA,NA,NA
R_7XneWNl01C6LLe9,backward,29,NA,NA,NA,NA,NA,NA,NA,NA,NA
R_6iLXL6nXc9uVZBL,backward,6,NA,NA,NA,NA,NA,NA,NA,NA,NA
R_6QF6cJCvpVvpDaK,backward,5,NA,NA,NA,NA,NA,NA,NA,NA,NA
R_3V4ofDUTfFlR4jN,backward,23,NA,NA,NA,NA,NA,NA,NA,NA,NA
R_5F4KyH8pcPRWOZH,backward,33,NA,NA,NA,NA,NA,NA,NA,NA,NA
R_6N47s2dJbbOp27R,backward,4,NA,NA,NA,NA,NA,NA,NA,NA,NA
R_1zoUtOy7PDAKHBb,backward,100,NA,NA,NA,NA,NA,NA,NA,NA,NA
R_6pVGTGhEhZI3M6v,backward,20,NA,NA,NA,NA,NA,NA,NA,NA,NA
R_1lMu6FGPOflRaxw,backward,68,NA,NA,NA,NA,NA,NA,NA,NA,NA
R_6uwUuZ11NmauhQv,backward,8,NA,NA,NA,NA,NA,NA,NA,NA,NA
R_5x1HnoCQHDwnYad,backward,17,NA,NA,NA,NA,NA,NA,NA,NA,NA
R_3pbzeYutgtedPIh,backward,10,NA,NA,NA,NA,NA,NA,NA,NA,NA
R_5fJ1zPiGyJzi0W5,backward,29,NA,NA,NA,NA,NA,NA,NA,NA,NA
R_7Cgs3odI9uD016X,backward,89,NA,NA,NA,NA,NA,NA,NA,NA,NA
R_3ep9D2CbXmC9NWF,backward,5,NA,NA,NA,NA,NA,NA,NA,NA,NA
R_7ZTthsN6I3B49k8,backward,22,NA,NA,NA,NA,NA,NA,NA,NA,NA
R_7bbJW71poVsnN1D,backward,15,NA,NA,NA,NA,NA,NA,NA,NA,NA
R_6FQaUKzy7Zn54FI,backward,32,NA,NA,NA,NA,NA,NA,NA,NA,NA
R_111lIHmujn3clE8,backward,4,NA,NA,NA,NA,NA,NA,NA,NA,NA
R_753iO3kuCpj2Q9j,backward,18,NA,NA,NA,NA,NA,NA,NA,NA,NA
R_1wt99eyqfWDOOPp,backward,25,NA,NA,NA,NA,NA,NA,NA,NA,NA
R_5TXmU4Be0zUyumh,backward,24,NA,NA,NA,NA,NA,NA,NA,NA,NA
R_7bIBxxD7iF5sLQM,backward,16,NA,NA,NA,NA,NA,NA,NA,NA,NA
R_5GylyRqi4i7CsGf,backward,16,NA,NA,NA,NA,NA,NA,NA,NA,NA
R_5DvGDhM1Wn3whqd,backward,43,NA,NA,NA,NA,NA,NA,NA,NA,NA
R_5dtBqSiFFai2Ycy,backward,52,NA,NA,NA,NA,NA,NA,NA,NA,NA
R_3acmPBh4AONdg7T,backward,15,NA,NA,NA,NA,NA,NA,NA,NA,NA
R_1XAinhRoIXUaLFn,backward,16,NA,NA,NA,NA,NA,NA,NA,NA,NA
R_30r6JhUYXHpIyBp,backward,36,NA,NA,NA,NA,NA,NA,NA,NA,NA
R_1qI26P7CxgXqOM9,backward,59,NA,NA,NA,NA,NA,NA,NA,NA,NA
R_1q9O9dm460vOpiI,backward,4,NA,NA,NA,NA,NA,NA,NA,NA,NA
R_5k7e6F6iaDuj5lC,backward,28,NA,NA,NA,NA,NA,NA,NA,NA,NA
R_1mn8YHN1ys9qrD1,backward,27,NA,NA,NA,NA,NA,NA,NA,NA,NA
R_5dHq8Ii2R9GWhCq,backward,13,NA,NA,NA,NA,NA,NA,NA,NA,NA
R_1MPW2gf6Syy1Pwq,backward,12,NA,NA,NA,NA,NA,NA,NA,NA,NA
R_7zNmQzwefThMlPX,backward,16,NA,NA,NA,NA,NA,NA,NA,NA,NA
R_6qW4DJ8wwTr5pbm,backward,5,NA,NA,NA,NA,NA,NA,NA,NA,NA
R_3YXaQRkiStxx6HD,backward,14,NA,NA,NA,NA,NA,NA,NA,NA,NA
R_3Vmx0LexsNPPXI5,backward,24,NA,NA,NA,NA,NA,NA,NA,NA,NA
R_5m4R9oHHGFRL4F6,backward,15,NA,NA,NA,NA,NA,NA,NA,NA,NA
R_3sTEaoM823K9lqV,backward,14,NA,NA,NA,NA,NA,NA,NA,NA,NA
R_7QMqnt5aurIYOSW,backward,10,NA,NA,NA,NA,NA,NA,NA,NA,NA
R_58hsxEgreQFfqY9,backward,17,NA,NA,NA,NA,NA,NA,NA,NA,NA
R_507eEPuGJC72UAi,backward,27,NA,NA,NA,NA,NA,NA,NA,NA,NA
R_5qg379PeT74GbQn,backward,1,NA,NA,NA,NA,NA,NA,NA,NA,NA
R_1gRMYk2a8MYPenJ,backward,94,NA,NA,NA,NA,NA,NA,NA,NA,NA
R_5TLukPBTVT6xznb,backward,14,NA,NA,NA,NA,NA,NA,NA,NA,NA
R_5xxrUeJsrTCwMr7,backward,29,NA,NA,NA,NA,NA,NA,NA,NA,NA
R_5rMIXRhyUmaS8iE,backward,5,NA,NA,NA,NA,NA,NA,NA,NA,NA
R_6h0zjJpjgSiw91L,backward,20,NA,NA,NA,NA,NA,NA,NA,NA,NA
R_5I9O9UeH6sqjfKu,backward,4,NA,NA,NA,NA,NA,NA,NA,NA,NA
R_6h6flV3qeFRHjpi,backward,9,NA,NA,NA,NA,NA,NA,NA,NA,NA
R_6xLfe3POPRrHNyp,backward,10,NA,NA,NA,NA,NA,NA,NA,NA,NA
R_5EnHCRa0AtYEniQ,backward,16,NA,NA,NA,NA,NA,NA,NA,NA,NA
R_67WH9MAi60ADy8U,backward,44,NA,NA,NA,NA,NA,NA,NA,NA,NA
R_12qLu1xs5dU849h,backward,11,NA,NA,NA,NA,NA,NA,NA,NA,NA
R_1dnlEsI0dFAxsS1,backward,17,NA,NA,NA,NA,NA,NA,NA,NA,NA
R_7k5p26JU2i9tjN4,backward,28,NA,NA,NA,NA,NA,NA,NA,NA,NA
R_6G32ViiV4cPGDYz,backward,20,NA,NA,NA,NA,NA,NA,NA,NA,NA
R_71ACGQMeQ1mqFAW,backward,112,NA,NA,NA,NA,NA,NA,NA,NA,NA
R_6QHJ482VWkdYeAN,backward,36,NA,NA,NA,NA,NA,NA,NA,NA,NA
R_5PH7rUihm71cYYx,backward,21,NA,NA,NA,NA,NA,NA,NA,NA,NA
R_5HpiFimDL33fAsu,backward,14,NA,NA,NA,NA,NA,NA,NA,NA,NA
R_6dTr5Fq5DmNM1MN,backward,14,NA,NA,NA,NA,NA,NA,NA,NA,NA
R_6zFmDHUnWzyvmXD,forward,5,0,0,0,0,0,0,0,0,0
R_6EKM6PN9xTmWMV0,forward,19,0,0,0,0,0,10.526,0,0,0
R_5IY8U2LsOKs3MYZ,forward,27,0,0,0,0,0,0,0,0,0
R_3oqysjixGy9AoFj,forward,16,0,0,0,0,0,0,0,0,0
R_1iyTntLbOmxMPIJ,forward,15,0,0,0,0,0,0,0,0,0
R_1YExfMDQjZUMW8L,forward,1,0,0,0,0,0,0,0,0,0
R_3l6JGh2Vgfkr4di,forward,10,0,0,10,0,0,0,10,0,0
R_5DZFKhv3bXw8q1j,forward,5,0,0,0,0,0,0,0,0,0
R_1I5h4tFmat7ueoq,forward,18,0,0,0,0,0,0,0,0,0
R_5OiRx59rM96Yg1P,forward,13,0,0,0,0,0,0,0,0,7.692
R_7mekN9GC1fk33li,forward,12,0,0,0,0,0,8.333,0,0,0
R_37pERk7YMXWU3ct,forward,14,7.143,0,0,0,0,0,0,7.143,0
R_1S7gxHDqAH6iTdw,forward,6,0,0,0,0,0,0,0,0,0
R_5uK38w74t1M7MZz,forward,26,0,0,0,0,0,0,0,0,7.692
R_3mxDp5vNOub0Dhi,forward,21,0,0,0,0,0,0,0,0,0
R_51yVhsL0ZiP86Zf,forward,23,0,0,0,0,0,0,0,0,0
R_5pLxudtSu1p0sah,forward,13,7.692,0,0,0,0,0,0,0,0
R_3pSAlHyALk9eEzo,forward,36,0,0,0,0,0,0,0,0,0
R_599HQbVOKVbZukp,forward,38,0,0,0,0,0,0,0,0,0
R_5qenq19PCdUiKth,forward,4,0,0,0,0,0,0,0,0,0
R_1ruNUCEB7DiBJlK,forward,5,0,0,0,0,0,0,0,20,0
R_5AYwGQA1UEhk1Bs,forward,12,0,0,0,0,0,0,0,8.333,0
R_7JCP5joUZcvXQ5n,forward,17,0,0,0,0,0,0,0,0,0
R_7S96BBBlccTP8bX,forward,23,4.348,0,0,0,4.348,0,0,4.348,0
R_7LizMoSqiPxB27i,forward,5,0,0,0,0,0,0,0,20,0
R_67WixwAfLe3T5qV,forward,6,0,0,0,0,0,0,0,0,0
R_5xjvlRoVVzBD8oF,forward,7,0,0,0,0,0,0,0,0,0
R_6tbaibbl7CUmn13,forward,20,0,0,0,0,0,0,0,5,0
R_3P4Jj1mMSeAVAec,forward,24,0,0,0,0,0,0,0,0,0
R_6rTQDeKCvU1ur6t,forward,14,7.143,0,0,0,0,7.143,0,0,0
R_37cScPc73JUzAoF,forward,6,0,0,0,0,0,0,0,0,0
R_7M5xxKMdUul1t91,forward,24,8,0,0,0,0,0,0,0,0
R_7KACMrap9qEXt9z,forward,4,0,0,0,0,0,0,0,0,0
R_1Nk5sR2uPFVL7Z1,forward,34,0,0,0,0,0,0,0,0,0
R_7scw68DaWGuO87V,forward,7,0,0,0,0,0,0,0,0,0
R_5wNphI7v7bLxYFT,forward,15,0,0,0,0,0,0,0,0,0
R_5DtPjnmaseHuMbN,forward,3,0,0,0,0,0,0,0,0,0
R_6Lu4zAp8vuCMKkX,forward,15,0,0,0,0,0,0,0,0,0
R_1RmQVeySLYRgObf,forward,9,0,0,0,0,0,0,0,0,0
R_5R35vwemG0f4YoU,forward,7,0,0,0,0,0,0,0,0,0
R_5uKbm3cpuLnsypY,forward,4,0,0,0,0,0,0,0,0,0
R_751wvcOom5YUIVP,forward,5,0,0,0,0,0,0,0,0,0
R_6l0HLKGtHX6kjqo,forward,4,0,0,0,0,0,0,0,0,0
R_73f2h2lGwLSb2jr,forward,27,0,0,0,0,0,0,0,0,0
R_7Eiga2GRUfOC8FK,forward,13,0,0,0,0,0,0,0,0,0
R_3qw0E5uszeCuYrR,forward,3,0,0,0,0,0,0,0,0,0
R_5I6lvtQTnSJPOaX,forward,26,0,0,0,0,0,0,0,0,0
R_6arEKOInRki4VHB,forward,20,0,0,5,0,0,0,5,0,0
R_5DqmzlUa44iDWEm,forward,23,0,0,4.348,0,0,0,0,0,4.348
R_377oDQegmYd1SGW,forward,18,5.556,0,0,0,0,0,0,0,0
R_1Lch9oOJjhp2Ffw,forward,11,9.091,0,0,0,0,0,0,0,0
R_3v2GxFXcJcaLePx,forward,34,2.941,0,0,0,0,0,0,0,0
R_3qX3zY4vm0K2rRS,forward,2,0,0,0,0,0,0,0,0,0
R_5Xi7N8ZTwId4Fdn,forward,10,0,0,0,0,0,0,0,0,0
R_5iVDkBdt9PC3zas,forward,50,0,0,0,0,0,0,0,0,0
R_63xzse3rbJDREgd,forward,5,0,0,0,0,0,0,0,0,0
R_6d9QmzjiwbRnvlr,forward,8,0,0,0,0,0,0,0,0,0
R_5Iat6OkhutCUQJ6,forward,5,0,0,0,0,0,0,0,0,0
R_3Hp4dTZbBPf6hjo,forward,13,0,0,0,0,0,0,0,0,0
R_3fUzOHiRCWBPdZv,forward,16,0,0,0,0,0,0,0,0,0
R_5dzOS6Hpu2ssqce,forward,18,0,0,0,0,0,0,0,0,0
R_3alUbr0miGGA13j,forward,11,0,0,0,0,0,0,0,9.091,0
R_1wEBCXXh3EAGjJL,forward,10,10,0,0,0,0,0,0,0,0
R_6TnSKs1DEh9bMN2,forward,6,0,0,0,0,0,0,0,0,0
R_7PPzU3McST0BBv3,forward,4,0,0,0,0,0,0,0,0,0
R_6WDPSL9mXUBtZeh,forward,12,0,0,0,0,0,0,0,0,0
R_62F7ZHGJFKUOcHp,forward,21,0,0,0,0,0,0,0,0,0
R_3A33EbWAu8bPP4R,forward,6,0,0,0,0,0,0,0,0,0
R_3erKatWfeBwJDJn,forward,17,0,0,0,0,0,0,0,0,0
R_5QldweKJ37AKt7X,forward,4,0,0,0,0,0,0,0,0,25
R_7QRIfhycq6sOsMe,forward,23,0,0,0,0,0,0,0,0,4.348
R_7K3dz3sByxkDqdZ,forward,28,0,0,0,0,0,0,0,0,0
R_1IbJ8ZNpCEqZTeu,forward,8,0,0,0,0,0,0,0,12.5,0
R_1iWfmCHu0FQplwB,forward,16,6.25,0,0,0,0,0,0,0,0
R_3rTSsorEvHFuuwx,forward,18,0,0,0,0,0,0,0,0,0
R_3FR96pNLGf6d4aU,forward,10,0,0,0,0,0,0,0,0,0
R_5FLIhP5XoFqhEa6,forward,9,0,0,0,0,0,0,0,0,0
R_3MXYSJHbz9A57pL,forward,17,0,0,0,0,0,0,0,0,0
R_5DtppANNmBW7278,forward,6,0,0,0,0,0,0,0,0,16.667
R_1xTb6rv771MGVR7,forward,33,0,0,0,0,0,0,0,0,0
R_7nU5XUBeC69bXcp,forward,14,0,0,0,0,0,0,0,0,0
R_7OUzEipWUEblT9d,forward,8,0,0,0,0,0,0,0,0,0
R_1IauyRhlhBQQs5R,forward,34,0,0,0,0,2.941,0,0,0,0
R_3kyBr5mLK0zCPbr,forward,6,0,0,0,0,0,0,16.667,0,0
R_7sbULDu0EBwme79,forward,17,0,0,0,0,0,0,0,0,0
R_5LXHS9lxhtfKZcl,forward,5,0,0,0,0,0,20,0,0,0
R_72ScECcQ5DNZb73,forward,4,0,0,0,0,0,0,0,0,0
R_6CPTgl4hykxRYfn,forward,9,0,0,0,0,0,0,0,0,0
R_1tJg7215BsTWGkN,forward,34,2.941,0,0,0,0,0,0,0,0
R_3tJyt02ltFuLWDL,forward,22,4.545,0,0,0,0,0,0,0,0
R_1BV1YZYHlms1Uch,forward,15,0,0,0,0,0,0,0,0,6.667
R_3aLxooZf8085akS,forward,38,0,0,2.703,0,0,0,0,0,0
R_3y9koSebd8rWz4R,forward,8,0,0,0,0,0,0,0,0,0
R_502EAhjxbMmjHtz,forward,29,0,0,0,0,0,0,0,0,0
R_5Vc0ofnn9v4ykpz,forward,9,0,0,0,0,0,0,0,0,0
R_7oG76NA06dHWLqt,forward,6,16.667,0,0,0,0,0,0,0,0
R_577t1ULlOCljPXx,forward,7,0,0,14.286,0,0,0,0,0,0
R_7DD7Jxm1VL663Pr,forward,12,8.333,0,0,0,0,0,0,0,0
R_6fkjNwtzRDbmIAh,forward,8,0,0,0,0,0,0,0,0,0
R_6kGjiXvbwpdSBXP,forward,12,0,0,8.333,0,0,0,0,0,0
R_54scDevtfBoh2F3,forward,5,0,0,0,0,0,0,0,0,20
R_5azZQ4kndnd9UrI,forward,3,0,0,0,0,0,0,0,0,0
R_6BtOo5kJrill7Z7,forward,12,8.333,0,0,0,0,0,0,0,0
R_5TAxmPxoznubxBZ,forward,8,0,0,0,0,0,0,0,0,0
R_3anPOAPN5wmEA41,forward,9,0,0,0,0,0,0,0,0,0
R_14w95b8s7ilcBi1,forward,14,0,0,0,0,0,0,0,0,0
R_6eLWRHcwfE9IjNd,forward,41,0,0,0,0,0,0,2.439,0,0
R_71afjFZcmOr3R3H,forward,18,0,0,0,0,0,0,0,0,0
R_7aZakPLJqnPScUN,forward,5,0,0,0,0,0,0,0,0,0
R_3s4RB67ZHBRWDMR,forward,24,0,0,0,0,0,0,0,4.167,0
R_7EFvezEwITifStC,forward,15,6.667,0,0,0,0,0,0,0,6.667
R_1qaEfpZtec1EHYD,forward,17,0,0,0,0,0,0,0,0,0
R_7geis1uzZkyBCcJ,forward,10,0,0,0,0,0,0,0,0,0
R_5YDEnoUn8tnTDLd,forward,8,0,0,0,0,0,0,0,0,0
R_7aeG5hlsH3ze7re,forward,37,0,0,0,0,0,0,0,0,2.778
R_76dwF3nMDfpOYMx,forward,1,0,0,0,0,0,0,0,0,0
R_7OprbWkg076P5Nj,forward,31,3.226,0,0,0,0,0,0,0,3.226
R_3GuCB6KW44SNx73,forward,28,0,0,0,0,0,0,0,0,0
R_7IWWpodn5tTXZfY,forward,13,0,0,0,0,0,0,0,0,0
R_7d0lWiZeWt48zaK,forward,16,0,0,0,0,0,0,0,0,0
R_57PEouWuChNy9W1,forward,12,0,0,0,0,0,0,0,0,0
R_3gSICIiGeQ8DCjN,forward,38,0,0,0,0,0,0,0,0,0
R_7LOw73SxMUa7ece,forward,5,0,0,0,0,0,0,0,0,0
R_8iliDBiZmWP9a78,forward,1,0,0,0,0,0,0,0,0,0
R_5pzIElLBxKDM80v,forward,47,0,4.255,0,0,0,0,0,0,0
R_5Dunkf4MBZdefZJ,forward,8,0,0,0,12.5,0,0,0,0,0
R_6Lqhu4uQOafg0Oh,forward,13,0,0,0,0,0,0,0,7.692,0
R_7pFm6JRPJei143Z,forward,24,0,0,0,0,0,0,0,0,0
R_7K7Qifu4l8btus8,forward,8,0,0,0,0,0,0,0,0,0
R_7jcZj5K7zNVVLdr,forward,7,14.286,0,0,0,0,0,0,0,0
R_3CTrCfiDTZ0KTb6,forward,14,0,0,0,0,0,0,0,0,0
R_3DpecRwPmNbdBvi,forward,22,0,0,0,0,0,0,0,0,0
R_5rqCE53FNqEGFks,forward,17,5.882,0,0,0,0,0,0,0,0
R_6RqlKmqaWSITzdn,forward,9,0,0,0,0,0,0,0,0,0
R_5RAeMOEQAX6bEWZ,forward,25,4,0,0,0,0,0,0,0,0
R_7fcUviD4M0slaVp,forward,11,0,0,0,0,0,0,9.091,0,0
R_6pncnKiJGyR3l38,forward,13,0,0,0,0,0,0,7.692,0,0
R_3ISOqSenuNi7Jql,forward,9,0,0,0,0,0,0,0,0,0
R_6R1RKoda26zrvKZ,forward,48,0,0,0,0,0,0,0,0,0
R_7eDAMJG6SmKplmH,forward,19,5.263,0,0,0,0,0,0,0,0
R_3s5FKEL4pdLyLSh,forward,14,0,0,0,0,0,0,0,0,0
R_317JU9az7WjAE8s,forward,30,0,3.333,0,0,0,0,0,0,0
R_7VwHCbU6n3Ip4Ye,forward,12,0,0,0,0,0,0,0,0,0
R_5EJWGcNSUWxOwui,forward,8,0,0,0,0,0,0,0,0,0
R_11YifmNJShbcVde,forward,16,0,0,0,0,0,0,0,0,0
R_7z8Rld1QcyO9lrr,forward,13,0,0,7.692,0,0,0,0,0,0
R_5OJCo41k43Uvs6Y,forward,7,0,0,0,0,0,0,0,0,14.286
R_7ZR8lnKAA3By86t,forward,44,0,0,0,0,0,0,0,0,0
R_7SBk6YPctQGPVpP,forward,32,0,0,0,0,0,0,0,0,0
R_7V2vfczhki64TTT,forward,18,5.556,5.556,0,0,0,0,0,0,0
R_70vm1xpQlRxHl1s,forward,24,0,0,0,0,0,0,0,0,0
R_1OemtcoyjWouzbj,forward,15,0,0,0,0,0,0,0,0,0
R_55SbU8bBR6bZAX9,forward,41,0,0,0,0,0,0,2.439,0,0
R_5B8xKkI2XBjdKbD,forward,3,0,0,0,0,0,0,0,0,0
R_7Ap99TkAdzJJVPb,forward,22,0,0,0,0,0,0,0,0,0
R_5Q8IW431JFBRrod,forward,8,0,0,0,0,0,12.5,0,0,0
R_3TB0asMOVm2nuE6,forward,20,0,0,0,0,0,0,0,5,0
R_7Ubbqbnmkj9sxex,forward,19,0,0,0,0,0,0,0,0,0
R_5iKaZuZ4qdXpOwO,forward,24,0,0,0,0,0,4,0,0,0
R_18ofIbyrz3CPWgx,forward,7,0,0,0,0,0,0,0,0,0
R_5J3mNY0fOawhLsF,forward,11,0,0,0,0,0,0,0,0,0
R_7P7xIkYxeAWHQgX,forward,1,0,0,0,0,0,0,0,0,100
R_732mg1S5ULj0brc,forward,24,4.167,0,0,0,0,4.167,0,0,0
R_3QojG2eRqTYuBUQ,forward,10,0,0,0,0,0,0,10,0,0
R_10Mmap7NptSmAow,forward,33,0,0,0,0,0,0,3.03,0,0
R_1LS6VLj0CbrmvzW,forward,9,0,0,0,0,0,0,0,0,0
R_6Gktq5cf4jBKrdO,forward,21,0,0,0,0,0,0,0,0,0
R_5Qt14h6iydnvS8w,forward,11,0,0,0,0,0,0,0,0,0
R_6alC50nQLJpBNtU,forward,12,0,0,0,0,0,0,0,0,0
R_6VqFhSPGwZDiVGh,forward,41,0,0,0,0,0,0,0,0,2.439
R_7DTqopnczdpTKQF,forward,7,0,0,0,0,0,0,0,0,0
R_3sisTwYexKNQbvd,forward,39,0,0,0,0,2.564,0,0,0,0
R_1I5Y3HZpKtw5BzQ,forward,19,0,0,0,0,0,0,0,0,0
R_5dWK4e2NRTMXSFD,forward,23,0,0,0,0,0,0,0,0,0
R_7DBy27CDAc2wfN6,forward,11,0,0,0,0,0,0,0,0,0
R_62diV1N8J9ANcHv,forward,5,0,0,0,0,0,0,0,0,0
R_53n0gmiXmx62OQ1,forward,5,0,0,0,0,0,0,0,0,0
R_3unC6NNgnVNxozf,forward,10,0,0,0,0,0,0,10,0,0
R_6JrxcTATdQWWUPn,forward,9,0,0,0,0,0,0,0,0,0
R_2h5CKKmjetxUEhs,forward,4,0,0,0,0,0,0,0,0,0
R_1KykGbVy8Dr8Hm1,forward,6,0,0,0,0,0,16.667,0,0,0
R_1VCuGG6uXiiDza1,forward,18,0,0,0,0,0,0,0,0,0
R_3WZPXxajah230BE,forward,16,0,0,0,0,0,0,0,0,0
R_6JsYWDZxbNxAxny,forward,9,0,0,0,0,0,0,0,0,0
R_17aoiPyoHYw3TSf,forward,33,0,0,0,0,0,0,0,0,0
R_50Slv8EA39U8G09,forward,5,20,0,0,0,0,0,0,0,0
R_6ESyVvuIAAhWGOe,forward,16,0,0,0,0,0,0,0,0,0
R_32SIDDEyFi1tnRM,forward,19,0,0,0,0,0,0,5.263,0,0
R_62Ql5stw5SusI6f,forward,21,0,0,0,0,0,0,0,0,0
R_5ArRO2jhk7Cyny9,forward,3,0,0,0,0,0,0,0,0,0
R_77tp3RXMgnxlR4Z,forward,32,0,0,0,0,0,0,0,0,0
R_7FIGZXhQBO5cb2Q,forward,7,0,0,0,0,0,0,0,14.286,0
R_3N50P03S9e4dap3,forward,6,0,0,0,0,0,0,0,0,0
R_3IQ39NgPQSAyxj0,forward,30,0,0,0,0,0,0,0,0,0
R_10VQzgWlWuo3Bdo,forward,1,0,0,0,0,0,0,0,0,0
R_1gUek0iw7WTmXYV,forward,15,0,0,0,0,0,0,0,0,0
R_74pfOwUiXLHTooU,forward,30,0,0,0,0,0,0,0,0,0
R_1qqA7AWzb0Z2r05,forward,20,0,0,0,0,0,0,0,0,0
R_1xgqYdXMyTa04OB,forward,4,0,0,0,0,0,0,0,0,0
R_6F2Q7gTbfH1Y52b,forward,1,0,0,0,0,0,0,0,0,100
R_3mOvqIAlYxZ1ny4,forward,8,0,0,12.5,0,0,0,0,0,0
R_3mVNAWyX2u7zItY,forward,8,12.5,0,0,0,0,0,0,0,0
R_6uoTKYFugiS9SIV,forward,18,5.556,0,0,0,0,0,0,0,0
R_5m1wc30h2TkoTAs,forward,5,0,0,0,0,0,0,0,0,0
R_6E29WaUtVg5QMGR,forward,11,0,0,0,0,0,0,0,0,0
R_196BRX1KnFVm56D,forward,6,0,0,0,0,0,0,0,0,0
R_55uNCr4pb7pxJLg,forward,37,0,0,0,0,0,0,0,0,2.632
R_7HSsFUmQnMPSI7G,forward,28,0,0,0,0,0,0,0,0,0
R_1bIOWiSY0OOj7iR,forward,10,0,0,0,0,0,0,0,0,0
R_5TdlV9MulBravtf,forward,14,0,0,0,0,0,0,0,7.143,0
R_1fC1yGKqJesIQf7,forward,17,0,0,0,0,0,0,0,0,0
R_5X73OTXeV2hSEfG,forward,50,0,0,0,0,0,0,0,0,2.083
R_3isPqtjU76eGkIa,forward,29,3.448,0,0,0,0,0,0,0,0
R_6DpD71R1gnIJCZj,forward,6,0,0,0,0,0,0,0,0,0
R_7HM6O835PRwPxXU,forward,5,0,0,0,0,0,0,0,0,0
R_1QWzmUE0ssK40Ol,forward,1,0,0,0,0,0,0,0,0,0
R_7tmRdtXvOsTBdFZ,forward,17,0,0,0,0,0,0,0,0,0
R_1Nfuui0FZ7sDcNr,forward,1,0,0,0,0,0,0,0,0,0
R_7JXjiJGkt91lvrB,forward,9,0,0,0,0,0,0,0,0,0
R_3cjUGKrHyIQGOum,forward,7,0,0,0,0,0,0,0,0,0
R_7JFenSIczJKl3sA,forward,20,0,0,0,0,0,0,0,0,0
R_7h6CbxY7YaJee2Z,forward,14,0,0,0,0,0,0,0,0,0
R_6wnMIM70jmp9YoU,forward,14,0,0,0,0,0,0,0,0,0
R_7QlK0bGDdgH7pcn,forward,33,3.03,3.03,0,0,0,0,0,0,0
R_573U15mnkcpetF0,forward,13,0,0,0,0,0,0,0,0,0
R_3JjSXSWcTAu1sGg,forward,13,0,0,0,0,0,0,0,0,0
R_3wc4McB5njDoUnc,forward,18,0,0,0,0,0,0,0,0,0
R_6hgbs1p95Xi9UQs,forward,11,0,0,0,0,0,0,0,0,0
R_1atvutO175V2cZO,forward,26,0,0,0,0,0,0,0,0,0
R_5bOfEbG5RaHiq1r,forward,13,0,0,0,0,0,0,0,0,0
R_3a9mRMKyC0FsDns,forward,5,0,0,0,0,0,0,20,0,0
R_5qDvVTqPfOUqhxJ,forward,17,0,0,0,0,0,0,0,0,0
R_7G0S57V0DSFbmLA,forward,3,0,0,0,0,0,0,0,0,0
R_3Lthmot2Dt7iwvt,forward,12,0,0,0,0,0,0,8.333,0,0
R_6JmYO3KrNmjcPfi,forward,27,0,0,0,0,0,0,3.704,0,0
R_108K1MQVgqm5jUZ,forward,3,0,0,0,0,0,0,0,0,0
R_3jEw1gLMUBrjaZH,forward,6,0,0,0,0,0,0,0,0,0
R_1FQf3HrsI6c1EvK,forward,19,5.263,0,0,0,0,0,0,0,5.263
R_7zZpOR41Q8A32IO,forward,24,4.167,0,0,0,0,0,0,0,0
R_6BkkhFUGHH1l9M5,forward,11,0,0,0,0,0,0,0,0,9.091
R_3GDMcKNoIOoEx4T,forward,4,0,0,0,0,0,0,0,0,25
R_6IlYhv1koPDiLOp,forward,10,0,0,0,0,0,0,0,0,0
R_7CszMc8y0g2f6Kh,forward,13,0,0,0,0,0,0,0,0,0
R_5KvGp5TiRFr3jKg,forward,20,0,0,0,0,0,0,0,0,5
R_5jJq9n7xDV6CHPr,forward,9,0,0,0,0,0,0,0,0,0
R_50wbjcEvw8wTcHL,forward,4,0,0,0,0,0,0,0,0,0
R_53dgIeKEWvsT86t,forward,43,0,0,0,0,0,0,0,0,2.326
R_5EGdwl9KHRQ8MTm,forward,16,0,0,0,0,0,0,0,0,0
R_1eXa4qqp6v414In,forward,10,0,0,0,0,0,0,0,0,0
R_67JxASqYagoT6fk,forward,49,0,0,0,0,0,0,2.041,0,0
R_517vZRgZU5ms16S,forward,27,0,0,0,0,0,3.704,0,0,0
R_1mEuHJq6alynXqh,forward,31,0,0,0,0,0,0,0,0,3.333
R_3esKQHUXUBfghOZ,forward,7,0,0,0,0,0,0,0,0,0
R_1lFAvByyuvumMvt,forward,14,0,0,0,0,0,0,0,0,0
R_5CrIYwtOrnELkIC,forward,10,0,0,0,0,0,0,0,0,0
R_69mDO73P8P5Bouq,forward,6,16.667,0,0,0,0,0,16.667,0,0
R_3SGSNNCNGQv9W25,forward,16,0,0,0,0,0,6.25,0,0,0
R_3J2VREDOzVpCBI4,forward,4,0,0,0,0,0,0,0,25,0
R_1ttWKhMWl6hNzb2,forward,19,5.263,0,0,0,0,0,0,0,0
R_3170Z6UJxdRkU4Z,forward,6,0,0,0,0,0,0,0,0,0
R_5SBIjqbVbMaKNdT,forward,3,0,0,0,0,0,0,0,0,0
R_7y2vlIUU0QrC1mG,forward,133,0.73,1.46,0,0,0,0,0,0.73,0.73
R_7RyZ6UXi5WTt0Fr,forward,15,0,0,0,0,0,0,0,0,0
R_7hKBWKKN1QdKbDr,forward,14,0,0,0,0,0,0,0,0,0
R_5gMZEbNrmnxOz6I,forward,3,0,0,0,0,0,0,0,0,33.333
R_1knrjQhjAjNobCB,forward,12,0,0,0,0,0,0,8.333,0,0
R_1mV5V7y3a9Aieac,forward,17,0,0,0,0,0,0,0,0,0
R_7iFr2BfWudy78r8,forward,15,6.667,0,0,0,0,0,0,0,0
R_3xZfVcvnHRJUfUl,forward,26,3.846,0,0,0,0,0,0,0,0
R_35P6PNywolpNtUB,forward,6,0,0,0,0,0,0,0,0,0
R_5RWyeZaY2kY9O0F,forward,75,1.299,0,0,0,0,0,0,1.299,0
R_3DT0DIxsIy6hBL3,forward,3,0,0,0,0,0,0,0,0,0
R_3fYSi7RLf6EHK8W,forward,25,0,0,0,0,0,0,0,0,0
R_7QtFYnBFzbXzlr3,forward,22,4.545,0,0,0,0,0,0,0,4.545
R_5kLfLiwadLf356k,forward,5,0,0,0,0,0,0,0,20,0
R_1GCVxQWqH8PAoiv,forward,4,0,0,0,0,0,0,0,0,25
R_3ZTZbRtO5wI67nR,forward,26,0,0,0,0,0,0,0,0,0
R_6170TpNs0nJtaGu,forward,22,0,0,0,0,0,0,0,0,0
R_7HpKsAwcQUrkSs3,forward,109,0,0,0,0,0,0,0,0.917,0
R_7QzXIPqkfxn7jHd,forward,19,0,0,0,0,0,0,0,0,0
R_5Be4k3sPxUg9CLv,forward,17,0,0,0,0,0,0,0,0,5.882
R_3TLXJIuRgojkg5J,forward,21,4.762,0,0,0,0,0,0,0,0
R_5goKjlDrxgfVqJP,forward,6,0,0,0,0,0,0,0,0,0
R_6oASChNeVJ82HWJ,forward,17,0,0,0,0,0,0,5.882,0,0
R_3z6WaLtb0KtGV77,forward,1,0,0,0,0,0,0,0,0,0
R_5e5wKCV2Fj6MsT0,forward,12,0,0,0,0,0,0,0,0,0
R_3fll2cuQn0q0G6v,forward,8,0,0,0,0,0,0,0,0,0
R_5qlzJhgtOf2ofjX,forward,38,0,0,0,0,0,0,0,0,0
R_3nwPcz1hlz4BNdw,forward,9,0,0,0,0,0,0,0,0,0
R_3vbXB9IAwIABtmN,forward,29,0,0,0,0,0,0,0,3.333,0
R_1QRBn2AWbQ7java,forward,12,0,0,0,0,0,0,0,0,0
R_60rxCZE6KWddXJ0,forward,18,0,0,0,0,0,0,0,5.556,0
R_1TLQbRqsGU8A4rn,forward,39,0,0,0,0,0,0,0,0,2.564
R_37e5e0QC8RzXdaV,forward,1,0,0,0,0,0,0,0,0,0
R_5rP3awBoT4iVVmt,forward,18,NA,NA,NA,NA,NA,NA,NA,NA,NA
R_50VcJ1KCbwMmcBP,forward,10,NA,NA,NA,NA,NA,NA,NA,NA,NA
R_5Gk4t90mWH4d5V3,forward,15,NA,NA,NA,NA,NA,NA,NA,NA,NA
R_5XMgAiyQX5Svtrb,forward,9,NA,NA,NA,NA,NA,NA,NA,NA,NA
R_5qyx2l8jdJeE6vT,forward,8,NA,NA,NA,NA,NA,NA,NA,NA,NA
R_1CddutvJ9kibC7f,forward,7,NA,NA,NA,NA,NA,NA,NA,NA,NA
R_3khrUPSNxIJrz4x,forward,4,NA,NA,NA,NA,NA,NA,NA,NA,NA
R_7J7NWHq87YUwhzB,forward,5,NA,NA,NA,NA,NA,NA,NA,NA,NA
R_3BLpJMEyvnyItep,forward,4,NA,NA,NA,NA,NA,NA,NA,NA,NA
R_7dvIaljRZYzhENH,forward,115,NA,NA,NA,NA,NA,NA,NA,NA,NA
R_1Qhc0drUAB7r4TT,forward,42,NA,NA,NA,NA,NA,NA,NA,NA,NA
R_5WEgP3nh7SeQbvz,forward,5,NA,NA,NA,NA,NA,NA,NA,NA,NA
R_3C1F77wrPWzZGro,forward,5,NA,NA,NA,NA,NA,NA,NA,NA,NA
R_3EGBcqmJkQjbnVk,forward,3,NA,NA,NA,NA,NA,NA,NA,NA,NA
R_1WWNT37grZVu9fb,forward,8,NA,NA,NA,NA,NA,NA,NA,NA,NA
R_1QFh0uMymcXGeYw,forward,10,NA,NA,NA,NA,NA,NA,NA,NA,NA
R_7EPnQPs9iClTf21,forward,22,NA,NA,NA,NA,NA,NA,NA,NA,NA
R_1s7kNOKGXy2cuir,forward,12,NA,NA,NA,NA,NA,NA,NA,NA,NA
R_53lO3NiS91sSOBo,forward,18,NA,NA,NA,NA,NA,NA,NA,NA,NA
R_1P1dveIIUYTkc4a,forward,33,NA,NA,NA,NA,NA,NA,NA,NA,NA
R_7dmpwgIoGABwmkP,forward,19,NA,NA,NA,NA,NA,NA,NA,NA,NA
R_1aM2CQrdaLxd1br,forward,25,NA,NA,NA,NA,NA,NA,NA,NA,NA
R_1exN8ivhSXSmZGx,forward,12,NA,NA,NA,NA,NA,NA,NA,NA,NA
R_3Kvdd95Ima2HeTh,forward,20,NA,NA,NA,NA,NA,NA,NA,NA,NA
R_7wSOoIghdE6wxmm,forward,65,NA,NA,NA,NA,NA,NA,NA,NA,NA
R_7ey0RG45NODMRSO,forward,3,NA,NA,NA,NA,NA,NA,NA,NA,NA
R_673Agpj8YhjKqHg,forward,12,NA,NA,NA,NA,NA,NA,NA,NA,NA
R_1Xom870iAfwbRfP,forward,23,NA,NA,NA,NA,NA,NA,NA,NA,NA
R_7maYjVirfTnLAOz,forward,9,NA,NA,NA,NA,NA,NA,NA,NA,NA
R_7uIp1I7BpZjrVCr,forward,12,NA,NA,NA,NA,NA,NA,NA,NA,NA
R_1TRk40mbcPrm8F1,forward,34,NA,NA,NA,NA,NA,NA,NA,NA,NA
R_73agnrzQxlFf2Wh,forward,3,NA,NA,NA,NA,NA,NA,NA,NA,NA
R_1J8zN4Z5Sq4SnyK,forward,25,NA,NA,NA,NA,NA,NA,NA,NA,NA
R_7yKExbzYILOyIYF,forward,6,NA,NA,NA,NA,NA,NA,NA,NA,NA
R_7ey8743qedSumnD,forward,9,NA,NA,NA,NA,NA,NA,NA,NA,NA
R_6SbPp9fRdxTEm5P,forward,23,NA,NA,NA,NA,NA,NA,NA,NA,NA
R_6o1GXLpaRVah7tT,forward,26,NA,NA,NA,NA,NA,NA,NA,NA,NA
R_3eVo8xiMj8E8ShN,forward,9,NA,NA,NA,NA,NA,NA,NA,NA,NA
R_5Jbo20Cd9VpCNfZ,forward,8,NA,NA,NA,NA,NA,NA,NA,NA,NA
R_5q52Y0CLj7QJrx1,forward,3,NA,NA,NA,NA,NA,NA,NA,NA,NA
R_5qk3z55wuH7t6Ex,forward,5,NA,NA,NA,NA,NA,NA,NA,NA,NA
R_1pDL6DRSuc5u7BV,forward,3,NA,NA,NA,NA,NA,NA,NA,NA,NA
R_6JLzDRGqkPq1dDU,forward,21,NA,NA,NA,NA,NA,NA,NA,NA,NA
R_19Knz2GSuPorWIV,forward,189,NA,NA,NA,NA,NA,NA,NA,NA,NA
R_5d4i1BTaK2Q5ePk,forward,29,NA,NA,NA,NA,NA,NA,NA,NA,NA
R_7IMK09Qp3otWaEM,forward,68,NA,NA,NA,NA,NA,NA,NA,NA,NA
R_3mfy6UitEOCda5C,forward,16,NA,NA,NA,NA,NA,NA,NA,NA,NA
R_3QXJvGZpEhIX0o7,forward,18,NA,NA,NA,NA,NA,NA,NA,NA,NA
R_5e9fRMcWWqqC1M5,forward,18,NA,NA,NA,NA,NA,NA,NA,NA,NA
R_1JIw6ZK4ZPQaRYA,forward,14,NA,NA,NA,NA,NA,NA,NA,NA,NA
R_6DT3D8CUnp6DMsO,forward,1,NA,NA,NA,NA,NA,NA,NA,NA,NA
R_7e8761ksnbKSzHb,forward,1,NA,NA,NA,NA,NA,NA,NA,NA,NA
R_6duo4DnRSNjlfcv,forward,24,NA,NA,NA,NA,NA,NA,NA,NA,NA
R_6Lb93lEDSAXzlYP,forward,3,NA,NA,NA,NA,NA,NA,NA,NA,NA
R_6IRJiqgy7D8EdlN,forward,16,NA,NA,NA,NA,NA,NA,NA,NA,NA
R_3ezvjUZIZqxMN84,forward,21,NA,NA,NA,NA,NA,NA,NA,NA,NA
R_59rZHP443Qy3e9u,forward,1,NA,NA,NA,NA,NA,NA,NA,NA,NA
R_1dKqegoApJQUPiF,forward,9,NA,NA,NA,NA,NA,NA,NA,NA,NA
R_3CIKlq94W6g52fL,forward,11,NA,NA,NA,NA,NA,NA,NA,NA,NA
R_5MJOzf4m3CN66nO,forward,24,NA,NA,NA,NA,NA,NA,NA,NA,NA
R_54ueocfLdSiYRPc,forward,13,NA,NA,NA,NA,NA,NA,NA,NA,NA
R_3hwbBt4HzAYGkW5,forward,12,NA,NA,NA,NA,NA,NA,NA,NA,NA
R_5oGZVZkN8GPmvDu,forward,1,NA,NA,NA,NA,NA,NA,NA,NA,NA
R_3mwjaLiefXYD6zn,forward,24,NA,NA,NA,NA,NA,NA,NA,NA,NA
R_53jtxwV5D80tWTp,forward,1,NA,NA,NA,NA,NA,NA,NA,NA,NA
R_5emKvLJQ5mNurA8,forward,24,NA,NA,NA,NA,NA,NA,NA,NA,NA
R_3Gc97wMAwic5i81,forward,73,NA,NA,NA,NA,NA,NA,NA,NA,NA
R_3HCaouu0hPBxl91,forward,21,NA,NA,NA,NA,NA,NA,NA,NA,NA
R_510fWb2szHYiICL,forward,13,NA,NA,NA,NA,NA,NA,NA,NA,NA
R_6PlAbIdT4cFvWRX,forward,44,NA,NA,NA,NA,NA,NA,NA,NA,NA
R_63kHnAStzZNKVTk,forward,31,NA,NA,NA,NA,NA,NA,NA,NA,NA
R_3JPHMZPeON0dzDo,forward,26,NA,NA,NA,NA,NA,NA,NA,NA,NA
R_5PwpRWq2xsHvRu1,forward,13,NA,NA,NA,NA,NA,NA,NA,NA,NA
R_534A7G2P3GqJx0o,forward,4,NA,NA,NA,NA,NA,NA,NA,NA,NA
R_1iF0Am0qWqE3Zm5,forward,8,NA,NA,NA,NA,NA,NA,NA,NA,NA
R_3JIXTx8GYV6ZhPo,forward,14,NA,NA,NA,NA,NA,NA,NA,NA,NA
R_6PB4oruzJdKsAAF,forward,35,NA,NA,NA,NA,NA,NA,NA,NA,NA
R_110lLgXflxCW3Pd,forward,46,NA,NA,NA,NA,NA,NA,NA,NA,NA
R_6P1KrLFxtlSq4AH,forward,19,NA,NA,NA,NA,NA,NA,NA,NA,NA
R_3CHrR4qYf8ublzO,forward,31,NA,NA,NA,NA,NA,NA,NA,NA,NA
R_63oDp7dvIVwghLb,forward,8,NA,NA,NA,NA,NA,NA,NA,NA,NA
R_14rOBZzYwHnUg8h,forward,7,NA,NA,NA,NA,NA,NA,NA,NA,NA
R_3m3GLVrFtdEYpXR,forward,25,NA,NA,NA,NA,NA,NA,NA,NA,NA
R_7n2l0COVyUlpRSx,forward,13,NA,NA,NA,NA,NA,NA,NA,NA,NA
R_1gGVybSOHS6FV75,forward,12,NA,NA,NA,NA,NA,NA,NA,NA,NA
R_7ImW3GX10ehIT5f,forward,22,NA,NA,NA,NA,NA,NA,NA,NA,NA
R_3rxAieDuHmQn3m5,forward,7,NA,NA,NA,NA,NA,NA,NA,NA,NA
R_6HtsLVDUHuZIEdX,forward,24,NA,NA,NA,NA,NA,NA,NA,NA,NA
R_3taiEQh08vr599J,forward,20,NA,NA,NA,NA,NA,NA,NA,NA,NA
R_368RN4ifFAC5JW0,forward,9,NA,NA,NA,NA,NA,NA,NA,NA,NA
R_6Z0xQWINFzhCm89,forward,19,NA,NA,NA,NA,NA,NA,NA,NA,NA
R_1I6kXKCeh11qmaA,forward,8,NA,NA,NA,NA,NA,NA,NA,NA,NA
R_5PuOOSmb7McSmiY,forward,14,NA,NA,NA,NA,NA,NA,NA,NA,NA
R_3JLjQLXEwgPh77r,forward,28,NA,NA,NA,NA,NA,NA,NA,NA,NA
R_3pQLZ9PdfbujEw9,forward,8,NA,NA,NA,NA,NA,NA,NA,NA,NA
R_6QELQ5nf4G6SBp9,forward,10,NA,NA,NA,NA,NA,NA,NA,NA,NA
R_6Kg20suJZEIOyaG,forward,8,NA,NA,NA,NA,NA,NA,NA,NA,NA
R_3EgunHQDLOx9lN4,forward,1,NA,NA,NA,NA,NA,NA,NA,NA,NA
R_6EzZOxC1CYsxJaV,forward,5,NA,NA,NA,NA,NA,NA,NA,NA,NA
R_5Ms8vocF7ExWJ4J,forward,1,NA,NA,NA,NA,NA,NA,NA,NA,NA
R_1qKDTIENhXNQUp6,forward,20,NA,NA,NA,NA,NA,NA,NA,NA,NA
R_1fCj56SY27ZSYOW,forward,9,NA,NA,NA,NA,NA,NA,NA,NA,NA
R_3R9sKFFvOyYQ9fu,forward,8,NA,NA,NA,NA,NA,NA,NA,NA,NA
R_5X0Wx8b1yVLgsxm,forward,13,NA,NA,NA,NA,NA,NA,NA,NA,NA
R_7kQUpud6fBHppWp,forward,14,NA,NA,NA,NA,NA,NA,NA,NA,NA
R_117XRmMyJtzPwbL,forward,10,NA,NA,NA,NA,NA,NA,NA,NA,NA
R_1bUCRQbgvYuvOC3,forward,11,NA,NA,NA,NA,NA,NA,NA,NA,NA
R_5Cddz52Ww2sCbUj,forward,10,NA,NA,NA,NA,NA,NA,NA,NA,NA
R_6FRQRuAWC0iFIfP,forward,31,NA,NA,NA,NA,NA,NA,NA,NA,NA
R_5yTlQ4hsffr0EP7,forward,37,NA,NA,NA,NA,NA,NA,NA,NA,NA
R_5QzgQPbIv9RYH2N,forward,16,NA,NA,NA,NA,NA,NA,NA,NA,NA
R_7r9tsaPWu1L9o7d,forward,4,NA,NA,NA,NA,NA,NA,NA,NA,NA
R_6r0GI2BSGanaXKx,forward,4,NA,NA,NA,NA,NA,NA,NA,NA,NA
R_1dMwdkgYMunGCh0,forward,7,NA,NA,NA,NA,NA,NA,NA,NA,NA
R_5gRT7ssyup3yk8k,forward,2,NA,NA,NA,NA,NA,NA,NA,NA,NA
R_1THIC5zBbiFJOQa,forward,4,NA,NA,NA,NA,NA,NA,NA,NA,NA
R_6azcTDcUJaB0EU2,forward,5,NA,NA,NA,NA,NA,NA,NA,NA,NA
R_7AXNSwjez7M6qi6,forward,18,NA,NA,NA,NA,NA,NA,NA,NA,NA
R_3YiEkC5bfQZYpDb,forward,11,NA,NA,NA,NA,NA,NA,NA,NA,NA
R_5CwAAhejXw9Bv6r,forward,32,NA,NA,NA,NA,NA,NA,NA,NA,NA
R_73h2ACNMlw07Tb3,forward,42,NA,NA,NA,NA,NA,NA,NA,NA,NA
R_5pWV5Ieudxq5o8u,forward,19,NA,NA,NA,NA,NA,NA,NA,NA,NA
R_5QJMvymDkYRi6Wy,forward,24,NA,NA,NA,NA,NA,NA,NA,NA,NA
R_3EoaabitMKGa9CX,forward,10,NA,NA,NA,NA,NA,NA,NA,NA,NA
R_3pxwHrISJ73Z09f,forward,25,NA,NA,NA,NA,NA,NA,NA,NA,NA
R_6fyVNjVZZSTGLjr,forward,12,NA,NA,NA,NA,NA,NA,NA,NA,NA
R_3qWytmZlwh7g3pD,forward,2,NA,NA,NA,NA,NA,NA,NA,NA,NA
R_1wiqml7CqcO9fJc,forward,7,NA,NA,NA,NA,NA,NA,NA,NA,NA
R_6R47ULyeULamU79,forward,11,NA,NA,NA,NA,NA,NA,NA,NA,NA
R_6282rjAlHjKhjBn,forward,153,NA,NA,NA,NA,NA,NA,NA,NA,NA
R_7oZUxBt84cIu3no,forward,14,NA,NA,NA,NA,NA,NA,NA,NA,NA
R_1usFvDckwG9aKfT,forward,23,NA,NA,NA,NA,NA,NA,NA,NA,NA
R_5pPUuN6I0PMXOky,forward,6,NA,NA,NA,NA,NA,NA,NA,NA,NA
R_1iXxr72nhUxHpRa,forward,12,NA,NA,NA,NA,NA,NA,NA,NA,NA
R_6knNxPVw9x9fF73,forward,21,NA,NA,NA,NA,NA,NA,NA,NA,NA
R_6nj4PxKXwDZAYGB,forward,48,NA,NA,NA,NA,NA,NA,NA,NA,NA
R_3Bll1RAdBC71qAH,forward,23,NA,NA,NA,NA,NA,NA,NA,NA,NA
R_34CSnDj0tapyBNR,forward,15,NA,NA,NA,NA,NA,NA,NA,NA,NA
R_6fpcB1NxbDENclK,forward,7,NA,NA,NA,NA,NA,NA,NA,NA,NA
R_11yVxggno6ipFZf,forward,14,NA,NA,NA,NA,NA,NA,NA,NA,NA
R_69sOz7tYvGZJ7TX,forward,10,NA,NA,NA,NA,NA,NA,NA,NA,NA
R_3apcaFA39buolnH,forward,81,NA,NA,NA,NA,NA,NA,NA,NA,NA
R_62hfDodb4Pl5gsW,forward,5,NA,NA,NA,NA,NA,NA,NA,NA,NA
R_3IYFhH4AVfi5SU4,forward,11,NA,NA,NA,NA,NA,NA,NA,NA,NA
R_1EEZid30ciXrRtg,forward,32,NA,NA,NA,NA,NA,NA,NA,NA,NA
R_1P46rs7iP1Q8xa1,forward,9,NA,NA,NA,NA,NA,NA,NA,NA,NA
R_10reeoRiFs8z6wD,forward,20,NA,NA,NA,NA,NA,NA,NA,NA,NA
R_3TgGtDinRHTixZ7,forward,7,NA,NA,NA,NA,NA,NA,NA,NA,NA
R_12RLVDIlLQUpEz9,forward,17,NA,NA,NA,NA,NA,NA,NA,NA,NA
R_5JCPeYF2WLNVKmi,forward,34,NA,NA,NA,NA,NA,NA,NA,NA,NA
R_3NxpEzVJWgqn2HT,forward,1,NA,NA,NA,NA,NA,NA,NA,NA,NA
R_3HakmudRMRI1knn,forward,16,NA,NA,NA,NA,NA,NA,NA,NA,NA
R_1zaC4KKkpFdsAF3,forward,15,NA,NA,NA,NA,NA,NA,NA,NA,NA
R_1lB7v1yTsdkMDH5,forward,16,NA,NA,NA,NA,NA,NA,NA,NA,NA
R_5QLSpjSIqS92eJI,forward,8,NA,NA,NA,NA,NA,NA,NA,NA,NA
R_3DZVGCZmtQxTPUt,forward,15,NA,NA,NA,NA,NA,NA,NA,NA,NA
R_3BmJCJq5OyzQIHw,forward,28,NA,NA,NA,NA,NA,NA,NA,NA,NA
R_6TvIzUDFHM6Xwxj,forward,8,NA,NA,NA,NA,NA,NA,NA,NA,NA
R_6fH7Sj36Qm6Csoc,forward,9,NA,NA,NA,NA,NA,NA,NA,NA,NA
R_3ezwTPNEaOtqM2l,forward,20,NA,NA,NA,NA,NA,NA,NA,NA,NA
R_5LFNZGgMR6irjRk,forward,23,NA,NA,NA,NA,NA,NA,NA,NA,NA
R_1cWppQI8sFXcxZn,forward,13,NA,NA,NA,NA,NA,NA,NA,NA,NA
R_5mPGqlyTQyb85Z7,forward,24,NA,NA,NA,NA,NA,NA,NA,NA,NA
R_5MUgJCCKHpGQFyh,forward,20,NA,NA,NA,NA,NA,NA,NA,NA,NA
R_6A1mSSPz0JkNY0j,forward,10,NA,NA,NA,NA,NA,NA,NA,NA,NA
R_5jkXyaDXj6EC1UC,forward,1,NA,NA,NA,NA,NA,NA,NA,NA,NA
R_7r1dMbFHKeJ8fDB,forward,5,NA,NA,NA,NA,NA,NA,NA,NA,NA
R_1y3Glp8qMC61kf7,forward,11,NA,NA,NA,NA,NA,NA,NA,NA,NA
R_5qerMl24W0XhmRU,forward,51,NA,NA,NA,NA,NA,NA,NA,NA,NA
R_3eoQELrvqUADqpj,forward,12,NA,NA,NA,NA,NA,NA,NA,NA,NA
R_6QZ3yYEgAKQp4sb,forward,19,NA,NA,NA,NA,NA,NA,NA,NA,NA
R_7WYIV5lWbTX2h0g,forward,5,NA,NA,NA,NA,NA,NA,NA,NA,NA
R_59miRsQACZxvDPg,forward,9,NA,NA,NA,NA,NA,NA,NA,NA,NA
R_5gXjTTNCu5VPgTD,forward,6,NA,NA,NA,NA,NA,NA,NA,NA,NA
R_6xVNQM6vMMsuW48,forward,9,NA,NA,NA,NA,NA,NA,NA,NA,NA
R_3GHwOks4gieoCwV,forward,27,NA,NA,NA,NA,NA,NA,NA,NA,NA
R_3hGU86BDXCNEvnA,forward,17,NA,NA,NA,NA,NA,NA,NA,NA,NA
R_61AGy684fKd4XxW,forward,20,NA,NA,NA,NA,NA,NA,NA,NA,NA
R_6yjWiVIZPpt74s2,forward,35,NA,NA,NA,NA,NA,NA,NA,NA,NA
R_1RTUoQeSirXOH8y,forward,54,NA,NA,NA,NA,NA,NA,NA,NA,NA
R_6lilOPLuG27eh8t,forward,24,NA,NA,NA,NA,NA,NA,NA,NA,NA
R_5bV9l3jbN0edBQJ,forward,14,NA,NA,NA,NA,NA,NA,NA,NA,NA
R_3QuWUhTXWKUQgBA,forward,7,NA,NA,NA,NA,NA,NA,NA,NA,NA
R_50gu8p89YTdbaGB,forward,29,NA,NA,NA,NA,NA,NA,NA,NA,NA
R_5hRIMt7kphqtvKp,forward,5,NA,NA,NA,NA,NA,NA,NA,NA,NA
R_51MkHS6TzID5bJu,forward,6,NA,NA,NA,NA,NA,NA,NA,NA,NA
R_52VtSYbyVw3x3Hf,forward,23,NA,NA,NA,NA,NA,NA,NA,NA,NA
R_3DvWZDTwm6VPFkk,forward,16,NA,NA,NA,NA,NA,NA,NA,NA,NA
R_6YFLp3o6W7FBSoZ,forward,17,NA,NA,NA,NA,NA,NA,NA,NA,NA
R_7lVpxgZtABE2ZDe,forward,4,NA,NA,NA,NA,NA,NA,NA,NA,NA
R_6CNgpmbSSQivjZ6,forward,36,NA,NA,NA,NA,NA,NA,NA,NA,NA
R_52bhuZQ1FTtFeOo,forward,28,NA,NA,NA,NA,NA,NA,NA,NA,NA
R_1KrOIDSEKoCALKj,forward,10,NA,NA,NA,NA,NA,NA,NA,NA,NA
R_7TRz1pCt8JxnMTD,forward,13,NA,NA,NA,NA,NA,NA,NA,NA,NA
R_6mZW3TRC0tPy0y8,forward,24,NA,NA,NA,NA,NA,NA,NA,NA,NA
R_3rjhtvD6uCHcY26,forward,82,NA,NA,NA,NA,NA,NA,NA,NA,NA
R_5ieQC3CL8p4Acvu,forward,4,NA,NA,NA,NA,NA,NA,NA,NA,NA
R_3PG3x1drVzexphP,forward,6,NA,NA,NA,NA,NA,NA,NA,NA,NA
R_6gqKVc0R690cIfY,forward,27,NA,NA,NA,NA,NA,NA,NA,NA,NA
R_3KACePnJ1z4syCL,forward,22,NA,NA,NA,NA,NA,NA,NA,NA,NA
R_7Pr3wrt1tDykVSV,forward,10,NA,NA,NA,NA,NA,NA,NA,NA,NA
R_7SpYXHx5Ok1Eix5,forward,28,NA,NA,NA,NA,NA,NA,NA,NA,NA
R_1CkzVnRudNlLtno,forward,3,NA,NA,NA,NA,NA,NA,NA,NA,NA
R_7p9lvaQO8ZM256t,forward,16,NA,NA,NA,NA,NA,NA,NA,NA,NA
R_7hR4DWnWTfRuHbt,forward,14,NA,NA,NA,NA,NA,NA,NA,NA,NA
R_62Lh9anzPWsFSWR,forward,19,NA,NA,NA,NA,NA,NA,NA,NA,NA
R_6oQEeAW1C8Sk5fr,forward,45,NA,NA,NA,NA,NA,NA,NA,NA,NA
R_63k9HYY1uGiv41z,forward,5,NA,NA,NA,NA,NA,NA,NA,NA,NA
R_6fkYtjQxrD6oli3,forward,15,NA,NA,NA,NA,NA,NA,NA,NA,NA
R_5hzPobxx3cQWd9x,forward,27,NA,NA,NA,NA,NA,NA,NA,NA,NA
R_687wZpdHnJSa6s1,forward,11,NA,NA,NA,NA,NA,NA,NA,NA,NA
R_7FEVkaB51bUBiY9,forward,2,NA,NA,NA,NA,NA,NA,NA,NA,NA
R_1C3KePdoC44jcrL,forward,18,NA,NA,NA,NA,NA,NA,NA,NA,NA
R_12JEFsIyEIgnN8m,forward,15,NA,NA,NA,NA,NA,NA,NA,NA,NA
R_5XrJBwwc46yaf17,forward,8,NA,NA,NA,NA,NA,NA,NA,NA,NA
R_5hsZE7q8xVki4tf,forward,11,NA,NA,NA,NA,NA,NA,NA,NA,NA
R_1EcVpen00KTN1eQ,forward,23,NA,NA,NA,NA,NA,NA,NA,NA,NA
R_7CCAmnQWq1tiVrW,forward,12,NA,NA,NA,NA,NA,NA,NA,NA,NA
R_5OSMkQRZ9fbX49g,forward,70,NA,NA,NA,NA,NA,NA,NA,NA,NA
R_66SqQ4rFMOE6kb7,forward,7,NA,NA,NA,NA,NA,NA,NA,NA,NA
R_7lUEuxBmc5rTiVz,forward,1,NA,NA,NA,NA,NA,NA,NA,NA,NA
R_7OlY0B0QIuYioVS,forward,9,NA,NA,NA,NA,NA,NA,NA,NA,NA
R_6FENjMkqjINPjoG,forward,4,NA,NA,NA,NA,NA,NA,NA,NA,NA
R_3UaNECFq3trJdJN,forward,35,NA,NA,NA,NA,NA,NA,NA,NA,NA
R_6g1JEdpq5jmW0o0,forward,5,NA,NA,NA,NA,NA,NA,NA,NA,NA
R_7YSCpknbYk2CBBn,forward,14,NA,NA,NA,NA,NA,NA,NA,NA,NA
R_6Ns81xeDa1trHRT,forward,22,NA,NA,NA,NA,NA,NA,NA,NA,NA
R_1Et09mP2g8QZJk9,forward,17,NA,NA,NA,NA,NA,NA,NA,NA,NA
R_7AXuubILIg61bqx,forward,59,NA,NA,NA,NA,NA,NA,NA,NA,NA
R_1UY6bTMEvndMo16,forward,3,NA,NA,NA,NA,NA,NA,NA,NA,NA
R_1ubb7oRYrC7H9KN,forward,5,NA,NA,NA,NA,NA,NA,NA,NA,NA
R_1sQKElGwKbzWaT4,forward,16,NA,NA,NA,NA,NA,NA,NA,NA,NA
R_6AVfjHRIC0dW2oV,forward,7,NA,NA,NA,NA,NA,NA,NA,NA,NA
R_1erDYw8y5cbURJV,forward,6,NA,NA,NA,NA,NA,NA,NA,NA,NA
R_5ykFg9Z7qj8EqYd,forward,11,NA,NA,NA,NA,NA,NA,NA,NA,NA
R_7CslEyfzWsdB5Uh,forward,9,NA,NA,NA,NA,NA,NA,NA,NA,NA
R_6hdRAPXgAMD48BH,forward,48,NA,NA,NA,NA,NA,NA,NA,NA,NA
R_6bZ6jXFkmL4ISCM,forward,2,NA,NA,NA,NA,NA,NA,NA,NA,NA
R_6CxI7lhejGy2u6l,forward,37,NA,NA,NA,NA,NA,NA,NA,NA,NA
R_10aQhAIh4NUwgXD,forward,17,NA,NA,NA,NA,NA,NA,NA,NA,NA
R_6JP4TMPgFQCx3e9,forward,5,NA,NA,NA,NA,NA,NA,NA,NA,NA
R_1N5ha0td7Lr8NxG,forward,8,NA,NA,NA,NA,NA,NA,NA,NA,NA
R_1m8orKDqvYaSf6d,forward,9,NA,NA,NA,NA,NA,NA,NA,NA,NA
R_6abprdubtBFBP2K,forward,22,NA,NA,NA,NA,NA,NA,NA,NA,NA
R_6tloTjuJcUVrNyN,forward,9,NA,NA,NA,NA,NA,NA,NA,NA,NA
R_3IEqpq2ofLaGqAh,forward,5,NA,NA,NA,NA,NA,NA,NA,NA,NA
R_6tskuQCULW29Xyh,forward,18,NA,NA,NA,NA,NA,NA,NA,NA,NA
R_3mt7yhWDLXxRldi,forward,26,NA,NA,NA,NA,NA,NA,NA,NA,NA
R_6z89mYlnyPfEu3g,forward,33,NA,NA,NA,NA,NA,NA,NA,NA,NA
R_1NU5BN3JVfDKMRr,forward,9,NA,NA,NA,NA,NA,NA,NA,NA,NA
R_3EbqUJouHALfpXI,forward,4,NA,NA,NA,NA,NA,NA,NA,NA,NA
R_3MXMlCYho5U0BjS,forward,16,NA,NA,NA,NA,NA,NA,NA,NA,NA
R_3wLlThS3rWnaZqN,forward,43,NA,NA,NA,NA,NA,NA,NA,NA,NA
R_1MagJj6M1m81abz,forward,33,NA,NA,NA,NA,NA,NA,NA,NA,NA
R_6NmGdQXkMTfQS4F,forward,76,NA,NA,NA,NA,NA,NA,NA,NA,NA
R_1qqnNuTHovah1in,forward,51,NA,NA,NA,NA,NA,NA,NA,NA,NA
R_7IMKkgqcKeI02LA,forward,8,NA,NA,NA,NA,NA,NA,NA,NA,NA
R_6FDKK4xRCwQMfgW,forward,6,NA,NA,NA,NA,NA,NA,NA,NA,NA
R_7P9zbxzfGSX3ZUR,forward,52,NA,NA,NA,NA,NA,NA,NA,NA,NA
R_6mDviHJ3wAdkzTO,forward,12,NA,NA,NA,NA,NA,NA,NA,NA,NA
R_5el7ZVPCNKZMqVO,forward,16,NA,NA,NA,NA,NA,NA,NA,NA,NA
R_5k65jiEj3UV2hbL,forward,1,NA,NA,NA,NA,NA,NA,NA,NA,NA
R_15NhgSyF5mMPXyQ,forward,18,NA,NA,NA,NA,NA,NA,NA,NA,NA
R_6IQrjcZf7CFEcr8,forward,3,NA,NA,NA,NA,NA,NA,NA,NA,NA
R_6prE0ZCBZfLQHfc,forward,7,NA,NA,NA,NA,NA,NA,NA,NA,NA
R_3EyGVEZi2km2cTz,forward,47,NA,NA,NA,NA,NA,NA,NA,NA,NA
R_75WxDuKlDjtEJIx,forward,27,NA,NA,NA,NA,NA,NA,NA,NA,NA
R_12Lphl3P7o03V9L,forward,2,NA,NA,NA,NA,NA,NA,NA,NA,NA
R_3GDmors8Zq7bKHD,forward,11,NA,NA,NA,NA,NA,NA,NA,NA,NA
R_52h7o6WdRs5igrz,forward,35,NA,NA,NA,NA,NA,NA,NA,NA,NA
R_1CZYTxkObfXvm2T,forward,9,NA,NA,NA,NA,NA,NA,NA,NA,NA
R_6zNOAA7zGqbCU7Q,forward,34,NA,NA,NA,NA,NA,NA,NA,NA,NA
R_5TNZ1TTHFzLuGeB,forward,19,NA,NA,NA,NA,NA,NA,NA,NA,NA
R_6bc4vB4XSy5E3E5,forward,18,NA,NA,NA,NA,NA,NA,NA,NA,NA
R_6ctGF2w2Vj8Du7E,forward,13,NA,NA,NA,NA,NA,NA,NA,NA,NA
R_7nwQQefnYbgNk6K,forward,31,NA,NA,NA,NA,NA,NA,NA,NA,NA
R_6jemldQilPDxxPq,forward,19,NA,NA,NA,NA,NA,NA,NA,NA,NA
R_72FUG6eHoDGcJgt,forward,12,NA,NA,NA,NA,NA,NA,NA,NA,NA
R_7rNg0mdjHsG9253,forward,30,NA,NA,NA,NA,NA,NA,NA,NA,NA
R_77xGvqL1e9KPvYc,forward,14,NA,NA,NA,NA,NA,NA,NA,NA,NA
R_11JqfeyuWnBTgtj,forward,8,NA,NA,NA,NA,NA,NA,NA,NA,NA
R_5CK1QuMzp6Be9nK,forward,16,NA,NA,NA,NA,NA,NA,NA,NA,NA
R_61aqs6Ehn74uECd,forward,11,NA,NA,NA,NA,NA,NA,NA,NA,NA
R_23f9qmnzDFbH5yB,forward,4,NA,NA,NA,NA,NA,NA,NA,NA,NA
R_6ZEOAAp2AsC8XJg,forward,19,NA,NA,NA,NA,NA,NA,NA,NA,NA
R_6JXhVpvPcyr0xGI,forward,18,NA,NA,NA,NA,NA,NA,NA,NA,NA
R_7i9vopvadrSotnb,forward,57,NA,NA,NA,NA,NA,NA,NA,NA,NA
R_1VLaN1nWfTUd2xF,forward,12,NA,NA,NA,NA,NA,NA,NA,NA,NA
R_3aRjJwsrix0T9y2,forward,7,NA,NA,NA,NA,NA,NA,NA,NA,NA
R_1XdMkSJIyx8zI2i,forward,6,NA,NA,NA,NA,NA,NA,NA,NA,NA
R_3N3JRVDnyJgFTYl,forward,14,NA,NA,NA,NA,NA,NA,NA,NA,NA
R_13rVKKWL5nyJkI1,forward,3,NA,NA,NA,NA,NA,NA,NA,NA,NA
R_3cbVfpnqjkpC4Iy,forward,9,NA,NA,NA,NA,NA,NA,NA,NA,NA
R_6FIqncmNJDgFXJD,forward,8,NA,NA,NA,NA,NA,NA,NA,NA,NA
R_1SVwLHbcjz1g3eN,forward,18,NA,NA,NA,NA,NA,NA,NA,NA,NA
R_6g9XpDghMj4WnYt,forward,11,NA,NA,NA,NA,NA,NA,NA,NA,NA
R_1Eo8A15sefsiJxF,forward,7,NA,NA,NA,NA,NA,NA,NA,NA,NA
R_6ODk8cjFzriLti9,forward,12,NA,NA,NA,NA,NA,NA,NA,NA,NA
R_5zrbUng5qcWzLnX,forward,24,NA,NA,NA,NA,NA,NA,NA,NA,NA
R_7cnCfommAQNORoM,forward,35,NA,NA,NA,NA,NA,NA,NA,NA,NA
R_5DAqSi5GQFE7sJR,forward,48,NA,NA,NA,NA,NA,NA,NA,NA,NA
R_5PdN0HeDKthblno,forward,5,NA,NA,NA,NA,NA,NA,NA,NA,NA
R_5JGA46sTlbV9wid,forward,15,NA,NA,NA,NA,NA,NA,NA,NA,NA
R_3HAMg9plgn8Q0JH,forward,2,NA,NA,NA,NA,NA,NA,NA,NA,NA
R_1l0l40ezb8ML3LP,forward,57,NA,NA,NA,NA,NA,NA,NA,NA,NA
R_7U0cLEfVhLoXLhL,forward,21,NA,NA,NA,NA,NA,NA,NA,NA,NA
R_6OjoyKCUDn1MNYN,forward,19,NA,NA,NA,NA,NA,NA,NA,NA,NA
R_36lIJLsauTr9axP,forward,23,NA,NA,NA,NA,NA,NA,NA,NA,NA
R_3kPZRcBbAw7p5Cx,forward,22,NA,NA,NA,NA,NA,NA,NA,NA,NA
R_3hsgmOQ1Wgdjdvg,forward,25,NA,NA,NA,NA,NA,NA,NA,NA,NA
R_6rLL41AvE9tWFHz,forward,21,NA,NA,NA,NA,NA,NA,NA,NA,NA
R_3ZHVDOuyDHm8d2w,forward,33,NA,NA,NA,NA,NA,NA,NA,NA,NA
R_6Ga4ABr1YEQwTAZ,forward,3,NA,NA,NA,NA,NA,NA,NA,NA,NA
R_7VBHFRvuctmkFtY,forward,31,NA,NA,NA,NA,NA,NA,NA,NA,NA
R_63otxnqDxIAOEBb,forward,6,NA,NA,NA,NA,NA,NA,NA,NA,NA
R_3EcGVxwgupIbmzG,forward,4,NA,NA,NA,NA,NA,NA,NA,NA,NA
R_3YTpHNcKL34p3DX,forward,5,NA,NA,NA,NA,NA,NA,NA,NA,NA
R_5otXsFAFCXV9jKW,forward,3,NA,NA,NA,NA,NA,NA,NA,NA,NA
R_6fkBsPQoDEzc8iY,forward,11,NA,NA,NA,NA,NA,NA,NA,NA,NA
R_6JK1H5Gtm3Rece2,forward,8,NA,NA,NA,NA,NA,NA,NA,NA,NA
R_5rv6wIPeIcuO4RL,forward,20,NA,NA,NA,NA,NA,NA,NA,NA,NA
R_14bdTVi1IK2fBrb,forward,31,NA,NA,NA,NA,NA,NA,NA,NA,NA
R_5f8RYDSalDc3ypd,forward,10,NA,NA,NA,NA,NA,NA,NA,NA,NA
R_5HDuKEyh25GJDyx,forward,13,NA,NA,NA,NA,NA,NA,NA,NA,NA
R_6f31eVSLHc6Vhzy,forward,54,NA,NA,NA,NA,NA,NA,NA,NA,NA
R_67qZmjcKjsm5wu4,forward,3,NA,NA,NA,NA,NA,NA,NA,NA,NA
R_5G6AF0K3To1mi9h,forward,16,NA,NA,NA,NA,NA,NA,NA,NA,NA
R_5qvzKuJbtplf7nq,forward,12,NA,NA,NA,NA,NA,NA,NA,NA,NA
R_5nCLN5au9Teqao9,forward,5,NA,NA,NA,NA,NA,NA,NA,NA,NA
R_6dGc2clhkRn7mDA,forward,21,NA,NA,NA,NA,NA,NA,NA,NA,NA
R_71ocvHWuEVVnnC8,forward,15,NA,NA,NA,NA,NA,NA,NA,NA,NA
R_1QRSF2JBp1vwZTv,forward,13,NA,NA,NA,NA,NA,NA,NA,NA,NA
R_5uIl7NKMYprfL9c,forward,46,NA,NA,NA,NA,NA,NA,NA,NA,NA
R_5S2zuXAs6fXln1U,forward,19,NA,NA,NA,NA,NA,NA,NA,NA,NA
R_565XigVevuciR22,forward,17,NA,NA,NA,NA,NA,NA,NA,NA,NA
R_6MizoSdlmUtLUnY,forward,21,NA,NA,NA,NA,NA,NA,NA,NA,NA
R_6tioiTtdLvORS9M,forward,7,NA,NA,NA,NA,NA,NA,NA,NA,NA
R_5v6T2aemLcoxbso,forward,16,NA,NA,NA,NA,NA,NA,NA,NA,NA
R_5HjIjZMAzzKgVoe,forward,7,NA,NA,NA,NA,NA,NA,NA,NA,NA
R_61iHWjQ3nQj9APO,forward,14,NA,NA,NA,NA,NA,NA,NA,NA,NA
R_6idhV6rxs3mnfLH,forward,5,NA,NA,NA,NA,NA,NA,NA,NA,NA
R_7K0WB5uwKL4WxH0,forward,8,NA,NA,NA,NA,NA,NA,NA,NA,NA
R_6ocG8ornl9by6dk,forward,18,NA,NA,NA,NA,NA,NA,NA,NA,NA
R_3X3yCHzRkg1oPkt,forward,9,NA,NA,NA,NA,NA,NA,NA,NA,NA
R_7limTmQjLHUOrm1,forward,6,NA,NA,NA,NA,NA,NA,NA,NA,NA
R_3naUfmUnxWhDLLr,forward,16,NA,NA,NA,NA,NA,NA,NA,NA,NA
R_3XpOMbsjzjEvRq9,forward,38,NA,NA,NA,NA,NA,NA,NA,NA,NA
R_53ygWbybMq14fQ2,forward,78,NA,NA,NA,NA,NA,NA,NA,NA,NA
R_7U7h83Gs4v57Jvz,forward,17,NA,NA,NA,NA,NA,NA,NA,NA,NA
R_3v24CYawpcx7NXT,forward,25,NA,NA,NA,NA,NA,NA,NA,NA,NA
R_7Au6x8O5O5uWBax,forward,2,NA,NA,NA,NA,NA,NA,NA,NA,NA
R_61HhcTwtJPrqKLM,forward,5,NA,NA,NA,NA,NA,NA,NA,NA,NA
R_1KCWmimeNIGEeGd,forward,21,NA,NA,NA,NA,NA,NA,NA,NA,NA
R_3rAPTtRV1tuQG9a,forward,19,NA,NA,NA,NA,NA,NA,NA,NA,NA
R_31bHZhSz3OMX69z,forward,3,NA,NA,NA,NA,NA,NA,NA,NA,NA
R_5ensvNeOvJGCaor,forward,12,NA,NA,NA,NA,NA,NA,NA,NA,NA
R_7kWw0D8zLpcxzG1,forward,18,NA,NA,NA,NA,NA,NA,NA,NA,NA
R_3NaLPi7HgTOgaOd,forward,8,NA,NA,NA,NA,NA,NA,NA,NA,NA
R_6FNi7KJnyXOhfFL,forward,21,NA,NA,NA,NA,NA,NA,NA,NA,NA
R_6uUKPhYN0LZBs5E,forward,33,NA,NA,NA,NA,NA,NA,NA,NA,NA
R_12r4VcEo4vZc92g,forward,8,NA,NA,NA,NA,NA,NA,NA,NA,NA
R_1Nb8kDeukNVUKDQ,forward,31,NA,NA,NA,NA,NA,NA,NA,NA,NA
R_1fWOceWujGcWFix,forward,8,NA,NA,NA,NA,NA,NA,NA,NA,NA
R_3Hnvfm1pUTJYH9V,forward,47,NA,NA,NA,NA,NA,NA,NA,NA,NA
R_1dGpJ5m7oL0Kywp,forward,6,NA,NA,NA,NA,NA,NA,NA,NA,NA
R_1atRfPEuM2DkCuC,forward,33,NA,NA,NA,NA,NA,NA,NA,NA,NA
R_7uyrUrvHnFjSo8L,forward,5,NA,NA,NA,NA,NA,NA,NA,NA,NA
R_6DzENrZoA6e6V6h,forward,41,NA,NA,NA,NA,NA,NA,NA,NA,NA
R_7k2p7DvjeJpcUqg,forward,18,NA,NA,NA,NA,NA,NA,NA,NA,NA
R_5EZ3T9VN0TGIq9R,forward,22,NA,NA,NA,NA,NA,NA,NA,NA,NA
R_6QCBAwd8KZnQjn3,forward,14,NA,NA,NA,NA,NA,NA,NA,NA,NA
R_5Kvt1o4t5p8M82t,forward,3,NA,NA,NA,NA,NA,NA,NA,NA,NA
R_1qWKXO7xBM1eVd7,forward,15,NA,NA,NA,NA,NA,NA,NA,NA,NA
R_6f0yF2PuF0XVMFn,forward,7,NA,NA,NA,NA,NA,NA,NA,NA,NA
R_1UJ6DEVe3yHxXHj,forward,15,NA,NA,NA,NA,NA,NA,NA,NA,NA
R_5lGMX7EtP2qITB4,forward,24,NA,NA,NA,NA,NA,NA,NA,NA,NA
R_16btGHwAUJGL0L3,forward,169,NA,NA,NA,NA,NA,NA,NA,NA,NA
R_5aXO6P8XpxXwDQn,forward,6,NA,NA,NA,NA,NA,NA,NA,NA,NA
R_52QB5QmNmhemUUa,forward,14,NA,NA,NA,NA,NA,NA,NA,NA,NA
R_3CJComq7UKvKaWm,forward,4,NA,NA,NA,NA,NA,NA,NA,NA,NA
R_5uVyNZ4Qa5qmUcI,forward,10,NA,NA,NA,NA,NA,NA,NA,NA,NA
R_1d5AjpxB7Q8XDax,forward,30,NA,NA,NA,NA,NA,NA,NA,NA,NA
R_3PSkTv5FhcHENfp,forward,19,NA,NA,NA,NA,NA,NA,NA,NA,NA
R_5oLzFT60wzc7WMJ,forward,7,NA,NA,NA,NA,NA,NA,NA,NA,NA
R_6PLX4ke4JqxtlUr,forward,14,NA,NA,NA,NA,NA,NA,NA,NA,NA
R_6Lp7bNYga1K90n7,forward,8,NA,NA,NA,NA,NA,NA,NA,NA,NA
R_7DSGu1ESRGQmzTA,forward,16,NA,NA,NA,NA,NA,NA,NA,NA,NA
R_1DqDzhcwUrpOwpq,forward,15,NA,NA,NA,NA,NA,NA,NA,NA,NA
R_5us736tYOJXuMOv,forward,8,NA,NA,NA,NA,NA,NA,NA,NA,NA
R_3fQ8WFc9iH62SIP,forward,37,NA,NA,NA,NA,NA,NA,NA,NA,NA
R_7sskP28WVjhoiip,forward,17,NA,NA,NA,NA,NA,NA,NA,NA,NA
R_3WnGMZya8KmqNFf,forward,93,NA,NA,NA,NA,NA,NA,NA,NA,NA
R_38FzpcMS6AZ6l2a,forward,11,NA,NA,NA,NA,NA,NA,NA,NA,NA
R_6JarKZqrzf5Cg58,forward,16,NA,NA,NA,NA,NA,NA,NA,NA,NA
R_1ohxtdEtuQCxdLz,forward,43,NA,NA,NA,NA,NA,NA,NA,NA,NA
R_7r3b0XAzfMgTV05,forward,13,NA,NA,NA,NA,NA,NA,NA,NA,NA
R_72tNbmL3KeQNd3o,forward,67,NA,NA,NA,NA,NA,NA,NA,NA,NA
R_7N1VonQuusM4GHA,forward,12,NA,NA,NA,NA,NA,NA,NA,NA,NA
R_5qymPmby3UW8KsA,forward,11,NA,NA,NA,NA,NA,NA,NA,NA,NA
R_7GizpHeW1k7J0QN,forward,28,NA,NA,NA,NA,NA,NA,NA,NA,NA
R_3wuJ6M7nzwJm3el,forward,96,NA,NA,NA,NA,NA,NA,NA,NA,NA
R_1CBDF1734B699cz,forward,14,NA,NA,NA,NA,NA,NA,NA,NA,NA
R_5kz9n0XjyQS4qBh,forward,24,NA,NA,NA,NA,NA,NA,NA,NA,NA
R_5TG1eqOm0lD26sb,forward,8,NA,NA,NA,NA,NA,NA,NA,NA,NA
R_7DMkXM9PgYboduG,forward,48,NA,NA,NA,NA,NA,NA,NA,NA,NA
R_11bTHYUX2tFnn86,forward,36,NA,NA,NA,NA,NA,NA,NA,NA,NA
R_1hExR7HfPLEXkYC,forward,21,NA,NA,NA,NA,NA,NA,NA,NA,NA
R_5o7vqNG0ZYW2zzX,forward,1,NA,NA,NA,NA,NA,NA,NA,NA,NA
R_50OuekYYaRebGH8,forward,34,NA,NA,NA,NA,NA,NA,NA,NA,NA
R_7zBZ5odq3la9HQx,forward,73,NA,NA,NA,NA,NA,NA,NA,NA,NA
R_114ML5JdbJ2QVeF,forward,48,NA,NA,NA,NA,NA,NA,NA,NA,NA
R_5CVFjso5LYWmYvm,forward,204,NA,NA,NA,NA,NA,NA,NA,NA,NA
R_1nSXSF69Fj6A6Aq,forward,6,NA,NA,NA,NA,NA,NA,NA,NA,NA
R_3qh3BOBeX0lzN1R,forward,6,NA,NA,NA,NA,NA,NA,NA,NA,NA
R_5bIw43ZaxillTKZ,forward,20,NA,NA,NA,NA,NA,NA,NA,NA,NA
R_3sQDnAouU61EywV,forward,27,NA,NA,NA,NA,NA,NA,NA,NA,NA
R_7YzeN2wLvpp9DGo,forward,10,NA,NA,NA,NA,NA,NA,NA,NA,NA
R_1elBrxH5CATanhl,forward,11,NA,NA,NA,NA,NA,NA,NA,NA,NA
R_7cyWggWHN0Rb6A9,forward,56,NA,NA,NA,NA,NA,NA,NA,NA,NA
R_7szTXv2SUH8tQsd,forward,3,NA,NA,NA,NA,NA,NA,NA,NA,NA
R_6s4lx4aXT7fJKqq,forward,10,NA,NA,NA,NA,NA,NA,NA,NA,NA
R_5mvZzmluHVTnTJS,forward,4,NA,NA,NA,NA,NA,NA,NA,NA,NA
R_5VkD1aNxz8bGvyV,forward,1,NA,NA,NA,NA,NA,NA,NA,NA,NA
R_1rPmxuvJ1y1UF5P,forward,6,NA,NA,NA,NA,NA,NA,NA,NA,NA
R_7VnzoyFBzCt7RYt,forward,13,NA,NA,NA,NA,NA,NA,NA,NA,NA
R_7OoAaKhH6siQJ8f,forward,3,NA,NA,NA,NA,NA,NA,NA,NA,NA
R_1V1qzro86tDc7yh,forward,45,NA,NA,NA,NA,NA,NA,NA,NA,NA
R_7dzVN2ipz7eHW44,forward,43,NA,NA,NA,NA,NA,NA,NA,NA,NA
R_1PaxR7Y1d3nn1Hb,forward,1,NA,NA,NA,NA,NA,NA,NA,NA,NA
R_6cAvIrZRQxEU46o,forward,26,NA,NA,NA,NA,NA,NA,NA,NA,NA
R_1OlhLI5FbUiqblQ,forward,35,NA,NA,NA,NA,NA,NA,NA,NA,NA
R_6SGP8WVAD6WrQQo,forward,30,NA,NA,NA,NA,NA,NA,NA,NA,NA
R_71MyZrEzivNKIr4,forward,12,NA,NA,NA,NA,NA,NA,NA,NA,NA
R_1gXZKv9bHLM1Qum,forward,42,NA,NA,NA,NA,NA,NA,NA,NA,NA
R_7rY6HTyjtVhS0LL,forward,27,NA,NA,NA,NA,NA,NA,NA,NA,NA
R_5WQgt2WrBXH0cq5,forward,17,NA,NA,NA,NA,NA,NA,NA,NA,NA
R_5k3VAJGc4vqxeYp,forward,13,NA,NA,NA,NA,NA,NA,NA,NA,NA
R_5zPfXdsoIriZYnn,forward,18,NA,NA,NA,NA,NA,NA,NA,NA,NA
R_6B2pcb29TPmlDYo,forward,4,NA,NA,NA,NA,NA,NA,NA,NA,NA
R_3rIjVOPBevZQwya,forward,9,NA,NA,NA,NA,NA,NA,NA,NA,NA
R_3S2i1upJgyk6uR5,forward,27,NA,NA,NA,NA,NA,NA,NA,NA,NA
R_6Wi9vJZFy9ehwVb,forward,15,NA,NA,NA,NA,NA,NA,NA,NA,NA
R_68UujY4ueGBgwfT,forward,5,NA,NA,NA,NA,NA,NA,NA,NA,NA
R_6nemj119xDn7kLj,forward,8,NA,NA,NA,NA,NA,NA,NA,NA,NA
R_3Gv4fri9xdxjCi5,forward,11,NA,NA,NA,NA,NA,NA,NA,NA,NA
R_6kvpPvpDt4ZBqow,forward,12,NA,NA,NA,NA,NA,NA,NA,NA,NA
R_6qPVMhvPdgKzFv5,forward,59,NA,NA,NA,NA,NA,NA,NA,NA,NA
R_5m1Mt5YAfTNizcp,forward,3,NA,NA,NA,NA,NA,NA,NA,NA,NA
R_1MRn0qrwM2KZ18N,forward,53,NA,NA,NA,NA,NA,NA,NA,NA,NA
R_59kNMoHglufHIUV,forward,36,NA,NA,NA,NA,NA,NA,NA,NA,NA
R_5qXgRGigVCWWUKZ,forward,15,NA,NA,NA,NA,NA,NA,NA,NA,NA
R_3l5oI7jIrIFspGh,forward,17,NA,NA,NA,NA,NA,NA,NA,NA,NA
R_1qCdq6QkBglvXvW,forward,21,NA,NA,NA,NA,NA,NA,NA,NA,NA
R_5MPS1bDbucGiXhy,forward,8,NA,NA,NA,NA,NA,NA,NA,NA,NA
R_4C9fl8kcQr8YBjA,forward,22,NA,NA,NA,NA,NA,NA,NA,NA,NA
R_7P0jTFM2pSJ0t8g,forward,22,NA,NA,NA,NA,NA,NA,NA,NA,NA
R_6ilssWAIPWGNVCR,forward,13,NA,NA,NA,NA,NA,NA,NA,NA,NA
R_1C5usWrTTTwbLQR,forward,22,NA,NA,NA,NA,NA,NA,NA,NA,NA
R_5cSoriTI76K8OOU,forward,25,NA,NA,NA,NA,NA,NA,NA,NA,NA
R_55Pnqdmue1bJFlL,forward,44,NA,NA,NA,NA,NA,NA,NA,NA,NA
R_3Do90oZmkPYPKRA,forward,18,NA,NA,NA,NA,NA,NA,NA,NA,NA
R_1i4XUYAUK5opFAy,forward,28,NA,NA,NA,NA,NA,NA,NA,NA,NA
R_3EtJIxDCM6MxB7j,forward,15,NA,NA,NA,NA,NA,NA,NA,NA,NA
R_3MQF9AJxg8UkmAX,forward,24,NA,NA,NA,NA,NA,NA,NA,NA,NA
R_3Z6uK8BjifPJxSh,forward,9,NA,NA,NA,NA,NA,NA,NA,NA,NA
R_6aB9ePxc45dkM5b,forward,44,NA,NA,NA,NA,NA,NA,NA,NA,NA
R_62X2PmlrmAiUNDO,forward,62,NA,NA,NA,NA,NA,NA,NA,NA,NA
R_6q3Ek5AeDqzlnhW,forward,27,NA,NA,NA,NA,NA,NA,NA,NA,NA
R_7EGPIF4UCV5BM2p,forward,13,NA,NA,NA,NA,NA,NA,NA,NA,NA
R_5rCyRZZRnnWlgQw,forward,26,NA,NA,NA,NA,NA,NA,NA,NA,NA
R_5ogf8jZrZENb0xr,forward,9,NA,NA,NA,NA,NA,NA,NA,NA,NA
R_6fOeuVAXyfUZiPU,forward,1,NA,NA,NA,NA,NA,NA,NA,NA,NA
R_5zATEitFMEk9XqJ,forward,6,NA,NA,NA,NA,NA,NA,NA,NA,NA
R_6feoyOzFHT9Tfnx,forward,18,NA,NA,NA,NA,NA,NA,NA,NA,NA
R_6PT3R98dE3EYQRH,forward,26,NA,NA,NA,NA,NA,NA,NA,NA,NA
R_6dMTRLuQDfjk946,forward,2,NA,NA,NA,NA,NA,NA,NA,NA,NA
R_1QcKiERrO59xNAK,forward,9,NA,NA,NA,NA,NA,NA,NA,NA,NA
R_3ErSCcHmhyPfuTf,forward,19,NA,NA,NA,NA,NA,NA,NA,NA,NA
R_6nOXsWwTV8T7lWV,forward,17,NA,NA,NA,NA,NA,NA,NA,NA,NA
R_31vbwzH1TUVxeER,forward,22,NA,NA,NA,NA,NA,NA,NA,NA,NA
R_7bDZ4PX1FHQ1uDf,forward,14,NA,NA,NA,NA,NA,NA,NA,NA,NA
R_54pyoRydG8fXfK2,forward,14,NA,NA,NA,NA,NA,NA,NA,NA,NA
R_7dfKmGRfdVBq5MG,forward,12,NA,NA,NA,NA,NA,NA,NA,NA,NA
R_5GwdGLICuhFF463,forward,11,NA,NA,NA,NA,NA,NA,NA,NA,NA
R_54ylM8iTc47zFrb,forward,23,NA,NA,NA,NA,NA,NA,NA,NA,NA
R_52xWXWTjvVDpvfV,forward,7,NA,NA,NA,NA,NA,NA,NA,NA,NA
R_18FX1HGQzon6rR6,forward,7,NA,NA,NA,NA,NA,NA,NA,NA,NA
R_7bJDT2aFHKjSNb3,forward,4,NA,NA,NA,NA,NA,NA,NA,NA,NA
R_6q4UflCSgmvaEBr,forward,5,NA,NA,NA,NA,NA,NA,NA,NA,NA
R_6n8H0By07CiVpXx,forward,11,NA,NA,NA,NA,NA,NA,NA,NA,NA
R_3qdGETEsOLugqWL,forward,25,NA,NA,NA,NA,NA,NA,NA,NA,NA
R_6kIHKChnNPXb3cg,forward,7,NA,NA,NA,NA,NA,NA,NA,NA,NA
R_5p3ATDmE4VkFOq1,forward,5,NA,NA,NA,NA,NA,NA,NA,NA,NA
R_1CO3NBWDipYluLr,forward,13,NA,NA,NA,NA,NA,NA,NA,NA,NA
R_5e9Nsx17T3hwBAc,forward,16,NA,NA,NA,NA,NA,NA,NA,NA,NA
R_1QVD3xI810fDGSw,forward,34,NA,NA,NA,NA,NA,NA,NA,NA,NA
R_33VqCtsDEflnLeh,forward,22,NA,NA,NA,NA,NA,NA,NA,NA,NA
R_1OW1nhkjpfnnB4k,forward,11,NA,NA,NA,NA,NA,NA,NA,NA,NA
R_1TYWmhVwh5ZW17X,forward,9,NA,NA,NA,NA,NA,NA,NA,NA,NA
R_7ZNwwXHRga40EbY,forward,5,NA,NA,NA,NA,NA,NA,NA,NA,NA
R_5n8cmJOLbnM1SeM,forward,41,NA,NA,NA,NA,NA,NA,NA,NA,NA
R_6BXZjCQplL9iX4W,forward,6,NA,NA,NA,NA,NA,NA,NA,NA,NA
R_1LUuvyEoU61PN5q,forward,24,NA,NA,NA,NA,NA,NA,NA,NA,NA
R_3L22hippk4tZ7r3,forward,26,NA,NA,NA,NA,NA,NA,NA,NA,NA
R_5uK6r8pWCE1qyHy,forward,4,NA,NA,NA,NA,NA,NA,NA,NA,NA
R_35Qtgmp6oy46Q7f,forward,18,NA,NA,NA,NA,NA,NA,NA,NA,NA
R_7DMnKJvbM1Nyxd4,forward,20,NA,NA,NA,NA,NA,NA,NA,NA,NA
R_5K76QI6UDF9ZsYp,forward,6,NA,NA,NA,NA,NA,NA,NA,NA,NA
R_6stCjDfYlkQVYKB,forward,43,NA,NA,NA,NA,NA,NA,NA,NA,NA
R_1JezlHsnsqgW8m1,forward,22,NA,NA,NA,NA,NA,NA,NA,NA,NA
R_3HoCwYcItTSeLqy,forward,11,NA,NA,NA,NA,NA,NA,NA,NA,NA
R_3n0H0fpRk03aNgQ,forward,11,NA,NA,NA,NA,NA,NA,NA,NA,NA
R_6uCK7th7IcsNk7m,forward,18,NA,NA,NA,NA,NA,NA,NA,NA,NA
R_7CCkgIfb8i0oRCz,forward,5,NA,NA,NA,NA,NA,NA,NA,NA,NA
R_6ZBVUV5I9Q4c8CX,forward,10,NA,NA,NA,NA,NA,NA,NA,NA,NA
R_6FhdpkxNzc7t5L6,forward,9,NA,NA,NA,NA,NA,NA,NA,NA,NA
R_1uL5ebut6hhMeAN,forward,13,NA,NA,NA,NA,NA,NA,NA,NA,NA
R_7Br22oylag6ZU8W,forward,23,NA,NA,NA,NA,NA,NA,NA,NA,NA
R_3anpRb3xn0S0kcK,forward,17,NA,NA,NA,NA,NA,NA,NA,NA,NA
R_3XE3s6zHT1SqCCl,forward,27,NA,NA,NA,NA,NA,NA,NA,NA,NA
R_58UKl9rvdikJPdD,forward,4,NA,NA,NA,NA,NA,NA,NA,NA,NA
R_5tDPm2n5qC9UQ7G,forward,27,NA,NA,NA,NA,NA,NA,NA,NA,NA
R_7ff55xkNgwe3SUc,forward,12,NA,NA,NA,NA,NA,NA,NA,NA,NA
R_61QrqpXya326LaF,forward,20,NA,NA,NA,NA,NA,NA,NA,NA,NA
R_6ElIGdEzy97JpBL,forward,38,NA,NA,NA,NA,NA,NA,NA,NA,NA
R_5PtTLL00ffBeM3e,forward,22,NA,NA,NA,NA,NA,NA,NA,NA,NA
R_5CNGtVSXoshVP3v,forward,23,NA,NA,NA,NA,NA,NA,NA,NA,NA
R_6qdGNbIWWKD7YHf,forward,32,NA,NA,NA,NA,NA,NA,NA,NA,NA
R_1PTrEzATTHcJBWt,forward,14,NA,NA,NA,NA,NA,NA,NA,NA,NA
R_1zqoep7qIRXlk3v,forward,10,NA,NA,NA,NA,NA,NA,NA,NA,NA
R_7q5gYI0z2rOIJqN,forward,17,NA,NA,NA,NA,NA,NA,NA,NA,NA
R_3YigpUhq7LXi0N7,forward,46,NA,NA,NA,NA,NA,NA,NA,NA,NA
R_5q89XaqyBG95fQk,forward,10,NA,NA,NA,NA,NA,NA,NA,NA,NA
R_6SPsmRZboWfpGDf,forward,29,NA,NA,NA,NA,NA,NA,NA,NA,NA
R_3wc6rr7BxVqUwHE,forward,7,NA,NA,NA,NA,NA,NA,NA,NA,NA
R_5CBtyLKPVyvTH8l,forward,4,NA,NA,NA,NA,NA,NA,NA,NA,NA
R_1gp9Vsk8MYj15fZ,forward,25,NA,NA,NA,NA,NA,NA,NA,NA,NA
R_57ZNiOHqzX9DvGN,forward,53,NA,NA,NA,NA,NA,NA,NA,NA,NA
R_7BQU8RuHJjJCovj,forward,17,NA,NA,NA,NA,NA,NA,NA,NA,NA
R_5z16Ow7ptKlKtWN,forward,10,NA,NA,NA,NA,NA,NA,NA,NA,NA
R_50vJLZclzR1Cc7w,forward,37,NA,NA,NA,NA,NA,NA,NA,NA,NA
R_1TYniYpRXvMXM0W,forward,3,NA,NA,NA,NA,NA,NA,NA,NA,NA
R_7mMLLdBmTHX64Uh,forward,1,NA,NA,NA,NA,NA,NA,NA,NA,NA
R_7ixZwbb5uUGx8wp,forward,9,NA,NA,NA,NA,NA,NA,NA,NA,NA
R_5dB5U8XuhIlPZFM,forward,28,NA,NA,NA,NA,NA,NA,NA,NA,NA
R_3LnCb1gA0WmAug1,forward,7,NA,NA,NA,NA,NA,NA,NA,NA,NA
R_5imRf0EKg09w417,forward,11,NA,NA,NA,NA,NA,NA,NA,NA,NA
R_6saW9CejQoBzggd,forward,3,NA,NA,NA,NA,NA,NA,NA,NA,NA
R_3X6DTT9ryef1DEt,forward,12,NA,NA,NA,NA,NA,NA,NA,NA,NA
R_617Aoh84Ot3Lkdh,forward,11,NA,NA,NA,NA,NA,NA,NA,NA,NA
R_5f1AO5oMsHoRG3Q,forward,28,NA,NA,NA,NA,NA,NA,NA,NA,NA
R_3fP3mSpnquITxO5,forward,8,NA,NA,NA,NA,NA,NA,NA,NA,NA
R_5etcttt4zqd9q69,forward,10,NA,NA,NA,NA,NA,NA,NA,NA,NA
R_1vFEykOdYRUrOlH,forward,2,NA,NA,NA,NA,NA,NA,NA,NA,NA
R_3aKXWaRVUF0ZreO,forward,8,NA,NA,NA,NA,NA,NA,NA,NA,NA
R_3V3l7PsTXns1kK6,forward,4,NA,NA,NA,NA,NA,NA,NA,NA,NA
R_3V7EyutNoXnGHzH,forward,18,NA,NA,NA,NA,NA,NA,NA,NA,NA
R_3pfmPUEjeXqUstV,forward,16,NA,NA,NA,NA,NA,NA,NA,NA,NA
R_3jxnZEmj5o90W48,forward,18,NA,NA,NA,NA,NA,NA,NA,NA,NA
R_7FKe4yMSzPl3ay2,forward,22,NA,NA,NA,NA,NA,NA,NA,NA,NA
R_1r2QU72hl8mdVDW,forward,8,NA,NA,NA,NA,NA,NA,NA,NA,NA
R_3KflHXQDfThgotX,forward,8,NA,NA,NA,NA,NA,NA,NA,NA,NA
R_5U0pfx7fVttDDiJ,forward,8,NA,NA,NA,NA,NA,NA,NA,NA,NA
R_7AiONkEjtYvSkYV,forward,30,NA,NA,NA,NA,NA,NA,NA,NA,NA
R_1jZzdDJGy4bLAU9,forward,5,NA,NA,NA,NA,NA,NA,NA,NA,NA
R_69p2KYAWhGmLVOd,forward,11,NA,NA,NA,NA,NA,NA,NA,NA,NA
R_1D7pcZGAdSbuTfe,forward,34,NA,NA,NA,NA,NA,NA,NA,NA,NA
R_5HMiV82nim0YMpX,forward,32,NA,NA,NA,NA,NA,NA,NA,NA,NA
R_1Ns1MsZbDGMANVv,forward,1,NA,NA,NA,NA,NA,NA,NA,NA,NA
R_3lfrRx1M0FJAPks,forward,1,NA,NA,NA,NA,NA,NA,NA,NA,NA
R_3uHw4h2fOdb4qdJ,forward,5,NA,NA,NA,NA,NA,NA,NA,NA,NA
R_7ZU24DcuZ2LrsPI,forward,2,NA,NA,NA,NA,NA,NA,NA,NA,NA
R_1OOyZaBNwAJFLQW,forward,10,NA,NA,NA,NA,NA,NA,NA,NA,NA
R_5rqJnXz1tI737Fh,forward,24,NA,NA,NA,NA,NA,NA,NA,NA,NA
R_6WWHx93j15BYl2N,forward,14,NA,NA,NA,NA,NA,NA,NA,NA,NA
R_5sdxsVk0sTsj4VG,forward,6,NA,NA,NA,NA,NA,NA,NA,NA,NA
R_1rBbNSfxz9HseWc,forward,24,NA,NA,NA,NA,NA,NA,NA,NA,NA
R_6flnPNzhHL5nxp7,forward,20,NA,NA,NA,NA,NA,NA,NA,NA,NA
R_7bVn4jcCvuz60GZ,forward,17,NA,NA,NA,NA,NA,NA,NA,NA,NA
R_3gMmiIL5i2ibXlx,forward,66,NA,NA,NA,NA,NA,NA,NA,NA,NA
R_6RdN0ZkPidrFHxg,forward,4,NA,NA,NA,NA,NA,NA,NA,NA,NA
R_55hA2VxqYj37KSJ,forward,40,NA,NA,NA,NA,NA,NA,NA,NA,NA
R_360u8rApa74rGCJ,forward,41,NA,NA,NA,NA,NA,NA,NA,NA,NA
R_7U8XDTCkTbBStQr,forward,12,NA,NA,NA,NA,NA,NA,NA,NA,NA
R_50HGmdtbsxOMVko,forward,13,NA,NA,NA,NA,NA,NA,NA,NA,NA
R_1e8t0TBtd9l3jNc,forward,20,NA,NA,NA,NA,NA,NA,NA,NA,NA
R_1soG2APuRg0a06d,forward,15,NA,NA,NA,NA,NA,NA,NA,NA,NA
R_3r0yP88nVlP3IPD,forward,40,NA,NA,NA,NA,NA,NA,NA,NA,NA
R_7XneWNl01C6LLe9,forward,18,NA,NA,NA,NA,NA,NA,NA,NA,NA
R_6iLXL6nXc9uVZBL,forward,4,NA,NA,NA,NA,NA,NA,NA,NA,NA
R_6QF6cJCvpVvpDaK,forward,6,NA,NA,NA,NA,NA,NA,NA,NA,NA
R_3V4ofDUTfFlR4jN,forward,38,NA,NA,NA,NA,NA,NA,NA,NA,NA
R_5F4KyH8pcPRWOZH,forward,10,NA,NA,NA,NA,NA,NA,NA,NA,NA
R_6N47s2dJbbOp27R,forward,5,NA,NA,NA,NA,NA,NA,NA,NA,NA
R_1zoUtOy7PDAKHBb,forward,33,NA,NA,NA,NA,NA,NA,NA,NA,NA
R_6pVGTGhEhZI3M6v,forward,14,NA,NA,NA,NA,NA,NA,NA,NA,NA
R_1lMu6FGPOflRaxw,forward,40,NA,NA,NA,NA,NA,NA,NA,NA,NA
R_6uwUuZ11NmauhQv,forward,12,NA,NA,NA,NA,NA,NA,NA,NA,NA
R_5x1HnoCQHDwnYad,forward,10,NA,NA,NA,NA,NA,NA,NA,NA,NA
R_3pbzeYutgtedPIh,forward,14,NA,NA,NA,NA,NA,NA,NA,NA,NA
R_5fJ1zPiGyJzi0W5,forward,12,NA,NA,NA,NA,NA,NA,NA,NA,NA
R_7Cgs3odI9uD016X,forward,56,NA,NA,NA,NA,NA,NA,NA,NA,NA
R_3ep9D2CbXmC9NWF,forward,1,NA,NA,NA,NA,NA,NA,NA,NA,NA
R_7ZTthsN6I3B49k8,forward,18,NA,NA,NA,NA,NA,NA,NA,NA,NA
R_7bbJW71poVsnN1D,forward,8,NA,NA,NA,NA,NA,NA,NA,NA,NA
R_6FQaUKzy7Zn54FI,forward,23,NA,NA,NA,NA,NA,NA,NA,NA,NA
R_111lIHmujn3clE8,forward,12,NA,NA,NA,NA,NA,NA,NA,NA,NA
R_753iO3kuCpj2Q9j,forward,4,NA,NA,NA,NA,NA,NA,NA,NA,NA
R_1wt99eyqfWDOOPp,forward,26,NA,NA,NA,NA,NA,NA,NA,NA,NA
R_5TXmU4Be0zUyumh,forward,48,NA,NA,NA,NA,NA,NA,NA,NA,NA
R_7bIBxxD7iF5sLQM,forward,10,NA,NA,NA,NA,NA,NA,NA,NA,NA
R_5GylyRqi4i7CsGf,forward,18,NA,NA,NA,NA,NA,NA,NA,NA,NA
R_5DvGDhM1Wn3whqd,forward,25,NA,NA,NA,NA,NA,NA,NA,NA,NA
R_5dtBqSiFFai2Ycy,forward,30,NA,NA,NA,NA,NA,NA,NA,NA,NA
R_3acmPBh4AONdg7T,forward,26,NA,NA,NA,NA,NA,NA,NA,NA,NA
R_1XAinhRoIXUaLFn,forward,16,NA,NA,NA,NA,NA,NA,NA,NA,NA
R_30r6JhUYXHpIyBp,forward,2,NA,NA,NA,NA,NA,NA,NA,NA,NA
R_1qI26P7CxgXqOM9,forward,48,NA,NA,NA,NA,NA,NA,NA,NA,NA
R_1q9O9dm460vOpiI,forward,5,NA,NA,NA,NA,NA,NA,NA,NA,NA
R_5k7e6F6iaDuj5lC,forward,18,NA,NA,NA,NA,NA,NA,NA,NA,NA
R_1mn8YHN1ys9qrD1,forward,18,NA,NA,NA,NA,NA,NA,NA,NA,NA
R_5dHq8Ii2R9GWhCq,forward,16,NA,NA,NA,NA,NA,NA,NA,NA,NA
R_1MPW2gf6Syy1Pwq,forward,14,NA,NA,NA,NA,NA,NA,NA,NA,NA
R_7zNmQzwefThMlPX,forward,6,NA,NA,NA,NA,NA,NA,NA,NA,NA
R_6qW4DJ8wwTr5pbm,forward,1,NA,NA,NA,NA,NA,NA,NA,NA,NA
R_3YXaQRkiStxx6HD,forward,8,NA,NA,NA,NA,NA,NA,NA,NA,NA
R_3Vmx0LexsNPPXI5,forward,6,NA,NA,NA,NA,NA,NA,NA,NA,NA
R_5m4R9oHHGFRL4F6,forward,7,NA,NA,NA,NA,NA,NA,NA,NA,NA
R_3sTEaoM823K9lqV,forward,37,NA,NA,NA,NA,NA,NA,NA,NA,NA
R_7QMqnt5aurIYOSW,forward,8,NA,NA,NA,NA,NA,NA,NA,NA,NA
R_58hsxEgreQFfqY9,forward,8,NA,NA,NA,NA,NA,NA,NA,NA,NA
R_507eEPuGJC72UAi,forward,17,NA,NA,NA,NA,NA,NA,NA,NA,NA
R_5qg379PeT74GbQn,forward,1,NA,NA,NA,NA,NA,NA,NA,NA,NA
R_1gRMYk2a8MYPenJ,forward,76,NA,NA,NA,NA,NA,NA,NA,NA,NA
R_5TLukPBTVT6xznb,forward,11,NA,NA,NA,NA,NA,NA,NA,NA,NA
R_5xxrUeJsrTCwMr7,forward,16,NA,NA,NA,NA,NA,NA,NA,NA,NA
R_5rMIXRhyUmaS8iE,forward,3,NA,NA,NA,NA,NA,NA,NA,NA,NA
R_6h0zjJpjgSiw91L,forward,6,NA,NA,NA,NA,NA,NA,NA,NA,NA
R_5I9O9UeH6sqjfKu,forward,1,NA,NA,NA,NA,NA,NA,NA,NA,NA
R_6h6flV3qeFRHjpi,forward,19,NA,NA,NA,NA,NA,NA,NA,NA,NA
R_6xLfe3POPRrHNyp,forward,7,NA,NA,NA,NA,NA,NA,NA,NA,NA
R_5EnHCRa0AtYEniQ,forward,7,NA,NA,NA,NA,NA,NA,NA,NA,NA
R_67WH9MAi60ADy8U,forward,22,NA,NA,NA,NA,NA,NA,NA,NA,NA
R_12qLu1xs5dU849h,forward,3,NA,NA,NA,NA,NA,NA,NA,NA,NA
R_1dnlEsI0dFAxsS1,forward,15,NA,NA,NA,NA,NA,NA,NA,NA,NA
R_7k5p26JU2i9tjN4,forward,15,NA,NA,NA,NA,NA,NA,NA,NA,NA
R_6G32ViiV4cPGDYz,forward,10,NA,NA,NA,NA,NA,NA,NA,NA,NA
R_71ACGQMeQ1mqFAW,forward,21,NA,NA,NA,NA,NA,NA,NA,NA,NA
R_6QHJ482VWkdYeAN,forward,26,NA,NA,NA,NA,NA,NA,NA,NA,NA
R_5PH7rUihm71cYYx,forward,10,NA,NA,NA,NA,NA,NA,NA,NA,NA
R_5HpiFimDL33fAsu,forward,8,NA,NA,NA,NA,NA,NA,NA,NA,NA
R_6dTr5Fq5DmNM1MN,forward,14,NA,NA,NA,NA,NA,NA,NA,NA,NA
R_6zFmDHUnWzyvmXD,ranking,9,0,0,0,0,0,0,0,0,0
R_6EKM6PN9xTmWMV0,ranking,28,3.571,0,0,0,0,0,0,0,3.571
R_5IY8U2LsOKs3MYZ,ranking,38,2.703,0,0,0,0,0,2.703,2.703,2.703
R_3oqysjixGy9AoFj,ranking,52,1.923,0,0,0,0,0,0,0,1.923
R_1iyTntLbOmxMPIJ,ranking,24,0,0,0,0,0,0,0,0,4.167
R_1YExfMDQjZUMW8L,ranking,8,0,0,0,0,0,0,0,0,0
R_3l6JGh2Vgfkr4di,ranking,25,0,0,0,0,0,0,0,4,0
R_5DZFKhv3bXw8q1j,ranking,16,0,0,0,0,0,0,0,0,0
R_1I5h4tFmat7ueoq,ranking,26,0,0,0,0,0,0,3.846,0,3.846
R_5OiRx59rM96Yg1P,ranking,28,0,0,0,0,0,0,0,0,0
R_7mekN9GC1fk33li,ranking,26,0,0,0,0,0,0,3.846,0,3.846
R_37pERk7YMXWU3ct,ranking,60,1.667,0,0,0,0,0,0,1.667,1.667
R_1S7gxHDqAH6iTdw,ranking,10,0,0,0,0,0,0,0,0,10
R_5uK38w74t1M7MZz,ranking,19,0,0,0,0,0,0,0,0,0
R_3mxDp5vNOub0Dhi,ranking,23,4.348,0,0,0,0,0,0,0,4.348
R_51yVhsL0ZiP86Zf,ranking,13,0,0,0,0,0,0,0,0,0
R_5pLxudtSu1p0sah,ranking,22,0,0,0,0,0,0,0,0,4.545
R_3pSAlHyALk9eEzo,ranking,57,0,0,0,0,0,0,0,3.509,1.754
R_599HQbVOKVbZukp,ranking,41,0,0,0,0,0,0,0,0,2.439
R_5qenq19PCdUiKth,ranking,15,0,0,0,0,0,0,0,0,6.667
R_1ruNUCEB7DiBJlK,ranking,14,0,0,0,0,0,0,0,0,7.143
R_5AYwGQA1UEhk1Bs,ranking,17,0,0,0,0,0,0,0,5.882,0
R_7JCP5joUZcvXQ5n,ranking,21,0,0,0,0,0,0,0,0,0
R_7S96BBBlccTP8bX,ranking,22,0,0,0,0,0,0,0,0,0
R_7LizMoSqiPxB27i,ranking,10,0,0,0,0,0,0,0,0,10
R_67WixwAfLe3T5qV,ranking,11,0,0,0,0,0,0,0,0,0
R_5xjvlRoVVzBD8oF,ranking,9,0,0,0,0,0,0,0,0,11.111
R_6tbaibbl7CUmn13,ranking,50,2,0,0,0,0,0,0,0,2
R_3P4Jj1mMSeAVAec,ranking,85,0,0,0,0,0,0,1.19,0,0
R_6rTQDeKCvU1ur6t,ranking,26,0,0,0,0,0,0,3.846,3.846,0
R_37cScPc73JUzAoF,ranking,37,2.703,0,0,0,0,0,2.703,0,2.703
R_7M5xxKMdUul1t91,ranking,42,0,0,0,0,0,0,4.762,0,0
R_7KACMrap9qEXt9z,ranking,34,0,0,0,0,0,0,2.941,0,2.941
R_1Nk5sR2uPFVL7Z1,ranking,28,0,0,0,0,0,0,0,0,3.571
R_7scw68DaWGuO87V,ranking,20,0,0,0,0,0,0,0,0,5
R_5wNphI7v7bLxYFT,ranking,33,3.03,0,0,0,0,0,0,0,3.03
R_5DtPjnmaseHuMbN,ranking,9,11.111,0,0,0,0,0,0,0,0
R_6Lu4zAp8vuCMKkX,ranking,45,2.222,0,0,0,0,0,0,0,0
R_1RmQVeySLYRgObf,ranking,44,2.273,0,0,0,0,0,2.273,2.273,2.273
R_5R35vwemG0f4YoU,ranking,9,0,0,0,0,0,0,0,0,0
R_5uKbm3cpuLnsypY,ranking,51,0,0,0,0,0,0,1.961,0,1.961
R_751wvcOom5YUIVP,ranking,12,0,0,0,0,0,0,0,0,0
R_6l0HLKGtHX6kjqo,ranking,76,0,0,0,0,0,0,1.316,1.316,0
R_73f2h2lGwLSb2jr,ranking,27,0,0,0,0,0,0,0,0,0
R_7Eiga2GRUfOC8FK,ranking,29,0,0,0,0,0,0,0,0,3.448
R_3qw0E5uszeCuYrR,ranking,6,0,0,0,0,0,0,0,0,0
R_5I6lvtQTnSJPOaX,ranking,62,0,0,1.639,0,0,0,1.639,0,1.639
R_6arEKOInRki4VHB,ranking,19,0,0,0,0,0,0,0,0,0
R_5DqmzlUa44iDWEm,ranking,166,0.599,0,0,0,0,0,0.599,0,0.599
R_377oDQegmYd1SGW,ranking,80,1.25,0,0,0,0,0,1.25,1.25,1.25
R_1Lch9oOJjhp2Ffw,ranking,24,0,0,0,0,0,0,0,0,0
R_3v2GxFXcJcaLePx,ranking,29,0,0,0,0,0,0,0,0,3.448
R_3qX3zY4vm0K2rRS,ranking,22,0,0,0,0,0,0,0,4.545,4.545
R_5Xi7N8ZTwId4Fdn,ranking,17,0,0,0,0,0,0,0,0,0
R_5iVDkBdt9PC3zas,ranking,60,1.667,0,0,0,0,0,0,1.667,1.667
R_63xzse3rbJDREgd,ranking,8,0,0,0,0,0,0,0,0,0
R_6d9QmzjiwbRnvlr,ranking,29,3.448,0,0,0,0,0,0,0,0
R_5Iat6OkhutCUQJ6,ranking,13,0,0,0,0,0,0,0,0,0
R_3Hp4dTZbBPf6hjo,ranking,103,0.98,0,0,0,0,0,0,0.98,0.98
R_3fUzOHiRCWBPdZv,ranking,67,1.493,0,0,0,0,0,1.493,0,1.493
R_5dzOS6Hpu2ssqce,ranking,45,2.222,0,0,0,0,0,2.222,2.222,0
R_3alUbr0miGGA13j,ranking,76,1.37,0,0,0,0,0,1.37,0,1.37
R_1wEBCXXh3EAGjJL,ranking,10,0,0,0,0,0,0,0,0,0
R_6TnSKs1DEh9bMN2,ranking,9,0,0,0,0,0,0,0,12.5,0
R_7PPzU3McST0BBv3,ranking,9,0,0,0,0,0,0,0,0,0
R_6WDPSL9mXUBtZeh,ranking,6,0,0,0,0,0,0,16.667,0,0
R_62F7ZHGJFKUOcHp,ranking,34,0,0,0,0,0,0,2.941,0,2.941
R_3A33EbWAu8bPP4R,ranking,61,1.613,0,0,0,0,0,1.613,0,1.613
R_3erKatWfeBwJDJn,ranking,40,0,0,0,0,0,0,0,0,2.5
R_5QldweKJ37AKt7X,ranking,13,0,0,0,0,0,0,0,0,0
R_7QRIfhycq6sOsMe,ranking,29,0,0,0,0,0,0,3.448,3.448,3.448
R_7K3dz3sByxkDqdZ,ranking,43,2.326,0,0,0,0,0,0,2.326,4.651
R_1IbJ8ZNpCEqZTeu,ranking,12,8.333,0,0,0,0,0,0,0,8.333
R_1iWfmCHu0FQplwB,ranking,62,0,0,0,0,0,0,1.695,0,1.695
R_3rTSsorEvHFuuwx,ranking,48,0,0,0,0,0,0,2.083,0,2.083
R_3FR96pNLGf6d4aU,ranking,37,2.703,0,0,0,0,0,2.703,0,2.703
R_5FLIhP5XoFqhEa6,ranking,57,0,0,0,0,0,0,1.754,0,1.754
R_3MXYSJHbz9A57pL,ranking,47,2.128,0,0,0,0,0,0,2.128,2.128
R_5DtppANNmBW7278,ranking,9,11.111,0,0,0,0,0,0,0,0
R_1xTb6rv771MGVR7,ranking,35,0,0,0,0,0,0,2.857,0,0
R_7nU5XUBeC69bXcp,ranking,31,0,0,0,0,0,0,0,0,3.226
R_7OUzEipWUEblT9d,ranking,21,0,0,0,0,0,0,0,0,0
R_1IauyRhlhBQQs5R,ranking,27,0,0,0,0,0,0,0,0,0
R_3kyBr5mLK0zCPbr,ranking,15,0,0,0,0,0,0,0,0,0
R_7sbULDu0EBwme79,ranking,48,0,0,0,0,0,0,0,0,0
R_5LXHS9lxhtfKZcl,ranking,23,4.348,0,0,0,0,0,0,4.348,0
R_72ScECcQ5DNZb73,ranking,12,0,0,0,0,0,0,0,0,8.333
R_6CPTgl4hykxRYfn,ranking,75,2.667,0,0,0,0,0,1.333,0,0
R_1tJg7215BsTWGkN,ranking,80,1.25,0,0,0,0,0,1.25,0,1.25
R_3tJyt02ltFuLWDL,ranking,38,2.703,0,0,0,0,0,0,0,0
R_1BV1YZYHlms1Uch,ranking,13,0,0,0,0,0,0,0,0,0
R_3aLxooZf8085akS,ranking,86,0,0,0,0,0,0,0,0,0
R_3y9koSebd8rWz4R,ranking,21,0,0,0,0,0,0,0,0,4.762
R_502EAhjxbMmjHtz,ranking,40,2.778,0,0,0,0,0,5.556,0,2.778
R_5Vc0ofnn9v4ykpz,ranking,55,0,0,0,0,0,0,0,1.818,1.818
R_7oG76NA06dHWLqt,ranking,37,2.703,0,0,0,0,0,0,0,2.703
R_577t1ULlOCljPXx,ranking,14,0,0,0,0,0,0,0,0,0
R_7DD7Jxm1VL663Pr,ranking,56,0,0,0,0,0,0,0,0,1.887
R_6fkjNwtzRDbmIAh,ranking,32,0,0,0,0,0,0,0,0,0
R_6kGjiXvbwpdSBXP,ranking,32,0,0,0,0,0,0,0,0,0
R_54scDevtfBoh2F3,ranking,36,0,0,2.778,0,0,0,0,0,0
R_5azZQ4kndnd9UrI,ranking,30,0,0,0,0,0,0,3.333,0,0
R_6BtOo5kJrill7Z7,ranking,53,1.887,0,0,0,0,0,0,0,1.887
R_5TAxmPxoznubxBZ,ranking,28,3.571,0,0,0,0,0,0,0,3.571
R_3anPOAPN5wmEA41,ranking,21,0,0,0,0,0,0,0,0,4.762
R_14w95b8s7ilcBi1,ranking,67,0,0,0,0,0,0,2.985,1.493,0
R_6eLWRHcwfE9IjNd,ranking,108,1.852,0,0,0,0,0,1.852,0.926,0.926
R_71afjFZcmOr3R3H,ranking,21,0,0,0,0,0,0,0,0,4.762
R_7aZakPLJqnPScUN,ranking,50,0,0,0,0,0,0,0,0,2
R_3s4RB67ZHBRWDMR,ranking,81,1.22,0,0,0,0,0,1.22,1.22,0
R_7EFvezEwITifStC,ranking,39,0,0,0,0,0,0,2.564,0,2.564
R_1qaEfpZtec1EHYD,ranking,80,3.797,0,0,0,0,0,0,1.266,1.266
R_7geis1uzZkyBCcJ,ranking,33,0,0,0,0,0,0,0,3.03,3.03
R_5YDEnoUn8tnTDLd,ranking,46,0,0,0,0,0,0,2.174,0,2.174
R_7aeG5hlsH3ze7re,ranking,99,0,0,0,0,0,0,0,1.01,1.01
R_76dwF3nMDfpOYMx,ranking,18,0,0,0,0,0,0,0,0,0
R_7OprbWkg076P5Nj,ranking,101,0.99,0,0,0,0,0,0.99,0,0.99
R_3GuCB6KW44SNx73,ranking,21,4.762,0,0,0,0,0,0,0,4.762
R_7IWWpodn5tTXZfY,ranking,65,1.538,0,0,0,0,0,0,0,1.538
R_7d0lWiZeWt48zaK,ranking,68,1.471,0,0,0,0,0,1.471,1.471,1.471
R_57PEouWuChNy9W1,ranking,60,0,0,0,0,0,0,1.639,0,1.639
R_3gSICIiGeQ8DCjN,ranking,146,0.685,0,0,0,0,0,0,0.685,0.685
R_7LOw73SxMUa7ece,ranking,5,0,0,0,0,0,0,0,0,0
R_8iliDBiZmWP9a78,ranking,6,0,0,0,0,0,0,0,0,16.667
R_5pzIElLBxKDM80v,ranking,71,0,0,0,0,0,0,0,0,1.408
R_5Dunkf4MBZdefZJ,ranking,34,0,0,0,0,0,0,3.448,0,0
R_6Lqhu4uQOafg0Oh,ranking,20,5,0,0,0,0,0,0,0,0
R_7pFm6JRPJei143Z,ranking,24,0,0,0,0,0,0,4.167,0,0
R_7K7Qifu4l8btus8,ranking,43,0,0,0,0,0,0,2.174,0,0
R_7jcZj5K7zNVVLdr,ranking,12,8.333,0,0,0,0,0,0,8.333,0
R_3CTrCfiDTZ0KTb6,ranking,24,0,0,0,0,0,0,0,0,4.167
R_3DpecRwPmNbdBvi,ranking,60,0,0,0,0,0,0,1.667,0,0
R_5rqCE53FNqEGFks,ranking,39,0,0,0,0,0,0,0,0,2.564
R_6RqlKmqaWSITzdn,ranking,10,0,0,0,0,0,0,0,0,0
R_5RAeMOEQAX6bEWZ,ranking,54,1.852,0,0,0,0,0,1.852,1.852,1.852
R_7fcUviD4M0slaVp,ranking,30,0,0,0,0,0,0,3.333,0,3.333
R_6pncnKiJGyR3l38,ranking,23,0,0,0,0,0,0,4.167,0,4.167
R_3ISOqSenuNi7Jql,ranking,13,0,0,0,0,0,0,0,0,7.692
R_6R1RKoda26zrvKZ,ranking,63,0,0,0,0,0,0,0,0,0
R_7eDAMJG6SmKplmH,ranking,22,0,0,0,0,0,0,0,0,0
R_3s5FKEL4pdLyLSh,ranking,30,0,0,0,0,0,0,3.226,0,3.226
R_317JU9az7WjAE8s,ranking,30,0,0,0,0,0,0,0,0,0
R_7VwHCbU6n3Ip4Ye,ranking,49,0,0,0,0,0,0,2.041,4.082,0
R_5EJWGcNSUWxOwui,ranking,58,0,0,0,0,0,0,1.724,0,0
R_11YifmNJShbcVde,ranking,61,1.639,0,0,0,0,0,1.639,0,0
R_7z8Rld1QcyO9lrr,ranking,29,0,0,0,0,0,0,0,3.448,0
R_5OJCo41k43Uvs6Y,ranking,50,0,0,0,0,0,2,0,0,2
R_7ZR8lnKAA3By86t,ranking,81,1.22,0,0,0,0,0,1.22,1.22,0
R_7SBk6YPctQGPVpP,ranking,120,0,1.667,0,0,0,0,0,0,0.833
R_7V2vfczhki64TTT,ranking,30,3.333,0,0,0,3.333,0,3.333,3.333,0
R_70vm1xpQlRxHl1s,ranking,49,0,0,0,0,0,0,0,0,0
R_1OemtcoyjWouzbj,ranking,65,0,0,0,0,0,0,1.538,0,1.538
R_55SbU8bBR6bZAX9,ranking,121,0.826,0,0,0,0,0,0.826,0.826,0.826
R_5B8xKkI2XBjdKbD,ranking,32,0,0,0,0,0,0,3.125,3.125,3.125
R_7Ap99TkAdzJJVPb,ranking,38,2.564,0,0,0,0,0,2.564,0,0
R_5Q8IW431JFBRrod,ranking,20,0,0,0,0,0,0,0,5,0
R_3TB0asMOVm2nuE6,ranking,127,0,0,0,0,0,0,0,0,0.787
R_7Ubbqbnmkj9sxex,ranking,84,0,0,0,0,0,0,0,0,0
R_5iKaZuZ4qdXpOwO,ranking,50,2,0,0,0,0,0,2,2,2
R_18ofIbyrz3CPWgx,ranking,28,0,0,0,0,0,0,0,0,0
R_5J3mNY0fOawhLsF,ranking,28,3.571,0,0,0,0,0,0,0,3.571
R_7P7xIkYxeAWHQgX,ranking,18,0,0,0,0,0,0,0,0,0
R_732mg1S5ULj0brc,ranking,99,1.01,0,0,0,0,0,0,1.01,1.01
R_3QojG2eRqTYuBUQ,ranking,8,0,0,0,0,0,0,0,0,0
R_10Mmap7NptSmAow,ranking,83,0,1.205,0,0,0,0,1.205,0,0
R_1LS6VLj0CbrmvzW,ranking,44,0,0,0,0,0,0,2.273,2.273,2.273
R_6Gktq5cf4jBKrdO,ranking,62,1.613,0,0,0,0,0,0,1.613,1.613
R_5Qt14h6iydnvS8w,ranking,18,0,0,0,0,0,0,5.263,0,0
R_6alC50nQLJpBNtU,ranking,13,0,0,0,0,0,0,0,0,0
R_6VqFhSPGwZDiVGh,ranking,141,0.709,0,0,0,0,0,0.709,0.709,0.709
R_7DTqopnczdpTKQF,ranking,16,0,0,0,0,0,0,0,0,0
R_3sisTwYexKNQbvd,ranking,76,1.299,0,0,0,0,0,1.299,0,1.299
R_1I5Y3HZpKtw5BzQ,ranking,21,0,0,0,0,0,0,0,0,0
R_5dWK4e2NRTMXSFD,ranking,30,0,0,0,0,0,0,0,0,3.448
R_7DBy27CDAc2wfN6,ranking,48,2.083,0,0,0,0,0,2.083,0,2.083
R_62diV1N8J9ANcHv,ranking,72,0,0,0,0,0,0,1.37,0,1.37
R_53n0gmiXmx62OQ1,ranking,6,0,0,0,0,0,0,0,0,0
R_3unC6NNgnVNxozf,ranking,56,0,0,0,0,0,0,0,0,0
R_6JrxcTATdQWWUPn,ranking,10,0,0,0,0,0,0,0,0,0
R_1KykGbVy8Dr8Hm1,ranking,28,0,0,0,0,0,0,3.571,3.571,0
R_1VCuGG6uXiiDza1,ranking,14,0,0,0,0,0,0,7.143,0,0
R_3WZPXxajah230BE,ranking,34,0,0,0,0,0,0,0,0,2.941
R_6JsYWDZxbNxAxny,ranking,31,0,0,0,0,0,0,0,0,3.226
R_17aoiPyoHYw3TSf,ranking,103,1.942,0,0.971,0,0,0,1.942,0,0.971
R_50Slv8EA39U8G09,ranking,10,0,0,0,0,0,0,0,0,0
R_6ESyVvuIAAhWGOe,ranking,25,0,0,0,0,0,0,0,0,4
R_32SIDDEyFi1tnRM,ranking,30,0,0,0,0,0,0,0,0,3.226
R_62Ql5stw5SusI6f,ranking,77,1.351,0,0,0,0,0,0,0,0
R_5ArRO2jhk7Cyny9,ranking,27,0,0,0,0,0,0,0,0,3.704
R_77tp3RXMgnxlR4Z,ranking,15,0,0,0,0,0,0,0,0,0
R_7FIGZXhQBO5cb2Q,ranking,18,0,0,0,0,0,0,0,5.556,0
R_3N50P03S9e4dap3,ranking,6,0,0,0,0,0,0,0,0,0
R_3IQ39NgPQSAyxj0,ranking,59,1.695,0,0,0,0,0,0,0,0
R_10VQzgWlWuo3Bdo,ranking,13,0,0,0,0,0,0,0,0,7.692
R_1gUek0iw7WTmXYV,ranking,72,0,0,0,1.389,0,0,1.389,1.389,0
R_74pfOwUiXLHTooU,ranking,85,0,0,0,0,0,0,2.353,0,1.176
R_1qqA7AWzb0Z2r05,ranking,51,0,0,0,1.961,0,0,0,0,1.961
R_1xgqYdXMyTa04OB,ranking,17,0,0,0,0,0,0,0,0,5.882
R_6F2Q7gTbfH1Y52b,ranking,25,8,0,0,0,0,0,0,0,0
R_3mOvqIAlYxZ1ny4,ranking,26,3.846,0,0,0,0,0,0,0,3.846
R_3mVNAWyX2u7zItY,ranking,53,0,0,0,0,0,0,1.887,0,0
R_6uoTKYFugiS9SIV,ranking,51,0,0,0,0,0,0,1.961,1.961,1.961
R_5m1wc30h2TkoTAs,ranking,56,1.786,0,0,0,0,0,1.786,1.786,1.786
R_6E29WaUtVg5QMGR,ranking,18,0,0,0,0,0,0,5.556,0,0
R_196BRX1KnFVm56D,ranking,58,1.724,0,0,0,0,0,0,0,1.724
R_55uNCr4pb7pxJLg,ranking,32,0,0,0,0,0,0,0,0,0
R_7HSsFUmQnMPSI7G,ranking,37,2.703,0,0,0,0,0,2.703,2.703,0
R_1bIOWiSY0OOj7iR,ranking,54,0,0,0,0,0,0,0,1.852,1.852
R_5TdlV9MulBravtf,ranking,60,1.667,0,0,0,0,0,1.667,0,0
R_1fC1yGKqJesIQf7,ranking,7,0,0,0,0,0,0,0,0,0
R_5X73OTXeV2hSEfG,ranking,85,1.19,0,0,0,0,0,1.19,0,1.19
R_3isPqtjU76eGkIa,ranking,34,0,0,0,0,0,0,0,2.941,0
R_6DpD71R1gnIJCZj,ranking,19,0,0,0,0,0,0,0,0,5.263
R_7HM6O835PRwPxXU,ranking,7,0,0,0,0,0,0,0,0,0
R_1QWzmUE0ssK40Ol,ranking,6,0,0,0,0,0,0,16.667,0,0
R_7tmRdtXvOsTBdFZ,ranking,26,4.348,0,0,0,0,0,0,0,4.348
R_1Nfuui0FZ7sDcNr,ranking,18,0,0,0,0,0,0,0,0,0
R_7JXjiJGkt91lvrB,ranking,53,1.961,0,0,0,0,0,1.961,0,1.961
R_3cjUGKrHyIQGOum,ranking,45,0,0,0,0,0,0,2.5,0,0
R_7JFenSIczJKl3sA,ranking,16,0,0,0,0,0,0,0,0,0
R_7h6CbxY7YaJee2Z,ranking,104,1.905,0,0,0,0,0,0.952,0.952,0.952
R_6wnMIM70jmp9YoU,ranking,44,2.273,0,0,0,0,0,0,0,2.273
R_7QlK0bGDdgH7pcn,ranking,71,2.817,0,0,0,0,0,2.817,1.408,1.408
R_573U15mnkcpetF0,ranking,52,1.923,0,0,0,0,0,1.923,0,0
R_3JjSXSWcTAu1sGg,ranking,91,0,0,0,0,0,0,0,0,0
R_3wc4McB5njDoUnc,ranking,77,0,0,0,0,0,0,1.299,0,1.299
R_6hgbs1p95Xi9UQs,ranking,8,0,0,0,0,0,0,0,0,0
R_1atvutO175V2cZO,ranking,51,0,0,0,0,0,0,0,1.887,1.887
R_5bOfEbG5RaHiq1r,ranking,14,0,0,0,0,0,0,0,0,7.143
R_3a9mRMKyC0FsDns,ranking,29,0,0,0,0,0,0,3.448,0,0
R_5qDvVTqPfOUqhxJ,ranking,43,0,0,0,0,0,0,0,0,2.326
R_7G0S57V0DSFbmLA,ranking,30,0,0,0,0,0,0,0,0,0
R_3Lthmot2Dt7iwvt,ranking,27,0,0,0,0,0,0,3.704,0,0
R_6JmYO3KrNmjcPfi,ranking,15,0,0,0,0,0,0,0,0,0
R_108K1MQVgqm5jUZ,ranking,11,0,0,0,0,0,0,0,0,0
R_3jEw1gLMUBrjaZH,ranking,43,2.326,0,0,0,0,0,0,0,2.326
R_1FQf3HrsI6c1EvK,ranking,70,1.429,0,0,0,0,0,1.429,0,1.429
R_7zZpOR41Q8A32IO,ranking,78,0,0,0,0,0,0,0,1.299,1.299
R_6BkkhFUGHH1l9M5,ranking,69,1.449,0,0,0,0,0,0,1.449,1.449
R_3GDMcKNoIOoEx4T,ranking,58,1.724,0,0,0,0,0,1.724,1.724,1.724
R_6IlYhv1koPDiLOp,ranking,45,0,0,0,0,0,0,0,0,2.222
R_7CszMc8y0g2f6Kh,ranking,47,0,0,0,0,0,0,2.128,0,2.128
R_5KvGp5TiRFr3jKg,ranking,73,0,0,0,0,0,0,0,1.37,1.37
R_5jJq9n7xDV6CHPr,ranking,17,0,0,0,0,0,0,0,0,0
R_50wbjcEvw8wTcHL,ranking,8,0,0,0,0,0,0,0,0,0
R_53dgIeKEWvsT86t,ranking,199,0.5,0,0,0,0,0,0.5,0,0.5
R_5EGdwl9KHRQ8MTm,ranking,43,0,0,0,0,0,0,2.326,2.326,2.326
R_1eXa4qqp6v414In,ranking,13,0,0,0,0,0,0,0,0,0
R_67JxASqYagoT6fk,ranking,30,0,0,0,0,0,0,0,0,3.333
R_517vZRgZU5ms16S,ranking,99,0,0,0,0,0,0,0,1.01,1.01
R_1mEuHJq6alynXqh,ranking,66,1.515,0,0,0,0,0,1.515,0,1.515
R_3esKQHUXUBfghOZ,ranking,17,5.882,0,0,0,0,0,0,5.882,11.765
R_1lFAvByyuvumMvt,ranking,72,0,0,0,0,0,0,1.389,0,1.389
R_5CrIYwtOrnELkIC,ranking,285,0,0,0,0,0,0,0.355,0,0.355
R_69mDO73P8P5Bouq,ranking,59,1.786,0,0,0,0,0,1.786,0,0
R_3SGSNNCNGQv9W25,ranking,29,0,0,0,0,0,0,0,3.448,0
R_1ttWKhMWl6hNzb2,ranking,69,1.471,0,0,0,0,0,1.471,0,1.471
R_3170Z6UJxdRkU4Z,ranking,28,3.571,0,0,0,0,0,0,0,3.571
R_5SBIjqbVbMaKNdT,ranking,6,0,0,0,0,0,0,0,0,0
R_7y2vlIUU0QrC1mG,ranking,581,0.331,0,0,0,0,0,0,0.166,0.166
R_7RyZ6UXi5WTt0Fr,ranking,32,0,0,0,0,0,0,3.125,0,3.125
R_7hKBWKKN1QdKbDr,ranking,13,0,0,0,0,0,0,0,0,7.692
R_5gMZEbNrmnxOz6I,ranking,42,2.381,0,0,0,0,0,2.381,0,2.381
R_1knrjQhjAjNobCB,ranking,27,0,0,0,0,0,0,0,0,0
R_1mV5V7y3a9Aieac,ranking,52,0,0,0,0,0,0,1.923,0,1.923
R_7iFr2BfWudy78r8,ranking,81,0,0,0,0,0,0,0,0,1.235
R_3xZfVcvnHRJUfUl,ranking,31,0,0,0,0,0,0,3.226,0,3.226
R_35P6PNywolpNtUB,ranking,23,0,0,0,0,0,0,0,0,0
R_5RWyeZaY2kY9O0F,ranking,50,2,0,0,0,0,0,2,2,0
R_3DT0DIxsIy6hBL3,ranking,3,0,0,0,0,0,0,33.333,0,0
R_3fYSi7RLf6EHK8W,ranking,47,0,0,0,0,0,0,0,2.128,2.128
R_7QtFYnBFzbXzlr3,ranking,30,0,0,0,0,0,0,0,0,6.452
R_5SShBcq8iGVovFn,ranking,11,0,0,0,0,0,0,0,0,0
R_5kLfLiwadLf356k,ranking,35,2.857,0,0,0,0,0,0,0,0
R_1GCVxQWqH8PAoiv,ranking,17,0,0,0,0,0,0,0,0,0
R_3ZTZbRtO5wI67nR,ranking,18,0,0,0,0,0,0,0,0,5.556
R_6170TpNs0nJtaGu,ranking,47,2.128,0,0,0,0,0,0,2.128,2.128
R_7HpKsAwcQUrkSs3,ranking,223,0.448,0,0,0,0,0,0.448,0.448,0.897
R_7QzXIPqkfxn7jHd,ranking,32,0,0,0,0,0,0,0,0,3.125
R_5Be4k3sPxUg9CLv,ranking,24,4.167,0,0,0,0,0,0,0,0
R_3TLXJIuRgojkg5J,ranking,23,0,0,0,0,0,0,0,0,4.348
R_5goKjlDrxgfVqJP,ranking,107,0,0,0,0,0,0,0.935,0,0.935
R_6oASChNeVJ82HWJ,ranking,95,2.083,0,0,0,0,0,1.042,1.042,1.042
R_3z6WaLtb0KtGV77,ranking,7,14.286,0,0,0,0,0,0,0,0
R_5e5wKCV2Fj6MsT0,ranking,11,0,0,0,0,0,0,0,9.091,0
R_3fll2cuQn0q0G6v,ranking,42,4.762,0,0,0,0,0,0,0,0
R_5qlzJhgtOf2ofjX,ranking,31,0,0,0,0,0,0,0,0,3.226
R_3nwPcz1hlz4BNdw,ranking,33,0,0,0,0,0,0,3.03,0,0
R_3vbXB9IAwIABtmN,ranking,26,0,0,0,0,0,0,0,0,4.545
R_1QRBn2AWbQ7java,ranking,50,0,0,0,0,0,0,2,2,2
R_60rxCZE6KWddXJ0,ranking,37,0,0,0,0,0,0,0,0,0
R_1TLQbRqsGU8A4rn,ranking,56,0,0,0,0,0,0,0,0,0
R_37e5e0QC8RzXdaV,ranking,70,0,0,0,0,1.408,0,0,0,1.408
R_5rP3awBoT4iVVmt,ranking,66,NA,NA,NA,NA,NA,NA,NA,NA,NA
R_50VcJ1KCbwMmcBP,ranking,35,NA,NA,NA,NA,NA,NA,NA,NA,NA
R_5Gk4t90mWH4d5V3,ranking,49,NA,NA,NA,NA,NA,NA,NA,NA,NA
R_5XMgAiyQX5Svtrb,ranking,34,NA,NA,NA,NA,NA,NA,NA,NA,NA
R_5qyx2l8jdJeE6vT,ranking,19,NA,NA,NA,NA,NA,NA,NA,NA,NA
R_1CddutvJ9kibC7f,ranking,8,NA,NA,NA,NA,NA,NA,NA,NA,NA
R_3khrUPSNxIJrz4x,ranking,36,NA,NA,NA,NA,NA,NA,NA,NA,NA
R_7J7NWHq87YUwhzB,ranking,45,NA,NA,NA,NA,NA,NA,NA,NA,NA
R_3BLpJMEyvnyItep,ranking,11,NA,NA,NA,NA,NA,NA,NA,NA,NA
R_7dvIaljRZYzhENH,ranking,65,NA,NA,NA,NA,NA,NA,NA,NA,NA
R_1Qhc0drUAB7r4TT,ranking,115,NA,NA,NA,NA,NA,NA,NA,NA,NA
R_5WEgP3nh7SeQbvz,ranking,25,NA,NA,NA,NA,NA,NA,NA,NA,NA
R_3C1F77wrPWzZGro,ranking,19,NA,NA,NA,NA,NA,NA,NA,NA,NA
R_3EGBcqmJkQjbnVk,ranking,10,NA,NA,NA,NA,NA,NA,NA,NA,NA
R_1WWNT37grZVu9fb,ranking,10,NA,NA,NA,NA,NA,NA,NA,NA,NA
R_1QFh0uMymcXGeYw,ranking,79,NA,NA,NA,NA,NA,NA,NA,NA,NA
R_7EPnQPs9iClTf21,ranking,231,NA,NA,NA,NA,NA,NA,NA,NA,NA
R_1s7kNOKGXy2cuir,ranking,30,NA,NA,NA,NA,NA,NA,NA,NA,NA
R_53lO3NiS91sSOBo,ranking,18,NA,NA,NA,NA,NA,NA,NA,NA,NA
R_1P1dveIIUYTkc4a,ranking,111,NA,NA,NA,NA,NA,NA,NA,NA,NA
R_7dmpwgIoGABwmkP,ranking,42,NA,NA,NA,NA,NA,NA,NA,NA,NA
R_1aM2CQrdaLxd1br,ranking,55,NA,NA,NA,NA,NA,NA,NA,NA,NA
R_1exN8ivhSXSmZGx,ranking,41,NA,NA,NA,NA,NA,NA,NA,NA,NA
R_3Kvdd95Ima2HeTh,ranking,40,NA,NA,NA,NA,NA,NA,NA,NA,NA
R_7wSOoIghdE6wxmm,ranking,78,NA,NA,NA,NA,NA,NA,NA,NA,NA
R_7ey0RG45NODMRSO,ranking,14,NA,NA,NA,NA,NA,NA,NA,NA,NA
R_673Agpj8YhjKqHg,ranking,18,NA,NA,NA,NA,NA,NA,NA,NA,NA
R_1Xom870iAfwbRfP,ranking,35,NA,NA,NA,NA,NA,NA,NA,NA,NA
R_7maYjVirfTnLAOz,ranking,22,NA,NA,NA,NA,NA,NA,NA,NA,NA
R_7uIp1I7BpZjrVCr,ranking,40,NA,NA,NA,NA,NA,NA,NA,NA,NA
R_1TRk40mbcPrm8F1,ranking,47,NA,NA,NA,NA,NA,NA,NA,NA,NA
R_73agnrzQxlFf2Wh,ranking,16,NA,NA,NA,NA,NA,NA,NA,NA,NA
R_1J8zN4Z5Sq4SnyK,ranking,40,NA,NA,NA,NA,NA,NA,NA,NA,NA
R_7yKExbzYILOyIYF,ranking,13,NA,NA,NA,NA,NA,NA,NA,NA,NA
R_7ey8743qedSumnD,ranking,70,NA,NA,NA,NA,NA,NA,NA,NA,NA
R_6SbPp9fRdxTEm5P,ranking,56,NA,NA,NA,NA,NA,NA,NA,NA,NA
R_6o1GXLpaRVah7tT,ranking,19,NA,NA,NA,NA,NA,NA,NA,NA,NA
R_3eVo8xiMj8E8ShN,ranking,49,NA,NA,NA,NA,NA,NA,NA,NA,NA
R_5Jbo20Cd9VpCNfZ,ranking,22,NA,NA,NA,NA,NA,NA,NA,NA,NA
R_5q52Y0CLj7QJrx1,ranking,47,NA,NA,NA,NA,NA,NA,NA,NA,NA
R_5qk3z55wuH7t6Ex,ranking,5,NA,NA,NA,NA,NA,NA,NA,NA,NA
R_1pDL6DRSuc5u7BV,ranking,72,NA,NA,NA,NA,NA,NA,NA,NA,NA
R_6JLzDRGqkPq1dDU,ranking,66,NA,NA,NA,NA,NA,NA,NA,NA,NA
R_19Knz2GSuPorWIV,ranking,170,NA,NA,NA,NA,NA,NA,NA,NA,NA
R_5d4i1BTaK2Q5ePk,ranking,74,NA,NA,NA,NA,NA,NA,NA,NA,NA
R_7IMK09Qp3otWaEM,ranking,120,NA,NA,NA,NA,NA,NA,NA,NA,NA
R_3mfy6UitEOCda5C,ranking,25,NA,NA,NA,NA,NA,NA,NA,NA,NA
R_3QXJvGZpEhIX0o7,ranking,54,NA,NA,NA,NA,NA,NA,NA,NA,NA
R_5e9fRMcWWqqC1M5,ranking,48,NA,NA,NA,NA,NA,NA,NA,NA,NA
R_1JIw6ZK4ZPQaRYA,ranking,23,NA,NA,NA,NA,NA,NA,NA,NA,NA
R_6DT3D8CUnp6DMsO,ranking,22,NA,NA,NA,NA,NA,NA,NA,NA,NA
R_7e8761ksnbKSzHb,ranking,41,NA,NA,NA,NA,NA,NA,NA,NA,NA
R_6duo4DnRSNjlfcv,ranking,112,NA,NA,NA,NA,NA,NA,NA,NA,NA
R_6Lb93lEDSAXzlYP,ranking,97,NA,NA,NA,NA,NA,NA,NA,NA,NA
R_6IRJiqgy7D8EdlN,ranking,54,NA,NA,NA,NA,NA,NA,NA,NA,NA
R_3ezvjUZIZqxMN84,ranking,29,NA,NA,NA,NA,NA,NA,NA,NA,NA
R_59rZHP443Qy3e9u,ranking,3,NA,NA,NA,NA,NA,NA,NA,NA,NA
R_1dKqegoApJQUPiF,ranking,18,NA,NA,NA,NA,NA,NA,NA,NA,NA
R_3CIKlq94W6g52fL,ranking,24,NA,NA,NA,NA,NA,NA,NA,NA,NA
R_5MJOzf4m3CN66nO,ranking,43,NA,NA,NA,NA,NA,NA,NA,NA,NA
R_54ueocfLdSiYRPc,ranking,21,NA,NA,NA,NA,NA,NA,NA,NA,NA
R_3hwbBt4HzAYGkW5,ranking,20,NA,NA,NA,NA,NA,NA,NA,NA,NA
R_5oGZVZkN8GPmvDu,ranking,14,NA,NA,NA,NA,NA,NA,NA,NA,NA
R_3mwjaLiefXYD6zn,ranking,19,NA,NA,NA,NA,NA,NA,NA,NA,NA
R_53jtxwV5D80tWTp,ranking,4,NA,NA,NA,NA,NA,NA,NA,NA,NA
R_5emKvLJQ5mNurA8,ranking,45,NA,NA,NA,NA,NA,NA,NA,NA,NA
R_3Gc97wMAwic5i81,ranking,86,NA,NA,NA,NA,NA,NA,NA,NA,NA
R_3HCaouu0hPBxl91,ranking,22,NA,NA,NA,NA,NA,NA,NA,NA,NA
R_510fWb2szHYiICL,ranking,42,NA,NA,NA,NA,NA,NA,NA,NA,NA
R_6PlAbIdT4cFvWRX,ranking,44,NA,NA,NA,NA,NA,NA,NA,NA,NA
R_63kHnAStzZNKVTk,ranking,72,NA,NA,NA,NA,NA,NA,NA,NA,NA
R_3JPHMZPeON0dzDo,ranking,21,NA,NA,NA,NA,NA,NA,NA,NA,NA
R_5PwpRWq2xsHvRu1,ranking,29,NA,NA,NA,NA,NA,NA,NA,NA,NA
R_534A7G2P3GqJx0o,ranking,29,NA,NA,NA,NA,NA,NA,NA,NA,NA
R_1iF0Am0qWqE3Zm5,ranking,60,NA,NA,NA,NA,NA,NA,NA,NA,NA
R_3JIXTx8GYV6ZhPo,ranking,150,NA,NA,NA,NA,NA,NA,NA,NA,NA
R_6PB4oruzJdKsAAF,ranking,82,NA,NA,NA,NA,NA,NA,NA,NA,NA
R_110lLgXflxCW3Pd,ranking,129,NA,NA,NA,NA,NA,NA,NA,NA,NA
R_6P1KrLFxtlSq4AH,ranking,163,NA,NA,NA,NA,NA,NA,NA,NA,NA
R_3CHrR4qYf8ublzO,ranking,87,NA,NA,NA,NA,NA,NA,NA,NA,NA
R_63oDp7dvIVwghLb,ranking,25,NA,NA,NA,NA,NA,NA,NA,NA,NA
R_14rOBZzYwHnUg8h,ranking,7,NA,NA,NA,NA,NA,NA,NA,NA,NA
R_3m3GLVrFtdEYpXR,ranking,44,NA,NA,NA,NA,NA,NA,NA,NA,NA
R_7n2l0COVyUlpRSx,ranking,26,NA,NA,NA,NA,NA,NA,NA,NA,NA
R_1gGVybSOHS6FV75,ranking,19,NA,NA,NA,NA,NA,NA,NA,NA,NA
R_7ImW3GX10ehIT5f,ranking,74,NA,NA,NA,NA,NA,NA,NA,NA,NA
R_3rxAieDuHmQn3m5,ranking,6,NA,NA,NA,NA,NA,NA,NA,NA,NA
R_6HtsLVDUHuZIEdX,ranking,49,NA,NA,NA,NA,NA,NA,NA,NA,NA
R_3taiEQh08vr599J,ranking,75,NA,NA,NA,NA,NA,NA,NA,NA,NA
R_368RN4ifFAC5JW0,ranking,35,NA,NA,NA,NA,NA,NA,NA,NA,NA
R_6Z0xQWINFzhCm89,ranking,48,NA,NA,NA,NA,NA,NA,NA,NA,NA
R_1I6kXKCeh11qmaA,ranking,70,NA,NA,NA,NA,NA,NA,NA,NA,NA
R_5PuOOSmb7McSmiY,ranking,70,NA,NA,NA,NA,NA,NA,NA,NA,NA
R_3JLjQLXEwgPh77r,ranking,63,NA,NA,NA,NA,NA,NA,NA,NA,NA
R_3pQLZ9PdfbujEw9,ranking,41,NA,NA,NA,NA,NA,NA,NA,NA,NA
R_6QELQ5nf4G6SBp9,ranking,9,NA,NA,NA,NA,NA,NA,NA,NA,NA
R_6Kg20suJZEIOyaG,ranking,69,NA,NA,NA,NA,NA,NA,NA,NA,NA
R_3EgunHQDLOx9lN4,ranking,8,NA,NA,NA,NA,NA,NA,NA,NA,NA
R_6EzZOxC1CYsxJaV,ranking,78,NA,NA,NA,NA,NA,NA,NA,NA,NA
R_5Ms8vocF7ExWJ4J,ranking,12,NA,NA,NA,NA,NA,NA,NA,NA,NA
R_1qKDTIENhXNQUp6,ranking,38,NA,NA,NA,NA,NA,NA,NA,NA,NA
R_1fCj56SY27ZSYOW,ranking,42,NA,NA,NA,NA,NA,NA,NA,NA,NA
R_3R9sKFFvOyYQ9fu,ranking,6,NA,NA,NA,NA,NA,NA,NA,NA,NA
R_5X0Wx8b1yVLgsxm,ranking,56,NA,NA,NA,NA,NA,NA,NA,NA,NA
R_7kQUpud6fBHppWp,ranking,39,NA,NA,NA,NA,NA,NA,NA,NA,NA
R_117XRmMyJtzPwbL,ranking,24,NA,NA,NA,NA,NA,NA,NA,NA,NA
R_1bUCRQbgvYuvOC3,ranking,11,NA,NA,NA,NA,NA,NA,NA,NA,NA
R_5Cddz52Ww2sCbUj,ranking,62,NA,NA,NA,NA,NA,NA,NA,NA,NA
R_6FRQRuAWC0iFIfP,ranking,18,NA,NA,NA,NA,NA,NA,NA,NA,NA
R_5yTlQ4hsffr0EP7,ranking,90,NA,NA,NA,NA,NA,NA,NA,NA,NA
R_5QzgQPbIv9RYH2N,ranking,49,NA,NA,NA,NA,NA,NA,NA,NA,NA
R_7r9tsaPWu1L9o7d,ranking,4,NA,NA,NA,NA,NA,NA,NA,NA,NA
R_6r0GI2BSGanaXKx,ranking,15,NA,NA,NA,NA,NA,NA,NA,NA,NA
R_1dMwdkgYMunGCh0,ranking,57,NA,NA,NA,NA,NA,NA,NA,NA,NA
R_5gRT7ssyup3yk8k,ranking,51,NA,NA,NA,NA,NA,NA,NA,NA,NA
R_1THIC5zBbiFJOQa,ranking,15,NA,NA,NA,NA,NA,NA,NA,NA,NA
R_6azcTDcUJaB0EU2,ranking,73,NA,NA,NA,NA,NA,NA,NA,NA,NA
R_7AXNSwjez7M6qi6,ranking,51,NA,NA,NA,NA,NA,NA,NA,NA,NA
R_3YiEkC5bfQZYpDb,ranking,35,NA,NA,NA,NA,NA,NA,NA,NA,NA
R_5CwAAhejXw9Bv6r,ranking,38,NA,NA,NA,NA,NA,NA,NA,NA,NA
R_73h2ACNMlw07Tb3,ranking,61,NA,NA,NA,NA,NA,NA,NA,NA,NA
R_5pWV5Ieudxq5o8u,ranking,46,NA,NA,NA,NA,NA,NA,NA,NA,NA
R_5QJMvymDkYRi6Wy,ranking,35,NA,NA,NA,NA,NA,NA,NA,NA,NA
R_3EoaabitMKGa9CX,ranking,59,NA,NA,NA,NA,NA,NA,NA,NA,NA
R_3pxwHrISJ73Z09f,ranking,24,NA,NA,NA,NA,NA,NA,NA,NA,NA
R_6fyVNjVZZSTGLjr,ranking,82,NA,NA,NA,NA,NA,NA,NA,NA,NA
R_3qWytmZlwh7g3pD,ranking,41,NA,NA,NA,NA,NA,NA,NA,NA,NA
R_1wiqml7CqcO9fJc,ranking,13,NA,NA,NA,NA,NA,NA,NA,NA,NA
R_6R47ULyeULamU79,ranking,18,NA,NA,NA,NA,NA,NA,NA,NA,NA
R_6282rjAlHjKhjBn,ranking,225,NA,NA,NA,NA,NA,NA,NA,NA,NA
R_7oZUxBt84cIu3no,ranking,17,NA,NA,NA,NA,NA,NA,NA,NA,NA
R_1usFvDckwG9aKfT,ranking,26,NA,NA,NA,NA,NA,NA,NA,NA,NA
R_5pPUuN6I0PMXOky,ranking,28,NA,NA,NA,NA,NA,NA,NA,NA,NA
R_1iXxr72nhUxHpRa,ranking,27,NA,NA,NA,NA,NA,NA,NA,NA,NA
R_6knNxPVw9x9fF73,ranking,54,NA,NA,NA,NA,NA,NA,NA,NA,NA
R_6nj4PxKXwDZAYGB,ranking,58,NA,NA,NA,NA,NA,NA,NA,NA,NA
R_3Bll1RAdBC71qAH,ranking,38,NA,NA,NA,NA,NA,NA,NA,NA,NA
R_34CSnDj0tapyBNR,ranking,59,NA,NA,NA,NA,NA,NA,NA,NA,NA
R_6fpcB1NxbDENclK,ranking,16,NA,NA,NA,NA,NA,NA,NA,NA,NA
R_11yVxggno6ipFZf,ranking,47,NA,NA,NA,NA,NA,NA,NA,NA,NA
R_69sOz7tYvGZJ7TX,ranking,51,NA,NA,NA,NA,NA,NA,NA,NA,NA
R_3apcaFA39buolnH,ranking,70,NA,NA,NA,NA,NA,NA,NA,NA,NA
R_62hfDodb4Pl5gsW,ranking,19,NA,NA,NA,NA,NA,NA,NA,NA,NA
R_3IYFhH4AVfi5SU4,ranking,43,NA,NA,NA,NA,NA,NA,NA,NA,NA
R_1EEZid30ciXrRtg,ranking,82,NA,NA,NA,NA,NA,NA,NA,NA,NA
R_1P46rs7iP1Q8xa1,ranking,24,NA,NA,NA,NA,NA,NA,NA,NA,NA
R_10reeoRiFs8z6wD,ranking,30,NA,NA,NA,NA,NA,NA,NA,NA,NA
R_3TgGtDinRHTixZ7,ranking,15,NA,NA,NA,NA,NA,NA,NA,NA,NA
R_12RLVDIlLQUpEz9,ranking,98,NA,NA,NA,NA,NA,NA,NA,NA,NA
R_5JCPeYF2WLNVKmi,ranking,109,NA,NA,NA,NA,NA,NA,NA,NA,NA
R_3NxpEzVJWgqn2HT,ranking,19,NA,NA,NA,NA,NA,NA,NA,NA,NA
R_3HakmudRMRI1knn,ranking,57,NA,NA,NA,NA,NA,NA,NA,NA,NA
R_1zaC4KKkpFdsAF3,ranking,18,NA,NA,NA,NA,NA,NA,NA,NA,NA
R_1lB7v1yTsdkMDH5,ranking,23,NA,NA,NA,NA,NA,NA,NA,NA,NA
R_5QLSpjSIqS92eJI,ranking,12,NA,NA,NA,NA,NA,NA,NA,NA,NA
R_3DZVGCZmtQxTPUt,ranking,43,NA,NA,NA,NA,NA,NA,NA,NA,NA
R_3BmJCJq5OyzQIHw,ranking,50,NA,NA,NA,NA,NA,NA,NA,NA,NA
R_6TvIzUDFHM6Xwxj,ranking,10,NA,NA,NA,NA,NA,NA,NA,NA,NA
R_6fH7Sj36Qm6Csoc,ranking,49,NA,NA,NA,NA,NA,NA,NA,NA,NA
R_3ezwTPNEaOtqM2l,ranking,62,NA,NA,NA,NA,NA,NA,NA,NA,NA
R_5LFNZGgMR6irjRk,ranking,37,NA,NA,NA,NA,NA,NA,NA,NA,NA
R_1cWppQI8sFXcxZn,ranking,30,NA,NA,NA,NA,NA,NA,NA,NA,NA
R_5mPGqlyTQyb85Z7,ranking,26,NA,NA,NA,NA,NA,NA,NA,NA,NA
R_5MUgJCCKHpGQFyh,ranking,98,NA,NA,NA,NA,NA,NA,NA,NA,NA
R_64eBwO9B3qU6bOr,ranking,15,NA,NA,NA,NA,NA,NA,NA,NA,NA
R_6A1mSSPz0JkNY0j,ranking,51,NA,NA,NA,NA,NA,NA,NA,NA,NA
R_5jkXyaDXj6EC1UC,ranking,16,NA,NA,NA,NA,NA,NA,NA,NA,NA
R_7r1dMbFHKeJ8fDB,ranking,15,NA,NA,NA,NA,NA,NA,NA,NA,NA
R_1y3Glp8qMC61kf7,ranking,97,NA,NA,NA,NA,NA,NA,NA,NA,NA
R_5qerMl24W0XhmRU,ranking,66,NA,NA,NA,NA,NA,NA,NA,NA,NA
R_3eoQELrvqUADqpj,ranking,20,NA,NA,NA,NA,NA,NA,NA,NA,NA
R_6QZ3yYEgAKQp4sb,ranking,32,NA,NA,NA,NA,NA,NA,NA,NA,NA
R_7WYIV5lWbTX2h0g,ranking,56,NA,NA,NA,NA,NA,NA,NA,NA,NA
R_59miRsQACZxvDPg,ranking,14,NA,NA,NA,NA,NA,NA,NA,NA,NA
R_5gXjTTNCu5VPgTD,ranking,54,NA,NA,NA,NA,NA,NA,NA,NA,NA
R_6xVNQM6vMMsuW48,ranking,6,NA,NA,NA,NA,NA,NA,NA,NA,NA
R_3GHwOks4gieoCwV,ranking,31,NA,NA,NA,NA,NA,NA,NA,NA,NA
R_3hGU86BDXCNEvnA,ranking,53,NA,NA,NA,NA,NA,NA,NA,NA,NA
R_61AGy684fKd4XxW,ranking,37,NA,NA,NA,NA,NA,NA,NA,NA,NA
R_6yjWiVIZPpt74s2,ranking,74,NA,NA,NA,NA,NA,NA,NA,NA,NA
R_1RTUoQeSirXOH8y,ranking,47,NA,NA,NA,NA,NA,NA,NA,NA,NA
R_6lilOPLuG27eh8t,ranking,93,NA,NA,NA,NA,NA,NA,NA,NA,NA
R_5bV9l3jbN0edBQJ,ranking,101,NA,NA,NA,NA,NA,NA,NA,NA,NA
R_3QuWUhTXWKUQgBA,ranking,19,NA,NA,NA,NA,NA,NA,NA,NA,NA
R_50gu8p89YTdbaGB,ranking,39,NA,NA,NA,NA,NA,NA,NA,NA,NA
R_5hRIMt7kphqtvKp,ranking,21,NA,NA,NA,NA,NA,NA,NA,NA,NA
R_51MkHS6TzID5bJu,ranking,10,NA,NA,NA,NA,NA,NA,NA,NA,NA
R_52VtSYbyVw3x3Hf,ranking,24,NA,NA,NA,NA,NA,NA,NA,NA,NA
R_3DvWZDTwm6VPFkk,ranking,21,NA,NA,NA,NA,NA,NA,NA,NA,NA
R_6YFLp3o6W7FBSoZ,ranking,56,NA,NA,NA,NA,NA,NA,NA,NA,NA
R_7lVpxgZtABE2ZDe,ranking,54,NA,NA,NA,NA,NA,NA,NA,NA,NA
R_6CNgpmbSSQivjZ6,ranking,52,NA,NA,NA,NA,NA,NA,NA,NA,NA
R_52bhuZQ1FTtFeOo,ranking,6,NA,NA,NA,NA,NA,NA,NA,NA,NA
R_1KrOIDSEKoCALKj,ranking,32,NA,NA,NA,NA,NA,NA,NA,NA,NA
R_7TRz1pCt8JxnMTD,ranking,58,NA,NA,NA,NA,NA,NA,NA,NA,NA
R_6mZW3TRC0tPy0y8,ranking,57,NA,NA,NA,NA,NA,NA,NA,NA,NA
R_3rjhtvD6uCHcY26,ranking,85,NA,NA,NA,NA,NA,NA,NA,NA,NA
R_5ieQC3CL8p4Acvu,ranking,62,NA,NA,NA,NA,NA,NA,NA,NA,NA
R_3PG3x1drVzexphP,ranking,6,NA,NA,NA,NA,NA,NA,NA,NA,NA
R_6gqKVc0R690cIfY,ranking,76,NA,NA,NA,NA,NA,NA,NA,NA,NA
R_3KACePnJ1z4syCL,ranking,112,NA,NA,NA,NA,NA,NA,NA,NA,NA
R_7Pr3wrt1tDykVSV,ranking,27,NA,NA,NA,NA,NA,NA,NA,NA,NA
R_7SpYXHx5Ok1Eix5,ranking,73,NA,NA,NA,NA,NA,NA,NA,NA,NA
R_1CkzVnRudNlLtno,ranking,22,NA,NA,NA,NA,NA,NA,NA,NA,NA
R_7p9lvaQO8ZM256t,ranking,31,NA,NA,NA,NA,NA,NA,NA,NA,NA
R_7hR4DWnWTfRuHbt,ranking,34,NA,NA,NA,NA,NA,NA,NA,NA,NA
R_62Lh9anzPWsFSWR,ranking,65,NA,NA,NA,NA,NA,NA,NA,NA,NA
R_6oQEeAW1C8Sk5fr,ranking,52,NA,NA,NA,NA,NA,NA,NA,NA,NA
R_63k9HYY1uGiv41z,ranking,8,NA,NA,NA,NA,NA,NA,NA,NA,NA
R_6fkYtjQxrD6oli3,ranking,34,NA,NA,NA,NA,NA,NA,NA,NA,NA
R_5hzPobxx3cQWd9x,ranking,44,NA,NA,NA,NA,NA,NA,NA,NA,NA
R_687wZpdHnJSa6s1,ranking,24,NA,NA,NA,NA,NA,NA,NA,NA,NA
R_7FEVkaB51bUBiY9,ranking,23,NA,NA,NA,NA,NA,NA,NA,NA,NA
R_1C3KePdoC44jcrL,ranking,39,NA,NA,NA,NA,NA,NA,NA,NA,NA
R_12JEFsIyEIgnN8m,ranking,39,NA,NA,NA,NA,NA,NA,NA,NA,NA
R_5XrJBwwc46yaf17,ranking,54,NA,NA,NA,NA,NA,NA,NA,NA,NA
R_5hsZE7q8xVki4tf,ranking,38,NA,NA,NA,NA,NA,NA,NA,NA,NA
R_1EcVpen00KTN1eQ,ranking,14,NA,NA,NA,NA,NA,NA,NA,NA,NA
R_7CCAmnQWq1tiVrW,ranking,36,NA,NA,NA,NA,NA,NA,NA,NA,NA
R_5OSMkQRZ9fbX49g,ranking,77,NA,NA,NA,NA,NA,NA,NA,NA,NA
R_66SqQ4rFMOE6kb7,ranking,51,NA,NA,NA,NA,NA,NA,NA,NA,NA
R_7lUEuxBmc5rTiVz,ranking,15,NA,NA,NA,NA,NA,NA,NA,NA,NA
R_7OlY0B0QIuYioVS,ranking,34,NA,NA,NA,NA,NA,NA,NA,NA,NA
R_6FENjMkqjINPjoG,ranking,16,NA,NA,NA,NA,NA,NA,NA,NA,NA
R_3UaNECFq3trJdJN,ranking,35,NA,NA,NA,NA,NA,NA,NA,NA,NA
R_6g1JEdpq5jmW0o0,ranking,26,NA,NA,NA,NA,NA,NA,NA,NA,NA
R_7YSCpknbYk2CBBn,ranking,20,NA,NA,NA,NA,NA,NA,NA,NA,NA
R_6Ns81xeDa1trHRT,ranking,6,NA,NA,NA,NA,NA,NA,NA,NA,NA
R_1Et09mP2g8QZJk9,ranking,38,NA,NA,NA,NA,NA,NA,NA,NA,NA
R_7AXuubILIg61bqx,ranking,51,NA,NA,NA,NA,NA,NA,NA,NA,NA
R_1UY6bTMEvndMo16,ranking,12,NA,NA,NA,NA,NA,NA,NA,NA,NA
R_1ubb7oRYrC7H9KN,ranking,28,NA,NA,NA,NA,NA,NA,NA,NA,NA
R_1sQKElGwKbzWaT4,ranking,58,NA,NA,NA,NA,NA,NA,NA,NA,NA
R_6AVfjHRIC0dW2oV,ranking,68,NA,NA,NA,NA,NA,NA,NA,NA,NA
R_1erDYw8y5cbURJV,ranking,30,NA,NA,NA,NA,NA,NA,NA,NA,NA
R_5ykFg9Z7qj8EqYd,ranking,25,NA,NA,NA,NA,NA,NA,NA,NA,NA
R_7CslEyfzWsdB5Uh,ranking,44,NA,NA,NA,NA,NA,NA,NA,NA,NA
R_6hdRAPXgAMD48BH,ranking,141,NA,NA,NA,NA,NA,NA,NA,NA,NA
R_6bZ6jXFkmL4ISCM,ranking,8,NA,NA,NA,NA,NA,NA,NA,NA,NA
R_6CxI7lhejGy2u6l,ranking,693,NA,NA,NA,NA,NA,NA,NA,NA,NA
R_10aQhAIh4NUwgXD,ranking,30,NA,NA,NA,NA,NA,NA,NA,NA,NA
R_6JP4TMPgFQCx3e9,ranking,18,NA,NA,NA,NA,NA,NA,NA,NA,NA
R_1N5ha0td7Lr8NxG,ranking,21,NA,NA,NA,NA,NA,NA,NA,NA,NA
R_1m8orKDqvYaSf6d,ranking,6,NA,NA,NA,NA,NA,NA,NA,NA,NA
R_6abprdubtBFBP2K,ranking,28,NA,NA,NA,NA,NA,NA,NA,NA,NA
R_6tloTjuJcUVrNyN,ranking,10,NA,NA,NA,NA,NA,NA,NA,NA,NA
R_3IEqpq2ofLaGqAh,ranking,17,NA,NA,NA,NA,NA,NA,NA,NA,NA
R_6tskuQCULW29Xyh,ranking,83,NA,NA,NA,NA,NA,NA,NA,NA,NA
R_3mt7yhWDLXxRldi,ranking,92,NA,NA,NA,NA,NA,NA,NA,NA,NA
R_6z89mYlnyPfEu3g,ranking,79,NA,NA,NA,NA,NA,NA,NA,NA,NA
R_1NU5BN3JVfDKMRr,ranking,8,NA,NA,NA,NA,NA,NA,NA,NA,NA
R_3EbqUJouHALfpXI,ranking,41,NA,NA,NA,NA,NA,NA,NA,NA,NA
R_3MXMlCYho5U0BjS,ranking,10,NA,NA,NA,NA,NA,NA,NA,NA,NA
R_3wLlThS3rWnaZqN,ranking,59,NA,NA,NA,NA,NA,NA,NA,NA,NA
R_1MagJj6M1m81abz,ranking,99,NA,NA,NA,NA,NA,NA,NA,NA,NA
R_6NmGdQXkMTfQS4F,ranking,35,NA,NA,NA,NA,NA,NA,NA,NA,NA
R_1qqnNuTHovah1in,ranking,81,NA,NA,NA,NA,NA,NA,NA,NA,NA
R_7IMKkgqcKeI02LA,ranking,67,NA,NA,NA,NA,NA,NA,NA,NA,NA
R_6FDKK4xRCwQMfgW,ranking,16,NA,NA,NA,NA,NA,NA,NA,NA,NA
R_7P9zbxzfGSX3ZUR,ranking,45,NA,NA,NA,NA,NA,NA,NA,NA,NA
R_6mDviHJ3wAdkzTO,ranking,50,NA,NA,NA,NA,NA,NA,NA,NA,NA
R_5el7ZVPCNKZMqVO,ranking,133,NA,NA,NA,NA,NA,NA,NA,NA,NA
R_5k65jiEj3UV2hbL,ranking,9,NA,NA,NA,NA,NA,NA,NA,NA,NA
R_15NhgSyF5mMPXyQ,ranking,58,NA,NA,NA,NA,NA,NA,NA,NA,NA
R_6IQrjcZf7CFEcr8,ranking,22,NA,NA,NA,NA,NA,NA,NA,NA,NA
R_6prE0ZCBZfLQHfc,ranking,28,NA,NA,NA,NA,NA,NA,NA,NA,NA
R_3EyGVEZi2km2cTz,ranking,39,NA,NA,NA,NA,NA,NA,NA,NA,NA
R_75WxDuKlDjtEJIx,ranking,118,NA,NA,NA,NA,NA,NA,NA,NA,NA
R_12Lphl3P7o03V9L,ranking,7,NA,NA,NA,NA,NA,NA,NA,NA,NA
R_3GDmors8Zq7bKHD,ranking,16,NA,NA,NA,NA,NA,NA,NA,NA,NA
R_52h7o6WdRs5igrz,ranking,19,NA,NA,NA,NA,NA,NA,NA,NA,NA
R_1CZYTxkObfXvm2T,ranking,23,NA,NA,NA,NA,NA,NA,NA,NA,NA
R_6zNOAA7zGqbCU7Q,ranking,32,NA,NA,NA,NA,NA,NA,NA,NA,NA
R_5TNZ1TTHFzLuGeB,ranking,82,NA,NA,NA,NA,NA,NA,NA,NA,NA
R_6bc4vB4XSy5E3E5,ranking,68,NA,NA,NA,NA,NA,NA,NA,NA,NA
R_6ctGF2w2Vj8Du7E,ranking,26,NA,NA,NA,NA,NA,NA,NA,NA,NA
R_7nwQQefnYbgNk6K,ranking,35,NA,NA,NA,NA,NA,NA,NA,NA,NA
R_6jemldQilPDxxPq,ranking,68,NA,NA,NA,NA,NA,NA,NA,NA,NA
R_72FUG6eHoDGcJgt,ranking,14,NA,NA,NA,NA,NA,NA,NA,NA,NA
R_7rNg0mdjHsG9253,ranking,73,NA,NA,NA,NA,NA,NA,NA,NA,NA
R_77xGvqL1e9KPvYc,ranking,85,NA,NA,NA,NA,NA,NA,NA,NA,NA
R_11JqfeyuWnBTgtj,ranking,8,NA,NA,NA,NA,NA,NA,NA,NA,NA
R_5CK1QuMzp6Be9nK,ranking,20,NA,NA,NA,NA,NA,NA,NA,NA,NA
R_61aqs6Ehn74uECd,ranking,34,NA,NA,NA,NA,NA,NA,NA,NA,NA
R_23f9qmnzDFbH5yB,ranking,28,NA,NA,NA,NA,NA,NA,NA,NA,NA
R_6ZEOAAp2AsC8XJg,ranking,94,NA,NA,NA,NA,NA,NA,NA,NA,NA
R_6JXhVpvPcyr0xGI,ranking,24,NA,NA,NA,NA,NA,NA,NA,NA,NA
R_7i9vopvadrSotnb,ranking,227,NA,NA,NA,NA,NA,NA,NA,NA,NA
R_1VLaN1nWfTUd2xF,ranking,52,NA,NA,NA,NA,NA,NA,NA,NA,NA
R_3aRjJwsrix0T9y2,ranking,7,NA,NA,NA,NA,NA,NA,NA,NA,NA
R_1XdMkSJIyx8zI2i,ranking,37,NA,NA,NA,NA,NA,NA,NA,NA,NA
R_3N3JRVDnyJgFTYl,ranking,20,NA,NA,NA,NA,NA,NA,NA,NA,NA
R_13rVKKWL5nyJkI1,ranking,15,NA,NA,NA,NA,NA,NA,NA,NA,NA
R_3cbVfpnqjkpC4Iy,ranking,34,NA,NA,NA,NA,NA,NA,NA,NA,NA
R_6FIqncmNJDgFXJD,ranking,39,NA,NA,NA,NA,NA,NA,NA,NA,NA
R_1SVwLHbcjz1g3eN,ranking,69,NA,NA,NA,NA,NA,NA,NA,NA,NA
R_6g9XpDghMj4WnYt,ranking,47,NA,NA,NA,NA,NA,NA,NA,NA,NA
R_1Eo8A15sefsiJxF,ranking,67,NA,NA,NA,NA,NA,NA,NA,NA,NA
R_6ODk8cjFzriLti9,ranking,36,NA,NA,NA,NA,NA,NA,NA,NA,NA
R_5zrbUng5qcWzLnX,ranking,52,NA,NA,NA,NA,NA,NA,NA,NA,NA
R_7cnCfommAQNORoM,ranking,48,NA,NA,NA,NA,NA,NA,NA,NA,NA
R_5DAqSi5GQFE7sJR,ranking,50,NA,NA,NA,NA,NA,NA,NA,NA,NA
R_5PdN0HeDKthblno,ranking,29,NA,NA,NA,NA,NA,NA,NA,NA,NA
R_5JGA46sTlbV9wid,ranking,20,NA,NA,NA,NA,NA,NA,NA,NA,NA
R_3HAMg9plgn8Q0JH,ranking,9,NA,NA,NA,NA,NA,NA,NA,NA,NA
R_1l0l40ezb8ML3LP,ranking,51,NA,NA,NA,NA,NA,NA,NA,NA,NA
R_7U0cLEfVhLoXLhL,ranking,84,NA,NA,NA,NA,NA,NA,NA,NA,NA
R_6OjoyKCUDn1MNYN,ranking,19,NA,NA,NA,NA,NA,NA,NA,NA,NA
R_36lIJLsauTr9axP,ranking,40,NA,NA,NA,NA,NA,NA,NA,NA,NA
R_3kPZRcBbAw7p5Cx,ranking,18,NA,NA,NA,NA,NA,NA,NA,NA,NA
R_3hsgmOQ1Wgdjdvg,ranking,31,NA,NA,NA,NA,NA,NA,NA,NA,NA
R_6rLL41AvE9tWFHz,ranking,35,NA,NA,NA,NA,NA,NA,NA,NA,NA
R_3ZHVDOuyDHm8d2w,ranking,21,NA,NA,NA,NA,NA,NA,NA,NA,NA
R_6Ga4ABr1YEQwTAZ,ranking,37,NA,NA,NA,NA,NA,NA,NA,NA,NA
R_7VBHFRvuctmkFtY,ranking,8,NA,NA,NA,NA,NA,NA,NA,NA,NA
R_63otxnqDxIAOEBb,ranking,19,NA,NA,NA,NA,NA,NA,NA,NA,NA
R_3EcGVxwgupIbmzG,ranking,13,NA,NA,NA,NA,NA,NA,NA,NA,NA
R_3YTpHNcKL34p3DX,ranking,29,NA,NA,NA,NA,NA,NA,NA,NA,NA
R_5otXsFAFCXV9jKW,ranking,5,NA,NA,NA,NA,NA,NA,NA,NA,NA
R_6fkBsPQoDEzc8iY,ranking,25,NA,NA,NA,NA,NA,NA,NA,NA,NA
R_6JK1H5Gtm3Rece2,ranking,28,NA,NA,NA,NA,NA,NA,NA,NA,NA
R_5rv6wIPeIcuO4RL,ranking,38,NA,NA,NA,NA,NA,NA,NA,NA,NA
R_14bdTVi1IK2fBrb,ranking,60,NA,NA,NA,NA,NA,NA,NA,NA,NA
R_5f8RYDSalDc3ypd,ranking,83,NA,NA,NA,NA,NA,NA,NA,NA,NA
R_5HDuKEyh25GJDyx,ranking,19,NA,NA,NA,NA,NA,NA,NA,NA,NA
R_6f31eVSLHc6Vhzy,ranking,60,NA,NA,NA,NA,NA,NA,NA,NA,NA
R_67qZmjcKjsm5wu4,ranking,17,NA,NA,NA,NA,NA,NA,NA,NA,NA
R_5G6AF0K3To1mi9h,ranking,100,NA,NA,NA,NA,NA,NA,NA,NA,NA
R_5qvzKuJbtplf7nq,ranking,23,NA,NA,NA,NA,NA,NA,NA,NA,NA
R_5nCLN5au9Teqao9,ranking,45,NA,NA,NA,NA,NA,NA,NA,NA,NA
R_6dGc2clhkRn7mDA,ranking,236,NA,NA,NA,NA,NA,NA,NA,NA,NA
R_71ocvHWuEVVnnC8,ranking,15,NA,NA,NA,NA,NA,NA,NA,NA,NA
R_1QRSF2JBp1vwZTv,ranking,37,NA,NA,NA,NA,NA,NA,NA,NA,NA
R_5uIl7NKMYprfL9c,ranking,87,NA,NA,NA,NA,NA,NA,NA,NA,NA
R_5S2zuXAs6fXln1U,ranking,43,NA,NA,NA,NA,NA,NA,NA,NA,NA
R_565XigVevuciR22,ranking,43,NA,NA,NA,NA,NA,NA,NA,NA,NA
R_6MizoSdlmUtLUnY,ranking,48,NA,NA,NA,NA,NA,NA,NA,NA,NA
R_6tioiTtdLvORS9M,ranking,35,NA,NA,NA,NA,NA,NA,NA,NA,NA
R_5v6T2aemLcoxbso,ranking,63,NA,NA,NA,NA,NA,NA,NA,NA,NA
R_5HjIjZMAzzKgVoe,ranking,11,NA,NA,NA,NA,NA,NA,NA,NA,NA
R_61iHWjQ3nQj9APO,ranking,47,NA,NA,NA,NA,NA,NA,NA,NA,NA
R_6idhV6rxs3mnfLH,ranking,10,NA,NA,NA,NA,NA,NA,NA,NA,NA
R_7K0WB5uwKL4WxH0,ranking,36,NA,NA,NA,NA,NA,NA,NA,NA,NA
R_6ocG8ornl9by6dk,ranking,13,NA,NA,NA,NA,NA,NA,NA,NA,NA
R_3X3yCHzRkg1oPkt,ranking,59,NA,NA,NA,NA,NA,NA,NA,NA,NA
R_7limTmQjLHUOrm1,ranking,30,NA,NA,NA,NA,NA,NA,NA,NA,NA
R_3naUfmUnxWhDLLr,ranking,28,NA,NA,NA,NA,NA,NA,NA,NA,NA
R_3XpOMbsjzjEvRq9,ranking,56,NA,NA,NA,NA,NA,NA,NA,NA,NA
R_53ygWbybMq14fQ2,ranking,84,NA,NA,NA,NA,NA,NA,NA,NA,NA
R_7U7h83Gs4v57Jvz,ranking,21,NA,NA,NA,NA,NA,NA,NA,NA,NA
R_3v24CYawpcx7NXT,ranking,19,NA,NA,NA,NA,NA,NA,NA,NA,NA
R_7Au6x8O5O5uWBax,ranking,22,NA,NA,NA,NA,NA,NA,NA,NA,NA
R_61HhcTwtJPrqKLM,ranking,7,NA,NA,NA,NA,NA,NA,NA,NA,NA
R_1KCWmimeNIGEeGd,ranking,62,NA,NA,NA,NA,NA,NA,NA,NA,NA
R_3rAPTtRV1tuQG9a,ranking,51,NA,NA,NA,NA,NA,NA,NA,NA,NA
R_31bHZhSz3OMX69z,ranking,8,NA,NA,NA,NA,NA,NA,NA,NA,NA
R_5ensvNeOvJGCaor,ranking,10,NA,NA,NA,NA,NA,NA,NA,NA,NA
R_7kWw0D8zLpcxzG1,ranking,53,NA,NA,NA,NA,NA,NA,NA,NA,NA
R_3NaLPi7HgTOgaOd,ranking,38,NA,NA,NA,NA,NA,NA,NA,NA,NA
R_6FNi7KJnyXOhfFL,ranking,87,NA,NA,NA,NA,NA,NA,NA,NA,NA
R_6uUKPhYN0LZBs5E,ranking,78,NA,NA,NA,NA,NA,NA,NA,NA,NA
R_12r4VcEo4vZc92g,ranking,30,NA,NA,NA,NA,NA,NA,NA,NA,NA
R_1Nb8kDeukNVUKDQ,ranking,100,NA,NA,NA,NA,NA,NA,NA,NA,NA
R_1fWOceWujGcWFix,ranking,82,NA,NA,NA,NA,NA,NA,NA,NA,NA
R_3Hnvfm1pUTJYH9V,ranking,81,NA,NA,NA,NA,NA,NA,NA,NA,NA
R_1dGpJ5m7oL0Kywp,ranking,17,NA,NA,NA,NA,NA,NA,NA,NA,NA
R_1atRfPEuM2DkCuC,ranking,56,NA,NA,NA,NA,NA,NA,NA,NA,NA
R_7uyrUrvHnFjSo8L,ranking,23,NA,NA,NA,NA,NA,NA,NA,NA,NA
R_6DzENrZoA6e6V6h,ranking,74,NA,NA,NA,NA,NA,NA,NA,NA,NA
R_7k2p7DvjeJpcUqg,ranking,51,NA,NA,NA,NA,NA,NA,NA,NA,NA
R_5EZ3T9VN0TGIq9R,ranking,126,NA,NA,NA,NA,NA,NA,NA,NA,NA
R_6QCBAwd8KZnQjn3,ranking,108,NA,NA,NA,NA,NA,NA,NA,NA,NA
R_5Kvt1o4t5p8M82t,ranking,20,NA,NA,NA,NA,NA,NA,NA,NA,NA
R_1qWKXO7xBM1eVd7,ranking,33,NA,NA,NA,NA,NA,NA,NA,NA,NA
R_6f0yF2PuF0XVMFn,ranking,37,NA,NA,NA,NA,NA,NA,NA,NA,NA
R_1UJ6DEVe3yHxXHj,ranking,40,NA,NA,NA,NA,NA,NA,NA,NA,NA
R_5lGMX7EtP2qITB4,ranking,25,NA,NA,NA,NA,NA,NA,NA,NA,NA
R_16btGHwAUJGL0L3,ranking,77,NA,NA,NA,NA,NA,NA,NA,NA,NA
R_5aXO6P8XpxXwDQn,ranking,17,NA,NA,NA,NA,NA,NA,NA,NA,NA
R_52QB5QmNmhemUUa,ranking,69,NA,NA,NA,NA,NA,NA,NA,NA,NA
R_3CJComq7UKvKaWm,ranking,15,NA,NA,NA,NA,NA,NA,NA,NA,NA
R_5uVyNZ4Qa5qmUcI,ranking,47,NA,NA,NA,NA,NA,NA,NA,NA,NA
R_1d5AjpxB7Q8XDax,ranking,51,NA,NA,NA,NA,NA,NA,NA,NA,NA
R_3PSkTv5FhcHENfp,ranking,18,NA,NA,NA,NA,NA,NA,NA,NA,NA
R_5oLzFT60wzc7WMJ,ranking,7,NA,NA,NA,NA,NA,NA,NA,NA,NA
R_6PLX4ke4JqxtlUr,ranking,6,NA,NA,NA,NA,NA,NA,NA,NA,NA
R_6Lp7bNYga1K90n7,ranking,12,NA,NA,NA,NA,NA,NA,NA,NA,NA
R_7DSGu1ESRGQmzTA,ranking,28,NA,NA,NA,NA,NA,NA,NA,NA,NA
R_1DqDzhcwUrpOwpq,ranking,37,NA,NA,NA,NA,NA,NA,NA,NA,NA
R_5us736tYOJXuMOv,ranking,50,NA,NA,NA,NA,NA,NA,NA,NA,NA
R_3fQ8WFc9iH62SIP,ranking,119,NA,NA,NA,NA,NA,NA,NA,NA,NA
R_7sskP28WVjhoiip,ranking,38,NA,NA,NA,NA,NA,NA,NA,NA,NA
R_3WnGMZya8KmqNFf,ranking,156,NA,NA,NA,NA,NA,NA,NA,NA,NA
R_38FzpcMS6AZ6l2a,ranking,20,NA,NA,NA,NA,NA,NA,NA,NA,NA
R_6JarKZqrzf5Cg58,ranking,35,NA,NA,NA,NA,NA,NA,NA,NA,NA
R_1ohxtdEtuQCxdLz,ranking,12,NA,NA,NA,NA,NA,NA,NA,NA,NA
R_7r3b0XAzfMgTV05,ranking,5,NA,NA,NA,NA,NA,NA,NA,NA,NA
R_72tNbmL3KeQNd3o,ranking,136,NA,NA,NA,NA,NA,NA,NA,NA,NA
R_7N1VonQuusM4GHA,ranking,46,NA,NA,NA,NA,NA,NA,NA,NA,NA
R_5qymPmby3UW8KsA,ranking,16,NA,NA,NA,NA,NA,NA,NA,NA,NA
R_7GizpHeW1k7J0QN,ranking,34,NA,NA,NA,NA,NA,NA,NA,NA,NA
R_3wuJ6M7nzwJm3el,ranking,63,NA,NA,NA,NA,NA,NA,NA,NA,NA
R_1CBDF1734B699cz,ranking,86,NA,NA,NA,NA,NA,NA,NA,NA,NA
R_5kz9n0XjyQS4qBh,ranking,34,NA,NA,NA,NA,NA,NA,NA,NA,NA
R_5TG1eqOm0lD26sb,ranking,34,NA,NA,NA,NA,NA,NA,NA,NA,NA
R_7DMkXM9PgYboduG,ranking,11,NA,NA,NA,NA,NA,NA,NA,NA,NA
R_11bTHYUX2tFnn86,ranking,129,NA,NA,NA,NA,NA,NA,NA,NA,NA
R_1hExR7HfPLEXkYC,ranking,59,NA,NA,NA,NA,NA,NA,NA,NA,NA
R_5o7vqNG0ZYW2zzX,ranking,6,NA,NA,NA,NA,NA,NA,NA,NA,NA
R_50OuekYYaRebGH8,ranking,62,NA,NA,NA,NA,NA,NA,NA,NA,NA
R_7zBZ5odq3la9HQx,ranking,120,NA,NA,NA,NA,NA,NA,NA,NA,NA
R_114ML5JdbJ2QVeF,ranking,43,NA,NA,NA,NA,NA,NA,NA,NA,NA
R_5CVFjso5LYWmYvm,ranking,21,NA,NA,NA,NA,NA,NA,NA,NA,NA
R_1nSXSF69Fj6A6Aq,ranking,18,NA,NA,NA,NA,NA,NA,NA,NA,NA
R_3qh3BOBeX0lzN1R,ranking,26,NA,NA,NA,NA,NA,NA,NA,NA,NA
R_5bIw43ZaxillTKZ,ranking,51,NA,NA,NA,NA,NA,NA,NA,NA,NA
R_3sQDnAouU61EywV,ranking,3,NA,NA,NA,NA,NA,NA,NA,NA,NA
R_7YzeN2wLvpp9DGo,ranking,60,NA,NA,NA,NA,NA,NA,NA,NA,NA
R_1elBrxH5CATanhl,ranking,25,NA,NA,NA,NA,NA,NA,NA,NA,NA
R_7cyWggWHN0Rb6A9,ranking,63,NA,NA,NA,NA,NA,NA,NA,NA,NA
R_7szTXv2SUH8tQsd,ranking,12,NA,NA,NA,NA,NA,NA,NA,NA,NA
R_6s4lx4aXT7fJKqq,ranking,23,NA,NA,NA,NA,NA,NA,NA,NA,NA
R_5mvZzmluHVTnTJS,ranking,46,NA,NA,NA,NA,NA,NA,NA,NA,NA
R_5VkD1aNxz8bGvyV,ranking,14,NA,NA,NA,NA,NA,NA,NA,NA,NA
R_1rPmxuvJ1y1UF5P,ranking,16,NA,NA,NA,NA,NA,NA,NA,NA,NA
R_7VnzoyFBzCt7RYt,ranking,46,NA,NA,NA,NA,NA,NA,NA,NA,NA
R_7OoAaKhH6siQJ8f,ranking,26,NA,NA,NA,NA,NA,NA,NA,NA,NA
R_1V1qzro86tDc7yh,ranking,17,NA,NA,NA,NA,NA,NA,NA,NA,NA
R_7dzVN2ipz7eHW44,ranking,78,NA,NA,NA,NA,NA,NA,NA,NA,NA
R_1PaxR7Y1d3nn1Hb,ranking,12,NA,NA,NA,NA,NA,NA,NA,NA,NA
R_6cAvIrZRQxEU46o,ranking,26,NA,NA,NA,NA,NA,NA,NA,NA,NA
R_1OlhLI5FbUiqblQ,ranking,40,NA,NA,NA,NA,NA,NA,NA,NA,NA
R_6SGP8WVAD6WrQQo,ranking,66,NA,NA,NA,NA,NA,NA,NA,NA,NA
R_71MyZrEzivNKIr4,ranking,89,NA,NA,NA,NA,NA,NA,NA,NA,NA
R_1gXZKv9bHLM1Qum,ranking,60,NA,NA,NA,NA,NA,NA,NA,NA,NA
R_7rY6HTyjtVhS0LL,ranking,17,NA,NA,NA,NA,NA,NA,NA,NA,NA
R_5WQgt2WrBXH0cq5,ranking,66,NA,NA,NA,NA,NA,NA,NA,NA,NA
R_5k3VAJGc4vqxeYp,ranking,15,NA,NA,NA,NA,NA,NA,NA,NA,NA
R_5zPfXdsoIriZYnn,ranking,51,NA,NA,NA,NA,NA,NA,NA,NA,NA
R_6B2pcb29TPmlDYo,ranking,10,NA,NA,NA,NA,NA,NA,NA,NA,NA
R_3rIjVOPBevZQwya,ranking,47,NA,NA,NA,NA,NA,NA,NA,NA,NA
R_3S2i1upJgyk6uR5,ranking,35,NA,NA,NA,NA,NA,NA,NA,NA,NA
R_6Wi9vJZFy9ehwVb,ranking,20,NA,NA,NA,NA,NA,NA,NA,NA,NA
R_68UujY4ueGBgwfT,ranking,68,NA,NA,NA,NA,NA,NA,NA,NA,NA
R_6nemj119xDn7kLj,ranking,15,NA,NA,NA,NA,NA,NA,NA,NA,NA
R_3Gv4fri9xdxjCi5,ranking,28,NA,NA,NA,NA,NA,NA,NA,NA,NA
R_6kvpPvpDt4ZBqow,ranking,9,NA,NA,NA,NA,NA,NA,NA,NA,NA
R_6qPVMhvPdgKzFv5,ranking,90,NA,NA,NA,NA,NA,NA,NA,NA,NA
R_5m1Mt5YAfTNizcp,ranking,16,NA,NA,NA,NA,NA,NA,NA,NA,NA
R_1MRn0qrwM2KZ18N,ranking,77,NA,NA,NA,NA,NA,NA,NA,NA,NA
R_59kNMoHglufHIUV,ranking,64,NA,NA,NA,NA,NA,NA,NA,NA,NA
R_5qXgRGigVCWWUKZ,ranking,64,NA,NA,NA,NA,NA,NA,NA,NA,NA
R_3l5oI7jIrIFspGh,ranking,29,NA,NA,NA,NA,NA,NA,NA,NA,NA
R_1qCdq6QkBglvXvW,ranking,39,NA,NA,NA,NA,NA,NA,NA,NA,NA
R_5MPS1bDbucGiXhy,ranking,6,NA,NA,NA,NA,NA,NA,NA,NA,NA
R_4C9fl8kcQr8YBjA,ranking,43,NA,NA,NA,NA,NA,NA,NA,NA,NA
R_7P0jTFM2pSJ0t8g,ranking,48,NA,NA,NA,NA,NA,NA,NA,NA,NA
R_6ilssWAIPWGNVCR,ranking,32,NA,NA,NA,NA,NA,NA,NA,NA,NA
R_1C5usWrTTTwbLQR,ranking,71,NA,NA,NA,NA,NA,NA,NA,NA,NA
R_5cSoriTI76K8OOU,ranking,28,NA,NA,NA,NA,NA,NA,NA,NA,NA
R_55Pnqdmue1bJFlL,ranking,41,NA,NA,NA,NA,NA,NA,NA,NA,NA
R_3Do90oZmkPYPKRA,ranking,19,NA,NA,NA,NA,NA,NA,NA,NA,NA
R_1i4XUYAUK5opFAy,ranking,39,NA,NA,NA,NA,NA,NA,NA,NA,NA
R_3EtJIxDCM6MxB7j,ranking,9,NA,NA,NA,NA,NA,NA,NA,NA,NA
R_3MQF9AJxg8UkmAX,ranking,25,NA,NA,NA,NA,NA,NA,NA,NA,NA
R_3Z6uK8BjifPJxSh,ranking,25,NA,NA,NA,NA,NA,NA,NA,NA,NA
R_6aB9ePxc45dkM5b,ranking,76,NA,NA,NA,NA,NA,NA,NA,NA,NA
R_62X2PmlrmAiUNDO,ranking,65,NA,NA,NA,NA,NA,NA,NA,NA,NA
R_6q3Ek5AeDqzlnhW,ranking,47,NA,NA,NA,NA,NA,NA,NA,NA,NA
R_7EGPIF4UCV5BM2p,ranking,13,NA,NA,NA,NA,NA,NA,NA,NA,NA
R_5rCyRZZRnnWlgQw,ranking,46,NA,NA,NA,NA,NA,NA,NA,NA,NA
R_5ogf8jZrZENb0xr,ranking,11,NA,NA,NA,NA,NA,NA,NA,NA,NA
R_6fOeuVAXyfUZiPU,ranking,34,NA,NA,NA,NA,NA,NA,NA,NA,NA
R_5zATEitFMEk9XqJ,ranking,20,NA,NA,NA,NA,NA,NA,NA,NA,NA
R_6feoyOzFHT9Tfnx,ranking,11,NA,NA,NA,NA,NA,NA,NA,NA,NA
R_6PT3R98dE3EYQRH,ranking,19,NA,NA,NA,NA,NA,NA,NA,NA,NA
R_6dMTRLuQDfjk946,ranking,7,NA,NA,NA,NA,NA,NA,NA,NA,NA
R_1QcKiERrO59xNAK,ranking,24,NA,NA,NA,NA,NA,NA,NA,NA,NA
R_3ErSCcHmhyPfuTf,ranking,37,NA,NA,NA,NA,NA,NA,NA,NA,NA
R_6nOXsWwTV8T7lWV,ranking,65,NA,NA,NA,NA,NA,NA,NA,NA,NA
R_31vbwzH1TUVxeER,ranking,42,NA,NA,NA,NA,NA,NA,NA,NA,NA
R_7bDZ4PX1FHQ1uDf,ranking,78,NA,NA,NA,NA,NA,NA,NA,NA,NA
R_54pyoRydG8fXfK2,ranking,17,NA,NA,NA,NA,NA,NA,NA,NA,NA
R_7dfKmGRfdVBq5MG,ranking,29,NA,NA,NA,NA,NA,NA,NA,NA,NA
R_5GwdGLICuhFF463,ranking,46,NA,NA,NA,NA,NA,NA,NA,NA,NA
R_54ylM8iTc47zFrb,ranking,66,NA,NA,NA,NA,NA,NA,NA,NA,NA
R_52xWXWTjvVDpvfV,ranking,46,NA,NA,NA,NA,NA,NA,NA,NA,NA
R_18FX1HGQzon6rR6,ranking,9,NA,NA,NA,NA,NA,NA,NA,NA,NA
R_7bJDT2aFHKjSNb3,ranking,9,NA,NA,NA,NA,NA,NA,NA,NA,NA
R_6q4UflCSgmvaEBr,ranking,30,NA,NA,NA,NA,NA,NA,NA,NA,NA
R_6n8H0By07CiVpXx,ranking,39,NA,NA,NA,NA,NA,NA,NA,NA,NA
R_3qdGETEsOLugqWL,ranking,13,NA,NA,NA,NA,NA,NA,NA,NA,NA
R_6kIHKChnNPXb3cg,ranking,48,NA,NA,NA,NA,NA,NA,NA,NA,NA
R_5p3ATDmE4VkFOq1,ranking,6,NA,NA,NA,NA,NA,NA,NA,NA,NA
R_1CO3NBWDipYluLr,ranking,17,NA,NA,NA,NA,NA,NA,NA,NA,NA
R_5e9Nsx17T3hwBAc,ranking,27,NA,NA,NA,NA,NA,NA,NA,NA,NA
R_1QVD3xI810fDGSw,ranking,107,NA,NA,NA,NA,NA,NA,NA,NA,NA
R_33VqCtsDEflnLeh,ranking,43,NA,NA,NA,NA,NA,NA,NA,NA,NA
R_1OW1nhkjpfnnB4k,ranking,247,NA,NA,NA,NA,NA,NA,NA,NA,NA
R_1TYWmhVwh5ZW17X,ranking,76,NA,NA,NA,NA,NA,NA,NA,NA,NA
R_7ZNwwXHRga40EbY,ranking,12,NA,NA,NA,NA,NA,NA,NA,NA,NA
R_5n8cmJOLbnM1SeM,ranking,55,NA,NA,NA,NA,NA,NA,NA,NA,NA
R_6BXZjCQplL9iX4W,ranking,11,NA,NA,NA,NA,NA,NA,NA,NA,NA
R_1LUuvyEoU61PN5q,ranking,56,NA,NA,NA,NA,NA,NA,NA,NA,NA
R_3L22hippk4tZ7r3,ranking,35,NA,NA,NA,NA,NA,NA,NA,NA,NA
R_5uK6r8pWCE1qyHy,ranking,20,NA,NA,NA,NA,NA,NA,NA,NA,NA
R_35Qtgmp6oy46Q7f,ranking,29,NA,NA,NA,NA,NA,NA,NA,NA,NA
R_7DMnKJvbM1Nyxd4,ranking,44,NA,NA,NA,NA,NA,NA,NA,NA,NA
R_5K76QI6UDF9ZsYp,ranking,40,NA,NA,NA,NA,NA,NA,NA,NA,NA
R_6stCjDfYlkQVYKB,ranking,56,NA,NA,NA,NA,NA,NA,NA,NA,NA
R_1JezlHsnsqgW8m1,ranking,82,NA,NA,NA,NA,NA,NA,NA,NA,NA
R_3HoCwYcItTSeLqy,ranking,49,NA,NA,NA,NA,NA,NA,NA,NA,NA
R_3n0H0fpRk03aNgQ,ranking,18,NA,NA,NA,NA,NA,NA,NA,NA,NA
R_6uCK7th7IcsNk7m,ranking,38,NA,NA,NA,NA,NA,NA,NA,NA,NA
R_7CCkgIfb8i0oRCz,ranking,14,NA,NA,NA,NA,NA,NA,NA,NA,NA
R_6ZBVUV5I9Q4c8CX,ranking,24,NA,NA,NA,NA,NA,NA,NA,NA,NA
R_6FhdpkxNzc7t5L6,ranking,25,NA,NA,NA,NA,NA,NA,NA,NA,NA
R_1uL5ebut6hhMeAN,ranking,7,NA,NA,NA,NA,NA,NA,NA,NA,NA
R_7Br22oylag6ZU8W,ranking,30,NA,NA,NA,NA,NA,NA,NA,NA,NA
R_3anpRb3xn0S0kcK,ranking,41,NA,NA,NA,NA,NA,NA,NA,NA,NA
R_3XE3s6zHT1SqCCl,ranking,86,NA,NA,NA,NA,NA,NA,NA,NA,NA
R_58UKl9rvdikJPdD,ranking,4,NA,NA,NA,NA,NA,NA,NA,NA,NA
R_5tDPm2n5qC9UQ7G,ranking,36,NA,NA,NA,NA,NA,NA,NA,NA,NA
R_7ff55xkNgwe3SUc,ranking,39,NA,NA,NA,NA,NA,NA,NA,NA,NA
R_61QrqpXya326LaF,ranking,18,NA,NA,NA,NA,NA,NA,NA,NA,NA
R_6ElIGdEzy97JpBL,ranking,116,NA,NA,NA,NA,NA,NA,NA,NA,NA
R_5PtTLL00ffBeM3e,ranking,92,NA,NA,NA,NA,NA,NA,NA,NA,NA
R_5CNGtVSXoshVP3v,ranking,16,NA,NA,NA,NA,NA,NA,NA,NA,NA
R_6qdGNbIWWKD7YHf,ranking,99,NA,NA,NA,NA,NA,NA,NA,NA,NA
R_1PTrEzATTHcJBWt,ranking,85,NA,NA,NA,NA,NA,NA,NA,NA,NA
R_1zqoep7qIRXlk3v,ranking,12,NA,NA,NA,NA,NA,NA,NA,NA,NA
R_7q5gYI0z2rOIJqN,ranking,49,NA,NA,NA,NA,NA,NA,NA,NA,NA
R_3YigpUhq7LXi0N7,ranking,87,NA,NA,NA,NA,NA,NA,NA,NA,NA
R_5q89XaqyBG95fQk,ranking,22,NA,NA,NA,NA,NA,NA,NA,NA,NA
R_6SPsmRZboWfpGDf,ranking,44,NA,NA,NA,NA,NA,NA,NA,NA,NA
R_3wc6rr7BxVqUwHE,ranking,12,NA,NA,NA,NA,NA,NA,NA,NA,NA
R_5CBtyLKPVyvTH8l,ranking,32,NA,NA,NA,NA,NA,NA,NA,NA,NA
R_1gp9Vsk8MYj15fZ,ranking,18,NA,NA,NA,NA,NA,NA,NA,NA,NA
R_57ZNiOHqzX9DvGN,ranking,102,NA,NA,NA,NA,NA,NA,NA,NA,NA
R_7BQU8RuHJjJCovj,ranking,25,NA,NA,NA,NA,NA,NA,NA,NA,NA
R_5z16Ow7ptKlKtWN,ranking,77,NA,NA,NA,NA,NA,NA,NA,NA,NA
R_50vJLZclzR1Cc7w,ranking,31,NA,NA,NA,NA,NA,NA,NA,NA,NA
R_1TYniYpRXvMXM0W,ranking,22,NA,NA,NA,NA,NA,NA,NA,NA,NA
R_7mMLLdBmTHX64Uh,ranking,46,NA,NA,NA,NA,NA,NA,NA,NA,NA
R_7ixZwbb5uUGx8wp,ranking,42,NA,NA,NA,NA,NA,NA,NA,NA,NA
R_5dB5U8XuhIlPZFM,ranking,70,NA,NA,NA,NA,NA,NA,NA,NA,NA
R_3LnCb1gA0WmAug1,ranking,5,NA,NA,NA,NA,NA,NA,NA,NA,NA
R_5imRf0EKg09w417,ranking,51,NA,NA,NA,NA,NA,NA,NA,NA,NA
R_6saW9CejQoBzggd,ranking,11,NA,NA,NA,NA,NA,NA,NA,NA,NA
R_3X6DTT9ryef1DEt,ranking,8,NA,NA,NA,NA,NA,NA,NA,NA,NA
R_617Aoh84Ot3Lkdh,ranking,15,NA,NA,NA,NA,NA,NA,NA,NA,NA
R_5f1AO5oMsHoRG3Q,ranking,58,NA,NA,NA,NA,NA,NA,NA,NA,NA
R_3fP3mSpnquITxO5,ranking,19,NA,NA,NA,NA,NA,NA,NA,NA,NA
R_5etcttt4zqd9q69,ranking,23,NA,NA,NA,NA,NA,NA,NA,NA,NA
R_1vFEykOdYRUrOlH,ranking,52,NA,NA,NA,NA,NA,NA,NA,NA,NA
R_3aKXWaRVUF0ZreO,ranking,121,NA,NA,NA,NA,NA,NA,NA,NA,NA
R_3V3l7PsTXns1kK6,ranking,6,NA,NA,NA,NA,NA,NA,NA,NA,NA
R_3V7EyutNoXnGHzH,ranking,37,NA,NA,NA,NA,NA,NA,NA,NA,NA
R_3pfmPUEjeXqUstV,ranking,42,NA,NA,NA,NA,NA,NA,NA,NA,NA
R_3jxnZEmj5o90W48,ranking,74,NA,NA,NA,NA,NA,NA,NA,NA,NA
R_7FKe4yMSzPl3ay2,ranking,33,NA,NA,NA,NA,NA,NA,NA,NA,NA
R_1r2QU72hl8mdVDW,ranking,59,NA,NA,NA,NA,NA,NA,NA,NA,NA
R_3KflHXQDfThgotX,ranking,16,NA,NA,NA,NA,NA,NA,NA,NA,NA
R_5U0pfx7fVttDDiJ,ranking,11,NA,NA,NA,NA,NA,NA,NA,NA,NA
R_7AiONkEjtYvSkYV,ranking,136,NA,NA,NA,NA,NA,NA,NA,NA,NA
R_1jZzdDJGy4bLAU9,ranking,16,NA,NA,NA,NA,NA,NA,NA,NA,NA
R_69p2KYAWhGmLVOd,ranking,244,NA,NA,NA,NA,NA,NA,NA,NA,NA
R_1D7pcZGAdSbuTfe,ranking,98,NA,NA,NA,NA,NA,NA,NA,NA,NA
R_5HMiV82nim0YMpX,ranking,57,NA,NA,NA,NA,NA,NA,NA,NA,NA
R_1Ns1MsZbDGMANVv,ranking,20,NA,NA,NA,NA,NA,NA,NA,NA,NA
R_3lfrRx1M0FJAPks,ranking,11,NA,NA,NA,NA,NA,NA,NA,NA,NA
R_3uHw4h2fOdb4qdJ,ranking,13,NA,NA,NA,NA,NA,NA,NA,NA,NA
R_7ZU24DcuZ2LrsPI,ranking,30,NA,NA,NA,NA,NA,NA,NA,NA,NA
R_1OOyZaBNwAJFLQW,ranking,45,NA,NA,NA,NA,NA,NA,NA,NA,NA
R_5rqJnXz1tI737Fh,ranking,50,NA,NA,NA,NA,NA,NA,NA,NA,NA
R_6WWHx93j15BYl2N,ranking,41,NA,NA,NA,NA,NA,NA,NA,NA,NA
R_5sdxsVk0sTsj4VG,ranking,23,NA,NA,NA,NA,NA,NA,NA,NA,NA
R_1rBbNSfxz9HseWc,ranking,109,NA,NA,NA,NA,NA,NA,NA,NA,NA
R_6flnPNzhHL5nxp7,ranking,11,NA,NA,NA,NA,NA,NA,NA,NA,NA
R_7bVn4jcCvuz60GZ,ranking,24,NA,NA,NA,NA,NA,NA,NA,NA,NA
R_3gMmiIL5i2ibXlx,ranking,50,NA,NA,NA,NA,NA,NA,NA,NA,NA
R_6RdN0ZkPidrFHxg,ranking,2,NA,NA,NA,NA,NA,NA,NA,NA,NA
R_55hA2VxqYj37KSJ,ranking,36,NA,NA,NA,NA,NA,NA,NA,NA,NA
R_360u8rApa74rGCJ,ranking,74,NA,NA,NA,NA,NA,NA,NA,NA,NA
R_7U8XDTCkTbBStQr,ranking,27,NA,NA,NA,NA,NA,NA,NA,NA,NA
R_50HGmdtbsxOMVko,ranking,55,NA,NA,NA,NA,NA,NA,NA,NA,NA
R_1e8t0TBtd9l3jNc,ranking,95,NA,NA,NA,NA,NA,NA,NA,NA,NA
R_1soG2APuRg0a06d,ranking,22,NA,NA,NA,NA,NA,NA,NA,NA,NA
R_3r0yP88nVlP3IPD,ranking,106,NA,NA,NA,NA,NA,NA,NA,NA,NA
R_7XneWNl01C6LLe9,ranking,24,NA,NA,NA,NA,NA,NA,NA,NA,NA
R_6iLXL6nXc9uVZBL,ranking,11,NA,NA,NA,NA,NA,NA,NA,NA,NA
R_6QF6cJCvpVvpDaK,ranking,6,NA,NA,NA,NA,NA,NA,NA,NA,NA
R_3V4ofDUTfFlR4jN,ranking,56,NA,NA,NA,NA,NA,NA,NA,NA,NA
R_5F4KyH8pcPRWOZH,ranking,25,NA,NA,NA,NA,NA,NA,NA,NA,NA
R_6N47s2dJbbOp27R,ranking,44,NA,NA,NA,NA,NA,NA,NA,NA,NA
R_1zoUtOy7PDAKHBb,ranking,16,NA,NA,NA,NA,NA,NA,NA,NA,NA
R_6pVGTGhEhZI3M6v,ranking,32,NA,NA,NA,NA,NA,NA,NA,NA,NA
R_1lMu6FGPOflRaxw,ranking,98,NA,NA,NA,NA,NA,NA,NA,NA,NA
R_6uwUuZ11NmauhQv,ranking,11,NA,NA,NA,NA,NA,NA,NA,NA,NA
R_5x1HnoCQHDwnYad,ranking,8,NA,NA,NA,NA,NA,NA,NA,NA,NA
R_3pbzeYutgtedPIh,ranking,16,NA,NA,NA,NA,NA,NA,NA,NA,NA
R_5fJ1zPiGyJzi0W5,ranking,13,NA,NA,NA,NA,NA,NA,NA,NA,NA
R_7Cgs3odI9uD016X,ranking,84,NA,NA,NA,NA,NA,NA,NA,NA,NA
R_3ep9D2CbXmC9NWF,ranking,30,NA,NA,NA,NA,NA,NA,NA,NA,NA
R_7ZTthsN6I3B49k8,ranking,59,NA,NA,NA,NA,NA,NA,NA,NA,NA
R_7bbJW71poVsnN1D,ranking,17,NA,NA,NA,NA,NA,NA,NA,NA,NA
R_111lIHmujn3clE8,ranking,8,NA,NA,NA,NA,NA,NA,NA,NA,NA
R_753iO3kuCpj2Q9j,ranking,43,NA,NA,NA,NA,NA,NA,NA,NA,NA
R_1wt99eyqfWDOOPp,ranking,31,NA,NA,NA,NA,NA,NA,NA,NA,NA
R_5TXmU4Be0zUyumh,ranking,145,NA,NA,NA,NA,NA,NA,NA,NA,NA
R_7bIBxxD7iF5sLQM,ranking,7,NA,NA,NA,NA,NA,NA,NA,NA,NA
R_5GylyRqi4i7CsGf,ranking,21,NA,NA,NA,NA,NA,NA,NA,NA,NA
R_5DvGDhM1Wn3whqd,ranking,48,NA,NA,NA,NA,NA,NA,NA,NA,NA
R_5dtBqSiFFai2Ycy,ranking,90,NA,NA,NA,NA,NA,NA,NA,NA,NA
R_3acmPBh4AONdg7T,ranking,21,NA,NA,NA,NA,NA,NA,NA,NA,NA
R_1XAinhRoIXUaLFn,ranking,23,NA,NA,NA,NA,NA,NA,NA,NA,NA
R_30r6JhUYXHpIyBp,ranking,27,NA,NA,NA,NA,NA,NA,NA,NA,NA
R_1qI26P7CxgXqOM9,ranking,116,NA,NA,NA,NA,NA,NA,NA,NA,NA
R_1q9O9dm460vOpiI,ranking,3,NA,NA,NA,NA,NA,NA,NA,NA,NA
R_5k7e6F6iaDuj5lC,ranking,16,NA,NA,NA,NA,NA,NA,NA,NA,NA
R_1mn8YHN1ys9qrD1,ranking,111,NA,NA,NA,NA,NA,NA,NA,NA,NA
R_5dHq8Ii2R9GWhCq,ranking,7,NA,NA,NA,NA,NA,NA,NA,NA,NA
R_1MPW2gf6Syy1Pwq,ranking,28,NA,NA,NA,NA,NA,NA,NA,NA,NA
R_7zNmQzwefThMlPX,ranking,10,NA,NA,NA,NA,NA,NA,NA,NA,NA
R_6qW4DJ8wwTr5pbm,ranking,16,NA,NA,NA,NA,NA,NA,NA,NA,NA
R_3YXaQRkiStxx6HD,ranking,9,NA,NA,NA,NA,NA,NA,NA,NA,NA
R_3Vmx0LexsNPPXI5,ranking,34,NA,NA,NA,NA,NA,NA,NA,NA,NA
R_5m4R9oHHGFRL4F6,ranking,45,NA,NA,NA,NA,NA,NA,NA,NA,NA
R_3sTEaoM823K9lqV,ranking,32,NA,NA,NA,NA,NA,NA,NA,NA,NA
R_7QMqnt5aurIYOSW,ranking,13,NA,NA,NA,NA,NA,NA,NA,NA,NA
R_58hsxEgreQFfqY9,ranking,83,NA,NA,NA,NA,NA,NA,NA,NA,NA
R_507eEPuGJC72UAi,ranking,60,NA,NA,NA,NA,NA,NA,NA,NA,NA
R_5qg379PeT74GbQn,ranking,10,NA,NA,NA,NA,NA,NA,NA,NA,NA
R_1gRMYk2a8MYPenJ,ranking,24,NA,NA,NA,NA,NA,NA,NA,NA,NA
R_5TLukPBTVT6xznb,ranking,14,NA,NA,NA,NA,NA,NA,NA,NA,NA
R_5xxrUeJsrTCwMr7,ranking,23,NA,NA,NA,NA,NA,NA,NA,NA,NA
R_5rMIXRhyUmaS8iE,ranking,4,NA,NA,NA,NA,NA,NA,NA,NA,NA
R_6h0zjJpjgSiw91L,ranking,28,NA,NA,NA,NA,NA,NA,NA,NA,NA
R_5I9O9UeH6sqjfKu,ranking,72,NA,NA,NA,NA,NA,NA,NA,NA,NA
R_6h6flV3qeFRHjpi,ranking,18,NA,NA,NA,NA,NA,NA,NA,NA,NA
R_6xLfe3POPRrHNyp,ranking,8,NA,NA,NA,NA,NA,NA,NA,NA,NA
R_5EnHCRa0AtYEniQ,ranking,14,NA,NA,NA,NA,NA,NA,NA,NA,NA
R_67WH9MAi60ADy8U,ranking,65,NA,NA,NA,NA,NA,NA,NA,NA,NA
R_12qLu1xs5dU849h,ranking,29,NA,NA,NA,NA,NA,NA,NA,NA,NA
R_1dnlEsI0dFAxsS1,ranking,20,NA,NA,NA,NA,NA,NA,NA,NA,NA
R_7k5p26JU2i9tjN4,ranking,26,NA,NA,NA,NA,NA,NA,NA,NA,NA
R_6G32ViiV4cPGDYz,ranking,39,NA,NA,NA,NA,NA,NA,NA,NA,NA
R_71ACGQMeQ1mqFAW,ranking,48,NA,NA,NA,NA,NA,NA,NA,NA,NA
R_6QHJ482VWkdYeAN,ranking,40,NA,NA,NA,NA,NA,NA,NA,NA,NA
R_5PH7rUihm71cYYx,ranking,15,NA,NA,NA,NA,NA,NA,NA,NA,NA
R_5HpiFimDL33fAsu,ranking,6,NA,NA,NA,NA,NA,NA,NA,NA,NA
R_6dTr5Fq5DmNM1MN,ranking,64,NA,NA,NA,NA,NA,NA,NA,NA,NA
