response_id,item_type,orientation,vignette,n_words,desert,desert_per100,desert_negzeroed,proportionality,proportionality_per100,proportionality_negzeroed,censure,censure_per100,censure_negzeroed,moral_balance,moral_balance_per100,moral_balance_negzeroed,revenge,revenge_per100,revenge_negzeroed,suffering,suffering_per100,suffering_negzeroed,deterrence,deterrence_per100,deterrence_negzeroed,incapacitation,incapacitation_per100,incapacitation_negzeroed,rehabilitation,rehabilitation_per100,rehabilitation_negzeroed,principled_any,vengeful_any
R_6zFmDHUnWzyvmXD,ranking,backward,2,8,0,0.0,0,0,0.0,0,0,0.0,0,0,0.0,0,0,0.0,0,0,0.0,0,0,0.0,0,0,0.0,0,0,0.0,0,0,0
R_6zFmDHUnWzyvmXD,backward,backward,2,5,0,0.0,0,0,0.0,0,0,0.0,0,0,0.0,0,0,0.0,0,0,0.0,0,0,0.0,0,0,0.0,0,0,0.0,0,0,0
R_6zFmDHUnWzyvmXD,forward,forward,2,5,0,0.0,0,0,0.0,0,0,0.0,0,0,0.0,0,0,0.0,0,0,0.0,0,0,0.0,0,0,0.0,0,0,0.0,0,0,0
R_6EKM6PN9xTmWMV0,ranking,backward,1,28,1,3.571,1,0,0.0,0,0,0.0,0,0,0.0,0,0,0.0,0,0,0.0,0,0,0.0,0,0,0.0,0,1,3.571,1,1,0
R_6EKM6PN9xTmWMV0,backward,backward,1,11,0,0.0,0,0,0.0,0,0,0.0,0,0,0.0,0,0,0.0,0,0,0.0,0,0,0.0,0,0,0.0,0,0,0.0,0,0,0
R_6EKM6PN9xTmWMV0,forward,forward,1,19,0,0.0,0,0,0.0,0,0,0.0,0,0,0.0,0,0,0.0,0,2,10.526,2,0,0.0,0,0,0.0,0,0,0.0,0,0,1
R_5IY8U2LsOKs3MYZ,ranking,backward,3,37,1,2.703,1,0,0.0,0,0,0.0,0,0,0.0,0,0,0.0,0,0,0.0,0,1,2.703,1,1,2.703,1,1,2.703,1,1,0
R_5IY8U2LsOKs3MYZ,backward,backward,3,3,0,0.0,0,0,0.0,0,0,0.0,0,0,0.0,0,0,0.0,0,0,0.0,0,0,0.0,0,0,0.0,0,0,0.0,0,0,0
R_5IY8U2LsOKs3MYZ,forward,forward,3,25,0,0.0,0,0,0.0,0,0,0.0,0,0,0.0,0,0,0.0,0,0,0.0,0,0,0.0,0,0,0.0,0,0,0.0,0,0,0
R_3oqysjixGy9AoFj,ranking,backward,3,52,1,1.923,1,0,0.0,0,0,0.0,0,0,0.0,0,0,0.0,0,0,0.0,0,0,0.0,0,0,0.0,0,1,1.923,1,1,0
R_3oqysjixGy9AoFj,backward,backward,3,25,0,0.0,0,0,0.0,0,0,0.0,0,0,0.0,0,0,0.0,0,0,0.0,0,0,0.0,0,0,0.0,0,0,0.0,0,0,0
R_3oqysjixGy9AoFj,forward,forward,3,16,0,0.0,0,0,0.0,0,0,0.0,0,0,0.0,0,0,0.0,0,0,0.0,0,0,0.0,0,0,0.0,0,0,0.0,0,0,0
R_1iyTntLbOmxMPIJ,ranking,backward,1,24,0,0.0,0,0,0.0,0,0,0.0,0,0,0.0,0,0,0.0,0,0,0.0,0,0,0.0,0,0,0.0,0,1,4.167,1,0,0
R_1iyTntLbOmxMPIJ,backward,backward,1,18,0,0.0,0,0,0.0,0,0,0.0,0,0,0.0,0,0,0.0,0,0,0.0,0,0,0.0,0,0,0.0,0,0,0.0,0,0,0
R_1iyTntLbOmxMPIJ,forward,forward,1,15,0,0.0,0,0,0.0,0,0,0.0,0,0,0.0,0,0,0.0,0,0,0.0,0,0,0.0,0,0,0.0,0,0,0.0,0,0,0
R_1YExfMDQjZUMW8L,ranking,backward,3,8,0,0.0,0,0,0.0,0,0,0.0,0,0,0.0,0,0,0.0,0,0,0.0,0,0,0.0,0,0,0.0,0,0,0.0,0,0,0
R_1YExfMDQjZUMW8L,backward,backward,3,5,0,0.0,0,0,0.0,0,0,0.0,0,0,0.0,0,0,0.0,0,0,0.0,0,0,0.0,0,0,0.0,0,0,0.0,0,0,0
R_1YExfMDQjZUMW8L,forward,forward,3,1,0,0.0,0,0,0.0,0,0,0.0,0,0,0.0,0,0,0.0,0,0,0.0,0,0,0.0,0,0,0.0,0,0,0.0,0,0,0
R_3l6JGh2Vgfkr4di,ranking,backward,2,25,0,0.0,0,0,0.0,0,0,0.0,0,0,0.0,0,0,0.0,0,0,0.0,0,0,0.0,0,1,4.0,1,0,0.0,0,0,0
R_3l6JGh2Vgfkr4di,backward,backward,2,12,1,8.333,1,0,0.0,0,0,0.0,0,0,0.0,0,0,0.0,0,0,0.0,0,0,0.0,0,0,0.0,0,0,0.0,0,1,0
R_3l6JGh2Vgfkr4di,forward,forward,2,10,0,0.0,0,0,0.0,0,1,10.0,1,0,0.0,0,0,0.0,0,0,0.0,0,1,10.0,1,0,0.0,0,0,0.0,0,1,0
R_5DZFKhv3bXw8q1j,ranking,backward,2,16,0,0.0,0,0,0.0,0,0,0.0,0,0,0.0,0,0,0.0,0,0,0.0,0,0,0.0,0,0,0.0,0,0,0.0,0,0,0
R_5DZFKhv3bXw8q1j,backward,backward,2,11,1,9.091,1,0,0.0,0,0,0.0,0,0,0.0,0,0,0.0,0,0,0.0,0,0,0.0,0,0,0.0,0,0,0.0,0,1,0
R_5DZFKhv3bXw8q1j,forward,forward,2,6,0,0.0,0,0,0.0,0,0,0.0,0,0,0.0,0,0,0.0,0,0,0.0,0,0,0.0,0,0,0.0,0,0,0.0,0,0,0
R_1I5h4tFmat7ueoq,ranking,backward,1,26,0,0.0,0,0,0.0,0,0,0.0,0,0,0.0,0,0,0.0,0,0,0.0,0,1,3.846,1,0,0.0,0,1,3.846,1,0,0
R_1I5h4tFmat7ueoq,backward,backward,1,23,0,0.0,0,0,0.0,0,0,0.0,0,0,0.0,0,0,0.0,0,0,0.0,0,0,0.0,0,1,4.348,1,0,0.0,0,0,0
R_1I5h4tFmat7ueoq,forward,forward,1,18,0,0.0,0,0,0.0,0,0,0.0,0,0,0.0,0,0,0.0,0,0,0.0,0,0,0.0,0,0,0.0,0,0,0.0,0,0,0
R_5OiRx59rM96Yg1P,ranking,backward,2,28,0,0.0,0,0,0.0,0,0,0.0,0,0,0.0,0,0,0.0,0,0,0.0,0,0,0.0,0,0,0.0,0,0,0.0,0,0,0
R_5OiRx59rM96Yg1P,backward,backward,2,13,0,0.0,0,0,0.0,0,0,0.0,0,0,0.0,0,0,0.0,0,0,0.0,0,0,0.0,0,0,0.0,0,0,0.0,0,0,0
R_5OiRx59rM96Yg1P,forward,forward,2,13,0,0.0,0,0,0.0,0,0,0.0,0,0,0.0,0,0,0.0,0,0,0.0,0,0,0.0,0,0,0.0,0,1,7.692,1,0,0
R_7mekN9GC1fk33li,ranking,backward,3,26,0,0.0,0,0,0.0,0,0,0.0,0,0,0.0,0,0,0.0,0,0,0.0,0,1,3.846,1,0,0.0,0,1,3.846,1,0,0
R_7mekN9GC1fk33li,backward,backward,3,24,0,0.0,0,0,0.0,0,0,0.0,0,0,0.0,0,0,0.0,0,0,0.0,0,0,0.0,0,0,0.0,0,0,0.0,0,0,0
R_7mekN9GC1fk33li,forward,forward,3,12,0,0.0,0,0,0.0,0,0,0.0,0,0,0.0,0,0,0.0,0,1,8.333,1,0,0.0,0,0,0.0,0,0,0.0,0,0,1
R_37pERk7YMXWU3ct,ranking,backward,2,60,1,1.667,1,0,0.0,0,0,0.0,0,0,0.0,0,0,0.0,0,0,0.0,0,0,0.0,0,1,1.667,1,1,1.667,1,1,0
R_37pERk7YMXWU3ct,backward,backward,2,5,0,0.0,0,0,0.0,0,0,0.0,0,0,0.0,0,0,0.0,0,0,0.0,0,0,0.0,0,0,0.0,0,0,0.0,0,0,0
R_37pERk7YMXWU3ct,forward,forward,2,14,1,7.143,1,0,0.0,0,0,0.0,0,0,0.0,0,0,0.0,0,0,0.0,0,0,0.0,0,1,7.143,1,0,0.0,0,1,0
R_1S7gxHDqAH6iTdw,ranking,backward,1,10,0,0.0,0,0,0.0,0,0,0.0,0,0,0.0,0,0,0.0,0,0,0.0,0,0,0.0,0,0,0.0,0,1,10.0,1,0,0
R_1S7gxHDqAH6iTdw,backward,backward,1,5,0,0.0,0,0,0.0,0,0,0.0,0,0,0.0,0,0,0.0,0,0,0.0,0,0,0.0,0,0,0.0,0,0,0.0,0,0,0
R_1S7gxHDqAH6iTdw,forward,forward,1,6,0,0.0,0,0,0.0,0,0,0.0,0,0,0.0,0,0,0.0,0,0,0.0,0,0,0.0,0,0,0.0,0,0,0.0,0,0,0
R_5uK38w74t1M7MZz,ranking,backward,1,19,0,0.0,0,0,0.0,0,0,0.0,0,0,0.0,0,0,0.0,0,0,0.0,0,0,0.0,0,1,5.263,1,0,0.0,0,0,0
R_5uK38w74t1M7MZz,backward,backward,1,18,0,0.0,0,0,0.0,0,0,0.0,0,0,0.0,0,0,0.0,0,0,0.0,0,0,0.0,0,0,0.0,0,1,5.556,1,0,0
R_5uK38w74t1M7MZz,forward,forward,1,26,0,0.0,0,0,0.0,0,0,0.0,0,0,0.0,0,0,0.0,0,0,0.0,0,0,0.0,0,0,0.0,0,2,7.692,2,0,0
R_3mxDp5vNOub0Dhi,ranking,backward,1,23,1,4.348,1,0,0.0,0,0,0.0,0,0,0.0,0,0,0.0,0,0,0.0,0,0,0.0,0,0,0.0,0,1,4.348,1,1,0
R_3mxDp5vNOub0Dhi,backward,backward,1,38,0,0.0,0,0,0.0,0,0,0.0,0,0,0.0,0,0,0.0,0,0,0.0,0,0,0.0,0,1,2.632,1,0,0.0,0,0,0
R_3mxDp5vNOub0Dhi,forward,forward,1,21,0,0.0,0,0,0.0,0,0,0.0,0,0,0.0,0,0,0.0,0,0,0.0,0,0,0.0,0,0,0.0,0,0,0.0,0,0,0
R_51yVhsL0ZiP86Zf,ranking,backward,3,13,0,0.0,0,0,0.0,0,0,0.0,0,0,0.0,0,0,0.0,0,0,0.0,0,0,0.0,0,0,0.0,0,0,0.0,0,0,0
R_51yVhsL0ZiP86Zf,backward,backward,3,33,0,0.0,0,0,0.0,0,0,0.0,0,0,0.0,0,0,0.0,0,0,0.0,0,0,0.0,0,0,0.0,0,0,0.0,0,0,0
R_51yVhsL0ZiP86Zf,forward,forward,3,23,0,0.0,0,0,0.0,0,0,0.0,0,0,0.0,0,0,0.0,0,0,0.0,0,0,0.0,0,0,0.0,0,0,0.0,0,0,0
R_5pLxudtSu1p0sah,ranking,backward,3,22,0,0.0,0,0,0.0,0,0,0.0,0,0,0.0,0,0,0.0,0,0,0.0,0,0,0.0,0,0,0.0,0,1,4.545,1,0,0
R_5pLxudtSu1p0sah,backward,backward,3,18,0,0.0,0,0,0.0,0,0,0.0,0,0,0.0,0,0,0.0,0,0,0.0,0,0,0.0,0,0,0.0,0,0,0.0,0,0,0
R_5pLxudtSu1p0sah,forward,forward,3,13,0,0.0,0,0,0.0,0,0,0.0,0,0,0.0,0,0,0.0,0,0,0.0,0,0,0.0,0,0,0.0,0,0,0.0,0,0,0
R_3pSAlHyALk9eEzo,ranking,backward,2,57,0,0.0,0,0,0.0,0,0,0.0,0,0,0.0,0,0,0.0,0,0,0.0,0,0,0.0,0,2,3.509,2,1,1.754,1,0,0
R_3pSAlHyALk9eEzo,backward,backward,2,70,0,0.0,0,0,0.0,0,0,0.0,0,0,0.0,0,0,0.0,0,1,1.429,1,0,0.0,0,0,0.0,0,0,0.0,0,0,1
R_3pSAlHyALk9eEzo,forward,forward,2,36,0,0.0,0,0,0.0,0,0,0.0,0,0,0.0,0,0,0.0,0,0,0.0,0,0,0.0,0,0,0.0,0,0,0.0,0,0,0
R_599HQbVOKVbZukp,ranking,backward,3,41,0,0.0,0,0,0.0,0,0,0.0,0,0,0.0,0,0,0.0,0,0,0.0,0,0,0.0,0,0,0.0,0,1,2.439,1,0,0
R_599HQbVOKVbZukp,backward,backward,3,41,0,0.0,0,0,0.0,0,0,0.0,0,0,0.0,0,0,0.0,0,0,0.0,0,0,0.0,0,0,0.0,0,0,0.0,0,0,0
R_599HQbVOKVbZukp,forward,forward,3,38,0,0.0,0,0,0.0,0,0,0.0,0,0,0.0,0,0,0.0,0,0,0.0,0,0,0.0,0,0,0.0,0,0,0.0,0,0,0
R_5qenq19PCdUiKth,ranking,backward,2,15,0,0.0,0,0,0.0,0,0,0.0,0,0,0.0,0,0,0.0,0,0,0.0,0,0,0.0,0,0,0.0,0,1,6.667,1,0,0
R_5qenq19PCdUiKth,backward,backward,2,13,0,0.0,0,0,0.0,0,0,0.0,0,0,0.0,0,0,0.0,0,0,0.0,0,0,0.0,0,0,0.0,0,0,0.0,0,0,0
R_5qenq19PCdUiKth,forward,forward,2,4,0,0.0,0,0,0.0,0,0,0.0,0,0,0.0,0,0,0.0,0,0,0.0,0,0,0.0,0,0,0.0,0,0,0.0,0,0,0
R_1ruNUCEB7DiBJlK,ranking,backward,1,14,0,0.0,0,0,0.0,0,0,0.0,0,0,0.0,0,0,0.0,0,0,0.0,0,0,0.0,0,0,0.0,0,1,7.143,1,0,0
R_1ruNUCEB7DiBJlK,backward,backward,1,7,0,0.0,0,0,0.0,0,0,0.0,0,0,0.0,0,0,0.0,0,0,0.0,0,0,0.0,0,0,0.0,0,0,0.0,0,0,0
R_1ruNUCEB7DiBJlK,forward,forward,1,5,0,0.0,0,0,0.0,0,0,0.0,0,0,0.0,0,0,0.0,0,0,0.0,0,0,0.0,0,1,20.0,1,0,0.0,0,0,0
R_5AYwGQA1UEhk1Bs,ranking,backward,2,17,0,0.0,0,0,0.0,0,0,0.0,0,0,0.0,0,0,0.0,0,0,0.0,0,0,0.0,0,1,5.882,1,0,0.0,0,0,0
R_5AYwGQA1UEhk1Bs,backward,backward,2,12,0,0.0,0,0,0.0,0,0,0.0,0,0,0.0,0,0,0.0,0,1,8.333,1,0,0.0,0,0,0.0,0,0,0.0,0,0,1
R_5AYwGQA1UEhk1Bs,forward,forward,2,12,0,0.0,0,0,0.0,0,0,0.0,0,0,0.0,0,0,0.0,0,0,0.0,0,0,0.0,0,1,8.333,1,0,0.0,0,0,0
R_7JCP5joUZcvXQ5n,ranking,backward,3,21,0,0.0,0,0,0.0,0,0,0.0,0,0,0.0,0,0,0.0,0,0,0.0,0,0,0.0,0,0,0.0,0,0,0.0,0,0,0
R_7JCP5joUZcvXQ5n,backward,backward,3,19,0,0.0,0,0,0.0,0,0,0.0,0,0,0.0,0,0,0.0,0,0,0.0,0,0,0.0,0,0,0.0,0,0,0.0,0,0,0
R_7JCP5joUZcvXQ5n,forward,forward,3,17,0,0.0,0,0,0.0,0,0,0.0,0,0,0.0,0,0,0.0,0,0,0.0,0,0,0.0,0,0,0.0,0,0,0.0,0,0,0
R_7S96BBBlccTP8bX,ranking,backward,3,22,0,0.0,0,0,0.0,0,0,0.0,0,0,0.0,0,0,0.0,0,0,0.0,0,0,0.0,0,0,0.0,0,0,0.0,0,0,0
R_7S96BBBlccTP8bX,backward,backward,3,26,0,0.0,0,0,0.0,0,0,0.0,0,0,0.0,0,0,0.0,0,0,0.0,0,0,0.0,0,0,0.0,0,0,0.0,0,0,0
R_7S96BBBlccTP8bX,forward,forward,3,23,1,4.348,1,0,0.0,0,0,0.0,0,0,0.0,0,1,4.348,1,0,0.0,0,0,0.0,0,1,4.348,1,0,0.0,0,1,1
R_7LizMoSqiPxB27i,ranking,backward,2,10,0,0.0,0,0,0.0,0,0,0.0,0,0,0.0,0,0,0.0,0,0,0.0,0,0,0.0,0,0,0.0,0,1,10.0,1,0,0
R_7LizMoSqiPxB27i,backward,backward,2,4,0,0.0,0,0,0.0,0,0,0.0,0,0,0.0,0,0,0.0,0,0,0.0,0,0,0.0,0,0,0.0,0,0,0.0,0,0,0
R_7LizMoSqiPxB27i,forward,forward,2,5,0,0.0,0,0,0.0,0,0,0.0,0,0,0.0,0,0,0.0,0,0,0.0,0,0,0.0,0,1,20.0,1,0,0.0,0,0,0
R_67WixwAfLe3T5qV,ranking,backward,1,11,0,0.0,0,0,0.0,0,0,0.0,0,0,0.0,0,0,0.0,0,0,0.0,0,0,0.0,0,0,0.0,0,0,0.0,0,0,0
R_67WixwAfLe3T5qV,backward,backward,1,11,0,0.0,0,0,0.0,0,1,9.091,1,0,0.0,0,0,0.0,0,0,0.0,0,0,0.0,0,0,0.0,0,0,0.0,0,1,0
R_67WixwAfLe3T5qV,forward,forward,1,6,0,0.0,0,0,0.0,0,0,0.0,0,0,0.0,0,0,0.0,0,0,0.0,0,0,0.0,0,0,0.0,0,0,0.0,0,0,0
R_5xjvlRoVVzBD8oF,ranking,backward,3,9,0,0.0,0,0,0.0,0,0,0.0,0,0,0.0,0,0,0.0,0,0,0.0,0,0,0.0,0,0,0.0,0,1,11.111,1,0,0
R_5xjvlRoVVzBD8oF,backward,backward,3,9,1,11.111,1,0,0.0,0,0,0.0,0,0,0.0,0,0,0.0,0,0,0.0,0,0,0.0,0,0,0.0,0,0,0.0,0,1,0
R_5xjvlRoVVzBD8oF,forward,forward,3,7,0,0.0,0,0,0.0,0,0,0.0,0,0,0.0,0,0,0.0,0,0,0.0,0,0,0.0,0,0,0.0,0,0,0.0,0,0,0
R_6tbaibbl7CUmn13,ranking,backward,3,50,1,2.0,1,0,0.0,0,0,0.0,0,0,0.0,0,0,0.0,0,0,0.0,0,0,0.0,0,0,0.0,0,1,2.0,1,1,0
R_6tbaibbl7CUmn13,backward,backward,3,25,0,0.0,0,0,0.0,0,0,0.0,0,0,0.0,0,0,0.0,0,0,0.0,0,0,0.0,0,0,0.0,0,0,0.0,0,0,0
R_6tbaibbl7CUmn13,forward,forward,3,20,0,0.0,0,0,0.0,0,0,0.0,0,0,0.0,0,0,0.0,0,0,0.0,0,0,0.0,0,1,5.0,1,0,0.0,0,0,0
R_3P4Jj1mMSeAVAec,ranking,backward,2,84,0,0.0,0,0,0.0,0,0,0.0,0,0,0.0,0,0,0.0,0,0,0.0,0,1,1.19,1,0,0.0,0,0,0.0,0,0,0
R_3P4Jj1mMSeAVAec,backward,backward,2,47,0,0.0,0,0,0.0,0,0,0.0,0,0,0.0,0,0,0.0,0,0,0.0,0,0,0.0,0,1,2.128,1,0,0.0,0,0,0
R_3P4Jj1mMSeAVAec,forward,forward,2,23,0,0.0,0,0,0.0,0,0,0.0,0,0,0.0,0,0,0.0,0,0,0.0,0,0,0.0,0,0,0.0,0,0,0.0,0,0,0
R_6rTQDeKCvU1ur6t,ranking,backward,2,26,0,0.0,0,0,0.0,0,0,0.0,0,0,0.0,0,0,0.0,0,0,0.0,0,1,3.846,1,1,3.846,1,0,0.0,0,0,0
R_6rTQDeKCvU1ur6t,backward,backward,2,18,0,0.0,0,0,0.0,0,0,0.0,0,0,0.0,0,0,0.0,0,0,0.0,0,0,0.0,0,0,0.0,0,0,0.0,0,0,0
R_6rTQDeKCvU1ur6t,forward,forward,2,14,0,0.0,0,0,0.0,0,0,0.0,0,0,0.0,0,0,0.0,0,1,7.143,1,0,0.0,0,0,0.0,0,0,0.0,0,0,1
R_37cScPc73JUzAoF,ranking,backward,2,37,1,2.703,1,0,0.0,0,0,0.0,0,0,0.0,0,0,0.0,0,0,0.0,0,1,2.703,1,0,0.0,0,1,2.703,1,1,0
R_37cScPc73JUzAoF,backward,backward,2,17,0,0.0,0,0,0.0,0,0,0.0,0,0,0.0,0,0,0.0,0,0,0.0,0,0,0.0,0,0,0.0,0,0,0.0,0,0,0
R_37cScPc73JUzAoF,forward,forward,2,6,0,0.0,0,0,0.0,0,0,0.0,0,0,0.0,0,0,0.0,0,0,0.0,0,0,0.0,0,0,0.0,0,0,0.0,0,0,0
R_7M5xxKMdUul1t91,ranking,backward,1,42,0,0.0,0,0,0.0,0,0,0.0,0,0,0.0,0,0,0.0,0,0,0.0,0,2,4.762,2,0,0.0,0,0,0.0,0,0,0
R_7M5xxKMdUul1t91,backward,backward,1,46,0,0.0,0,0,0.0,0,0,0.0,0,0,0.0,0,0,0.0,0,0,0.0,0,0,0.0,0,1,2.174,1,0,0.0,0,0,0
R_7M5xxKMdUul1t91,forward,forward,1,25,2,8.0,2,0,0.0,0,0,0.0,0,0,0.0,0,0,0.0,0,0,0.0,0,0,0.0,0,0,0.0,0,0,0.0,0,1,0
R_7KACMrap9qEXt9z,ranking,backward,1,34,0,0.0,0,0,0.0,0,0,0.0,0,0,0.0,0,0,0.0,0,0,0.0,0,1,2.941,1,0,0.0,0,1,2.941,1,0,0
R_7KACMrap9qEXt9z,backward,backward,1,29,0,0.0,0,0,0.0,0,0,0.0,0,0,0.0,0,1,3.448,1,0,0.0,0,0,0.0,0,1,3.448,1,0,0.0,0,0,1
R_7KACMrap9qEXt9z,forward,forward,1,4,0,0.0,0,0,0.0,0,0,0.0,0,0,0.0,0,0,0.0,0,0,0.0,0,0,0.0,0,0,0.0,0,0,0.0,0,0,0
R_1Nk5sR2uPFVL7Z1,ranking,backward,1,28,0,0.0,0,0,0.0,0,0,0.0,0,0,0.0,0,0,0.0,0,0,0.0,0,0,0.0,0,0,0.0,0,1,3.571,1,0,0
R_1Nk5sR2uPFVL7Z1,backward,backward,1,31,0,0.0,0,0,0.0,0,0,0.0,0,0,0.0,0,0,0.0,0,0,0.0,0,0,0.0,0,0,0.0,0,0,0.0,0,0,0
R_1Nk5sR2uPFVL7Z1,forward,forward,1,34,0,0.0,0,0,0.0,0,0,0.0,0,0,0.0,0,0,0.0,0,0,0.0,0,0,0.0,0,0,0.0,0,0,0.0,0,0,0
R_7scw68DaWGuO87V,ranking,backward,1,20,0,0.0,0,0,0.0,0,0,0.0,0,0,0.0,0,0,0.0,0,0,0.0,0,0,0.0,0,0,0.0,0,1,5.0,1,0,0
R_7scw68DaWGuO87V,backward,backward,1,16,0,0.0,0,0,0.0,0,0,0.0,0,0,0.0,0,0,0.0,0,0,0.0,0,0,0.0,0,0,0.0,0,0,0.0,0,0,0
R_7scw68DaWGuO87V,forward,forward,1,7,0,0.0,0,0,0.0,0,0,0.0,0,0,0.0,0,0,0.0,0,0,0.0,0,0,0.0,0,0,0.0,0,0,0.0,0,0,0
R_5wNphI7v7bLxYFT,ranking,backward,1,33,1,3.03,1,0,0.0,0,0,0.0,0,0,0.0,0,0,0.0,0,0,0.0,0,0,0.0,0,0,0.0,0,1,3.03,1,1,0
R_5wNphI7v7bLxYFT,backward,backward,1,18,0,0.0,0,0,0.0,0,0,0.0,0,0,0.0,0,0,0.0,0,0,0.0,0,0,0.0,0,0,0.0,0,0,0.0,0,0,0
R_5wNphI7v7bLxYFT,forward,forward,1,15,0,0.0,0,0,0.0,0,0,0.0,0,0,0.0,0,0,0.0,0,0,0.0,0,0,0.0,0,0,0.0,0,0,0.0,0,0,0
R_5DtPjnmaseHuMbN,ranking,backward,3,9,1,11.111,1,0,0.0,0,0,0.0,0,0,0.0,0,0,0.0,0,0,0.0,0,0,0.0,0,0,0.0,0,0,0.0,0,1,0
R_5DtPjnmaseHuMbN,backward,backward,3,3,0,0.0,0,0,0.0,0,0,0.0,0,0,0.0,0,0,0.0,0,0,0.0,0,0,0.0,0,0,0.0,0,0,0.0,0,0,0
R_5DtPjnmaseHuMbN,forward,forward,3,3,0,0.0,0,0,0.0,0,0,0.0,0,0,0.0,0,0,0.0,0,0,0.0,0,0,0.0,0,0,0.0,0,0,0.0,0,0,0
R_6Lu4zAp8vuCMKkX,ranking,backward,3,45,1,2.222,1,0,0.0,0,0,0.0,0,0,0.0,0,0,0.0,0,0,0.0,0,0,0.0,0,0,0.0,0,0,0.0,0,1,0
R_6Lu4zAp8vuCMKkX,backward,backward,3,21,0,0.0,0,0,0.0,0,0,0.0,0,0,0.0,0,0,0.0,0,0,0.0,0,0,0.0,0,0,0.0,0,0,0.0,0,0,0
R_6Lu4zAp8vuCMKkX,forward,forward,3,15,0,0.0,0,0,0.0,0,0,0.0,0,0,0.0,0,0,0.0,0,0,0.0,0,0,0.0,0,0,0.0,0,0,0.0,0,0,0
R_1RmQVeySLYRgObf,ranking,backward,1,44,1,2.273,1,0,0.0,0,0,0.0,0,0,0.0,0,0,0.0,0,0,0.0,0,1,2.273,1,1,2.273,1,1,2.273,1,1,0
R_1RmQVeySLYRgObf,backward,backward,1,9,0,0.0,0,0,0.0,0,0,0.0,0,0,0.0,0,0,0.0,0,0,0.0,0,0,0.0,0,0,0.0,0,0,0.0,0,0,0
R_1RmQVeySLYRgObf,forward,forward,1,9,0,0.0,0,0,0.0,0,0,0.0,0,0,0.0,0,0,0.0,0,0,0.0,0,0,0.0,0,0,0.0,0,0,0.0,0,0,0
R_5R35vwemG0f4YoU,ranking,backward,3,9,0,0.0,0,0,0.0,0,0,0.0,0,0,0.0,0,0,0.0,0,0,0.0,0,0,0.0,0,0,0.0,0,0,0.0,0,0,0
R_5R35vwemG0f4YoU,backward,backward,3,9,0,0.0,0,0,0.0,0,0,0.0,0,0,0.0,0,0,0.0,0,0,0.0,0,0,0.0,0,0,0.0,0,0,0.0,0,0,0
R_5R35vwemG0f4YoU,forward,forward,3,7,0,0.0,0,0,0.0,0,0,0.0,0,0,0.0,0,0,0.0,0,0,0.0,0,0,0.0,0,0,0.0,0,0,0.0,0,0,0
R_5uKbm3cpuLnsypY,ranking,backward,3,51,0,0.0,0,0,0.0,0,0,0.0,0,0,0.0,0,0,0.0,0,0,0.0,0,1,1.961,1,0,0.0,0,1,1.961,1,0,0
R_5uKbm3cpuLnsypY,backward,backward,3,10,0,0.0,0,0,0.0,0,0,0.0,0,0,0.0,0,0,0.0,0,0,0.0,0,0,0.0,0,0,0.0,0,0,0.0,0,0,0
R_5uKbm3cpuLnsypY,forward,forward,3,4,0,0.0,0,0,0.0,0,0,0.0,0,0,0.0,0,0,0.0,0,0,0.0,0,0,0.0,0,0,0.0,0,0,0.0,0,0,0
R_751wvcOom5YUIVP,ranking,backward,1,12,0,0.0,0,0,0.0,0,0,0.0,0,0,0.0,0,0,0.0,0,0,0.0,0,0,0.0,0,0,0.0,0,0,0.0,0,0,0
R_751wvcOom5YUIVP,backward,backward,1,11,0,0.0,0,0,0.0,0,0,0.0,0,0,0.0,0,0,0.0,0,0,0.0,0,0,0.0,0,0,0.0,0,0,0.0,0,0,0
R_751wvcOom5YUIVP,forward,forward,1,5,0,0.0,0,0,0.0,0,0,0.0,0,0,0.0,0,0,0.0,0,0,0.0,0,0,0.0,0,0,0.0,0,0,0.0,0,0,0
R_6l0HLKGtHX6kjqo,ranking,backward,3,76,0,0.0,0,0,0.0,0,0,0.0,0,0,0.0,0,0,0.0,0,0,0.0,0,1,1.316,1,1,1.316,1,0,0.0,0,0,0
R_6l0HLKGtHX6kjqo,backward,backward,3,25,0,0.0,0,0,0.0,0,0,0.0,0,0,0.0,0,0,0.0,0,0,0.0,0,0,0.0,0,0,0.0,0,0,0.0,0,0,0
R_6l0HLKGtHX6kjqo,forward,forward,3,4,0,0.0,0,0,0.0,0,0,0.0,0,0,0.0,0,0,0.0,0,0,0.0,0,0,0.0,0,0,0.0,0,0,0.0,0,0,0
R_73f2h2lGwLSb2jr,ranking,backward,2,27,0,0.0,0,0,0.0,0,0,0.0,0,0,0.0,0,0,0.0,0,0,0.0,0,0,0.0,0,0,0.0,0,0,0.0,0,0,0
R_73f2h2lGwLSb2jr,backward,backward,2,67,0,0.0,0,0,0.0,0,0,0.0,0,0,0.0,0,0,0.0,0,0,0.0,0,0,0.0,0,0,0.0,0,0,0.0,0,0,0
R_73f2h2lGwLSb2jr,forward,forward,2,27,0,0.0,0,0,0.0,0,0,0.0,0,0,0.0,0,0,0.0,0,0,0.0,0,0,0.0,0,0,0.0,0,0,0.0,0,0,0
R_7Eiga2GRUfOC8FK,ranking,backward,2,29,0,0.0,0,0,0.0,0,0,0.0,0,0,0.0,0,0,0.0,0,0,0.0,0,0,0.0,0,0,0.0,0,1,3.448,1,0,0
R_7Eiga2GRUfOC8FK,backward,backward,2,23,0,0.0,0,0,0.0,0,0,0.0,0,0,0.0,0,0,0.0,0,0,0.0,0,0,0.0,0,0,0.0,0,0,0.0,0,0,0
R_7Eiga2GRUfOC8FK,forward,forward,2,13,0,0.0,0,0,0.0,0,0,0.0,0,0,0.0,0,0,0.0,0,0,0.0,0,0,0.0,0,0,0.0,0,0,0.0,0,0,0
R_3qw0E5uszeCuYrR,ranking,backward,1,6,0,0.0,0,0,0.0,0,0,0.0,0,0,0.0,0,0,0.0,0,0,0.0,0,0,0.0,0,0,0.0,0,0,0.0,0,0,0
R_3qw0E5uszeCuYrR,backward,backward,1,4,0,0.0,0,0,0.0,0,0,0.0,0,0,0.0,0,0,0.0,0,0,0.0,0,0,0.0,0,0,0.0,0,0,0.0,0,0,0
R_3qw0E5uszeCuYrR,forward,forward,1,3,0,0.0,0,0,0.0,0,0,0.0,0,0,0.0,0,0,0.0,0,0,0.0,0,0,0.0,0,0,0.0,0,0,0.0,0,0,0
R_5I6lvtQTnSJPOaX,ranking,backward,1,61,0,0.0,0,0,0.0,0,1,1.639,1,0,0.0,0,0,0.0,0,0,0.0,0,1,1.639,1,0,0.0,0,1,1.639,1,1,0
R_5I6lvtQTnSJPOaX,backward,backward,1,51,1,1.961,1,0,0.0,0,0,0.0,0,0,0.0,0,0,0.0,0,0,0.0,0,0,0.0,0,0,0.0,0,0,0.0,0,1,0
R_5I6lvtQTnSJPOaX,forward,forward,1,26,0,0.0,0,0,0.0,0,0,0.0,0,0,0.0,0,0,0.0,0,0,0.0,0,0,0.0,0,0,0.0,0,0,0.0,0,0,0
R_6arEKOInRki4VHB,ranking,backward,2,19,0,0.0,0,0,0.0,0,0,0.0,0,0,0.0,0,0,0.0,0,0,0.0,0,0,0.0,0,0,0.0,0,0,0.0,0,0,0
R_6arEKOInRki4VHB,backward,backward,2,7,1,14.286,1,0,0.0,0,0,0.0,0,0,0.0,0,0,0.0,0,0,0.0,0,0,0.0,0,0,0.0,0,0,0.0,0,1,0
R_6arEKOInRki4VHB,forward,forward,2,20,0,0.0,0,0,0.0,0,1,5.0,1,0,0.0,0,0,0.0,0,0,0.0,0,1,5.0,1,0,0.0,0,0,0.0,0,1,0
R_5DqmzlUa44iDWEm,ranking,backward,3,167,1,0.599,1,0,0.0,0,0,0.0,0,0,0.0,0,0,0.0,0,0,0.0,0,1,0.599,1,0,0.0,0,1,0.599,1,1,0
R_5DqmzlUa44iDWEm,backward,backward,3,24,0,0.0,0,0,0.0,0,0,0.0,0,0,0.0,0,0,0.0,0,0,0.0,0,0,0.0,0,0,0.0,0,0,0.0,0,0,0
R_5DqmzlUa44iDWEm,forward,forward,3,23,0,0.0,0,0,0.0,0,1,4.348,1,0,0.0,0,0,0.0,0,0,0.0,0,0,0.0,0,0,0.0,0,1,4.348,1,1,0
R_377oDQegmYd1SGW,ranking,backward,2,80,1,1.25,1,0,0.0,0,0,0.0,0,0,0.0,0,0,0.0,0,0,0.0,0,1,1.25,1,1,1.25,1,1,1.25,1,1,0
R_377oDQegmYd1SGW,backward,backward,2,41,0,0.0,0,0,0.0,0,0,0.0,0,0,0.0,0,0,0.0,0,0,0.0,0,0,0.0,0,1,2.439,1,0,0.0,0,0,0
R_377oDQegmYd1SGW,forward,forward,2,18,0,0.0,0,0,0.0,0,0,0.0,0,0,0.0,0,0,0.0,0,0,0.0,0,0,0.0,0,0,0.0,0,0,0.0,0,0,0
R_1Lch9oOJjhp2Ffw,ranking,backward,1,24,0,0.0,0,0,0.0,0,0,0.0,0,0,0.0,0,0,0.0,0,0,0.0,0,0,0.0,0,0,0.0,0,0,0.0,0,0,0
R_1Lch9oOJjhp2Ffw,backward,backward,1,10,0,0.0,0,0,0.0,0,0,0.0,0,0,0.0,0,0,0.0,0,0,0.0,0,0,0.0,0,0,0.0,0,0,0.0,0,0,0
R_1Lch9oOJjhp2Ffw,forward,forward,1,11,0,0.0,0,0,0.0,0,0,0.0,0,0,0.0,0,0,0.0,0,0,0.0,0,0,0.0,0,0,0.0,0,0,0.0,0,0,0
R_3v2GxFXcJcaLePx,ranking,backward,1,29,0,0.0,0,0,0.0,0,0,0.0,0,0,0.0,0,0,0.0,0,0,0.0,0,0,0.0,0,0,0.0,0,1,3.448,1,0,0
R_3v2GxFXcJcaLePx,backward,backward,1,13,0,0.0,0,0,0.0,0,0,0.0,0,0,0.0,0,0,0.0,0,0,0.0,0,0,0.0,0,0,0.0,0,0,0.0,0,0,0
R_3v2GxFXcJcaLePx,forward,forward,1,34,1,2.941,1,0,0.0,0,0,0.0,0,0,0.0,0,0,0.0,0,0,0.0,0,0,0.0,0,0,0.0,0,0,0.0,0,1,0
R_3qX3zY4vm0K2rRS,ranking,backward,2,22,0,0.0,0,0,0.0,0,0,0.0,0,0,0.0,0,0,0.0,0,0,0.0,0,0,0.0,0,1,4.545,1,1,4.545,1,0,0
R_3qX3zY4vm0K2rRS,backward,backward,2,11,1,9.091,1,0,0.0,0,0,0.0,0,0,0.0,0,0,0.0,0,0,0.0,0,0,0.0,0,0,0.0,0,0,0.0,0,1,0
R_3qX3zY4vm0K2rRS,forward,forward,2,2,0,0.0,0,0,0.0,0,0,0.0,0,0,0.0,0,0,0.0,0,0,0.0,0,0,0.0,0,0,0.0,0,0,0.0,0,0,0
R_5Xi7N8ZTwId4Fdn,ranking,backward,1,17,0,0.0,0,0,0.0,0,0,0.0,0,0,0.0,0,0,0.0,0,0,0.0,0,0,0.0,0,0,0.0,0,0,0.0,0,0,0
R_5Xi7N8ZTwId4Fdn,backward,backward,1,14,0,0.0,0,0,0.0,0,0,0.0,0,0,0.0,0,0,0.0,0,0,0.0,0,0,0.0,0,0,0.0,0,0,0.0,0,0,0
R_5Xi7N8ZTwId4Fdn,forward,forward,1,10,0,0.0,0,0,0.0,0,0,0.0,0,0,0.0,0,0,0.0,0,0,0.0,0,0,0.0,0,0,0.0,0,0,0.0,0,0,0
R_5iVDkBdt9PC3zas,ranking,backward,2,60,1,1.667,1,0,0.0,0,0,0.0,0,0,0.0,0,0,0.0,0,0,0.0,0,0,0.0,0,1,1.667,1,1,1.667,1,1,0
R_5iVDkBdt9PC3zas,backward,backward,2,55,0,0.0,0,0,0.0,0,0,0.0,0,0,0.0,0,0,0.0,0,0,0.0,0,0,0.0,0,1,1.818,1,0,0.0,0,0,0
R_5iVDkBdt9PC3zas,forward,forward,2,50,0,0.0,0,0,0.0,0,0,0.0,0,0,0.0,0,0,0.0,0,0,0.0,0,0,0.0,0,0,0.0,0,0,0.0,0,0,0
R_63xzse3rbJDREgd,ranking,backward,2,8,0,0.0,0,0,0.0,0,0,0.0,0,0,0.0,0,0,0.0,0,0,0.0,0,0,0.0,0,0,0.0,0,0,0.0,0,0,0
R_63xzse3rbJDREgd,backward,backward,2,11,0,0.0,0,0,0.0,0,0,0.0,0,0,0.0,0,0,0.0,0,0,0.0,0,0,0.0,0,0,0.0,0,0,0.0,0,0,0
R_63xzse3rbJDREgd,forward,forward,2,5,0,0.0,0,0,0.0,0,0,0.0,0,0,0.0,0,0,0.0,0,0,0.0,0,0,0.0,0,0,0.0,0,0,0.0,0,0,0
R_6d9QmzjiwbRnvlr,ranking,backward,3,29,1,3.448,1,0,0.0,0,0,0.0,0,0,0.0,0,0,0.0,0,0,0.0,0,0,0.0,0,0,0.0,0,0,0.0,0,1,0
R_6d9QmzjiwbRnvlr,backward,backward,3,9,0,0.0,0,0,0.0,0,0,0.0,0,0,0.0,0,0,0.0,0,0,0.0,0,0,0.0,0,0,0.0,0,0,0.0,0,0,0
R_6d9QmzjiwbRnvlr,forward,forward,3,8,0,0.0,0,0,0.0,0,0,0.0,0,0,0.0,0,0,0.0,0,0,0.0,0,0,0.0,0,0,0.0,0,0,0.0,0,0,0
R_5Iat6OkhutCUQJ6,ranking,backward,1,13,0,0.0,0,0,0.0,0,0,0.0,0,0,0.0,0,0,0.0,0,0,0.0,0,0,0.0,0,0,0.0,0,0,0.0,0,0,0
R_5Iat6OkhutCUQJ6,backward,backward,1,5,0,0.0,0,0,0.0,0,0,0.0,0,0,0.0,0,0,0.0,0,0,0.0,0,0,0.0,0,0,0.0,0,0,0.0,0,0,0
R_5Iat6OkhutCUQJ6,forward,forward,1,5,0,0.0,0,0,0.0,0,0,0.0,0,0,0.0,0,0,0.0,0,0,0.0,0,0,0.0,0,0,0.0,0,0,0.0,0,0,0
R_3Hp4dTZbBPf6hjo,ranking,backward,3,102,1,0.98,1,0,0.0,0,0,0.0,0,0,0.0,0,0,0.0,0,0,0.0,0,0,0.0,0,1,0.98,1,1,0.98,1,1,0
R_3Hp4dTZbBPf6hjo,backward,backward,3,24,0,0.0,0,0,0.0,0,0,0.0,0,0,0.0,0,0,0.0,0,1,4.167,1,0,0.0,0,1,4.167,1,0,0.0,0,0,1
R_3Hp4dTZbBPf6hjo,forward,forward,3,13,0,0.0,0,0,0.0,0,0,0.0,0,0,0.0,0,0,0.0,0,0,0.0,0,0,0.0,0,0,0.0,0,0,0.0,0,0,0
R_3fUzOHiRCWBPdZv,ranking,backward,3,67,1,1.493,1,0,0.0,0,0,0.0,0,0,0.0,0,0,0.0,0,0,0.0,0,1,1.493,1,0,0.0,0,1,1.493,1,1,0
R_3fUzOHiRCWBPdZv,backward,backward,3,46,1,2.174,1,0,0.0,0,0,0.0,0,0,0.0,0,0,0.0,0,0,0.0,0,0,0.0,0,0,0.0,0,0,0.0,0,1,0
R_3fUzOHiRCWBPdZv,forward,forward,3,16,0,0.0,0,0,0.0,0,0,0.0,0,0,0.0,0,0,0.0,0,0,0.0,0,0,0.0,0,0,0.0,0,0,0.0,0,0,0
R_5dzOS6Hpu2ssqce,ranking,backward,2,45,1,2.222,1,0,0.0,0,0,0.0,0,0,0.0,0,0,0.0,0,0,0.0,0,1,2.222,1,1,2.222,1,0,0.0,0,1,0
R_5dzOS6Hpu2ssqce,backward,backward,2,23,0,0.0,0,0,0.0,0,0,0.0,0,0,0.0,0,0,0.0,0,1,4.348,1,0,0.0,0,0,0.0,0,0,0.0,0,0,1
R_5dzOS6Hpu2ssqce,forward,forward,2,18,0,0.0,0,0,0.0,0,0,0.0,0,0,0.0,0,0,0.0,0,0,0.0,0,0,0.0,0,0,0.0,0,0,0.0,0,0,0
R_3alUbr0miGGA13j,ranking,backward,2,73,1,1.37,1,0,0.0,0,0,0.0,0,0,0.0,0,0,0.0,0,0,0.0,0,1,1.37,1,0,0.0,0,1,1.37,1,1,0
R_3alUbr0miGGA13j,backward,backward,2,20,0,0.0,0,0,0.0,0,0,0.0,0,0,0.0,0,0,0.0,0,0,0.0,0,0,0.0,0,0,0.0,0,0,0.0,0,0,0
R_3alUbr0miGGA13j,forward,forward,2,11,0,0.0,0,0,0.0,0,0,0.0,0,0,0.0,0,0,0.0,0,0,0.0,0,0,0.0,0,1,9.091,1,0,0.0,0,0,0
R_1wEBCXXh3EAGjJL,ranking,backward,3,10,0,0.0,0,0,0.0,0,0,0.0,0,0,0.0,0,0,0.0,0,0,0.0,0,0,0.0,0,0,0.0,0,0,0.0,0,0,0
R_1wEBCXXh3EAGjJL,backward,backward,3,13,0,0.0,0,0,0.0,0,0,0.0,0,0,0.0,0,0,0.0,0,0,0.0,0,0,0.0,0,0,0.0,0,0,0.0,0,0,0
R_1wEBCXXh3EAGjJL,forward,forward,3,10,1,10.0,1,0,0.0,0,0,0.0,0,0,0.0,0,0,0.0,0,0,0.0,0,0,0.0,0,0,0.0,0,0,0.0,0,1,0
R_6TnSKs1DEh9bMN2,ranking,backward,2,8,0,0.0,0,0,0.0,0,0,0.0,0,0,0.0,0,0,0.0,0,0,0.0,0,0,0.0,0,1,12.5,1,0,0.0,0,0,0
R_6TnSKs1DEh9bMN2,backward,backward,2,7,1,14.286,1,0,0.0,0,0,0.0,0,0,0.0,0,0,0.0,0,0,0.0,0,0,0.0,0,0,0.0,0,0,0.0,0,1,0
R_6TnSKs1DEh9bMN2,forward,forward,2,6,0,0.0,0,0,0.0,0,0,0.0,0,0,0.0,0,0,0.0,0,0,0.0,0,0,0.0,0,0,0.0,0,0,0.0,0,0,0
R_7PPzU3McST0BBv3,ranking,backward,3,8,0,0.0,0,0,0.0,0,0,0.0,0,0,0.0,0,0,0.0,0,0,0.0,0,0,0.0,0,0,0.0,0,0,0.0,0,0,0
R_7PPzU3McST0BBv3,backward,backward,3,5,0,0.0,0,0,0.0,0,0,0.0,0,0,0.0,0,0,0.0,0,0,0.0,0,0,0.0,0,0,0.0,0,0,0.0,0,0,0
R_7PPzU3McST0BBv3,forward,forward,3,4,0,0.0,0,0,0.0,0,0,0.0,0,0,0.0,0,0,0.0,0,0,0.0,0,0,0.0,0,0,0.0,0,0,0.0,0,0,0
R_6WDPSL9mXUBtZeh,ranking,backward,3,6,0,0.0,0,0,0.0,0,0,0.0,0,0,0.0,0,0,0.0,0,0,0.0,0,1,16.667,1,0,0.0,0,0,0.0,0,0,0
R_6WDPSL9mXUBtZeh,backward,backward,3,17,0,0.0,0,0,0.0,0,0,0.0,0,0,0.0,0,0,0.0,0,0,0.0,0,0,0.0,0,0,0.0,0,1,5.882,1,0,0
R_6WDPSL9mXUBtZeh,forward,forward,3,12,0,0.0,0,0,0.0,0,0,0.0,0,0,0.0,0,0,0.0,0,0,0.0,0,0,0.0,0,0,0.0,0,0,0.0,0,0,0
R_62F7ZHGJFKUOcHp,ranking,backward,1,34,0,0.0,0,0,0.0,0,0,0.0,0,0,0.0,0,0,0.0,0,0,0.0,0,1,2.941,1,0,0.0,0,1,2.941,1,0,0
R_62F7ZHGJFKUOcHp,backward,backward,1,23,0,0.0,0,0,0.0,0,0,0.0,0,0,0.0,0,0,0.0,0,0,0.0,0,0,0.0,0,0,0.0,0,0,0.0,0,0,0
R_62F7ZHGJFKUOcHp,forward,forward,1,21,0,0.0,0,0,0.0,0,0,0.0,0,0,0.0,0,0,0.0,0,0,0.0,0,0,0.0,0,0,0.0,0,0,0.0,0,0,0
R_3A33EbWAu8bPP4R,ranking,backward,2,62,1,1.613,1,0,0.0,0,0,0.0,0,0,0.0,0,0,0.0,0,0,0.0,0,1,1.613,1,0,0.0,0,1,1.613,1,1,0
R_3A33EbWAu8bPP4R,backward,backward,2,10,0,0.0,0,0,0.0,0,0,0.0,0,0,0.0,0,0,0.0,0,0,0.0,0,0,0.0,0,0,0.0,0,0,0.0,0,0,0
R_3A33EbWAu8bPP4R,forward,forward,2,6,0,0.0,0,0,0.0,0,0,0.0,0,0,0.0,0,0,0.0,0,0,0.0,0,0,0.0,0,0,0.0,0,0,0.0,0,0,0
R_3erKatWfeBwJDJn,ranking,backward,2,40,0,0.0,0,0,0.0,0,0,0.0,0,0,0.0,0,0,0.0,0,0,0.0,0,0,0.0,0,0,0.0,0,1,2.5,1,0,0
R_3erKatWfeBwJDJn,backward,backward,2,18,0,0.0,0,0,0.0,0,0,0.0,0,0,0.0,0,0,0.0,0,0,0.0,0,0,0.0,0,0,0.0,0,0,0.0,0,0,0
R_3erKatWfeBwJDJn,forward,forward,2,17,0,0.0,0,0,0.0,0,0,0.0,0,0,0.0,0,0,0.0,0,0,0.0,0,0,0.0,0,0,0.0,0,0,0.0,0,0,0
R_5QldweKJ37AKt7X,ranking,backward,3,13,0,0.0,0,0,0.0,0,0,0.0,0,0,0.0,0,0,0.0,0,0,0.0,0,0,0.0,0,0,0.0,0,0,0.0,0,0,0
R_5QldweKJ37AKt7X,backward,backward,3,2,0,0.0,0,0,0.0,0,0,0.0,0,0,0.0,0,0,0.0,0,0,0.0,0,0,0.0,0,0,0.0,0,0,0.0,0,0,0
R_5QldweKJ37AKt7X,forward,forward,3,4,0,0.0,0,0,0.0,0,0,0.0,0,0,0.0,0,0,0.0,0,0,0.0,0,0,0.0,0,0,0.0,0,1,25.0,1,0,0
R_7QRIfhycq6sOsMe,ranking,backward,3,29,0,0.0,0,0,0.0,0,0,0.0,0,0,0.0,0,0,0.0,0,0,0.0,0,1,3.448,1,1,3.448,1,1,3.448,1,0,0
R_7QRIfhycq6sOsMe,backward,backward,3,32,0,0.0,0,0,0.0,0,0,0.0,0,0,0.0,0,0,0.0,0,0,0.0,0,0,0.0,0,1,3.125,1,0,0.0,0,0,0
R_7QRIfhycq6sOsMe,forward,forward,3,23,0,0.0,0,0,0.0,0,0,0.0,0,0,0.0,0,0,0.0,0,0,0.0,0,0,0.0,0,0,0.0,0,1,4.348,1,0,0
R_7K3dz3sByxkDqdZ,ranking,backward,2,43,1,2.326,1,0,0.0,0,0,0.0,0,0,0.0,0,0,0.0,0,0,0.0,0,0,0.0,0,1,2.326,1,2,4.651,2,1,0
R_7K3dz3sByxkDqdZ,backward,backward,2,42,0,0.0,0,0,0.0,0,0,0.0,0,0,0.0,0,0,0.0,0,1,2.381,1,0,0.0,0,0,0.0,0,0,0.0,0,0,1
R_7K3dz3sByxkDqdZ,forward,forward,2,28,0,0.0,0,0,0.0,0,0,0.0,0,0,0.0,0,0,0.0,0,0,0.0,0,0,0.0,0,0,0.0,0,0,0.0,0,0,0
R_1IbJ8ZNpCEqZTeu,ranking,backward,2,12,0,0.0,0,0,0.0,0,0,0.0,0,0,0.0,0,0,0.0,0,0,0.0,0,0,0.0,0,0,0.0,0,1,8.333,1,0,0
R_1IbJ8ZNpCEqZTeu,backward,backward,2,12,0,0.0,0,0,0.0,0,0,0.0,0,0,0.0,0,0,0.0,0,1,8.333,1,0,0.0,0,0,0.0,0,0,0.0,0,0,1
R_1IbJ8ZNpCEqZTeu,forward,forward,2,8,0,0.0,0,0,0.0,0,0,0.0,0,0,0.0,0,0,0.0,0,0,0.0,0,0,0.0,0,1,12.5,1,0,0.0,0,0,0
R_1iWfmCHu0FQplwB,ranking,backward,1,59,0,0.0,0,0,0.0,0,0,0.0,0,0,0.0,0,0,0.0,0,0,0.0,0,1,1.695,1,0,0.0,0,1,1.695,1,0,0
R_1iWfmCHu0FQplwB,backward,backward,1,24,1,4.167,1,0,0.0,0,0,0.0,0,0,0.0,0,0,0.0,0,0,0.0,0,0,0.0,0,1,4.167,1,0,0.0,0,1,0
R_1iWfmCHu0FQplwB,forward,forward,1,16,0,0.0,0,0,0.0,0,0,0.0,0,0,0.0,0,0,0.0,0,0,0.0,0,0,0.0,0,0,0.0,0,0,0.0,0,0,0
R_3rTSsorEvHFuuwx,ranking,backward,2,48,0,0.0,0,0,0.0,0,0,0.0,0,0,0.0,0,0,0.0,0,0,0.0,0,1,2.083,1,0,0.0,0,1,2.083,1,0,0
R_3rTSsorEvHFuuwx,backward,backward,2,18,0,0.0,0,0,0.0,0,0,0.0,0,0,0.0,0,0,0.0,0,0,0.0,0,0,0.0,0,0,0.0,0,0,0.0,0,0,0
R_3rTSsorEvHFuuwx,forward,forward,2,18,0,0.0,0,0,0.0,0,0,0.0,0,0,0.0,0,0,0.0,0,0,0.0,0,0,0.0,0,0,0.0,0,0,0.0,0,0,0
R_3FR96pNLGf6d4aU,ranking,backward,1,37,1,2.703,1,0,0.0,0,0,0.0,0,0,0.0,0,0,0.0,0,0,0.0,0,1,2.703,1,0,0.0,0,1,2.703,1,1,0
R_3FR96pNLGf6d4aU,backward,backward,1,55,0,0.0,0,0,0.0,0,0,0.0,0,0,0.0,0,0,0.0,0,0,0.0,0,0,0.0,0,2,3.636,2,0,0.0,0,0,0
R_3FR96pNLGf6d4aU,forward,forward,1,10,0,0.0,0,0,0.0,0,0,0.0,0,0,0.0,0,0,0.0,0,0,0.0,0,0,0.0,0,0,0.0,0,0,0.0,0,0,0
R_5FLIhP5XoFqhEa6,ranking,backward,3,57,0,0.0,0,0,0.0,0,0,0.0,0,0,0.0,0,0,0.0,0,0,0.0,0,1,1.754,1,0,0.0,0,1,1.754,1,0,0
R_5FLIhP5XoFqhEa6,backward,backward,3,42,0,0.0,0,0,0.0,0,0,0.0,0,0,0.0,0,0,0.0,0,0,0.0,0,0,0.0,0,0,0.0,0,0,0.0,0,0,0
R_5FLIhP5XoFqhEa6,forward,forward,3,9,0,0.0,0,0,0.0,0,0,0.0,0,0,0.0,0,0,0.0,0,0,0.0,0,0,0.0,0,0,0.0,0,0,0.0,0,0,0
R_3MXYSJHbz9A57pL,ranking,backward,1,47,1,2.128,1,0,0.0,0,0,0.0,0,0,0.0,0,0,0.0,0,0,0.0,0,0,0.0,0,1,2.128,1,1,2.128,1,1,0
R_3MXYSJHbz9A57pL,backward,backward,1,18,0,0.0,0,0,0.0,0,0,0.0,0,0,0.0,0,0,0.0,0,0,0.0,0,0,0.0,0,0,0.0,0,0,0.0,0,0,0
R_3MXYSJHbz9A57pL,forward,forward,1,17,0,0.0,0,0,0.0,0,0,0.0,0,0,0.0,0,0,0.0,0,0,0.0,0,0,0.0,0,0,0.0,0,0,0.0,0,0,0
R_5DtppANNmBW7278,ranking,backward,1,9,1,11.111,1,0,0.0,0,0,0.0,0,0,0.0,0,0,0.0,0,0,0.0,0,0,0.0,0,0,0.0,0,0,0.0,0,1,0
R_5DtppANNmBW7278,backward,backward,1,6,0,0.0,0,0,0.0,0,0,0.0,0,0,0.0,0,0,0.0,0,0,0.0,0,0,0.0,0,0,0.0,0,0,0.0,0,0,0
R_5DtppANNmBW7278,forward,forward,1,6,0,0.0,0,0,0.0,0,0,0.0,0,0,0.0,0,0,0.0,0,0,0.0,0,0,0.0,0,0,0.0,0,1,16.667,1,0,0
R_1xTb6rv771MGVR7,ranking,backward,2,35,0,0.0,0,0,0.0,0,0,0.0,0,0,0.0,0,0,0.0,0,0,0.0,0,1,2.857,1,0,0.0,0,0,0.0,0,0,0
R_1xTb6rv771MGVR7,backward,backward,2,47,0,0.0,0,0,0.0,0,0,0.0,0,0,0.0,0,0,0.0,0,0,0.0,0,0,0.0,0,0,0.0,0,0,0.0,0,0,0
R_1xTb6rv771MGVR7,forward,forward,2,33,0,0.0,0,0,0.0,0,0,0.0,0,0,0.0,0,0,0.0,0,0,0.0,0,0,0.0,0,0,0.0,0,0,0.0,0,0,0
R_7nU5XUBeC69bXcp,ranking,backward,2,31,0,0.0,0,0,0.0,0,0,0.0,0,0,0.0,0,0,0.0,0,0,0.0,0,0,0.0,0,0,0.0,0,1,3.226,1,0,0
R_7nU5XUBeC69bXcp,backward,backward,2,11,1,9.091,1,0,0.0,0,0,0.0,0,0,0.0,0,0,0.0,0,0,0.0,0,0,0.0,0,0,0.0,0,0,0.0,0,1,0
R_7nU5XUBeC69bXcp,forward,forward,2,14,0,0.0,0,0,0.0,0,0,0.0,0,0,0.0,0,0,0.0,0,0,0.0,0,0,0.0,0,0,0.0,0,0,0.0,0,0,0
R_7OUzEipWUEblT9d,ranking,backward,3,21,0,0.0,0,0,0.0,0,0,0.0,0,0,0.0,0,0,0.0,0,0,0.0,0,0,0.0,0,0,0.0,0,0,0.0,0,0,0
R_7OUzEipWUEblT9d,backward,backward,3,20,0,0.0,0,0,0.0,0,0,0.0,0,0,0.0,0,0,0.0,0,0,0.0,0,0,0.0,0,0,0.0,0,0,0.0,0,0,0
R_7OUzEipWUEblT9d,forward,forward,3,8,0,0.0,0,0,0.0,0,0,0.0,0,0,0.0,0,0,0.0,0,0,0.0,0,0,0.0,0,0,0.0,0,0,0.0,0,0,0
R_1IauyRhlhBQQs5R,ranking,backward,1,27,0,0.0,0,0,0.0,0,0,0.0,0,0,0.0,0,0,0.0,0,0,0.0,0,0,0.0,0,0,0.0,0,0,0.0,0,0,0
R_1IauyRhlhBQQs5R,backward,backward,1,16,0,0.0,0,0,0.0,0,0,0.0,0,0,0.0,0,0,0.0,0,0,0.0,0,0,0.0,0,0,0.0,0,0,0.0,0,0,0
R_1IauyRhlhBQQs5R,forward,forward,1,34,0,0.0,0,0,0.0,0,0,0.0,0,0,0.0,0,1,2.941,1,0,0.0,0,0,0.0,0,0,0.0,0,0,0.0,0,0,1
R_3kyBr5mLK0zCPbr,ranking,backward,3,15,0,0.0,0,0,0.0,0,0,0.0,0,0,0.0,0,0,0.0,0,0,0.0,0,0,0.0,0,0,0.0,0,0,0.0,0,0,0
R_3kyBr5mLK0zCPbr,backward,backward,3,3,0,0.0,0,0,0.0,0,0,0.0,0,0,0.0,0,0,0.0,0,0,0.0,0,0,0.0,0,0,0.0,0,0,0.0,0,0,0
R_3kyBr5mLK0zCPbr,forward,forward,3,6,0,0.0,0,0,0.0,0,0,0.0,0,0,0.0,0,0,0.0,0,0,0.0,0,1,16.667,1,0,0.0,0,0,0.0,0,0,0
R_7sbULDu0EBwme79,ranking,backward,2,48,0,0.0,0,0,0.0,0,0,0.0,0,0,0.0,0,0,0.0,0,0,0.0,0,0,0.0,0,0,0.0,0,0,0.0,0,0,0
R_7sbULDu0EBwme79,backward,backward,2,29,0,0.0,0,0,0.0,0,0,0.0,0,0,0.0,0,0,0.0,0,0,0.0,0,0,0.0,0,0,0.0,0,0,0.0,0,0,0
R_7sbULDu0EBwme79,forward,forward,2,17,0,0.0,0,0,0.0,0,0,0.0,0,0,0.0,0,0,0.0,0,0,0.0,0,0,0.0,0,0,0.0,0,0,0.0,0,0,0
R_5LXHS9lxhtfKZcl,ranking,backward,2,23,1,4.348,1,0,0.0,0,0,0.0,0,0,0.0,0,0,0.0,0,0,0.0,0,0,0.0,0,1,4.348,1,0,0.0,0,1,0
R_5LXHS9lxhtfKZcl,backward,backward,2,15,0,0.0,0,0,0.0,0,0,0.0,0,0,0.0,0,0,0.0,0,0,0.0,0,0,0.0,0,0,0.0,0,0,0.0,0,0,0
R_5LXHS9lxhtfKZcl,forward,forward,2,5,0,0.0,0,0,0.0,0,0,0.0,0,0,0.0,0,0,0.0,0,1,20.0,1,0,0.0,0,0,0.0,0,0,0.0,0,0,1
R_72ScECcQ5DNZb73,ranking,backward,1,12,0,0.0,0,0,0.0,0,0,0.0,0,0,0.0,0,0,0.0,0,0,0.0,0,0,0.0,0,0,0.0,0,1,8.333,1,0,0
R_72ScECcQ5DNZb73,backward,backward,1,20,0,0.0,0,0,0.0,0,0,0.0,0,0,0.0,0,0,0.0,0,0,0.0,0,0,0.0,0,0,0.0,0,0,0.0,0,0,0
R_72ScECcQ5DNZb73,forward,forward,1,4,0,0.0,0,0,0.0,0,0,0.0,0,0,0.0,0,0,0.0,0,0,0.0,0,0,0.0,0,0,0.0,0,0,0.0,0,0,0
R_6CPTgl4hykxRYfn,ranking,backward,1,75,1,1.333,1,0,0.0,0,0,0.0,0,0,0.0,0,0,0.0,0,0,0.0,0,1,1.333,1,0,0.0,0,0,0.0,0,1,0
R_6CPTgl4hykxRYfn,backward,backward,1,32,0,0.0,0,0,0.0,0,0,0.0,0,0,0.0,0,0,0.0,0,0,0.0,0,0,0.0,0,0,0.0,0,0,0.0,0,0,0
R_6CPTgl4hykxRYfn,forward,forward,1,9,0,0.0,0,0,0.0,0,0,0.0,0,0,0.0,0,0,0.0,0,0,0.0,0,0,0.0,0,0,0.0,0,0,0.0,0,0,0
R_1tJg7215BsTWGkN,ranking,backward,2,80,1,1.25,1,0,0.0,0,0,0.0,0,0,0.0,0,0,0.0,0,0,0.0,0,1,1.25,1,0,0.0,0,1,1.25,1,1,0
R_1tJg7215BsTWGkN,backward,backward,2,54,0,0.0,0,0,0.0,0,0,0.0,0,0,0.0,0,0,0.0,0,0,0.0,0,0,0.0,0,1,1.852,1,0,0.0,0,0,0
R_1tJg7215BsTWGkN,forward,forward,2,34,1,2.941,1,0,0.0,0,0,0.0,0,0,0.0,0,0,0.0,0,0,0.0,0,0,0.0,0,0,0.0,0,0,0.0,0,1,0
R_3tJyt02ltFuLWDL,ranking,backward,2,37,1,2.703,1,0,0.0,0,0,0.0,0,0,0.0,0,0,0.0,0,0,0.0,0,0,0.0,0,0,0.0,0,0,0.0,0,1,0
R_3tJyt02ltFuLWDL,backward,backward,2,66,0,0.0,0,0,0.0,0,0,0.0,0,0,0.0,0,0,0.0,0,0,0.0,0,0,0.0,0,0,0.0,0,0,0.0,0,0,0
R_3tJyt02ltFuLWDL,forward,forward,2,22,0,0.0,0,0,0.0,0,0,0.0,0,0,0.0,0,0,0.0,0,0,0.0,0,0,0.0,0,0,0.0,0,0,0.0,0,0,0
R_1BV1YZYHlms1Uch,ranking,backward,2,13,0,0.0,0,0,0.0,0,0,0.0,0,0,0.0,0,0,0.0,0,0,0.0,0,0,0.0,0,0,0.0,0,0,0.0,0,0,0
R_1BV1YZYHlms1Uch,backward,backward,2,18,0,0.0,0,0,0.0,0,0,0.0,0,0,0.0,0,0,0.0,0,0,0.0,0,0,0.0,0,0,0.0,0,0,0.0,0,0,0
R_1BV1YZYHlms1Uch,forward,forward,2,15,0,0.0,0,0,0.0,0,0,0.0,0,0,0.0,0,0,0.0,0,0,0.0,0,0,0.0,0,0,0.0,0,1,6.667,1,0,0
R_3aLxooZf8085akS,ranking,backward,1,86,0,0.0,0,0,0.0,0,0,0.0,0,0,0.0,0,0,0.0,0,0,0.0,0,0,0.0,0,0,0.0,0,0,0.0,0,0,0
R_3aLxooZf8085akS,backward,backward,1,45,0,0.0,0,0,0.0,0,0,0.0,0,0,0.0,0,0,0.0,0,0,0.0,0,0,0.0,0,1,2.222,1,0,0.0,0,0,0
R_3aLxooZf8085akS,forward,forward,1,37,0,0.0,0,0,0.0,0,1,2.703,1,0,0.0,0,0,0.0,0,0,0.0,0,0,0.0,0,0,0.0,0,0,0.0,0,1,0
R_3y9koSebd8rWz4R,ranking,backward,3,21,0,0.0,0,0,0.0,0,0,0.0,0,0,0.0,0,0,0.0,0,0,0.0,0,0,0.0,0,0,0.0,0,1,4.762,1,0,0
R_3y9koSebd8rWz4R,backward,backward,3,30,0,0.0,0,0,0.0,0,0,0.0,0,0,0.0,0,0,0.0,0,0,0.0,0,0,0.0,0,0,0.0,0,0,0.0,0,0,0
R_3y9koSebd8rWz4R,forward,forward,3,8,0,0.0,0,0,0.0,0,0,0.0,0,0,0.0,0,0,0.0,0,0,0.0,0,0,0.0,0,0,0.0,0,0,0.0,0,0,0
R_502EAhjxbMmjHtz,ranking,backward,1,36,1,2.778,1,0,0.0,0,0,0.0,0,0,0.0,0,0,0.0,0,0,0.0,0,2,5.556,2,0,0.0,0,1,2.778,1,1,0
R_502EAhjxbMmjHtz,backward,backward,1,21,0,0.0,0,0,0.0,0,0,0.0,0,0,0.0,0,0,0.0,0,0,0.0,0,0,0.0,0,0,0.0,0,0,0.0,0,0,0
R_502EAhjxbMmjHtz,forward,forward,1,29,0,0.0,0,0,0.0,0,0,0.0,0,0,0.0,0,0,0.0,0,0,0.0,0,0,0.0,0,0,0.0,0,0,0.0,0,0,0
R_5Vc0ofnn9v4ykpz,ranking,backward,2,55,0,0.0,0,0,0.0,0,0,0.0,0,0,0.0,0,0,0.0,0,0,0.0,0,0,0.0,0,1,1.818,1,1,1.818,1,0,0
R_5Vc0ofnn9v4ykpz,backward,backward,2,29,0,0.0,0,0,0.0,0,0,0.0,0,0,0.0,0,0,0.0,0,0,0.0,0,0,0.0,0,0,0.0,0,0,0.0,0,0,0
R_5Vc0ofnn9v4ykpz,forward,forward,2,9,0,0.0,0,0,0.0,0,0,0.0,0,0,0.0,0,0,0.0,0,0,0.0,0,0,0.0,0,0,0.0,0,0,0.0,0,0,0
R_7oG76NA06dHWLqt,ranking,backward,2,37,1,2.703,1,0,0.0,0,0,0.0,0,0,0.0,0,0,0.0,0,0,0.0,0,0,0.0,0,0,0.0,0,1,2.703,1,1,0
R_7oG76NA06dHWLqt,backward,backward,2,16,0,0.0,0,0,0.0,0,0,0.0,0,0,0.0,0,0,0.0,0,0,0.0,0,0,0.0,0,0,0.0,0,0,0.0,0,0,0
R_7oG76NA06dHWLqt,forward,forward,2,6,1,16.667,1,0,0.0,0,0,0.0,0,0,0.0,0,0,0.0,0,0,0.0,0,0,0.0,0,0,0.0,0,0,0.0,0,1,0
R_577t1ULlOCljPXx,ranking,backward,3,14,0,0.0,0,0,0.0,0,0,0.0,0,0,0.0,0,0,0.0,0,0,0.0,0,0,0.0,0,0,0.0,0,0,0.0,0,0,0
R_577t1ULlOCljPXx,backward,backward,3,16,0,0.0,0,0,0.0,0,0,0.0,0,0,0.0,0,0,0.0,0,0,0.0,0,0,0.0,0,0,0.0,0,0,0.0,0,0,0
R_577t1ULlOCljPXx,forward,forward,3,7,0,0.0,0,0,0.0,0,1,14.286,1,0,0.0,0,0,0.0,0,0,0.0,0,0,0.0,0,0,0.0,0,0,0.0,0,1,0
R_7DD7Jxm1VL663Pr,ranking,backward,3,53,0,0.0,0,0,0.0,0,0,0.0,0,0,0.0,0,0,0.0,0,0,0.0,0,0,0.0,0,0,0.0,0,1,1.887,1,0,0
R_7DD7Jxm1VL663Pr,backward,backward,3,25,0,0.0,0,0,0.0,0,0,0.0,0,0,0.0,0,0,0.0,0,0,0.0,0,0,0.0,0,0,0.0,0,0,0.0,0,0,0
R_7DD7Jxm1VL663Pr,forward,forward,3,12,0,0.0,0,0,0.0,0,0,0.0,0,0,0.0,0,0,0.0,0,0,0.0,0,0,0.0,0,0,0.0,0,0,0.0,0,0,0
R_6fkjNwtzRDbmIAh,ranking,backward,2,32,0,0.0,0,0,0.0,0,0,0.0,0,0,0.0,0,0,0.0,0,0,0.0,0,0,0.0,0,0,0.0,0,0,0.0,0,0,0
R_6fkjNwtzRDbmIAh,backward,backward,2,12,0,0.0,0,0,0.0,0,0,0.0,0,0,0.0,0,0,0.0,0,0,0.0,0,0,0.0,0,0,0.0,0,0,0.0,0,0,0
R_6fkjNwtzRDbmIAh,forward,forward,2,8,0,0.0,0,0,0.0,0,0,0.0,0,0,0.0,0,0,0.0,0,0,0.0,0,0,0.0,0,0,0.0,0,0,0.0,0,0,0
R_6kGjiXvbwpdSBXP,ranking,backward,3,32,0,0.0,0,0,0.0,0,0,0.0,0,0,0.0,0,0,0.0,0,0,0.0,0,0,0.0,0,1,3.125,1,0,0.0,0,0,0
R_6kGjiXvbwpdSBXP,backward,backward,3,21,0,0.0,0,0,0.0,0,0,0.0,0,0,0.0,0,0,0.0,0,0,0.0,0,0,0.0,0,0,0.0,0,0,0.0,0,0,0
R_6kGjiXvbwpdSBXP,forward,forward,3,12,0,0.0,0,0,0.0,0,1,8.333,1,0,0.0,0,0,0.0,0,0,0.0,0,0,0.0,0,0,0.0,0,0,0.0,0,1,0
R_54scDevtfBoh2F3,ranking,backward,3,36,0,0.0,0,0,0.0,0,1,2.778,1,0,0.0,0,0,0.0,0,0,0.0,0,0,0.0,0,0,0.0,0,0,0.0,0,1,0
R_54scDevtfBoh2F3,backward,backward,3,19,0,0.0,0,0,0.0,0,0,0.0,0,0,0.0,0,0,0.0,0,0,0.0,0,0,0.0,0,0,0.0,0,0,0.0,0,0,0
R_54scDevtfBoh2F3,forward,forward,3,5,0,0.0,0,0,0.0,0,0,0.0,0,0,0.0,0,0,0.0,0,0,0.0,0,0,0.0,0,0,0.0,0,1,20.0,1,0,0
R_5azZQ4kndnd9UrI,ranking,backward,3,30,0,0.0,0,0,0.0,0,0,0.0,0,0,0.0,0,0,0.0,0,0,0.0,0,1,3.333,1,0,0.0,0,0,0.0,0,0,0
R_5azZQ4kndnd9UrI,backward,backward,3,12,0,0.0,0,0,0.0,0,0,0.0,0,0,0.0,0,0,0.0,0,0,0.0,0,0,0.0,0,0,0.0,0,0,0.0,0,0,0
R_5azZQ4kndnd9UrI,forward,forward,3,3,0,0.0,0,0,0.0,0,0,0.0,0,0,0.0,0,0,0.0,0,0,0.0,0,0,0.0,0,0,0.0,0,0,0.0,0,0,0
R_6BtOo5kJrill7Z7,ranking,backward,1,53,1,1.887,1,0,0.0,0,0,0.0,0,0,0.0,0,0,0.0,0,0,0.0,0,0,0.0,0,0,0.0,0,1,1.887,1,1,0
R_6BtOo5kJrill7Z7,backward,backward,1,17,0,0.0,0,0,0.0,0,0,0.0,0,0,0.0,0,0,0.0,0,0,0.0,0,0,0.0,0,0,0.0,0,0,0.0,0,0,0
R_6BtOo5kJrill7Z7,forward,forward,1,12,1,8.333,1,0,0.0,0,0,0.0,0,0,0.0,0,0,0.0,0,0,0.0,0,0,0.0,0,0,0.0,0,0,0.0,0,1,0
R_5TAxmPxoznubxBZ,ranking,backward,2,28,1,3.571,1,0,0.0,0,0,0.0,0,0,0.0,0,0,0.0,0,0,0.0,0,0,0.0,0,0,0.0,0,1,3.571,1,1,0
R_5TAxmPxoznubxBZ,backward,backward,2,4,0,0.0,0,0,0.0,0,0,0.0,0,0,0.0,0,0,0.0,0,0,0.0,0,0,0.0,0,0,0.0,0,0,0.0,0,0,0
R_5TAxmPxoznubxBZ,forward,forward,2,8,0,0.0,0,0,0.0,0,0,0.0,0,0,0.0,0,0,0.0,0,0,0.0,0,0,0.0,0,0,0.0,0,0,0.0,0,0,0
R_3anPOAPN5wmEA41,ranking,backward,3,21,0,0.0,0,0,0.0,0,0,0.0,0,0,0.0,0,0,0.0,0,0,0.0,0,0,0.0,0,0,0.0,0,1,4.762,1,0,0
R_3anPOAPN5wmEA41,backward,backward,3,16,1,6.25,1,0,0.0,0,0,0.0,0,0,0.0,0,0,0.0,0,0,0.0,0,0,0.0,0,0,0.0,0,0,0.0,0,1,0
R_3anPOAPN5wmEA41,forward,forward,3,9,0,0.0,0,0,0.0,0,0,0.0,0,0,0.0,0,0,0.0,0,0,0.0,0,0,0.0,0,0,0.0,0,0,0.0,0,0,0
R_14w95b8s7ilcBi1,ranking,backward,3,67,0,0.0,0,0,0.0,0,0,0.0,0,0,0.0,0,0,0.0,0,0,0.0,0,2,2.985,2,1,1.493,1,0,0.0,0,0,0
R_14w95b8s7ilcBi1,backward,backward,3,13,0,0.0,0,0,0.0,0,0,0.0,0,0,0.0,0,0,0.0,0,0,0.0,0,0,0.0,0,0,0.0,0,0,0.0,0,0,0
R_14w95b8s7ilcBi1,forward,forward,3,14,0,0.0,0,0,0.0,0,0,0.0,0,0,0.0,0,0,0.0,0,0,0.0,0,0,0.0,0,0,0.0,0,0,0.0,0,0,0
R_6eLWRHcwfE9IjNd,ranking,backward,1,108,1,0.926,1,0,0.0,0,0,0.0,0,0,0.0,0,0,0.0,0,0,0.0,0,2,1.852,2,1,0.926,1,1,0.926,1,1,0
R_6eLWRHcwfE9IjNd,backward,backward,1,47,0,0.0,0,0,0.0,0,0,0.0,0,0,0.0,0,0,0.0,0,0,0.0,0,0,0.0,0,0,0.0,0,0,0.0,0,0,0
R_6eLWRHcwfE9IjNd,forward,forward,1,41,0,0.0,0,0,0.0,0,0,0.0,0,0,0.0,0,0,0.0,0,0,0.0,0,1,2.439,1,0,0.0,0,0,0.0,0,0,0
R_71afjFZcmOr3R3H,ranking,backward,1,21,0,0.0,0,0,0.0,0,0,0.0,0,0,0.0,0,0,0.0,0,0,0.0,0,0,0.0,0,0,0.0,0,1,4.762,1,0,0
R_71afjFZcmOr3R3H,backward,backward,1,20,0,0.0,0,0,0.0,0,0,0.0,0,0,0.0,0,0,0.0,0,0,0.0,0,0,0.0,0,0,0.0,0,0,0.0,0,0,0
R_71afjFZcmOr3R3H,forward,forward,1,18,0,0.0,0,0,0.0,0,0,0.0,0,0,0.0,0,0,0.0,0,0,0.0,0,0,0.0,0,0,0.0,0,0,0.0,0,0,0
R_7aZakPLJqnPScUN,ranking,backward,1,50,0,0.0,0,0,0.0,0,0,0.0,0,0,0.0,0,0,0.0,0,0,0.0,0,0,0.0,0,0,0.0,0,1,2.0,1,0,0
R_7aZakPLJqnPScUN,backward,backward,1,15,0,0.0,0,0,0.0,0,0,0.0,0,0,0.0,0,0,0.0,0,0,0.0,0,0,0.0,0,0,0.0,0,0,0.0,0,0,0
R_7aZakPLJqnPScUN,forward,forward,1,5,0,0.0,0,0,0.0,0,0,0.0,0,0,0.0,0,0,0.0,0,0,0.0,0,0,0.0,0,0,0.0,0,0,0.0,0,0,0
R_3s4RB67ZHBRWDMR,ranking,backward,3,82,1,1.22,1,0,0.0,0,0,0.0,0,0,0.0,0,0,0.0,0,0,0.0,0,1,1.22,1,1,1.22,1,0,0.0,0,1,0
R_3s4RB67ZHBRWDMR,backward,backward,3,37,0,0.0,0,0,0.0,0,0,0.0,0,0,0.0,0,0,0.0,0,0,0.0,0,0,0.0,0,0,0.0,0,0,0.0,0,0,0
R_3s4RB67ZHBRWDMR,forward,forward,3,24,0,0.0,0,0,0.0,0,0,0.0,0,0,0.0,0,0,0.0,0,0,0.0,0,0,0.0,0,1,4.167,1,0,0.0,0,0,0
R_7EFvezEwITifStC,ranking,backward,1,39,0,0.0,0,0,0.0,0,0,0.0,0,0,0.0,0,0,0.0,0,0,0.0,0,1,2.564,1,0,0.0,0,1,2.564,1,0,0
R_7EFvezEwITifStC,backward,backward,1,19,0,0.0,0,0,0.0,0,0,0.0,0,0,0.0,0,0,0.0,0,0,0.0,0,0,0.0,0,0,0.0,0,0,0.0,0,0,0
R_7EFvezEwITifStC,forward,forward,1,15,0,0.0,0,0,0.0,0,0,0.0,0,0,0.0,0,0,0.0,0,0,0.0,0,0,0.0,0,0,0.0,0,1,6.667,1,0,0
R_1qaEfpZtec1EHYD,ranking,backward,1,79,2,2.532,2,0,0.0,0,0,0.0,0,0,0.0,0,0,0.0,0,0,0.0,0,0,0.0,0,1,1.266,1,1,1.266,1,1,0
R_1qaEfpZtec1EHYD,backward,backward,1,42,1,2.381,1,0,0.0,0,0,0.0,0,0,0.0,0,0,0.0,0,0,0.0,0,0,0.0,0,0,0.0,0,0,0.0,0,1,0
R_1qaEfpZtec1EHYD,forward,forward,1,17,0,0.0,0,0,0.0,0,0,0.0,0,0,0.0,0,0,0.0,0,0,0.0,0,0,0.0,0,0,0.0,0,0,0.0,0,0,0
R_7geis1uzZkyBCcJ,ranking,backward,1,33,0,0.0,0,0,0.0,0,0,0.0,0,0,0.0,0,0,0.0,0,0,0.0,0,0,0.0,0,1,3.03,1,1,3.03,1,0,0
R_7geis1uzZkyBCcJ,backward,backward,1,27,1,3.704,1,0,0.0,0,0,0.0,0,0,0.0,0,0,0.0,0,1,3.704,1,0,0.0,0,0,0.0,0,0,0.0,0,1,1
R_7geis1uzZkyBCcJ,forward,forward,1,10,0,0.0,0,0,0.0,0,0,0.0,0,0,0.0,0,0,0.0,0,0,0.0,0,0,0.0,0,0,0.0,0,0,0.0,0,0,0
R_5YDEnoUn8tnTDLd,ranking,backward,3,46,0,0.0,0,0,0.0,0,0,0.0,0,0,0.0,0,0,0.0,0,0,0.0,0,1,2.174,1,0,0.0,0,1,2.174,1,0,0
R_5YDEnoUn8tnTDLd,backward,backward,3,13,0,0.0,0,0,0.0,0,0,0.0,0,0,0.0,0,0,0.0,0,0,0.0,0,0,0.0,0,0,0.0,0,0,0.0,0,0,0
R_5YDEnoUn8tnTDLd,forward,forward,3,8,0,0.0,0,0,0.0,0,0,0.0,0,0,0.0,0,0,0.0,0,0,0.0,0,0,0.0,0,0,0.0,0,0,0.0,0,0,0
R_7aeG5hlsH3ze7re,ranking,backward,1,99,0,0.0,0,0,0.0,0,0,0.0,0,0,0.0,0,0,0.0,0,0,0.0,0,0,0.0,0,1,1.01,1,1,1.01,1,0,0
R_7aeG5hlsH3ze7re,backward,backward,1,45,0,0.0,0,0,0.0,0,0,0.0,0,0,0.0,0,0,0.0,0,1,2.222,1,0,0.0,0,0,0.0,0,0,0.0,0,0,1
R_7aeG5hlsH3ze7re,forward,forward,1,36,0,0.0,0,0,0.0,0,0,0.0,0,0,0.0,0,0,0.0,0,0,0.0,0,0,0.0,0,0,0.0,0,1,2.778,1,0,0
R_76dwF3nMDfpOYMx,ranking,backward,1,18,0,0.0,0,0,0.0,0,0,0.0,0,0,0.0,0,0,0.0,0,0,0.0,0,0,0.0,0,0,0.0,0,0,0.0,0,0,0
R_76dwF3nMDfpOYMx,backward,backward,1,9,0,0.0,0,0,0.0,0,0,0.0,0,0,0.0,0,0,0.0,0,0,0.0,0,0,0.0,0,0,0.0,0,0,0.0,0,0,0
R_76dwF3nMDfpOYMx,forward,forward,1,1,0,0.0,0,0,0.0,0,0,0.0,0,0,0.0,0,0,0.0,0,0,0.0,0,0,0.0,0,0,0.0,0,0,0.0,0,0,0
R_7OprbWkg076P5Nj,ranking,backward,3,101,1,0.99,1,0,0.0,0,0,0.0,0,0,0.0,0,0,0.0,0,0,0.0,0,1,0.99,1,0,0.0,0,1,0.99,1,1,0
R_7OprbWkg076P5Nj,backward,backward,3,38,1,2.632,1,0,0.0,0,0,0.0,0,0,0.0,0,0,0.0,0,0,0.0,0,0,0.0,0,0,0.0,0,0,0.0,0,1,0
R_7OprbWkg076P5Nj,forward,forward,3,31,1,3.226,1,0,0.0,0,0,0.0,0,0,0.0,0,0,0.0,0,0,0.0,0,0,0.0,0,0,0.0,0,1,3.226,1,1,0
R_3GuCB6KW44SNx73,ranking,backward,1,21,1,4.762,1,0,0.0,0,0,0.0,0,0,0.0,0,0,0.0,0,0,0.0,0,0,0.0,0,0,0.0,0,1,4.762,1,1,0
R_3GuCB6KW44SNx73,backward,backward,1,21,1,4.762,1,0,0.0,0,0,0.0,0,0,0.0,0,0,0.0,0,0,0.0,0,0,0.0,0,0,0.0,0,0,0.0,0,1,0
R_3GuCB6KW44SNx73,forward,forward,1,27,0,0.0,0,0,0.0,0,0,0.0,0,0,0.0,0,0,0.0,0,0,0.0,0,0,0.0,0,0,0.0,0,0,0.0,0,0,0
R_7IWWpodn5tTXZfY,ranking,backward,1,65,1,1.538,1,0,0.0,0,0,0.0,0,0,0.0,0,0,0.0,0,0,0.0,0,0,0.0,0,0,0.0,0,1,1.538,1,1,0
R_7IWWpodn5tTXZfY,backward,backward,1,19,1,5.263,1,0,0.0,0,0,0.0,0,0,0.0,0,0,0.0,0,0,0.0,0,0,0.0,0,0,0.0,0,0,0.0,0,1,0
R_7IWWpodn5tTXZfY,forward,forward,1,13,0,0.0,0,0,0.0,0,0,0.0,0,0,0.0,0,0,0.0,0,0,0.0,0,0,0.0,0,0,0.0,0,0,0.0,0,0,0
R_7d0lWiZeWt48zaK,ranking,backward,3,68,1,1.471,1,0,0.0,0,0,0.0,0,0,0.0,0,0,0.0,0,0,0.0,0,1,1.471,1,1,1.471,1,1,1.471,1,1,0
R_7d0lWiZeWt48zaK,backward,backward,3,10,0,0.0,0,0,0.0,0,0,0.0,0,0,0.0,0,0,0.0,0,0,0.0,0,0,0.0,0,0,0.0,0,0,0.0,0,0,0
R_7d0lWiZeWt48zaK,forward,forward,3,16,0,0.0,0,0,0.0,0,0,0.0,0,0,0.0,0,0,0.0,0,0,0.0,0,0,0.0,0,0,0.0,0,0,0.0,0,0,0
R_57PEouWuChNy9W1,ranking,backward,2,61,0,0.0,0,0,0.0,0,0,0.0,0,0,0.0,0,0,0.0,0,0,0.0,0,1,1.639,1,0,0.0,0,1,1.639,1,0,0
R_57PEouWuChNy9W1,backward,backward,2,34,0,0.0,0,0,0.0,0,0,0.0,0,0,0.0,0,0,0.0,0,0,0.0,0,0,0.0,0,0,0.0,0,0,0.0,0,0,0
R_57PEouWuChNy9W1,forward,forward,2,12,0,0.0,0,0,0.0,0,0,0.0,0,0,0.0,0,0,0.0,0,0,0.0,0,0,0.0,0,0,0.0,0,0,0.0,0,0,0
R_3gSICIiGeQ8DCjN,ranking,backward,3,146,1,0.685,1,0,0.0,0,0,0.0,0,0,0.0,0,0,0.0,0,0,0.0,0,0,0.0,0,1,0.685,1,1,0.685,1,1,0
R_3gSICIiGeQ8DCjN,backward,backward,3,35,1,2.857,1,0,0.0,0,0,0.0,0,0,0.0,0,0,0.0,0,0,0.0,0,0,0.0,0,0,0.0,0,0,0.0,0,1,0
R_3gSICIiGeQ8DCjN,forward,forward,3,38,0,0.0,0,0,0.0,0,0,0.0,0,0,0.0,0,0,0.0,0,0,0.0,0,0,0.0,0,0,0.0,0,0,0.0,0,0,0
R_7LOw73SxMUa7ece,ranking,backward,1,5,0,0.0,0,0,0.0,0,0,0.0,0,0,0.0,0,0,0.0,0,0,0.0,0,0,0.0,0,0,0.0,0,0,0.0,0,0,0
R_7LOw73SxMUa7ece,backward,backward,1,2,1,50.0,1,0,0.0,0,0,0.0,0,0,0.0,0,0,0.0,0,0,0.0,0,0,0.0,0,0,0.0,0,0,0.0,0,1,0
R_7LOw73SxMUa7ece,forward,forward,1,5,0,0.0,0,0,0.0,0,0,0.0,0,0,0.0,0,0,0.0,0,0,0.0,0,0,0.0,0,0,0.0,0,0,0.0,0,0,0
R_8iliDBiZmWP9a78,ranking,backward,2,6,0,0.0,0,0,0.0,0,0,0.0,0,0,0.0,0,0,0.0,0,0,0.0,0,0,0.0,0,0,0.0,0,1,16.667,1,0,0
R_8iliDBiZmWP9a78,backward,backward,2,12,1,8.333,1,0,0.0,0,0,0.0,0,0,0.0,0,0,0.0,0,0,0.0,0,0,0.0,0,0,0.0,0,0,0.0,0,1,0
R_8iliDBiZmWP9a78,forward,forward,2,1,0,0.0,0,0,0.0,0,0,0.0,0,0,0.0,0,0,0.0,0,0,0.0,0,0,0.0,0,0,0.0,0,0,0.0,0,0,0
R_5pzIElLBxKDM80v,ranking,backward,1,71,0,0.0,0,0,0.0,0,0,0.0,0,0,0.0,0,0,0.0,0,0,0.0,0,0,0.0,0,0,0.0,0,1,1.408,1,0,0
R_5pzIElLBxKDM80v,backward,backward,1,23,2,8.696,2,0,0.0,0,0,0.0,0,0,0.0,0,0,0.0,0,0,0.0,0,0,0.0,0,0,0.0,0,0,0.0,0,1,0
R_5pzIElLBxKDM80v,forward,forward,1,47,0,0.0,0,1,2.128,1,0,0.0,0,0,0.0,0,0,0.0,0,0,0.0,0,0,0.0,0,0,0.0,0,0,0.0,0,1,0
R_5Dunkf4MBZdefZJ,ranking,backward,3,29,0,0.0,0,0,0.0,0,0,0.0,0,0,0.0,0,0,0.0,0,0,0.0,0,1,3.448,1,0,0.0,0,0,0.0,0,0,0
R_5Dunkf4MBZdefZJ,backward,backward,3,15,0,0.0,0,0,0.0,0,0,0.0,0,0,0.0,0,0,0.0,0,0,0.0,0,0,0.0,0,0,0.0,0,0,0.0,0,0,0
R_5Dunkf4MBZdefZJ,forward,forward,3,8,0,0.0,0,0,0.0,0,0,0.0,0,1,12.5,1,0,0.0,0,0,0.0,0,0,0.0,0,0,0.0,0,0,0.0,0,1,0
R_6Lqhu4uQOafg0Oh,ranking,backward,3,20,1,5.0,1,0,0.0,0,0,0.0,0,0,0.0,0,0,0.0,0,0,0.0,0,0,0.0,0,0,0.0,0,0,0.0,0,1,0
R_6Lqhu4uQOafg0Oh,backward,backward,3,12,0,0.0,0,0,0.0,0,0,0.0,0,0,0.0,0,0,0.0,0,0,0.0,0,0,0.0,0,0,0.0,0,0,0.0,0,0,0
R_6Lqhu4uQOafg0Oh,forward,forward,3,13,0,0.0,0,0,0.0,0,0,0.0,0,0,0.0,0,0,0.0,0,0,0.0,0,0,0.0,0,1,7.692,1,0,0.0,0,0,0
R_7pFm6JRPJei143Z,ranking,backward,1,24,0,0.0,0,0,0.0,0,0,0.0,0,0,0.0,0,0,0.0,0,0,0.0,0,1,4.167,1,0,0.0,0,0,0.0,0,0,0
R_7pFm6JRPJei143Z,backward,backward,1,35,0,0.0,0,0,0.0,0,0,0.0,0,0,0.0,0,0,0.0,0,0,0.0,0,0,0.0,0,0,0.0,0,0,0.0,0,0,0
R_7pFm6JRPJei143Z,forward,forward,1,24,0,0.0,0,0,0.0,0,0,0.0,0,0,0.0,0,0,0.0,0,0,0.0,0,0,0.0,0,0,0.0,0,0,0.0,0,0,0
R_7K7Qifu4l8btus8,ranking,backward,2,46,0,0.0,0,0,0.0,0,0,0.0,0,0,0.0,0,0,0.0,0,0,0.0,0,1,2.174,1,0,0.0,0,0,0.0,0,0,0
R_7K7Qifu4l8btus8,backward,backward,2,30,0,0.0,0,0,0.0,0,0,0.0,0,0,0.0,0,0,0.0,0,0,0.0,0,0,0.0,0,0,0.0,0,0,0.0,0,0,0
R_7K7Qifu4l8btus8,forward,forward,2,8,0,0.0,0,0,0.0,0,0,0.0,0,0,0.0,0,0,0.0,0,0,0.0,0,0,0.0,0,0,0.0,0,0,0.0,0,0,0
R_7jcZj5K7zNVVLdr,ranking,backward,2,12,1,8.333,1,0,0.0,0,0,0.0,0,0,0.0,0,0,0.0,0,0,0.0,0,0,0.0,0,1,8.333,1,0,0.0,0,1,0
R_7jcZj5K7zNVVLdr,backward,backward,2,17,1,5.882,1,0,0.0,0,0,0.0,0,0,0.0,0,0,0.0,0,0,0.0,0,0,0.0,0,0,0.0,0,0,0.0,0,1,0
R_7jcZj5K7zNVVLdr,forward,forward,2,7,1,14.286,1,0,0.0,0,0,0.0,0,0,0.0,0,0,0.0,0,0,0.0,0,0,0.0,0,0,0.0,0,0,0.0,0,1,0
R_3CTrCfiDTZ0KTb6,ranking,backward,2,24,0,0.0,0,0,0.0,0,0,0.0,0,0,0.0,0,0,0.0,0,0,0.0,0,0,0.0,0,0,0.0,0,1,4.167,1,0,0
R_3CTrCfiDTZ0KTb6,backward,backward,2,10,0,0.0,0,0,0.0,0,0,0.0,0,0,0.0,0,0,0.0,0,0,0.0,0,0,0.0,0,0,0.0,0,0,0.0,0,0,0
R_3CTrCfiDTZ0KTb6,forward,forward,2,14,0,0.0,0,0,0.0,0,0,0.0,0,0,0.0,0,0,0.0,0,0,0.0,0,0,0.0,0,0,0.0,0,0,0.0,0,0,0
R_3DpecRwPmNbdBvi,ranking,backward,1,60,0,0.0,0,0,0.0,0,0,0.0,0,0,0.0,0,0,0.0,0,0,0.0,0,1,1.667,1,0,0.0,0,0,0.0,0,0,0
R_3DpecRwPmNbdBvi,backward,backward,1,31,1,3.226,1,0,0.0,0,0,0.0,0,0,0.0,0,0,0.0,0,0,0.0,0,0,0.0,0,1,3.226,1,0,0.0,0,1,0
R_3DpecRwPmNbdBvi,forward,forward,1,22,0,0.0,0,0,0.0,0,0,0.0,0,0,0.0,0,0,0.0,0,0,0.0,0,0,0.0,0,0,0.0,0,0,0.0,0,0,0
R_5rqCE53FNqEGFks,ranking,backward,1,39,0,0.0,0,0,0.0,0,0,0.0,0,0,0.0,0,0,0.0,0,0,0.0,0,0,0.0,0,1,2.564,1,1,2.564,1,0,0
R_5rqCE53FNqEGFks,backward,backward,1,47,0,0.0,0,0,0.0,0,0,0.0,0,0,0.0,0,0,0.0,0,0,0.0,0,0,0.0,0,0,0.0,0,0,0.0,0,0,0
R_5rqCE53FNqEGFks,forward,forward,1,17,1,5.882,1,0,0.0,0,0,0.0,0,0,0.0,0,0,0.0,0,0,0.0,0,0,0.0,0,0,0.0,0,0,0.0,0,1,0
R_6RqlKmqaWSITzdn,ranking,backward,3,10,0,0.0,0,0,0.0,0,0,0.0,0,0,0.0,0,0,0.0,0,0,0.0,0,0,0.0,0,0,0.0,0,0,0.0,0,0,0
R_6RqlKmqaWSITzdn,backward,backward,3,4,0,0.0,0,0,0.0,0,0,0.0,0,0,0.0,0,0,0.0,0,0,0.0,0,0,0.0,0,0,0.0,0,0,0.0,0,0,0
R_6RqlKmqaWSITzdn,forward,forward,3,9,0,0.0,0,0,0.0,0,0,0.0,0,0,0.0,0,0,0.0,0,0,0.0,0,0,0.0,0,0,0.0,0,0,0.0,0,0,0
R_5RAeMOEQAX6bEWZ,ranking,backward,3,54,1,1.852,1,0,0.0,0,0,0.0,0,0,0.0,0,0,0.0,0,0,0.0,0,1,1.852,1,1,1.852,1,1,1.852,1,1,0
R_5RAeMOEQAX6bEWZ,backward,backward,3,35,0,0.0,0,0,0.0,0,0,0.0,0,0,0.0,0,0,0.0,0,0,0.0,0,0,0.0,0,0,0.0,0,0,0.0,0,0,0
R_5RAeMOEQAX6bEWZ,forward,forward,3,25,0,0.0,0,0,0.0,0,0,0.0,0,0,0.0,0,0,0.0,0,0,0.0,0,0,0.0,0,0,0.0,0,0,0.0,0,0,0
R_7fcUviD4M0slaVp,ranking,backward,2,30,0,0.0,0,0,0.0,0,0,0.0,0,0,0.0,0,0,0.0,0,0,0.0,0,1,3.333,1,0,0.0,0,1,3.333,1,0,0
R_7fcUviD4M0slaVp,backward,backward,2,10,1,10.0,1,0,0.0,0,0,0.0,0,0,0.0,0,0,0.0,0,0,0.0,0,0,0.0,0,0,0.0,0,0,0.0,0,1,0
R_7fcUviD4M0slaVp,forward,forward,2,11,0,0.0,0,0,0.0,0,0,0.0,0,0,0.0,0,0,0.0,0,0,0.0,0,1,9.091,1,0,0.0,0,0,0.0,0,0,0
R_6pncnKiJGyR3l38,ranking,backward,2,24,0,0.0,0,0,0.0,0,0,0.0,0,0,0.0,0,0,0.0,0,0,0.0,0,1,4.167,1,0,0.0,0,1,4.167,1,0,0
R_6pncnKiJGyR3l38,backward,backward,2,14,1,7.143,1,0,0.0,0,0,0.0,0,0,0.0,0,0,0.0,0,0,0.0,0,0,0.0,0,0,0.0,0,0,0.0,0,1,0
R_6pncnKiJGyR3l38,forward,forward,2,13,0,0.0,0,0,0.0,0,0,0.0,0,0,0.0,0,0,0.0,0,0,0.0,0,1,7.692,1,0,0.0,0,0,0.0,0,0,0
R_3ISOqSenuNi7Jql,ranking,backward,3,13,0,0.0,0,0,0.0,0,0,0.0,0,0,0.0,0,0,0.0,0,0,0.0,0,0,0.0,0,0,0.0,0,1,7.692,1,0,0
R_3ISOqSenuNi7Jql,backward,backward,3,7,0,0.0,0,0,0.0,0,0,0.0,0,0,0.0,0,0,0.0,0,0,0.0,0,0,0.0,0,0,0.0,0,0,0.0,0,0,0
R_3ISOqSenuNi7Jql,forward,forward,3,9,0,0.0,0,0,0.0,0,0,0.0,0,0,0.0,0,0,0.0,0,0,0.0,0,0,0.0,0,0,0.0,0,0,0.0,0,0,0
R_6R1RKoda26zrvKZ,ranking,backward,2,63,0,0.0,0,0,0.0,0,0,0.0,0,0,0.0,0,0,0.0,0,0,0.0,0,0,0.0,0,0,0.0,0,0,0.0,0,0,0
R_6R1RKoda26zrvKZ,backward,backward,2,70,0,0.0,0,0,0.0,0,0,0.0,0,0,0.0,0,0,0.0,0,0,0.0,0,0,0.0,0,0,0.0,0,0,0.0,0,0,0
R_6R1RKoda26zrvKZ,forward,forward,2,48,0,0.0,0,0,0.0,0,0,0.0,0,0,0.0,0,0,0.0,0,0,0.0,0,0,0.0,0,0,0.0,0,0,0.0,0,0,0
R_7eDAMJG6SmKplmH,ranking,backward,2,22,0,0.0,0,0,0.0,0,0,0.0,0,0,0.0,0,0,0.0,0,0,0.0,0,0,0.0,0,0,0.0,0,0,0.0,0,0,0
R_7eDAMJG6SmKplmH,backward,backward,2,20,0,0.0,0,0,0.0,0,0,0.0,0,0,0.0,0,0,0.0,0,0,0.0,0,0,0.0,0,0,0.0,0,0,0.0,0,0,0
R_7eDAMJG6SmKplmH,forward,forward,2,19,1,5.263,1,0,0.0,0,0,0.0,0,0,0.0,0,0,0.0,0,0,0.0,0,0,0.0,0,0,0.0,0,0,0.0,0,1,0
R_3s5FKEL4pdLyLSh,ranking,backward,2,31,0,0.0,0,0,0.0,0,0,0.0,0,0,0.0,0,0,0.0,0,0,0.0,0,1,3.226,1,0,0.0,0,1,3.226,1,0,0
R_3s5FKEL4pdLyLSh,backward,backward,2,22,0,0.0,0,0,0.0,0,0,0.0,0,0,0.0,0,0,0.0,0,0,0.0,0,0,0.0,0,0,0.0,0,0,0.0,0,0,0
R_3s5FKEL4pdLyLSh,forward,forward,2,14,0,0.0,0,0,0.0,0,0,0.0,0,0,0.0,0,0,0.0,0,0,0.0,0,0,0.0,0,0,0.0,0,0,0.0,0,0,0
R_317JU9az7WjAE8s,ranking,backward,1,30,0,0.0,0,0,0.0,0,0,0.0,0,0,0.0,0,0,0.0,0,0,0.0,0,0,0.0,0,0,0.0,0,0,0.0,0,0,0
R_317JU9az7WjAE8s,backward,backward,1,24,0,0.0,0,0,0.0,0,0,0.0,0,0,0.0,0,0,0.0,0,0,0.0,0,0,0.0,0,0,0.0,0,0,0.0,0,0,0
R_317JU9az7WjAE8s,forward,forward,1,30,0,0.0,0,1,3.333,1,0,0.0,0,0,0.0,0,0,0.0,0,0,0.0,0,0,0.0,0,0,0.0,0,0,0.0,0,1,0
R_7VwHCbU6n3Ip4Ye,ranking,backward,3,49,0,0.0,0,0,0.0,0,0,0.0,0,0,0.0,0,0,0.0,0,0,0.0,0,1,2.041,1,2,4.082,2,0,0.0,0,0,0
R_7VwHCbU6n3Ip4Ye,backward,backward,3,17,0,0.0,0,0,0.0,0,0,0.0,0,0,0.0,0,0,0.0,0,0,0.0,0,0,0.0,0,0,0.0,0,0,0.0,0,0,0
R_7VwHCbU6n3Ip4Ye,forward,forward,3,12,0,0.0,0,0,0.0,0,0,0.0,0,0,0.0,0,0,0.0,0,0,0.0,0,0,0.0,0,0,0.0,0,0,0.0,0,0,0
R_5EJWGcNSUWxOwui,ranking,backward,3,58,0,0.0,0,0,0.0,0,0,0.0,0,0,0.0,0,0,0.0,0,0,0.0,0,1,1.724,1,0,0.0,0,0,0.0,0,0,0
R_5EJWGcNSUWxOwui,backward,backward,3,32,0,0.0,0,0,0.0,0,0,0.0,0,0,0.0,0,0,0.0,0,0,0.0,0,0,0.0,0,0,0.0,0,0,0.0,0,0,0
R_5EJWGcNSUWxOwui,forward,forward,3,8,0,0.0,0,0,0.0,0,0,0.0,0,0,0.0,0,0,0.0,0,0,0.0,0,0,0.0,0,0,0.0,0,0,0.0,0,0,0
R_11YifmNJShbcVde,ranking,backward,2,61,0,0.0,0,0,0.0,0,0,0.0,0,0,0.0,0,0,0.0,0,0,0.0,0,1,1.639,1,1,1.639,1,0,0.0,0,0,0
R_11YifmNJShbcVde,backward,backward,2,40,0,0.0,0,0,0.0,0,0,0.0,0,0,0.0,0,0,0.0,0,0,0.0,0,0,0.0,0,0,0.0,0,0,0.0,0,0,0
R_11YifmNJShbcVde,forward,forward,2,16,0,0.0,0,0,0.0,0,0,0.0,0,0,0.0,0,0,0.0,0,0,0.0,0,0,0.0,0,0,0.0,0,0,0.0,0,0,0
R_7z8Rld1QcyO9lrr,ranking,backward,1,29,0,0.0,0,0,0.0,0,0,0.0,0,0,0.0,0,0,0.0,0,0,0.0,0,0,0.0,0,1,3.448,1,0,0.0,0,0,0
R_7z8Rld1QcyO9lrr,backward,backward,1,20,1,5.0,1,0,0.0,0,0,0.0,0,0,0.0,0,0,0.0,0,0,0.0,0,0,0.0,0,0,0.0,0,0,0.0,0,1,0
R_7z8Rld1QcyO9lrr,forward,forward,1,13,0,0.0,0,0,0.0,0,1,7.692,1,0,0.0,0,0,0.0,0,0,0.0,0,0,0.0,0,0,0.0,0,0,0.0,0,1,0
R_5OJCo41k43Uvs6Y,ranking,backward,3,50,0,0.0,0,0,0.0,0,0,0.0,0,0,0.0,0,0,0.0,0,1,2.0,1,0,0.0,0,0,0.0,0,1,2.0,1,0,1
R_5OJCo41k43Uvs6Y,backward,backward,3,9,0,0.0,0,0,0.0,0,0,0.0,0,0,0.0,0,0,0.0,0,0,0.0,0,0,0.0,0,0,0.0,0,0,0.0,0,0,0
R_5OJCo41k43Uvs6Y,forward,forward,3,7,0,0.0,0,0,0.0,0,0,0.0,0,0,0.0,0,0,0.0,0,0,0.0,0,0,0.0,0,0,0.0,0,1,14.286,1,0,0
R_7ZR8lnKAA3By86t,ranking,backward,2,82,1,1.22,1,0,0.0,0,0,0.0,0,0,0.0,0,0,0.0,0,0,0.0,0,1,1.22,1,1,1.22,1,0,0.0,0,1,0
R_7ZR8lnKAA3By86t,backward,backward,2,38,1,2.632,1,0,0.0,0,0,0.0,0,0,0.0,0,0,0.0,0,0,0.0,0,0,0.0,0,0,0.0,0,0,0.0,0,1,0
R_7ZR8lnKAA3By86t,forward,forward,2,44,0,0.0,0,0,0.0,0,0,0.0,0,0,0.0,0,0,0.0,0,0,0.0,0,0,0.0,0,0,0.0,0,0,0.0,0,0,0
R_7SBk6YPctQGPVpP,ranking,backward,2,120,0,0.0,0,1,0.833,1,0,0.0,0,0,0.0,0,0,0.0,0,0,0.0,0,0,0.0,0,0,0.0,0,1,0.833,1,1,0
R_7SBk6YPctQGPVpP,backward,backward,2,39,0,0.0,0,0,0.0,0,0,0.0,0,0,0.0,0,0,0.0,0,0,0.0,0,0,0.0,0,0,0.0,0,0,0.0,0,0,0
R_7SBk6YPctQGPVpP,forward,forward,2,32,0,0.0,0,0,0.0,0,0,0.0,0,0,0.0,0,0,0.0,0,0,0.0,0,0,0.0,0,0,0.0,0,0,0.0,0,0,0
R_7V2vfczhki64TTT,ranking,backward,3,30,1,3.333,1,0,0.0,0,0,0.0,0,0,0.0,0,1,3.333,1,0,0.0,0,1,3.333,1,1,3.333,1,0,0.0,0,1,1
R_7V2vfczhki64TTT,backward,backward,3,35,0,0.0,0,0,0.0,0,0,0.0,0,0,0.0,0,0,0.0,0,0,0.0,0,0,0.0,0,0,0.0,0,0,0.0,0,0,0
R_7V2vfczhki64TTT,forward,forward,3,18,1,5.556,1,1,5.556,1,0,0.0,0,0,0.0,0,0,0.0,0,0,0.0,0,0,0.0,0,0,0.0,0,0,0.0,0,1,0
R_70vm1xpQlRxHl1s,ranking,backward,1,49,0,0.0,0,0,0.0,0,0,0.0,0,0,0.0,0,0,0.0,0,0,0.0,0,0,0.0,0,0,0.0,0,0,0.0,0,0,0
R_70vm1xpQlRxHl1s,backward,backward,1,15,0,0.0,0,0,0.0,0,0,0.0,0,0,0.0,0,0,0.0,0,0,0.0,0,0,0.0,0,0,0.0,0,0,0.0,0,0,0
R_70vm1xpQlRxHl1s,forward,forward,1,24,0,0.0,0,0,0.0,0,0,0.0,0,0,0.0,0,0,0.0,0,0,0.0,0,0,0.0,0,0,0.0,0,0,0.0,0,0,0
R_1OemtcoyjWouzbj,ranking,backward,1,65,0,0.0,0,0,0.0,0,0,0.0,0,0,0.0,0,0,0.0,0,0,0.0,0,1,1.538,1,0,0.0,0,1,1.538,1,0,0
R_1OemtcoyjWouzbj,backward,backward,1,21,0,0.0,0,0,0.0,0,0,0.0,0,0,0.0,0,0,0.0,0,0,0.0,0,0,0.0,0,0,0.0,0,0,0.0,0,0,0
R_1OemtcoyjWouzbj,forward,forward,1,15,0,0.0,0,0,0.0,0,0,0.0,0,0,0.0,0,0,0.0,0,0,0.0,0,0,0.0,0,0,0.0,0,0,0.0,0,0,0
R_55SbU8bBR6bZAX9,ranking,backward,2,121,1,0.826,1,0,0.0,0,0,0.0,0,0,0.0,0,0,0.0,0,0,0.0,0,1,0.826,1,1,0.826,1,1,0.826,1,1,0
R_55SbU8bBR6bZAX9,backward,backward,2,36,0,0.0,0,0,0.0,0,0,0.0,0,0,0.0,0,0,0.0,0,0,0.0,0,0,0.0,0,1,2.778,1,0,0.0,0,0,0
R_55SbU8bBR6bZAX9,forward,forward,2,41,0,0.0,0,0,0.0,0,0,0.0,0,0,0.0,0,0,0.0,0,0,0.0,0,1,2.439,1,0,0.0,0,0,0.0,0,0,0
R_5B8xKkI2XBjdKbD,ranking,backward,3,32,0,0.0,0,0,0.0,0,0,0.0,0,0,0.0,0,0,0.0,0,0,0.0,0,1,3.125,1,1,3.125,1,1,3.125,1,0,0
R_5B8xKkI2XBjdKbD,backward,backward,3,15,0,0.0,0,0,0.0,0,0,0.0,0,0,0.0,0,0,0.0,0,0,0.0,0,0,0.0,0,0,0.0,0,0,0.0,0,0,0
R_5B8xKkI2XBjdKbD,forward,forward,3,3,0,0.0,0,0,0.0,0,0,0.0,0,0,0.0,0,0,0.0,0,0,0.0,0,0,0.0,0,0,0.0,0,0,0.0,0,0,0
R_7Ap99TkAdzJJVPb,ranking,backward,2,39,1,2.564,1,0,0.0,0,0,0.0,0,0,0.0,0,0,0.0,0,0,0.0,0,1,2.564,1,0,0.0,0,0,0.0,0,1,0
R_7Ap99TkAdzJJVPb,backward,backward,2,21,1,4.762,1,0,0.0,0,0,0.0,0,0,0.0,0,0,0.0,0,0,0.0,0,0,0.0,0,0,0.0,0,0,0.0,0,1,0
R_7Ap99TkAdzJJVPb,forward,forward,2,23,0,0.0,0,0,0.0,0,0,0.0,0,0,0.0,0,0,0.0,0,0,0.0,0,0,0.0,0,0,0.0,0,0,0.0,0,0,0
R_5Q8IW431JFBRrod,ranking,backward,1,20,0,0.0,0,0,0.0,0,0,0.0,0,0,0.0,0,0,0.0,0,0,0.0,0,0,0.0,0,1,5.0,1,0,0.0,0,0,0
R_5Q8IW431JFBRrod,backward,backward,1,12,0,0.0,0,0,0.0,0,0,0.0,0,0,0.0,0,0,0.0,0,0,0.0,0,0,0.0,0,1,8.333,1,0,0.0,0,0,0
R_5Q8IW431JFBRrod,forward,forward,1,8,0,0.0,0,0,0.0,0,0,0.0,0,0,0.0,0,0,0.0,0,1,12.5,1,0,0.0,0,0,0.0,0,0,0.0,0,0,1
R_3TB0asMOVm2nuE6,ranking,backward,1,127,0,0.0,0,0,0.0,0,0,0.0,0,0,0.0,0,0,0.0,0,0,0.0,0,0,0.0,0,0,0.0,0,1,0.787,1,0,0
R_3TB0asMOVm2nuE6,backward,backward,1,26,1,3.846,1,0,0.0,0,0,0.0,0,1,3.846,1,0,0.0,0,0,0.0,0,0,0.0,0,0,0.0,0,0,0.0,0,1,0
R_3TB0asMOVm2nuE6,forward,forward,1,20,0,0.0,0,0,0.0,0,0,0.0,0,0,0.0,0,0,0.0,0,0,0.0,0,0,0.0,0,1,5.0,1,0,0.0,0,0,0
R_7Ubbqbnmkj9sxex,ranking,backward,2,84,0,0.0,0,0,0.0,0,0,0.0,0,0,0.0,0,0,0.0,0,0,0.0,0,0,0.0,0,0,0.0,0,0,0.0,0,0,0
R_7Ubbqbnmkj9sxex,backward,backward,2,55,0,0.0,0,0,0.0,0,0,0.0,0,0,0.0,0,0,0.0,0,0,0.0,0,0,0.0,0,1,1.818,1,0,0.0,0,0,0
R_7Ubbqbnmkj9sxex,forward,forward,2,19,0,0.0,0,0,0.0,0,0,0.0,0,0,0.0,0,0,0.0,0,0,0.0,0,0,0.0,0,0,0.0,0,0,0.0,0,0,0
R_5iKaZuZ4qdXpOwO,ranking,backward,1,50,1,2.0,1,0,0.0,0,0,0.0,0,0,0.0,0,0,0.0,0,0,0.0,0,1,2.0,1,1,2.0,1,1,2.0,1,1,0
R_5iKaZuZ4qdXpOwO,backward,backward,1,35,1,2.857,1,0,0.0,0,0,0.0,0,0,0.0,0,0,0.0,0,0,0.0,0,0,0.0,0,1,2.857,1,0,0.0,0,1,0
R_5iKaZuZ4qdXpOwO,forward,forward,1,25,0,0.0,0,0,0.0,0,0,0.0,0,0,0.0,0,0,0.0,0,1,4.0,1,0,0.0,0,0,0.0,0,0,0.0,0,0,1
R_18ofIbyrz3CPWgx,ranking,backward,3,28,0,0.0,0,0,0.0,0,0,0.0,0,0,0.0,0,0,0.0,0,0,0.0,0,0,0.0,0,0,0.0,0,0,0.0,0,0,0
R_18ofIbyrz3CPWgx,backward,backward,3,20,0,0.0,0,0,0.0,0,0,0.0,0,0,0.0,0,0,0.0,0,0,0.0,0,0,0.0,0,0,0.0,0,0,0.0,0,0,0
R_18ofIbyrz3CPWgx,forward,forward,3,7,0,0.0,0,0,0.0,0,0,0.0,0,0,0.0,0,0,0.0,0,0,0.0,0,0,0.0,0,0,0.0,0,0,0.0,0,0,0
R_5J3mNY0fOawhLsF,ranking,backward,3,28,1,3.571,1,0,0.0,0,0,0.0,0,0,0.0,0,0,0.0,0,0,0.0,0,0,0.0,0,0,0.0,0,1,3.571,1,1,0
R_5J3mNY0fOawhLsF,backward,backward,3,9,0,0.0,0,0,0.0,0,0,0.0,0,0,0.0,0,0,0.0,0,0,0.0,0,0,0.0,0,0,0.0,0,0,0.0,0,0,0
R_5J3mNY0fOawhLsF,forward,forward,3,11,0,0.0,0,0,0.0,0,0,0.0,0,0,0.0,0,0,0.0,0,0,0.0,0,0,0.0,0,0,0.0,0,0,0.0,0,0,0
R_7P7xIkYxeAWHQgX,ranking,backward,3,18,0,0.0,0,0,0.0,0,0,0.0,0,0,0.0,0,0,0.0,0,0,0.0,0,0,0.0,0,0,0.0,0,0,0.0,0,0,0
R_7P7xIkYxeAWHQgX,backward,backward,3,38,0,0.0,0,0,0.0,0,0,0.0,0,0,0.0,0,0,0.0,0,0,0.0,0,0,0.0,0,0,0.0,0,0,0.0,0,0,0
R_7P7xIkYxeAWHQgX,forward,forward,3,1,0,0.0,0,0,0.0,0,0,0.0,0,0,0.0,0,0,0.0,0,0,0.0,0,0,0.0,0,0,0.0,0,1,100.0,1,0,0
R_732mg1S5ULj0brc,ranking,backward,2,99,1,1.01,1,0,0.0,0,0,0.0,0,0,0.0,0,0,0.0,0,0,0.0,0,0,0.0,0,1,1.01,1,1,1.01,1,1,0
R_732mg1S5ULj0brc,backward,backward,2,44,1,2.273,1,0,0.0,0,0,0.0,0,0,0.0,0,0,0.0,0,0,0.0,0,0,0.0,0,0,0.0,0,0,0.0,0,1,0
R_732mg1S5ULj0brc,forward,forward,2,24,1,4.167,1,0,0.0,0,0,0.0,0,0,0.0,0,0,0.0,0,1,4.167,1,0,0.0,0,0,0.0,0,0,0.0,0,1,1
R_3QojG2eRqTYuBUQ,ranking,backward,3,8,0,0.0,0,0,0.0,0,0,0.0,0,0,0.0,0,0,0.0,0,0,0.0,0,0,0.0,0,0,0.0,0,0,0.0,0,0,0
R_3QojG2eRqTYuBUQ,backward,backward,3,15,0,0.0,0,0,0.0,0,0,0.0,0,0,0.0,0,0,0.0,0,0,0.0,0,0,0.0,0,0,0.0,0,0,0.0,0,0,0
R_3QojG2eRqTYuBUQ,forward,forward,3,10,0,0.0,0,0,0.0,0,0,0.0,0,0,0.0,0,0,0.0,0,0,0.0,0,1,10.0,1,0,0.0,0,0,0.0,0,0,0
R_10Mmap7NptSmAow,ranking,backward,3,83,0,0.0,0,1,1.205,1,0,0.0,0,0,0.0,0,0,0.0,0,0,0.0,0,1,1.205,1,0,0.0,0,0,0.0,0,1,0
R_10Mmap7NptSmAow,backward,backward,3,33,0,0.0,0,0,0.0,0,0,0.0,0,0,0.0,0,0,0.0,0,0,0.0,0,0,0.0,0,0,0.0,0,0,0.0,0,0,0
R_10Mmap7NptSmAow,forward,forward,3,33,0,0.0,0,0,0.0,0,0,0.0,0,0,0.0,0,0,0.0,0,0,0.0,0,1,3.03,1,0,0.0,0,0,0.0,0,0,0
R_1LS6VLj0CbrmvzW,ranking,backward,3,44,0,0.0,0,0,0.0,0,0,0.0,0,0,0.0,0,0,0.0,0,0,0.0,0,1,2.273,1,1,2.273,1,1,2.273,1,0,0
R_1LS6VLj0CbrmvzW,backward,backward,3,12,0,0.0,0,0,0.0,0,0,0.0,0,0,0.0,0,0,0.0,0,0,0.0,0,0,0.0,0,0,0.0,0,0,0.0,0,0,0
R_1LS6VLj0CbrmvzW,forward,forward,3,9,0,0.0,0,0,0.0,0,0,0.0,0,0,0.0,0,0,0.0,0,0,0.0,0,0,0.0,0,0,0.0,0,0,0.0,0,0,0
R_6Gktq5cf4jBKrdO,ranking,backward,3,62,1,1.613,1,0,0.0,0,0,0.0,0,0,0.0,0,0,0.0,0,0,0.0,0,0,0.0,0,1,1.613,1,1,1.613,1,1,0
R_6Gktq5cf4jBKrdO,backward,backward,3,20,0,0.0,0,0,0.0,0,0,0.0,0,0,0.0,0,0,0.0,0,0,0.0,0,0,0.0,0,0,0.0,0,0,0.0,0,0,0
R_6Gktq5cf4jBKrdO,forward,forward,3,21,0,0.0,0,0,0.0,0,0,0.0,0,0,0.0,0,0,0.0,0,0,0.0,0,0,0.0,0,0,0.0,0,0,0.0,0,0,0
R_5Qt14h6iydnvS8w,ranking,backward,2,19,0,0.0,0,0,0.0,0,0,0.0,0,0,0.0,0,0,0.0,0,0,0.0,0,1,5.263,1,0,0.0,0,0,0.0,0,0,0
R_5Qt14h6iydnvS8w,backward,backward,2,13,0,0.0,0,0,0.0,0,0,0.0,0,0,0.0,0,0,0.0,0,0,0.0,0,0,0.0,0,0,0.0,0,0,0.0,0,0,0
R_5Qt14h6iydnvS8w,forward,forward,2,10,0,0.0,0,0,0.0,0,0,0.0,0,0,0.0,0,0,0.0,0,0,0.0,0,0,0.0,0,0,0.0,0,0,0.0,0,0,0
R_6alC50nQLJpBNtU,ranking,backward,2,13,0,0.0,0,0,0.0,0,0,0.0,0,0,0.0,0,0,0.0,0,0,0.0,0,0,0.0,0,0,0.0,0,0,0.0,0,0,0
R_6alC50nQLJpBNtU,backward,backward,2,10,0,0.0,0,0,0.0,0,0,0.0,0,0,0.0,0,0,0.0,0,0,0.0,0,0,0.0,0,0,0.0,0,0,0.0,0,0,0
R_6alC50nQLJpBNtU,forward,forward,2,12,0,0.0,0,0,0.0,0,0,0.0,0,0,0.0,0,0,0.0,0,0,0.0,0,0,0.0,0,0,0.0,0,0,0.0,0,0,0
R_6VqFhSPGwZDiVGh,ranking,backward,2,141,1,0.709,1,0,0.0,0,0,0.0,0,0,0.0,0,0,0.0,0,0,0.0,0,1,0.709,1,1,0.709,1,1,0.709,1,1,0
R_6VqFhSPGwZDiVGh,backward,backward,2,32,0,0.0,0,0,0.0,0,0,0.0,0,0,0.0,0,0,0.0,0,0,0.0,0,0,0.0,0,0,0.0,0,0,0.0,0,0,0
R_6VqFhSPGwZDiVGh,forward,forward,2,41,0,0.0,0,0,0.0,0,0,0.0,0,0,0.0,0,0,0.0,0,0,0.0,0,0,0.0,0,0,0.0,0,1,2.439,1,0,0
R_7DTqopnczdpTKQF,ranking,backward,1,16,0,0.0,0,0,0.0,0,0,0.0,0,0,0.0,0,0,0.0,0,0,0.0,0,0,0.0,0,0,0.0,0,0,0.0,0,0,0
R_7DTqopnczdpTKQF,backward,backward,1,15,1,6.667,1,0,0.0,0,0,0.0,0,0,0.0,0,0,0.0,0,0,0.0,0,0,0.0,0,0,0.0,0,0,0.0,0,1,0
R_7DTqopnczdpTKQF,forward,forward,1,7,0,0.0,0,0,0.0,0,0,0.0,0,0,0.0,0,0,0.0,0,0,0.0,0,0,0.0,0,0,0.0,0,0,0.0,0,0,0
R_3sisTwYexKNQbvd,ranking,backward,1,77,1,1.299,1,0,0.0,0,0,0.0,0,0,0.0,0,0,0.0,0,0,0.0,0,1,1.299,1,0,0.0,0,1,1.299,1,1,0
R_3sisTwYexKNQbvd,backward,backward,1,22,0,0.0,0,0,0.0,0,0,0.0,0,0,0.0,0,0,0.0,0,0,0.0,0,0,0.0,0,0,0.0,0,0,0.0,0,0,0
R_3sisTwYexKNQbvd,forward,forward,1,39,0,0.0,0,0,0.0,0,0,0.0,0,0,0.0,0,1,2.564,1,0,0.0,0,0,0.0,0,0,0.0,0,0,0.0,0,0,1
R_1I5Y3HZpKtw5BzQ,ranking,backward,1,21,0,0.0,0,0,0.0,0,0,0.0,0,0,0.0,0,0,0.0,0,0,0.0,0,0,0.0,0,0,0.0,0,0,0.0,0,0,0
R_1I5Y3HZpKtw5BzQ,backward,backward,1,14,0,0.0,0,0,0.0,0,0,0.0,0,0,0.0,0,0,0.0,0,0,0.0,0,0,0.0,0,0,0.0,0,0,0.0,0,0,0
R_1I5Y3HZpKtw5BzQ,forward,forward,1,19,0,0.0,0,0,0.0,0,0,0.0,0,0,0.0,0,0,0.0,0,0,0.0,0,0,0.0,0,0,0.0,0,0,0.0,0,0,0
R_5dWK4e2NRTMXSFD,ranking,backward,1,29,0,0.0,0,0,0.0,0,0,0.0,0,0,0.0,0,0,0.0,0,0,0.0,0,0,0.0,0,0,0.0,0,1,3.448,1,0,0
R_5dWK4e2NRTMXSFD,backward,backward,1,13,1,7.692,1,0,0.0,0,0,0.0,0,0,0.0,0,0,0.0,0,0,0.0,0,0,0.0,0,0,0.0,0,0,0.0,0,1,0
R_5dWK4e2NRTMXSFD,forward,forward,1,23,0,0.0,0,0,0.0,0,0,0.0,0,0,0.0,0,0,0.0,0,0,0.0,0,0,0.0,0,0,0.0,0,0,0.0,0,0,0
R_7DBy27CDAc2wfN6,ranking,backward,3,48,1,2.083,1,0,0.0,0,0,0.0,0,0,0.0,0,0,0.0,0,0,0.0,0,1,2.083,1,0,0.0,0,1,2.083,1,1,0
R_7DBy27CDAc2wfN6,backward,backward,3,9,0,0.0,0,0,0.0,0,0,0.0,0,0,0.0,0,0,0.0,0,0,0.0,0,0,0.0,0,0,0.0,0,0,0.0,0,0,0
R_7DBy27CDAc2wfN6,forward,forward,3,11,0,0.0,0,0,0.0,0,0,0.0,0,0,0.0,0,0,0.0,0,0,0.0,0,0,0.0,0,0,0.0,0,0,0.0,0,0,0
R_62diV1N8J9ANcHv,ranking,backward,2,73,0,0.0,0,0,0.0,0,0,0.0,0,0,0.0,0,0,0.0,0,0,0.0,0,1,1.37,1,0,0.0,0,1,1.37,1,0,0
R_62diV1N8J9ANcHv,backward,backward,2,14,0,0.0,0,0,0.0,0,0,0.0,0,0,0.0,0,0,0.0,0,0,0.0,0,0,0.0,0,0,0.0,0,0,0.0,0,0,0
R_62diV1N8J9ANcHv,forward,forward,2,5,0,0.0,0,0,0.0,0,0,0.0,0,0,0.0,0,0,0.0,0,0,0.0,0,0,0.0,0,0,0.0,0,0,0.0,0,0,0
R_53n0gmiXmx62OQ1,ranking,backward,3,6,0,0.0,0,0,0.0,0,0,0.0,0,0,0.0,0,0,0.0,0,0,0.0,0,0,0.0,0,0,0.0,0,0,0.0,0,0,0
R_53n0gmiXmx62OQ1,backward,backward,3,9,0,0.0,0,0,0.0,0,0,0.0,0,0,0.0,0,0,0.0,0,0,0.0,0,0,0.0,0,0,0.0,0,0,0.0,0,0,0
R_53n0gmiXmx62OQ1,forward,forward,3,5,0,0.0,0,0,0.0,0,0,0.0,0,0,0.0,0,0,0.0,0,0,0.0,0,0,0.0,0,0,0.0,0,0,0.0,0,0,0
R_3unC6NNgnVNxozf,ranking,backward,3,56,0,0.0,0,0,0.0,0,0,0.0,0,0,0.0,0,0,0.0,0,0,0.0,0,0,0.0,0,0,0.0,0,0,0.0,0,0,0
R_3unC6NNgnVNxozf,backward,backward,3,16,0,0.0,0,0,0.0,0,0,0.0,0,0,0.0,0,0,0.0,0,0,0.0,0,0,0.0,0,0,0.0,0,0,0.0,0,0,0
R_3unC6NNgnVNxozf,forward,forward,3,10,0,0.0,0,0,0.0,0,0,0.0,0,0,0.0,0,0,0.0,0,0,0.0,0,1,10.0,1,0,0.0,0,0,0.0,0,0,0
R_6JrxcTATdQWWUPn,ranking,backward,1,8,0,0.0,0,0,0.0,0,0,0.0,0,0,0.0,0,0,0.0,0,0,0.0,0,0,0.0,0,0,0.0,0,0,0.0,0,0,0
R_6JrxcTATdQWWUPn,backward,backward,1,7,0,0.0,0,0,0.0,0,0,0.0,0,0,0.0,0,0,0.0,0,0,0.0,0,0,0.0,0,0,0.0,0,0,0.0,0,0,0
R_6JrxcTATdQWWUPn,forward,forward,1,9,0,0.0,0,0,0.0,0,0,0.0,0,0,0.0,0,0,0.0,0,0,0.0,0,0,0.0,0,0,0.0,0,0,0.0,0,0,0
R_2h5CKKmjetxUEhs,ranking,backward,1,0,0,0.0,0,0,0.0,0,0,0.0,0,0,0.0,0,0,0.0,0,0,0.0,0,0,0.0,0,0,0.0,0,0,0.0,0,0,0
R_2h5CKKmjetxUEhs,backward,backward,1,5,0,0.0,0,0,0.0,0,0,0.0,0,0,0.0,0,0,0.0,0,0,0.0,0,0,0.0,0,0,0.0,0,0,0.0,0,0,0
R_2h5CKKmjetxUEhs,forward,forward,1,4,0,0.0,0,0,0.0,0,0,0.0,0,0,0.0,0,0,0.0,0,0,0.0,0,0,0.0,0,0,0.0,0,0,0.0,0,0,0
R_1KykGbVy8Dr8Hm1,ranking,backward,2,28,0,0.0,0,0,0.0,0,0,0.0,0,0,0.0,0,0,0.0,0,0,0.0,0,1,3.571,1,1,3.571,1,0,0.0,0,0,0
R_1KykGbVy8Dr8Hm1,backward,backward,2,10,0,0.0,0,0,0.0,0,0,0.0,0,0,0.0,0,0,0.0,0,0,0.0,0,0,0.0,0,0,0.0,0,0,0.0,0,0,0
R_1KykGbVy8Dr8Hm1,forward,forward,2,6,0,0.0,0,0,0.0,0,0,0.0,0,0,0.0,0,0,0.0,0,1,16.667,1,0,0.0,0,0,0.0,0,0,0.0,0,0,1
R_1VCuGG6uXiiDza1,ranking,backward,2,14,0,0.0,0,0,0.0,0,0,0.0,0,0,0.0,0,0,0.0,0,0,0.0,0,1,7.143,1,0,0.0,0,0,0.0,0,0,0
R_1VCuGG6uXiiDza1,backward,backward,2,19,1,5.263,1,0,0.0,0,0,0.0,0,0,0.0,0,0,0.0,0,0,0.0,0,0,0.0,0,0,0.0,0,0,0.0,0,1,0
R_1VCuGG6uXiiDza1,forward,forward,2,18,0,0.0,0,0,0.0,0,0,0.0,0,0,0.0,0,0,0.0,0,0,0.0,0,0,0.0,0,0,0.0,0,0,0.0,0,0,0
R_3WZPXxajah230BE,ranking,backward,1,34,0,0.0,0,0,0.0,0,0,0.0,0,0,0.0,0,0,0.0,0,0,0.0,0,0,0.0,0,0,0.0,0,1,2.941,1,0,0
R_3WZPXxajah230BE,backward,backward,1,10,0,0.0,0,0,0.0,0,0,0.0,0,0,0.0,0,0,0.0,0,1,10.0,1,0,0.0,0,0,0.0,0,0,0.0,0,0,1
R_3WZPXxajah230BE,forward,forward,1,16,0,0.0,0,0,0.0,0,0,0.0,0,0,0.0,0,0,0.0,0,0,0.0,0,0,0.0,0,0,0.0,0,0,0.0,0,0,0
R_6JsYWDZxbNxAxny,ranking,backward,3,31,0,0.0,0,0,0.0,0,0,0.0,0,0,0.0,0,0,0.0,0,0,0.0,0,0,0.0,0,0,0.0,0,1,3.226,1,0,0
R_6JsYWDZxbNxAxny,backward,backward,3,14,0,0.0,0,0,0.0,0,0,0.0,0,0,0.0,0,0,0.0,0,0,0.0,0,0,0.0,0,0,0.0,0,0,0.0,0,0,0
R_6JsYWDZxbNxAxny,forward,forward,3,9,0,0.0,0,0,0.0,0,0,0.0,0,0,0.0,0,0,0.0,0,0,0.0,0,0,0.0,0,0,0.0,0,0,0.0,0,0,0
R_17aoiPyoHYw3TSf,ranking,backward,2,103,2,1.942,2,0,0.0,0,1,0.971,1,0,0.0,0,0,0.0,0,0,0.0,0,2,1.942,2,0,0.0,0,1,0.971,1,1,0
R_17aoiPyoHYw3TSf,backward,backward,2,28,0,0.0,0,0,0.0,0,0,0.0,0,1,3.571,1,0,0.0,0,0,0.0,0,0,0.0,0,0,0.0,0,0,0.0,0,1,0
R_17aoiPyoHYw3TSf,forward,forward,2,33,0,0.0,0,0,0.0,0,0,0.0,0,0,0.0,0,0,0.0,0,0,0.0,0,0,0.0,0,0,0.0,0,0,0.0,0,0,0
R_50Slv8EA39U8G09,ranking,backward,1,10,0,0.0,0,0,0.0,0,0,0.0,0,0,0.0,0,0,0.0,0,0,0.0,0,0,0.0,0,0,0.0,0,0,0.0,0,0,0
R_50Slv8EA39U8G09,backward,backward,1,21,1,4.762,1,0,0.0,0,0,0.0,0,0,0.0,0,0,0.0,0,0,0.0,0,0,0.0,0,0,0.0,0,0,0.0,0,1,0
R_50Slv8EA39U8G09,forward,forward,1,5,1,20.0,1,0,0.0,0,0,0.0,0,0,0.0,0,0,0.0,0,0,0.0,0,0,0.0,0,0,0.0,0,0,0.0,0,1,0
R_6ESyVvuIAAhWGOe,ranking,backward,2,25,0,0.0,0,0,0.0,0,0,0.0,0,0,0.0,0,0,0.0,0,0,0.0,0,0,0.0,0,0,0.0,0,1,4.0,1,0,0
R_6ESyVvuIAAhWGOe,backward,backward,2,23,0,0.0,0,0,0.0,0,0,0.0,0,0,0.0,0,0,0.0,0,0,0.0,0,0,0.0,0,1,4.348,1,0,0.0,0,0,0
R_6ESyVvuIAAhWGOe,forward,forward,2,16,0,0.0,0,0,0.0,0,0,0.0,0,0,0.0,0,0,0.0,0,0,0.0,0,0,0.0,0,0,0.0,0,0,0.0,0,0,0
R_32SIDDEyFi1tnRM,ranking,backward,3,31,0,0.0,0,0,0.0,0,0,0.0,0,0,0.0,0,0,0.0,0,0,0.0,0,0,0.0,0,0,0.0,0,1,3.226,1,0,0
R_32SIDDEyFi1tnRM,backward,backward,3,38,0,0.0,0,0,0.0,0,0,0.0,0,0,0.0,0,0,0.0,0,0,0.0,0,0,0.0,0,0,0.0,0,0,0.0,0,0,0
R_32SIDDEyFi1tnRM,forward,forward,3,19,0,0.0,0,0,0.0,0,0,0.0,0,0,0.0,0,0,0.0,0,0,0.0,0,1,5.263,1,0,0.0,0,0,0.0,0,0,0
R_62Ql5stw5SusI6f,ranking,backward,1,74,1,1.351,1,0,0.0,0,0,0.0,0,0,0.0,0,0,0.0,0,0,0.0,0,0,0.0,0,0,0.0,0,0,0.0,0,1,0
R_62Ql5stw5SusI6f,backward,backward,1,31,0,0.0,0,0,0.0,0,0,0.0,0,0,0.0,0,0,0.0,0,0,0.0,0,0,0.0,0,0,0.0,0,0,0.0,0,0,0
R_62Ql5stw5SusI6f,forward,forward,1,21,0,0.0,0,0,0.0,0,0,0.0,0,0,0.0,0,0,0.0,0,0,0.0,0,0,0.0,0,0,0.0,0,0,0.0,0,0,0
R_5ArRO2jhk7Cyny9,ranking,backward,2,27,0,0.0,0,0,0.0,0,0,0.0,0,0,0.0,0,0,0.0,0,0,0.0,0,0,0.0,0,0,0.0,0,1,3.704,1,0,0
R_5ArRO2jhk7Cyny9,backward,backward,2,18,0,0.0,0,0,0.0,0,0,0.0,0,0,0.0,0,0,0.0,0,0,0.0,0,0,0.0,0,0,0.0,0,0,0.0,0,0,0
R_5ArRO2jhk7Cyny9,forward,forward,2,3,0,0.0,0,0,0.0,0,0,0.0,0,0,0.0,0,0,0.0,0,0,0.0,0,0,0.0,0,0,0.0,0,0,0.0,0,0,0
R_77tp3RXMgnxlR4Z,ranking,backward,1,15,0,0.0,0,0,0.0,0,0,0.0,0,0,0.0,0,0,0.0,0,0,0.0,0,0,0.0,0,0,0.0,0,0,0.0,0,0,0
R_77tp3RXMgnxlR4Z,backward,backward,1,30,0,0.0,0,0,0.0,0,0,0.0,0,0,0.0,0,0,0.0,0,0,0.0,0,0,0.0,0,0,0.0,0,0,0.0,0,0,0
R_77tp3RXMgnxlR4Z,forward,forward,1,33,0,0.0,0,0,0.0,0,0,0.0,0,0,0.0,0,0,0.0,0,0,0.0,0,0,0.0,0,0,0.0,0,0,0.0,0,0,0
R_7FIGZXhQBO5cb2Q,ranking,backward,2,18,0,0.0,0,0,0.0,0,0,0.0,0,0,0.0,0,0,0.0,0,0,0.0,0,0,0.0,0,1,5.556,1,0,0.0,0,0,0
R_7FIGZXhQBO5cb2Q,backward,backward,2,4,0,0.0,0,0,0.0,0,0,0.0,0,0,0.0,0,0,0.0,0,0,0.0,0,0,0.0,0,0,0.0,0,0,0.0,0,0,0
R_7FIGZXhQBO5cb2Q,forward,forward,2,7,0,0.0,0,0,0.0,0,0,0.0,0,0,0.0,0,0,0.0,0,0,0.0,0,0,0.0,0,1,14.286,1,0,0.0,0,0,0
R_3N50P03S9e4dap3,ranking,backward,3,6,0,0.0,0,0,0.0,0,0,0.0,0,0,0.0,0,0,0.0,0,0,0.0,0,0,0.0,0,0,0.0,0,0,0.0,0,0,0
R_3N50P03S9e4dap3,backward,backward,3,4,0,0.0,0,0,0.0,0,0,0.0,0,0,0.0,0,0,0.0,0,0,0.0,0,0,0.0,0,0,0.0,0,0,0.0,0,0,0
R_3N50P03S9e4dap3,forward,forward,3,6,0,0.0,0,0,0.0,0,0,0.0,0,0,0.0,0,0,0.0,0,0,0.0,0,0,0.0,0,0,0.0,0,0,0.0,0,0,0
R_3IQ39NgPQSAyxj0,ranking,backward,3,59,0,0.0,0,0,0.0,0,0,0.0,0,0,0.0,0,0,0.0,0,0,0.0,0,0,0.0,0,0,0.0,0,0,0.0,0,0,0
R_3IQ39NgPQSAyxj0,backward,backward,3,24,0,0.0,0,0,0.0,0,0,0.0,0,0,0.0,0,0,0.0,0,0,0.0,0,0,0.0,0,1,4.167,1,0,0.0,0,0,0
R_3IQ39NgPQSAyxj0,forward,forward,3,30,0,0.0,0,0,0.0,0,0,0.0,0,0,0.0,0,0,0.0,0,0,0.0,0,0,0.0,0,0,0.0,0,0,0.0,0,0,0
R_10VQzgWlWuo3Bdo,ranking,backward,2,13,0,0.0,0,0,0.0,0,0,0.0,0,0,0.0,0,0,0.0,0,0,0.0,0,0,0.0,0,0,0.0,0,1,7.692,1,0,0
R_10VQzgWlWuo3Bdo,backward,backward,2,11,0,0.0,0,0,0.0,0,0,0.0,0,0,0.0,0,0,0.0,0,0,0.0,0,0,0.0,0,0,0.0,0,0,0.0,0,0,0
R_10VQzgWlWuo3Bdo,forward,forward,2,1,0,0.0,0,0,0.0,0,0,0.0,0,0,0.0,0,0,0.0,0,0,0.0,0,0,0.0,0,0,0.0,0,0,0.0,0,0,0
R_1gUek0iw7WTmXYV,ranking,backward,1,72,0,0.0,0,0,0.0,0,0,0.0,0,1,1.389,1,0,0.0,0,0,0.0,0,1,1.389,1,1,1.389,1,0,0.0,0,1,0
R_1gUek0iw7WTmXYV,backward,backward,1,48,0,0.0,0,0,0.0,0,0,0.0,0,0,0.0,0,0,0.0,0,0,0.0,0,0,0.0,0,0,0.0,0,0,0.0,0,0,0
R_1gUek0iw7WTmXYV,forward,forward,1,15,0,0.0,0,0,0.0,0,0,0.0,0,0,0.0,0,0,0.0,0,0,0.0,0,0,0.0,0,0,0.0,0,0,0.0,0,0,0
R_74pfOwUiXLHTooU,ranking,backward,3,85,0,0.0,0,0,0.0,0,0,0.0,0,0,0.0,0,0,0.0,0,0,0.0,0,2,2.353,2,0,0.0,0,1,1.176,1,0,0
R_74pfOwUiXLHTooU,backward,backward,3,34,1,2.941,1,0,0.0,0,0,0.0,0,0,0.0,0,0,0.0,0,0,0.0,0,0,0.0,0,0,0.0,0,0,0.0,0,1,0
R_74pfOwUiXLHTooU,forward,forward,3,30,0,0.0,0,0,0.0,0,0,0.0,0,0,0.0,0,0,0.0,0,0,0.0,0,0,0.0,0,0,0.0,0,0,0.0,0,0,0
R_1qqA7AWzb0Z2r05,ranking,backward,1,51,0,0.0,0,0,0.0,0,0,0.0,0,1,1.961,1,0,0.0,0,0,0.0,0,0,0.0,0,0,0.0,0,1,1.961,1,1,0
R_1qqA7AWzb0Z2r05,backward,backward,1,44,0,0.0,0,0,0.0,0,0,0.0,0,0,0.0,0,0,0.0,0,0,0.0,0,0,0.0,0,0,0.0,0,0,0.0,0,0,0
R_1qqA7AWzb0Z2r05,forward,forward,1,20,0,0.0,0,0,0.0,0,0,0.0,0,0,0.0,0,0,0.0,0,0,0.0,0,0,0.0,0,0,0.0,0,0,0.0,0,0,0
R_1xgqYdXMyTa04OB,ranking,backward,1,17,0,0.0,0,0,0.0,0,0,0.0,0,0,0.0,0,0,0.0,0,0,0.0,0,0,0.0,0,0,0.0,0,1,5.882,1,0,0
R_1xgqYdXMyTa04OB,backward,backward,1,11,0,0.0,0,0,0.0,0,0,0.0,0,0,0.0,0,0,0.0,0,0,0.0,0,0,0.0,0,0,0.0,0,0,0.0,0,0,0
R_1xgqYdXMyTa04OB,forward,forward,1,4,0,0.0,0,0,0.0,0,0,0.0,0,0,0.0,0,0,0.0,0,0,0.0,0,0,0.0,0,0,0.0,0,0,0.0,0,0,0
R_6F2Q7gTbfH1Y52b,ranking,backward,1,25,1,4.0,1,0,0.0,0,0,0.0,0,0,0.0,0,0,0.0,0,0,0.0,0,0,0.0,0,0,0.0,0,0,0.0,0,1,0
R_6F2Q7gTbfH1Y52b,backward,backward,1,19,0,0.0,0,0,0.0,0,0,0.0,0,0,0.0,0,0,0.0,0,0,0.0,0,0,0.0,0,0,0.0,0,0,0.0,0,0,0
R_6F2Q7gTbfH1Y52b,forward,forward,1,1,0,0.0,0,0,0.0,0,0,0.0,0,0,0.0,0,0,0.0,0,0,0.0,0,0,0.0,0,0,0.0,0,1,100.0,1,0,0
R_3mOvqIAlYxZ1ny4,ranking,backward,1,26,1,3.846,1,0,0.0,0,0,0.0,0,0,0.0,0,0,0.0,0,0,0.0,0,0,0.0,0,0,0.0,0,1,3.846,1,1,0
R_3mOvqIAlYxZ1ny4,backward,backward,1,10,0,0.0,0,0,0.0,0,0,0.0,0,0,0.0,0,0,0.0,0,0,0.0,0,0,0.0,0,0,0.0,0,0,0.0,0,0,0
R_3mOvqIAlYxZ1ny4,forward,forward,1,8,0,0.0,0,0,0.0,0,1,12.5,1,0,0.0,0,0,0.0,0,0,0.0,0,0,0.0,0,0,0.0,0,0,0.0,0,1,0
R_3mVNAWyX2u7zItY,ranking,backward,3,53,0,0.0,0,0,0.0,0,0,0.0,0,0,0.0,0,0,0.0,0,0,0.0,0,1,1.887,1,0,0.0,0,0,0.0,0,0,0
R_3mVNAWyX2u7zItY,backward,backward,3,25,0,0.0,0,0,0.0,0,0,0.0,0,0,0.0,0,0,0.0,0,0,0.0,0,0,0.0,0,0,0.0,0,0,0.0,0,0,0
R_3mVNAWyX2u7zItY,forward,forward,3,8,0,0.0,0,0,0.0,0,0,0.0,0,0,0.0,0,0,0.0,0,0,0.0,0,0,0.0,0,0,0.0,0,0,0.0,0,0,0
R_6uoTKYFugiS9SIV,ranking,backward,2,51,0,0.0,0,0,0.0,0,0,0.0,0,0,0.0,0,0,0.0,0,0,0.0,0,1,1.961,1,1,1.961,1,1,1.961,1,0,0
R_6uoTKYFugiS9SIV,backward,backward,2,43,0,0.0,0,0,0.0,0,0,0.0,0,0,0.0,0,0,0.0,0,0,0.0,0,0,0.0,0,1,2.326,1,0,0.0,0,0,0
R_6uoTKYFugiS9SIV,forward,forward,2,18,1,5.556,1,0,0.0,0,0,0.0,0,0,0.0,0,0,0.0,0,0,0.0,0,0,0.0,0,0,0.0,0,0,0.0,0,1,0
R_5m1wc30h2TkoTAs,ranking,backward,2,56,1,1.786,1,0,0.0,0,0,0.0,0,0,0.0,0,0,0.0,0,0,0.0,0,1,1.786,1,1,1.786,1,1,1.786,1,1,0
R_5m1wc30h2TkoTAs,backward,backward,2,20,1,5.0,1,0,0.0,0,0,0.0,0,0,0.0,0,0,0.0,0,0,0.0,0,0,0.0,0,0,0.0,0,0,0.0,0,1,0
R_5m1wc30h2TkoTAs,forward,forward,2,5,0,0.0,0,0,0.0,0,0,0.0,0,0,0.0,0,0,0.0,0,0,0.0,0,0,0.0,0,0,0.0,0,0,0.0,0,0,0
R_6E29WaUtVg5QMGR,ranking,backward,3,18,0,0.0,0,0,0.0,0,0,0.0,0,0,0.0,0,0,0.0,0,0,0.0,0,1,5.556,1,0,0.0,0,0,0.0,0,0,0
R_6E29WaUtVg5QMGR,backward,backward,3,18,0,0.0,0,0,0.0,0,0,0.0,0,0,0.0,0,0,0.0,0,0,0.0,0,0,0.0,0,1,5.556,1,0,0.0,0,0,0
R_6E29WaUtVg5QMGR,forward,forward,3,11,0,0.0,0,0,0.0,0,0,0.0,0,0,0.0,0,0,0.0,0,0,0.0,0,0,0.0,0,0,0.0,0,0,0.0,0,0,0
R_196BRX1KnFVm56D,ranking,backward,1,58,1,1.724,1,0,0.0,0,0,0.0,0,0,0.0,0,0,0.0,0,0,0.0,0,0,0.0,0,0,0.0,0,1,1.724,1,1,0
R_196BRX1KnFVm56D,backward,backward,1,37,0,0.0,0,0,0.0,0,0,0.0,0,0,0.0,0,0,0.0,0,0,0.0,0,0,0.0,0,1,2.703,1,0,0.0,0,0,0
R_196BRX1KnFVm56D,forward,forward,1,6,0,0.0,0,0,0.0,0,0,0.0,0,0,0.0,0,0,0.0,0,0,0.0,0,0,0.0,0,0,0.0,0,0,0.0,0,0,0
R_55uNCr4pb7pxJLg,ranking,backward,3,32,0,0.0,0,0,0.0,0,0,0.0,0,0,0.0,0,0,0.0,0,0,0.0,0,0,0.0,0,0,0.0,0,0,0.0,0,0,0
R_55uNCr4pb7pxJLg,backward,backward,3,21,0,0.0,0,0,0.0,0,0,0.0,0,0,0.0,0,0,0.0,0,0,0.0,0,0,0.0,0,0,0.0,0,0,0.0,0,0,0
R_55uNCr4pb7pxJLg,forward,forward,3,38,0,0.0,0,0,0.0,0,0,0.0,0,0,0.0,0,0,0.0,0,0,0.0,0,0,0.0,0,0,0.0,0,1,2.632,1,0,0
R_7HSsFUmQnMPSI7G,ranking,backward,2,37,1,2.703,1,0,0.0,0,0,0.0,0,0,0.0,0,0,0.0,0,0,0.0,0,1,2.703,1,1,2.703,1,0,0.0,0,1,0
R_7HSsFUmQnMPSI7G,backward,backward,2,53,1,1.887,1,0,0.0,0,0,0.0,0,0,0.0,0,0,0.0,0,0,0.0,0,0,0.0,0,0,0.0,0,0,0.0,0,1,0
R_7HSsFUmQnMPSI7G,forward,forward,2,28,0,0.0,0,0,0.0,0,0,0.0,0,0,0.0,0,0,0.0,0,0,0.0,0,0,0.0,0,0,0.0,0,0,0.0,0,0,0
R_1bIOWiSY0OOj7iR,ranking,backward,2,54,0,0.0,0,0,0.0,0,0,0.0,0,0,0.0,0,0,0.0,0,0,0.0,0,0,0.0,0,1,1.852,1,1,1.852,1,0,0
R_1bIOWiSY0OOj7iR,backward,backward,2,27,0,0.0,0,0,0.0,0,0,0.0,0,0,0.0,0,0,0.0,0,0,0.0,0,0,0.0,0,0,0.0,0,0,0.0,0,0,0
R_1bIOWiSY0OOj7iR,forward,forward,2,10,0,0.0,0,0,0.0,0,0,0.0,0,0,0.0,0,0,0.0,0,0,0.0,0,0,0.0,0,0,0.0,0,0,0.0,0,0,0
R_5TdlV9MulBravtf,ranking,backward,1,60,1,1.667,1,0,0.0,0,0,0.0,0,0,0.0,0,0,0.0,0,0,0.0,0,1,1.667,1,0,0.0,0,0,0.0,0,1,0
R_5TdlV9MulBravtf,backward,backward,1,22,0,0.0,0,0,0.0,0,0,0.0,0,0,0.0,0,0,0.0,0,0,0.0,0,0,0.0,0,0,0.0,0,0,0.0,0,0,0
R_5TdlV9MulBravtf,forward,forward,1,14,0,0.0,0,0,0.0,0,0,0.0,0,0,0.0,0,0,0.0,0,0,0.0,0,0,0.0,0,1,7.143,1,0,0.0,0,0,0
R_1fC1yGKqJesIQf7,ranking,backward,1,7,0,0.0,0,0,0.0,0,0,0.0,0,0,0.0,0,0,0.0,0,0,0.0,0,0,0.0,0,0,0.0,0,0,0.0,0,0,0
R_1fC1yGKqJesIQf7,backward,backward,1,10,0,0.0,0,0,0.0,0,0,0.0,0,0,0.0,0,0,0.0,0,0,0.0,0,0,0.0,0,0,0.0,0,0,0.0,0,0,0
R_1fC1yGKqJesIQf7,forward,forward,1,17,0,0.0,0,0,0.0,0,0,0.0,0,0,0.0,0,0,0.0,0,0,0.0,0,0,0.0,0,0,0.0,0,0,0.0,0,0,0
R_5X73OTXeV2hSEfG,ranking,backward,3,84,1,1.19,1,0,0.0,0,0,0.0,0,0,0.0,0,0,0.0,0,0,0.0,0,1,1.19,1,0,0.0,0,1,1.19,1,1,0
R_5X73OTXeV2hSEfG,backward,backward,3,44,0,0.0,0,0,0.0,0,0,0.0,0,0,0.0,0,0,0.0,0,0,0.0,0,0,0.0,0,0,0.0,0,0,0.0,0,0,0
R_5X73OTXeV2hSEfG,forward,forward,3,48,0,0.0,0,0,0.0,0,0,0.0,0,0,0.0,0,0,0.0,0,0,0.0,0,0,0.0,0,0,0.0,0,1,2.083,1,0,0
R_3isPqtjU76eGkIa,ranking,backward,1,34,0,0.0,0,0,0.0,0,0,0.0,0,0,0.0,0,0,0.0,0,0,0.0,0,0,0.0,0,1,2.941,1,0,0.0,0,0,0
R_3isPqtjU76eGkIa,backward,backward,1,29,0,0.0,0,0,0.0,0,0,0.0,0,0,0.0,0,0,0.0,0,0,0.0,0,0,0.0,0,0,0.0,0,0,0.0,0,0,0
R_3isPqtjU76eGkIa,forward,forward,1,29,0,0.0,0,0,0.0,0,0,0.0,0,0,0.0,0,0,0.0,0,0,0.0,0,0,0.0,0,0,0.0,0,0,0.0,0,0,0
R_6DpD71R1gnIJCZj,ranking,backward,3,19,0,0.0,0,0,0.0,0,0,0.0,0,0,0.0,0,0,0.0,0,0,0.0,0,0,0.0,0,0,0.0,0,1,5.263,1,0,0
R_6DpD71R1gnIJCZj,backward,backward,3,19,0,0.0,0,0,0.0,0,0,0.0,0,0,0.0,0,0,0.0,0,0,0.0,0,0,0.0,0,0,0.0,0,1,5.263,1,0,0
R_6DpD71R1gnIJCZj,forward,forward,3,6,0,0.0,0,0,0.0,0,0,0.0,0,0,0.0,0,0,0.0,0,0,0.0,0,0,0.0,0,0,0.0,0,0,0.0,0,0,0
R_7HM6O835PRwPxXU,ranking,backward,2,7,0,0.0,0,0,0.0,0,0,0.0,0,0,0.0,0,0,0.0,0,0,0.0,0,0,0.0,0,0,0.0,0,0,0.0,0,0,0
R_7HM6O835PRwPxXU,backward,backward,2,5,0,0.0,0,0,0.0,0,0,0.0,0,0,0.0,0,0,0.0,0,0,0.0,0,0,0.0,0,0,0.0,0,0,0.0,0,0,0
R_7HM6O835PRwPxXU,forward,forward,2,5,0,0.0,0,0,0.0,0,0,0.0,0,0,0.0,0,0,0.0,0,0,0.0,0,0,0.0,0,0,0.0,0,0,0.0,0,0,0
R_1QWzmUE0ssK40Ol,ranking,backward,2,6,0,0.0,0,0,0.0,0,0,0.0,0,0,0.0,0,0,0.0,0,0,0.0,0,1,16.667,1,0,0.0,0,0,0.0,0,0,0
R_1QWzmUE0ssK40Ol,backward,backward,2,17,0,0.0,0,0,0.0,0,0,0.0,0,0,0.0,0,0,0.0,0,0,0.0,0,0,0.0,0,0,0.0,0,0,0.0,0,0,0
R_1QWzmUE0ssK40Ol,forward,forward,2,1,0,0.0,0,0,0.0,0,0,0.0,0,0,0.0,0,0,0.0,0,0,0.0,0,0,0.0,0,0,0.0,0,0,0.0,0,0,0
R_7tmRdtXvOsTBdFZ,ranking,backward,2,23,1,4.348,1,0,0.0,0,0,0.0,0,0,0.0,0,0,0.0,0,0,0.0,0,0,0.0,0,0,0.0,0,1,4.348,1,1,0
R_7tmRdtXvOsTBdFZ,backward,backward,2,18,0,0.0,0,0,0.0,0,0,0.0,0,0,0.0,0,0,0.0,0,0,0.0,0,0,0.0,0,0,0.0,0,0,0.0,0,0,0
R_7tmRdtXvOsTBdFZ,forward,forward,2,17,0,0.0,0,0,0.0,0,0,0.0,0,0,0.0,0,0,0.0,0,0,0.0,0,0,0.0,0,0,0.0,0,0,0.0,0,0,0
R_1Nfuui0FZ7sDcNr,ranking,backward,1,18,0,0.0,0,0,0.0,0,0,0.0,0,0,0.0,0,0,0.0,0,0,0.0,0,0,0.0,0,0,0.0,0,0,0.0,0,0,0
R_1Nfuui0FZ7sDcNr,backward,backward,1,7,0,0.0,0,0,0.0,0,0,0.0,0,0,0.0,0,0,0.0,0,0,0.0,0,0,0.0,0,0,0.0,0,0,0.0,0,0,0
R_1Nfuui0FZ7sDcNr,forward,forward,1,1,0,0.0,0,0,0.0,0,0,0.0,0,0,0.0,0,0,0.0,0,0,0.0,0,0,0.0,0,0,0.0,0,0,0.0,0,0,0
R_7JXjiJGkt91lvrB,ranking,backward,2,51,1,1.961,1,0,0.0,0,0,0.0,0,0,0.0,0,0,0.0,0,0,0.0,0,1,1.961,1,0,0.0,0,1,1.961,1,1,0
R_7JXjiJGkt91lvrB,backward,backward,2,42,0,0.0,0,0,0.0,0,0,0.0,0,0,0.0,0,0,0.0,0,0,0.0,0,0,0.0,0,1,2.381,1,0,0.0,0,0,0
R_7JXjiJGkt91lvrB,forward,forward,2,9,0,0.0,0,0,0.0,0,0,0.0,0,0,0.0,0,0,0.0,0,0,0.0,0,0,0.0,0,0,0.0,0,0,0.0,0,0,0
R_3cjUGKrHyIQGOum,ranking,backward,1,40,0,0.0,0,0,0.0,0,0,0.0,0,0,0.0,0,0,0.0,0,0,0.0,0,1,2.5,1,0,0.0,0,0,0.0,0,0,0
R_3cjUGKrHyIQGOum,backward,backward,1,9,0,0.0,0,0,0.0,0,0,0.0,0,0,0.0,0,0,0.0,0,0,0.0,0,0,0.0,0,0,0.0,0,0,0.0,0,0,0
R_3cjUGKrHyIQGOum,forward,forward,1,7,0,0.0,0,0,0.0,0,0,0.0,0,0,0.0,0,0,0.0,0,0,0.0,0,0,0.0,0,0,0.0,0,0,0.0,0,0,0
R_7JFenSIczJKl3sA,ranking,backward,3,16,0,0.0,0,0,0.0,0,0,0.0,0,0,0.0,0,0,0.0,0,0,0.0,0,0,0.0,0,0,0.0,0,0,0.0,0,0,0
R_7JFenSIczJKl3sA,backward,backward,3,9,1,11.111,1,0,0.0,0,0,0.0,0,0,0.0,0,0,0.0,0,0,0.0,0,0,0.0,0,0,0.0,0,0,0.0,0,1,0
R_7JFenSIczJKl3sA,forward,forward,3,20,0,0.0,0,0,0.0,0,0,0.0,0,0,0.0,0,0,0.0,0,0,0.0,0,0,0.0,0,0,0.0,0,0,0.0,0,0,0
R_7h6CbxY7YaJee2Z,ranking,backward,2,105,1,0.952,1,0,0.0,0,0,0.0,0,0,0.0,0,0,0.0,0,0,0.0,0,1,0.952,1,1,0.952,1,1,0.952,1,1,0
R_7h6CbxY7YaJee2Z,backward,backward,2,26,0,0.0,0,0,0.0,0,0,0.0,0,0,0.0,0,0,0.0,0,0,0.0,0,0,0.0,0,0,0.0,0,0,0.0,0,0,0
R_7h6CbxY7YaJee2Z,forward,forward,2,14,0,0.0,0,0,0.0,0,0,0.0,0,0,0.0,0,0,0.0,0,0,0.0,0,0,0.0,0,0,0.0,0,0,0.0,0,0,0
R_6wnMIM70jmp9YoU,ranking,backward,2,44,0,0.0,0,0,0.0,0,0,0.0,0,0,0.0,0,0,0.0,0,0,0.0,0,0,0.0,0,0,0.0,0,1,2.273,1,0,0
R_6wnMIM70jmp9YoU,backward,backward,2,31,0,0.0,0,0,0.0,0,0,0.0,0,0,0.0,0,0,0.0,0,0,0.0,0,0,0.0,0,0,0.0,0,0,0.0,0,0,0
R_6wnMIM70jmp9YoU,forward,forward,2,14,0,0.0,0,0,0.0,0,0,0.0,0,0,0.0,0,0,0.0,0,0,0.0,0,0,0.0,0,0,0.0,0,0,0.0,0,0,0
R_7QlK0bGDdgH7pcn,ranking,backward,3,71,2,2.817,2,0,0.0,0,0,0.0,0,0,0.0,0,0,0.0,0,0,0.0,0,2,2.817,2,1,1.408,1,1,1.408,1,1,0
R_7QlK0bGDdgH7pcn,backward,backward,3,44,0,0.0,0,0,0.0,0,0,0.0,0,0,0.0,0,0,0.0,0,0,0.0,0,0,0.0,0,1,2.273,1,0,0.0,0,0,0
R_7QlK0bGDdgH7pcn,forward,forward,3,33,1,3.03,1,1,3.03,1,0,0.0,0,0,0.0,0,0,0.0,0,0,0.0,0,0,0.0,0,0,0.0,0,0,0.0,0,1,0
R_573U15mnkcpetF0,ranking,backward,3,52,0,0.0,0,0,0.0,0,0,0.0,0,0,0.0,0,0,0.0,0,0,0.0,0,1,1.923,1,0,0.0,0,0,0.0,0,0,0
R_573U15mnkcpetF0,backward,backward,3,25,1,4.0,1,0,0.0,0,0,0.0,0,0,0.0,0,0,0.0,0,0,0.0,0,0,0.0,0,0,0.0,0,0,0.0,0,1,0
R_573U15mnkcpetF0,forward,forward,3,13,0,0.0,0,0,0.0,0,0,0.0,0,0,0.0,0,0,0.0,0,0,0.0,0,0,0.0,0,0,0.0,0,0,0.0,0,0,0
R_3JjSXSWcTAu1sGg,ranking,backward,3,91,0,0.0,0,0,0.0,0,0,0.0,0,0,0.0,0,0,0.0,0,0,0.0,0,0,0.0,0,0,0.0,0,0,0.0,0,0,0
R_3JjSXSWcTAu1sGg,backward,backward,3,19,1,5.263,1,0,0.0,0,0,0.0,0,0,0.0,0,0,0.0,0,0,0.0,0,0,0.0,0,0,0.0,0,0,0.0,0,1,0
R_3JjSXSWcTAu1sGg,forward,forward,3,13,0,0.0,0,0,0.0,0,0,0.0,0,0,0.0,0,0,0.0,0,0,0.0,0,0,0.0,0,0,0.0,0,0,0.0,0,0,0
R_3wc4McB5njDoUnc,ranking,backward,3,77,0,0.0,0,0,0.0,0,0,0.0,0,0,0.0,0,0,0.0,0,0,0.0,0,1,1.299,1,0,0.0,0,1,1.299,1,0,0
R_3wc4McB5njDoUnc,backward,backward,3,30,0,0.0,0,0,0.0,0,0,0.0,0,0,0.0,0,0,0.0,0,0,0.0,0,0,0.0,0,0,0.0,0,0,0.0,0,0,0
R_3wc4McB5njDoUnc,forward,forward,3,18,0,0.0,0,0,0.0,0,0,0.0,0,0,0.0,0,0,0.0,0,0,0.0,0,0,0.0,0,0,0.0,0,0,0.0,0,0,0
R_6hgbs1p95Xi9UQs,ranking,backward,2,8,0,0.0,0,0,0.0,0,0,0.0,0,0,0.0,0,0,0.0,0,0,0.0,0,0,0.0,0,0,0.0,0,0,0.0,0,0,0
R_6hgbs1p95Xi9UQs,backward,backward,2,20,0,0.0,0,0,0.0,0,0,0.0,0,0,0.0,0,0,0.0,0,0,0.0,0,0,0.0,0,0,0.0,0,0,0.0,0,0,0
R_6hgbs1p95Xi9UQs,forward,forward,2,11,0,0.0,0,0,0.0,0,0,0.0,0,0,0.0,0,0,0.0,0,0,0.0,0,0,0.0,0,0,0.0,0,0,0.0,0,0,0
R_1atvutO175V2cZO,ranking,backward,1,53,0,0.0,0,0,0.0,0,0,0.0,0,0,0.0,0,0,0.0,0,0,0.0,0,0,0.0,0,1,1.887,1,1,1.887,1,0,0
R_1atvutO175V2cZO,backward,backward,1,35,1,2.857,1,0,0.0,0,0,0.0,0,0,0.0,0,0,0.0,0,0,0.0,0,0,0.0,0,1,2.857,1,0,0.0,0,1,0
R_1atvutO175V2cZO,forward,forward,1,25,0,0.0,0,0,0.0,0,0,0.0,0,0,0.0,0,0,0.0,0,0,0.0,0,0,0.0,0,0,0.0,0,0,0.0,0,0,0
R_5bOfEbG5RaHiq1r,ranking,backward,3,14,0,0.0,0,0,0.0,0,0,0.0,0,0,0.0,0,0,0.0,0,0,0.0,0,0,0.0,0,0,0.0,0,1,7.143,1,0,0
R_5bOfEbG5RaHiq1r,backward,backward,3,21,0,0.0,0,0,0.0,0,0,0.0,0,0,0.0,0,0,0.0,0,0,0.0,0,0,0.0,0,0,0.0,0,0,0.0,0,0,0
R_5bOfEbG5RaHiq1r,forward,forward,3,13,0,0.0,0,0,0.0,0,0,0.0,0,0,0.0,0,0,0.0,0,0,0.0,0,0,0.0,0,0,0.0,0,0,0.0,0,0,0
R_3a9mRMKyC0FsDns,ranking,backward,1,29,0,0.0,0,0,0.0,0,0,0.0,0,0,0.0,0,0,0.0,0,0,0.0,0,1,3.448,1,0,0.0,0,0,0.0,0,0,0
R_3a9mRMKyC0FsDns,backward,backward,1,16,0,0.0,0,0,0.0,0,0,0.0,0,0,0.0,0,0,0.0,0,0,0.0,0,0,0.0,0,0,0.0,0,0,0.0,0,0,0
R_3a9mRMKyC0FsDns,forward,forward,1,5,0,0.0,0,0,0.0,0,0,0.0,0,0,0.0,0,0,0.0,0,0,0.0,0,1,20.0,1,0,0.0,0,0,0.0,0,0,0
R_5qDvVTqPfOUqhxJ,ranking,backward,2,43,0,0.0,0,0,0.0,0,0,0.0,0,0,0.0,0,0,0.0,0,0,0.0,0,0,0.0,0,0,0.0,0,1,2.326,1,0,0
R_5qDvVTqPfOUqhxJ,backward,backward,2,19,1,5.263,1,0,0.0,0,0,0.0,0,0,0.0,0,0,0.0,0,0,0.0,0,0,0.0,0,0,0.0,0,0,0.0,0,1,0
R_5qDvVTqPfOUqhxJ,forward,forward,2,17,0,0.0,0,0,0.0,0,0,0.0,0,0,0.0,0,0,0.0,0,0,0.0,0,0,0.0,0,0,0.0,0,0,0.0,0,0,0
R_7G0S57V0DSFbmLA,ranking,backward,1,30,0,0.0,0,0,0.0,0,0,0.0,0,0,0.0,0,0,0.0,0,0,0.0,0,0,0.0,0,0,0.0,0,0,0.0,0,0,0
R_7G0S57V0DSFbmLA,backward,backward,1,15,1,6.667,1,0,0.0,0,0,0.0,0,0,0.0,0,0,0.0,0,0,0.0,0,0,0.0,0,0,0.0,0,0,0.0,0,1,0
R_7G0S57V0DSFbmLA,forward,forward,1,3,0,0.0,0,0,0.0,0,0,0.0,0,0,0.0,0,0,0.0,0,0,0.0,0,0,0.0,0,0,0.0,0,0,0.0,0,0,0
R_3Lthmot2Dt7iwvt,ranking,backward,1,27,0,0.0,0,0,0.0,0,0,0.0,0,0,0.0,0,0,0.0,0,0,0.0,0,1,3.704,1,0,0.0,0,0,0.0,0,0,0
R_3Lthmot2Dt7iwvt,backward,backward,1,9,1,11.111,1,0,0.0,0,0,0.0,0,0,0.0,0,0,0.0,0,0,0.0,0,0,0.0,0,0,0.0,0,0,0.0,0,1,0
R_3Lthmot2Dt7iwvt,forward,forward,1,12,0,0.0,0,0,0.0,0,0,0.0,0,0,0.0,0,0,0.0,0,0,0.0,0,1,8.333,1,0,0.0,0,0,0.0,0,0,0
R_6JmYO3KrNmjcPfi,ranking,backward,2,15,0,0.0,0,0,0.0,0,0,0.0,0,0,0.0,0,0,0.0,0,0,0.0,0,0,0.0,0,0,0.0,0,0,0.0,0,0,0
R_6JmYO3KrNmjcPfi,backward,backward,2,12,0,0.0,0,0,0.0,0,0,0.0,0,0,0.0,0,0,0.0,0,0,0.0,0,0,0.0,0,0,0.0,0,0,0.0,0,0,0
R_6JmYO3KrNmjcPfi,forward,forward,2,27,0,0.0,0,0,0.0,0,0,0.0,0,0,0.0,0,0,0.0,0,0,0.0,0,1,3.704,1,0,0.0,0,0,0.0,0,0,0
R_108K1MQVgqm5jUZ,ranking,backward,3,11,0,0.0,0,0,0.0,0,0,0.0,0,0,0.0,0,0,0.0,0,0,0.0,0,0,0.0,0,0,0.0,0,0,0.0,0,0,0
R_108K1MQVgqm5jUZ,backward,backward,3,8,0,0.0,0,0,0.0,0,0,0.0,0,0,0.0,0,0,0.0,0,0,0.0,0,0,0.0,0,0,0.0,0,0,0.0,0,0,0
R_108K1MQVgqm5jUZ,forward,forward,3,3,0,0.0,0,0,0.0,0,0,0.0,0,0,0.0,0,0,0.0,0,0,0.0,0,0,0.0,0,0,0.0,0,0,0.0,0,0,0
R_3jEw1gLMUBrjaZH,ranking,backward,2,43,1,2.326,1,0,0.0,0,0,0.0,0,0,0.0,0,0,0.0,0,0,0.0,0,0,0.0,0,0,0.0,0,1,2.326,1,1,0
R_3jEw1gLMUBrjaZH,backward,backward,2,7,0,0.0,0,0,0.0,0,0,0.0,0,0,0.0,0,0,0.0,0,0,0.0,0,0,0.0,0,0,0.0,0,0,0.0,0,0,0
R_3jEw1gLMUBrjaZH,forward,forward,2,6,0,0.0,0,0,0.0,0,0,0.0,0,0,0.0,0,0,0.0,0,0,0.0,0,0,0.0,0,0,0.0,0,0,0.0,0,0,0
R_1FQf3HrsI6c1EvK,ranking,backward,3,70,1,1.429,1,0,0.0,0,0,0.0,0,0,0.0,0,0,0.0,0,0,0.0,0,1,1.429,1,0,0.0,0,1,1.429,1,1,0
R_1FQf3HrsI6c1EvK,backward,backward,3,27,0,0.0,0,0,0.0,0,0,0.0,0,0,0.0,0,0,0.0,0,0,0.0,0,0,0.0,0,0,0.0,0,0,0.0,0,0,0
R_1FQf3HrsI6c1EvK,forward,forward,3,19,0,0.0,0,0,0.0,0,0,0.0,0,0,0.0,0,0,0.0,0,0,0.0,0,0,0.0,0,0,0.0,0,1,5.263,1,0,0
R_7zZpOR41Q8A32IO,ranking,backward,3,77,0,0.0,0,0,0.0,0,0,0.0,0,0,0.0,0,0,0.0,0,0,0.0,0,0,0.0,0,1,1.299,1,1,1.299,1,0,0
R_7zZpOR41Q8A32IO,backward,backward,3,40,1,2.5,1,0,0.0,0,0,0.0,0,0,0.0,0,0,0.0,0,0,0.0,0,0,0.0,0,0,0.0,0,0,0.0,0,1,0
R_7zZpOR41Q8A32IO,forward,forward,3,24,0,0.0,0,0,0.0,0,0,0.0,0,0,0.0,0,0,0.0,0,0,0.0,0,0,0.0,0,0,0.0,0,0,0.0,0,0,0
R_6BkkhFUGHH1l9M5,ranking,backward,3,69,1,1.449,1,0,0.0,0,0,0.0,0,0,0.0,0,0,0.0,0,0,0.0,0,0,0.0,0,1,1.449,1,1,1.449,1,1,0
R_6BkkhFUGHH1l9M5,backward,backward,3,33,0,0.0,0,0,0.0,0,0,0.0,0,0,0.0,0,0,0.0,0,1,3.03,1,0,0.0,0,1,3.03,1,0,0.0,0,0,1
R_6BkkhFUGHH1l9M5,forward,forward,3,11,0,0.0,0,0,0.0,0,0,0.0,0,0,0.0,0,0,0.0,0,0,0.0,0,0,0.0,0,0,0.0,0,1,9.091,1,0,0
R_3GDMcKNoIOoEx4T,ranking,backward,2,58,1,1.724,1,0,0.0,0,0,0.0,0,0,0.0,0,0,0.0,0,0,0.0,0,1,1.724,1,1,1.724,1,1,1.724,1,1,0
R_3GDMcKNoIOoEx4T,backward,backward,2,11,0,0.0,0,0,0.0,0,0,0.0,0,0,0.0,0,0,0.0,0,0,0.0,0,0,0.0,0,0,0.0,0,0,0.0,0,0,0
R_3GDMcKNoIOoEx4T,forward,forward,2,4,0,0.0,0,0,0.0,0,0,0.0,0,0,0.0,0,0,0.0,0,0,0.0,0,0,0.0,0,0,0.0,0,1,25.0,1,0,0
R_6IlYhv1koPDiLOp,ranking,backward,1,45,0,0.0,0,0,0.0,0,0,0.0,0,0,0.0,0,0,0.0,0,0,0.0,0,0,0.0,0,0,0.0,0,1,2.222,1,0,0
R_6IlYhv1koPDiLOp,backward,backward,1,31,0,0.0,0,0,0.0,0,0,0.0,0,0,0.0,0,0,0.0,0,1,3.226,1,0,0.0,0,0,0.0,0,0,0.0,0,0,1
R_6IlYhv1koPDiLOp,forward,forward,1,10,0,0.0,0,0,0.0,0,0,0.0,0,0,0.0,0,0,0.0,0,0,0.0,0,0,0.0,0,0,0.0,0,0,0.0,0,0,0
R_7CszMc8y0g2f6Kh,ranking,backward,2,47,0,0.0,0,0,0.0,0,0,0.0,0,0,0.0,0,0,0.0,0,0,0.0,0,1,2.128,1,0,0.0,0,1,2.128,1,0,0
R_7CszMc8y0g2f6Kh,backward,backward,2,19,0,0.0,0,0,0.0,0,0,0.0,0,0,0.0,0,0,0.0,0,0,0.0,0,0,0.0,0,1,5.263,1,0,0.0,0,0,0
R_7CszMc8y0g2f6Kh,forward,forward,2,13,0,0.0,0,0,0.0,0,0,0.0,0,0,0.0,0,0,0.0,0,0,0.0,0,0,0.0,0,0,0.0,0,0,0.0,0,0,0
R_5KvGp5TiRFr3jKg,ranking,backward,1,73,0,0.0,0,0,0.0,0,0,0.0,0,0,0.0,0,0,0.0,0,0,0.0,0,0,0.0,0,1,1.37,1,1,1.37,1,0,0
R_5KvGp5TiRFr3jKg,backward,backward,1,37,0,0.0,0,0,0.0,0,0,0.0,0,0,0.0,0,0,0.0,0,0,0.0,0,0,0.0,0,0,0.0,0,0,0.0,0,0,0
R_5KvGp5TiRFr3jKg,forward,forward,1,20,0,0.0,0,0,0.0,0,0,0.0,0,0,0.0,0,0,0.0,0,0,0.0,0,0,0.0,0,0,0.0,0,1,5.0,1,0,0
R_5jJq9n7xDV6CHPr,ranking,backward,3,17,0,0.0,0,0,0.0,0,0,0.0,0,0,0.0,0,0,0.0,0,0,0.0,0,0,0.0,0,0,0.0,0,0,0.0,0,0,0
R_5jJq9n7xDV6CHPr,backward,backward,3,13,0,0.0,0,0,0.0,0,0,0.0,0,0,0.0,0,0,0.0,0,0,0.0,0,0,0.0,0,0,0.0,0,0,0.0,0,0,0
R_5jJq9n7xDV6CHPr,forward,forward,3,9,0,0.0,0,0,0.0,0,0,0.0,0,0,0.0,0,0,0.0,0,0,0.0,0,0,0.0,0,0,0.0,0,0,0.0,0,0,0
R_50wbjcEvw8wTcHL,ranking,backward,3,8,0,0.0,0,0,0.0,0,0,0.0,0,0,0.0,0,0,0.0,0,0,0.0,0,0,0.0,0,0,0.0,0,0,0.0,0,0,0
R_50wbjcEvw8wTcHL,backward,backward,3,4,0,0.0,0,0,0.0,0,0,0.0,0,0,0.0,0,0,0.0,0,0,0.0,0,0,0.0,0,0,0.0,0,0,0.0,0,0,0
R_50wbjcEvw8wTcHL,forward,forward,3,4,0,0.0,0,0,0.0,0,0,0.0,0,0,0.0,0,0,0.0,0,0,0.0,0,0,0.0,0,0,0.0,0,0,0.0,0,0,0
R_53dgIeKEWvsT86t,ranking,backward,1,200,1,0.5,1,0,0.0,0,0,0.0,0,0,0.0,0,0,0.0,0,0,0.0,0,1,0.5,1,0,0.0,0,1,0.5,1,1,0
R_53dgIeKEWvsT86t,backward,backward,1,55,0,0.0,0,0,0.0,0,1,1.818,1,0,0.0,0,0,0.0,0,0,0.0,0,0,0.0,0,0,0.0,0,2,3.636,2,1,0
R_53dgIeKEWvsT86t,forward,forward,1,43,0,0.0,0,0,0.0,0,0,0.0,0,0,0.0,0,0,0.0,0,0,0.0,0,0,0.0,0,0,0.0,0,1,2.326,1,0,0
R_5EGdwl9KHRQ8MTm,ranking,backward,1,43,0,0.0,0,0,0.0,0,0,0.0,0,0,0.0,0,0,0.0,0,0,0.0,0,1,2.326,1,1,2.326,1,1,2.326,1,0,0
R_5EGdwl9KHRQ8MTm,backward,backward,1,25,0,0.0,0,0,0.0,0,0,0.0,0,0,0.0,0,0,0.0,0,0,0.0,0,0,0.0,0,0,0.0,0,0,0.0,0,0,0
R_5EGdwl9KHRQ8MTm,forward,forward,1,16,0,0.0,0,0,0.0,0,0,0.0,0,0,0.0,0,0,0.0,0,0,0.0,0,0,0.0,0,0,0.0,0,0,0.0,0,0,0
R_1eXa4qqp6v414In,ranking,backward,2,13,0,0.0,0,0,0.0,0,0,0.0,0,0,0.0,0,0,0.0,0,0,0.0,0,0,0.0,0,0,0.0,0,0,0.0,0,0,0
R_1eXa4qqp6v414In,backward,backward,2,17,0,0.0,0,0,0.0,0,0,0.0,0,0,0.0,0,0,0.0,0,0,0.0,0,0,0.0,0,0,0.0,0,0,0.0,0,0,0
R_1eXa4qqp6v414In,forward,forward,2,10,0,0.0,0,0,0.0,0,0,0.0,0,0,0.0,0,0,0.0,0,0,0.0,0,0,0.0,0,0,0.0,0,0,0.0,0,0,0
R_67JxASqYagoT6fk,ranking,backward,2,30,0,0.0,0,0,0.0,0,0,0.0,0,0,0.0,0,0,0.0,0,0,0.0,0,0,0.0,0,0,0.0,0,1,3.333,1,0,0
R_67JxASqYagoT6fk,backward,backward,2,44,0,0.0,0,0,0.0,0,0,0.0,0,0,0.0,0,0,0.0,0,0,0.0,0,0,0.0,0,0,0.0,0,0,0.0,0,0,0
R_67JxASqYagoT6fk,forward,forward,2,49,0,0.0,0,0,0.0,0,0,0.0,0,0,0.0,0,0,0.0,0,0,0.0,0,1,2.041,1,0,0.0,0,0,0.0,0,0,0
R_517vZRgZU5ms16S,ranking,backward,1,99,0,0.0,0,0,0.0,0,0,0.0,0,0,0.0,0,0,0.0,0,0,0.0,0,0,0.0,0,1,1.01,1,1,1.01,1,0,0
R_517vZRgZU5ms16S,backward,backward,1,24,0,0.0,0,0,0.0,0,0,0.0,0,0,0.0,0,0,0.0,0,0,0.0,0,0,0.0,0,0,0.0,0,0,0.0,0,0,0
R_517vZRgZU5ms16S,forward,forward,1,27,0,0.0,0,0,0.0,0,0,0.0,0,0,0.0,0,0,0.0,0,1,3.704,1,0,0.0,0,0,0.0,0,0,0.0,0,0,1
R_1mEuHJq6alynXqh,ranking,backward,3,66,1,1.515,1,0,0.0,0,0,0.0,0,0,0.0,0,0,0.0,0,0,0.0,0,1,1.515,1,0,0.0,0,1,1.515,1,1,0
R_1mEuHJq6alynXqh,backward,backward,3,45,0,0.0,0,0,0.0,0,0,0.0,0,0,0.0,0,0,0.0,0,0,0.0,0,1,2.222,1,1,2.222,1,1,2.222,1,0,0
R_1mEuHJq6alynXqh,forward,forward,3,30,0,0.0,0,0,0.0,0,0,0.0,0,0,0.0,0,0,0.0,0,0,0.0,0,0,0.0,0,0,0.0,0,1,3.333,1,0,0
R_3esKQHUXUBfghOZ,ranking,backward,1,17,0,0.0,0,0,0.0,0,0,0.0,0,0,0.0,0,0,0.0,0,0,0.0,0,0,0.0,0,1,5.882,1,2,11.765,2,0,0
R_3esKQHUXUBfghOZ,backward,backward,1,5,0,0.0,0,0,0.0,0,0,0.0,0,0,0.0,0,0,0.0,0,0,0.0,0,0,0.0,0,0,0.0,0,0,0.0,0,0,0
R_3esKQHUXUBfghOZ,forward,forward,1,7,0,0.0,0,0,0.0,0,0,0.0,0,0,0.0,0,0,0.0,0,0,0.0,0,0,0.0,0,0,0.0,0,0,0.0,0,0,0
R_1lFAvByyuvumMvt,ranking,backward,2,72,0,0.0,0,0,0.0,0,0,0.0,0,0,0.0,0,0,0.0,0,0,0.0,0,1,1.389,1,0,0.0,0,1,1.389,1,0,0
R_1lFAvByyuvumMvt,backward,backward,2,40,1,2.5,1,0,0.0,0,0,0.0,0,0,0.0,0,0,0.0,0,0,0.0,0,0,0.0,0,0,0.0,0,0,0.0,0,1,0
R_1lFAvByyuvumMvt,forward,forward,2,14,0,0.0,0,0,0.0,0,0,0.0,0,0,0.0,0,0,0.0,0,0,0.0,0,0,0.0,0,0,0.0,0,0,0.0,0,0,0
R_5CrIYwtOrnELkIC,ranking,backward,2,282,0,0.0,0,0,0.0,0,0,0.0,0,0,0.0,0,0,0.0,0,0,0.0,0,1,0.355,1,0,0.0,0,1,0.355,1,0,0
R_5CrIYwtOrnELkIC,backward,backward,2,91,1,1.099,1,0,0.0,0,0,0.0,0,0,0.0,0,0,0.0,0,0,0.0,0,0,0.0,0,0,0.0,0,0,0.0,0,1,0
R_5CrIYwtOrnELkIC,forward,forward,2,10,0,0.0,0,0,0.0,0,0,0.0,0,0,0.0,0,0,0.0,0,0,0.0,0,0,0.0,0,0,0.0,0,0,0.0,0,0,0
R_69mDO73P8P5Bouq,ranking,backward,1,56,1,1.786,1,0,0.0,0,0,0.0,0,0,0.0,0,0,0.0,0,0,0.0,0,1,1.786,1,0,0.0,0,0,0.0,0,1,0
R_69mDO73P8P5Bouq,backward,backward,1,28,0,0.0,0,0,0.0,0,0,0.0,0,0,0.0,0,0,0.0,0,0,0.0,0,0,0.0,0,0,0.0,0,0,0.0,0,0,0
R_69mDO73P8P5Bouq,forward,forward,1,6,1,16.667,1,0,0.0,0,0,0.0,0,0,0.0,0,0,0.0,0,0,0.0,0,1,16.667,1,0,0.0,0,0,0.0,0,1,0
R_3SGSNNCNGQv9W25,ranking,backward,3,29,0,0.0,0,0,0.0,0,0,0.0,0,0,0.0,0,0,0.0,0,0,0.0,0,0,0.0,0,1,3.448,1,0,0.0,0,0,0
R_3SGSNNCNGQv9W25,backward,backward,3,28,0,0.0,0,0,0.0,0,0,0.0,0,1,3.571,1,0,0.0,0,0,0.0,0,0,0.0,0,0,0.0,0,0,0.0,0,1,0
R_3SGSNNCNGQv9W25,forward,forward,3,16,0,0.0,0,0,0.0,0,0,0.0,0,0,0.0,0,0,0.0,0,1,6.25,1,0,0.0,0,0,0.0,0,0,0.0,0,0,1
R_3J2VREDOzVpCBI4,ranking,backward,3,0,0,0.0,0,0,0.0,0,0,0.0,0,0,0.0,0,0,0.0,0,0,0.0,0,0,0.0,0,0,0.0,0,0,0.0,0,0,0
R_3J2VREDOzVpCBI4,backward,backward,3,3,0,0.0,0,0,0.0,0,0,0.0,0,0,0.0,0,0,0.0,0,0,0.0,0,0,0.0,0,0,0.0,0,0,0.0,0,0,0
R_3J2VREDOzVpCBI4,forward,forward,3,4,0,0.0,0,0,0.0,0,0,0.0,0,0,0.0,0,0,0.0,0,0,0.0,0,0,0.0,0,1,25.0,1,0,0.0,0,0,0
R_1ttWKhMWl6hNzb2,ranking,backward,1,68,1,1.471,1,0,0.0,0,0,0.0,0,0,0.0,0,0,0.0,0,0,0.0,0,1,1.471,1,0,0.0,0,1,1.471,1,1,0
R_1ttWKhMWl6hNzb2,backward,backward,1,12,0,0.0,0,0,0.0,0,0,0.0,0,0,0.0,0,0,0.0,0,0,0.0,0,0,0.0,0,0,0.0,0,0,0.0,0,0,0
R_1ttWKhMWl6hNzb2,forward,forward,1,19,1,5.263,1,0,0.0,0,0,0.0,0,0,0.0,0,0,0.0,0,0,0.0,0,0,0.0,0,0,0.0,0,0,0.0,0,1,0
R_3170Z6UJxdRkU4Z,ranking,backward,2,28,1,3.571,1,0,0.0,0,0,0.0,0,0,0.0,0,0,0.0,0,0,0.0,0,0,0.0,0,0,0.0,0,1,3.571,1,1,0
R_3170Z6UJxdRkU4Z,backward,backward,2,5,0,0.0,0,0,0.0,0,0,0.0,0,0,0.0,0,0,0.0,0,0,0.0,0,0,0.0,0,0,0.0,0,0,0.0,0,0,0
R_3170Z6UJxdRkU4Z,forward,forward,2,6,0,0.0,0,0,0.0,0,0,0.0,0,0,0.0,0,0,0.0,0,0,0.0,0,0,0.0,0,0,0.0,0,0,0.0,0,0,0
R_5SBIjqbVbMaKNdT,ranking,backward,2,6,0,0.0,0,0,0.0,0,0,0.0,0,0,0.0,0,0,0.0,0,0,0.0,0,0,0.0,0,0,0.0,0,0,0.0,0,0,0
R_5SBIjqbVbMaKNdT,backward,backward,2,5,0,0.0,0,0,0.0,0,0,0.0,0,0,0.0,0,0,0.0,0,0,0.0,0,0,0.0,0,0,0.0,0,0,0.0,0,0,0
R_5SBIjqbVbMaKNdT,forward,forward,2,3,0,0.0,0,0,0.0,0,0,0.0,0,0,0.0,0,0,0.0,0,0,0.0,0,0,0.0,0,0,0.0,0,0,0.0,0,0,0
R_7y2vlIUU0QrC1mG,ranking,backward,1,604,1,0.166,1,0,0.0,0,0,0.0,0,0,0.0,0,0,0.0,0,0,0.0,0,0,0.0,0,1,0.166,1,1,0.166,1,1,0
R_7y2vlIUU0QrC1mG,backward,backward,1,25,1,4.0,1,0,0.0,0,0,0.0,0,0,0.0,0,0,0.0,0,0,0.0,0,0,0.0,0,0,0.0,0,0,0.0,0,1,0
R_7y2vlIUU0QrC1mG,forward,forward,1,137,1,0.73,1,1,0.73,1,0,0.0,0,0,0.0,0,0,0.0,0,0,0.0,0,0,0.0,0,1,0.73,1,1,0.73,1,1,0
R_7RyZ6UXi5WTt0Fr,ranking,backward,3,32,0,0.0,0,0,0.0,0,0,0.0,0,0,0.0,0,0,0.0,0,0,0.0,0,1,3.125,1,0,0.0,0,1,3.125,1,0,0
R_7RyZ6UXi5WTt0Fr,backward,backward,3,15,0,0.0,0,0,0.0,0,0,0.0,0,0,0.0,0,0,0.0,0,0,0.0,0,0,0.0,0,0,0.0,0,0,0.0,0,0,0
R_7RyZ6UXi5WTt0Fr,forward,forward,3,15,0,0.0,0,0,0.0,0,0,0.0,0,0,0.0,0,0,0.0,0,0,0.0,0,0,0.0,0,0,0.0,0,0,0.0,0,0,0
R_7hKBWKKN1QdKbDr,ranking,backward,1,13,0,0.0,0,0,0.0,0,0,0.0,0,0,0.0,0,0,0.0,0,0,0.0,0,0,0.0,0,0,0.0,0,1,7.692,1,0,0
R_7hKBWKKN1QdKbDr,backward,backward,1,21,0,0.0,0,0,0.0,0,0,0.0,0,0,0.0,0,0,0.0,0,0,0.0,0,0,0.0,0,0,0.0,0,0,0.0,0,0,0
R_7hKBWKKN1QdKbDr,forward,forward,1,14,0,0.0,0,0,0.0,0,0,0.0,0,0,0.0,0,0,0.0,0,0,0.0,0,0,0.0,0,0,0.0,0,0,0.0,0,0,0
R_5gMZEbNrmnxOz6I,ranking,backward,2,42,1,2.381,1,0,0.0,0,0,0.0,0,0,0.0,0,0,0.0,0,0,0.0,0,1,2.381,1,0,0.0,0,1,2.381,1,1,0
R_5gMZEbNrmnxOz6I,backward,backward,2,9,0,0.0,0,0,0.0,0,0,0.0,0,0,0.0,0,0,0.0,0,0,0.0,0,0,0.0,0,0,0.0,0,0,0.0,0,0,0
R_5gMZEbNrmnxOz6I,forward,forward,2,3,0,0.0,0,0,0.0,0,0,0.0,0,0,0.0,0,0,0.0,0,0,0.0,0,0,0.0,0,0,0.0,0,1,33.333,1,0,0
R_1knrjQhjAjNobCB,ranking,backward,3,27,0,0.0,0,0,0.0,0,0,0.0,0,0,0.0,0,0,0.0,0,0,0.0,0,0,0.0,0,0,0.0,0,0,0.0,0,0,0
R_1knrjQhjAjNobCB,backward,backward,3,11,0,0.0,0,0,0.0,0,0,0.0,0,0,0.0,0,0,0.0,0,0,0.0,0,0,0.0,0,0,0.0,0,0,0.0,0,0,0
R_1knrjQhjAjNobCB,forward,forward,3,12,0,0.0,0,0,0.0,0,0,0.0,0,0,0.0,0,0,0.0,0,0,0.0,0,1,8.333,1,0,0.0,0,0,0.0,0,0,0
R_1mV5V7y3a9Aieac,ranking,backward,1,52,0,0.0,0,0,0.0,0,0,0.0,0,0,0.0,0,0,0.0,0,0,0.0,0,1,1.923,1,0,0.0,0,1,1.923,1,0,0
R_1mV5V7y3a9Aieac,backward,backward,1,6,0,0.0,0,0,0.0,0,0,0.0,0,0,0.0,0,0,0.0,0,0,0.0,0,0,0.0,0,0,0.0,0,0,0.0,0,0,0
R_1mV5V7y3a9Aieac,forward,forward,1,17,0,0.0,0,0,0.0,0,0,0.0,0,0,0.0,0,0,0.0,0,0,0.0,0,0,0.0,0,0,0.0,0,0,0.0,0,0,0
R_7iFr2BfWudy78r8,ranking,backward,1,81,0,0.0,0,0,0.0,0,0,0.0,0,0,0.0,0,0,0.0,0,0,0.0,0,0,0.0,0,0,0.0,0,1,1.235,1,0,0
R_7iFr2BfWudy78r8,backward,backward,1,34,0,0.0,0,0,0.0,0,0,0.0,0,0,0.0,0,0,0.0,0,0,0.0,0,0,0.0,0,0,0.0,0,0,0.0,0,0,0
R_7iFr2BfWudy78r8,forward,forward,1,15,0,0.0,0,0,0.0,0,0,0.0,0,0,0.0,0,0,0.0,0,0,0.0,0,0,0.0,0,0,0.0,0,0,0.0,0,0,0
R_3xZfVcvnHRJUfUl,ranking,backward,3,31,0,0.0,0,0,0.0,0,0,0.0,0,0,0.0,0,0,0.0,0,0,0.0,0,1,3.226,1,0,0.0,0,1,3.226,1,0,0
R_3xZfVcvnHRJUfUl,backward,backward,3,28,0,0.0,0,1,3.571,1,0,0.0,0,0,0.0,0,0,0.0,0,0,0.0,0,0,0.0,0,0,0.0,0,0,0.0,0,1,0
R_3xZfVcvnHRJUfUl,forward,forward,3,26,1,3.846,1,0,0.0,0,0,0.0,0,0,0.0,0,0,0.0,0,0,0.0,0,0,0.0,0,0,0.0,0,0,0.0,0,1,0
R_35P6PNywolpNtUB,ranking,backward,3,23,0,0.0,0,0,0.0,0,0,0.0,0,0,0.0,0,0,0.0,0,0,0.0,0,0,0.0,0,0,0.0,0,0,0.0,0,0,0
R_35P6PNywolpNtUB,backward,backward,3,3,0,0.0,0,0,0.0,0,0,0.0,0,0,0.0,0,0,0.0,0,0,0.0,0,0,0.0,0,0,0.0,0,0,0.0,0,0,0
R_35P6PNywolpNtUB,forward,forward,3,6,0,0.0,0,0,0.0,0,0,0.0,0,0,0.0,0,0,0.0,0,0,0.0,0,0,0.0,0,0,0.0,0,0,0.0,0,0,0
R_5RWyeZaY2kY9O0F,ranking,backward,2,50,1,2.0,1,0,0.0,0,0,0.0,0,0,0.0,0,0,0.0,0,0,0.0,0,1,2.0,1,1,2.0,1,0,0.0,0,1,0
R_5RWyeZaY2kY9O0F,backward,backward,2,42,0,0.0,0,0,0.0,0,0,0.0,0,0,0.0,0,0,0.0,0,0,0.0,0,0,0.0,0,2,4.762,2,0,0.0,0,0,0
R_5RWyeZaY2kY9O0F,forward,forward,2,77,1,1.299,1,0,0.0,0,0,0.0,0,0,0.0,0,0,0.0,0,0,0.0,0,0,0.0,0,1,1.299,1,0,0.0,0,1,0
R_3DT0DIxsIy6hBL3,ranking,backward,1,3,0,0.0,0,0,0.0,0,0,0.0,0,0,0.0,0,0,0.0,0,0,0.0,0,1,33.333,1,0,0.0,0,0,0.0,0,0,0
R_3DT0DIxsIy6hBL3,backward,backward,1,9,0,0.0,0,0,0.0,0,0,0.0,0,0,0.0,0,0,0.0,0,0,0.0,0,0,0.0,0,0,0.0,0,0,0.0,0,0,0
R_3DT0DIxsIy6hBL3,forward,forward,1,3,0,0.0,0,0,0.0,0,0,0.0,0,0,0.0,0,0,0.0,0,0,0.0,0,0,0.0,0,0,0.0,0,0,0.0,0,0,0
R_3fYSi7RLf6EHK8W,ranking,backward,3,47,0,0.0,0,0,0.0,0,0,0.0,0,0,0.0,0,0,0.0,0,0,0.0,0,0,0.0,0,1,2.128,1,1,2.128,1,0,0
R_3fYSi7RLf6EHK8W,backward,backward,3,13,0,0.0,0,0,0.0,0,0,0.0,0,0,0.0,0,0,0.0,0,0,0.0,0,0,0.0,0,0,0.0,0,0,0.0,0,0,0
R_3fYSi7RLf6EHK8W,forward,forward,3,25,0,0.0,0,0,0.0,0,0,0.0,0,0,0.0,0,0,0.0,0,0,0.0,0,0,0.0,0,0,0.0,0,0,0.0,0,0,0
R_7QtFYnBFzbXzlr3,ranking,backward,2,31,0,0.0,0,0,0.0,0,0,0.0,0,0,0.0,0,0,0.0,0,0,0.0,0,0,0.0,0,0,0.0,0,2,6.452,2,0,0
R_7QtFYnBFzbXzlr3,backward,backward,2,21,0,0.0,0,0,0.0,0,0,0.0,0,0,0.0,0,0,0.0,0,0,0.0,0,0,0.0,0,0,0.0,0,0,0.0,0,0,0
R_7QtFYnBFzbXzlr3,forward,forward,2,22,0,0.0,0,0,0.0,0,0,0.0,0,0,0.0,0,0,0.0,0,0,0.0,0,0,0.0,0,0,0.0,0,1,4.545,1,0,0
R_5SShBcq8iGVovFn,ranking,backward,2,11,0,0.0,0,0,0.0,0,0,0.0,0,0,0.0,0,0,0.0,0,0,0.0,0,0,0.0,0,0,0.0,0,0,0.0,0,0,0
R_5SShBcq8iGVovFn,backward,backward,2,10,0,0.0,0,0,0.0,0,0,0.0,0,0,0.0,0,0,0.0,0,0,0.0,0,0,0.0,0,0,0.0,0,0,0.0,0,0,0
R_5SShBcq8iGVovFn,forward,forward,2,0,0,0.0,0,0,0.0,0,0,0.0,0,0,0.0,0,0,0.0,0,0,0.0,0,0,0.0,0,0,0.0,0,0,0.0,0,0,0
R_5kLfLiwadLf356k,ranking,backward,2,35,1,2.857,1,0,0.0,0,0,0.0,0,0,0.0,0,0,0.0,0,0,0.0,0,0,0.0,0,0,0.0,0,0,0.0,0,1,0
R_5kLfLiwadLf356k,backward,backward,2,5,0,0.0,0,0,0.0,0,0,0.0,0,0,0.0,0,0,0.0,0,0,0.0,0,0,0.0,0,0,0.0,0,0,0.0,0,0,0
R_5kLfLiwadLf356k,forward,forward,2,5,0,0.0,0,0,0.0,0,0,0.0,0,0,0.0,0,0,0.0,0,0,0.0,0,0,0.0,0,1,20.0,1,0,0.0,0,0,0
R_1GCVxQWqH8PAoiv,ranking,backward,2,17,0,0.0,0,0,0.0,0,0,0.0,0,0,0.0,0,0,0.0,0,0,0.0,0,0,0.0,0,0,0.0,0,0,0.0,0,0,0
R_1GCVxQWqH8PAoiv,backward,backward,2,8,0,0.0,0,0,0.0,0,0,0.0,0,0,0.0,0,0,0.0,0,0,0.0,0,0,0.0,0,0,0.0,0,0,0.0,0,0,0
R_1GCVxQWqH8PAoiv,forward,forward,2,4,0,0.0,0,0,0.0,0,0,0.0,0,0,0.0,0,0,0.0,0,0,0.0,0,0,0.0,0,0,0.0,0,1,25.0,1,0,0
R_3ZTZbRtO5wI67nR,ranking,backward,3,18,0,0.0,0,0,0.0,0,0,0.0,0,0,0.0,0,0,0.0,0,0,0.0,0,0,0.0,0,0,0.0,0,1,5.556,1,0,0
R_3ZTZbRtO5wI67nR,backward,backward,3,27,0,0.0,0,0,0.0,0,0,0.0,0,0,0.0,0,0,0.0,0,0,0.0,0,0,0.0,0,0,0.0,0,1,3.704,1,0,0
R_3ZTZbRtO5wI67nR,forward,forward,3,26,0,0.0,0,0,0.0,0,0,0.0,0,0,0.0,0,0,0.0,0,0,0.0,0,0,0.0,0,0,0.0,0,0,0.0,0,0,0
R_6170TpNs0nJtaGu,ranking,backward,3,47,1,2.128,1,0,0.0,0,0,0.0,0,0,0.0,0,0,0.0,0,0,0.0,0,0,0.0,0,1,2.128,1,1,2.128,1,1,0
R_6170TpNs0nJtaGu,backward,backward,3,16,0,0.0,0,0,0.0,0,0,0.0,0,0,0.0,0,0,0.0,0,0,0.0,0,0,0.0,0,0,0.0,0,0,0.0,0,0,0
R_6170TpNs0nJtaGu,forward,forward,3,22,0,0.0,0,0,0.0,0,0,0.0,0,0,0.0,0,0,0.0,0,0,0.0,0,0,0.0,0,0,0.0,0,0,0.0,0,0,0
R_7HpKsAwcQUrkSs3,ranking,backward,1,223,1,0.448,1,0,0.0,0,0,0.0,0,0,0.0,0,0,0.0,0,0,0.0,0,1,0.448,1,1,0.448,1,2,0.897,2,1,0
R_7HpKsAwcQUrkSs3,backward,backward,1,67,0,0.0,0,0,0.0,0,0,0.0,0,0,0.0,0,0,0.0,0,0,0.0,0,0,0.0,0,0,0.0,0,0,0.0,0,0,0
R_7HpKsAwcQUrkSs3,forward,forward,1,109,0,0.0,0,0,0.0,0,0,0.0,0,0,0.0,0,0,0.0,0,0,0.0,0,0,0.0,0,1,0.917,1,0,0.0,0,0,0
R_7QzXIPqkfxn7jHd,ranking,backward,1,32,0,0.0,0,0,0.0,0,0,0.0,0,0,0.0,0,0,0.0,0,0,0.0,0,0,0.0,0,0,0.0,0,1,3.125,1,0,0
R_7QzXIPqkfxn7jHd,backward,backward,1,22,0,0.0,0,0,0.0,0,0,0.0,0,0,0.0,0,0,0.0,0,0,0.0,0,0,0.0,0,0,0.0,0,0,0.0,0,0,0
R_7QzXIPqkfxn7jHd,forward,forward,1,20,0,0.0,0,0,0.0,0,0,0.0,0,0,0.0,0,0,0.0,0,0,0.0,0,0,0.0,0,0,0.0,0,0,0.0,0,0,0
R_5Be4k3sPxUg9CLv,ranking,backward,3,24,1,4.167,1,0,0.0,0,0,0.0,0,0,0.0,0,0,0.0,0,0,0.0,0,0,0.0,0,0,0.0,0,0,0.0,0,1,0
R_5Be4k3sPxUg9CLv,backward,backward,3,19,0,0.0,0,0,0.0,0,0,0.0,0,0,0.0,0,0,0.0,0,0,0.0,0,0,0.0,0,0,0.0,0,0,0.0,0,0,0
R_5Be4k3sPxUg9CLv,forward,forward,3,17,0,0.0,0,0,0.0,0,0,0.0,0,0,0.0,0,0,0.0,0,0,0.0,0,0,0.0,0,0,0.0,0,1,5.882,1,0,0
R_3TLXJIuRgojkg5J,ranking,backward,1,23,0,0.0,0,0,0.0,0,0,0.0,0,0,0.0,0,0,0.0,0,0,0.0,0,0,0.0,0,0,0.0,0,1,4.348,1,0,0
R_3TLXJIuRgojkg5J,backward,backward,1,9,0,0.0,0,0,0.0,0,0,0.0,0,0,0.0,0,0,0.0,0,0,0.0,0,0,0.0,0,0,0.0,0,0,0.0,0,0,0
R_3TLXJIuRgojkg5J,forward,forward,1,21,1,4.762,1,0,0.0,0,0,0.0,0,0,0.0,0,0,0.0,0,0,0.0,0,0,0.0,0,0,0.0,0,0,0.0,0,1,0
R_5goKjlDrxgfVqJP,ranking,backward,2,107,0,0.0,0,0,0.0,0,0,0.0,0,0,0.0,0,0,0.0,0,0,0.0,0,1,0.935,1,0,0.0,0,1,0.935,1,0,0
R_5goKjlDrxgfVqJP,backward,backward,2,35,0,0.0,0,0,0.0,0,0,0.0,0,0,0.0,0,0,0.0,0,0,0.0,0,0,0.0,0,1,2.857,1,0,0.0,0,0,0
R_5goKjlDrxgfVqJP,forward,forward,2,6,0,0.0,0,0,0.0,0,0,0.0,0,0,0.0,0,0,0.0,0,0,0.0,0,0,0.0,0,0,0.0,0,0,0.0,0,0,0
R_6oASChNeVJ82HWJ,ranking,backward,1,96,1,1.042,1,0,0.0,0,0,0.0,0,0,0.0,0,0,0.0,0,0,0.0,0,1,1.042,1,1,1.042,1,1,1.042,1,1,0
R_6oASChNeVJ82HWJ,backward,backward,1,48,0,0.0,0,0,0.0,0,0,0.0,0,0,0.0,0,0,0.0,0,0,0.0,0,0,0.0,0,1,2.083,1,0,0.0,0,0,0
R_6oASChNeVJ82HWJ,forward,forward,1,17,0,0.0,0,0,0.0,0,0,0.0,0,0,0.0,0,0,0.0,0,0,0.0,0,1,5.882,1,0,0.0,0,0,0.0,0,0,0
R_3z6WaLtb0KtGV77,ranking,backward,3,7,1,14.286,1,0,0.0,0,0,0.0,0,0,0.0,0,0,0.0,0,0,0.0,0,0,0.0,0,0,0.0,0,0,0.0,0,1,0
R_3z6WaLtb0KtGV77,backward,backward,3,9,1,11.111,1,0,0.0,0,0,0.0,0,0,0.0,0,0,0.0,0,0,0.0,0,0,0.0,0,0,0.0,0,0,0.0,0,1,0
R_3z6WaLtb0KtGV77,forward,forward,3,1,0,0.0,0,0,0.0,0,0,0.0,0,0,0.0,0,0,0.0,0,0,0.0,0,0,0.0,0,0,0.0,0,0,0.0,0,0,0
R_5e5wKCV2Fj6MsT0,ranking,backward,3,11,0,0.0,0,0,0.0,0,0,0.0,0,0,0.0,0,0,0.0,0,0,0.0,0,0,0.0,0,1,9.091,1,0,0.0,0,0,0
R_5e5wKCV2Fj6MsT0,backward,backward,3,13,0,0.0,0,0,0.0,0,0,0.0,0,0,0.0,0,0,0.0,0,0,0.0,0,0,0.0,0,0,0.0,0,0,0.0,0,0,0
R_5e5wKCV2Fj6MsT0,forward,forward,3,12,0,0.0,0,0,0.0,0,0,0.0,0,0,0.0,0,0,0.0,0,0,0.0,0,0,0.0,0,0,0.0,0,0,0.0,0,0,0
R_3fll2cuQn0q0G6v,ranking,backward,2,42,1,2.381,1,0,0.0,0,0,0.0,0,0,0.0,0,0,0.0,0,0,0.0,0,0,0.0,0,0,0.0,0,0,0.0,0,1,0
R_3fll2cuQn0q0G6v,backward,backward,2,18,1,5.556,1,0,0.0,0,0,0.0,0,0,0.0,0,0,0.0,0,0,0.0,0,0,0.0,0,0,0.0,0,0,0.0,0,1,0
R_3fll2cuQn0q0G6v,forward,forward,2,8,0,0.0,0,0,0.0,0,0,0.0,0,0,0.0,0,0,0.0,0,0,0.0,0,0,0.0,0,0,0.0,0,0,0.0,0,0,0
R_5qlzJhgtOf2ofjX,ranking,backward,1,31,0,0.0,0,0,0.0,0,0,0.0,0,0,0.0,0,0,0.0,0,0,0.0,0,0,0.0,0,0,0.0,0,1,3.226,1,0,0
R_5qlzJhgtOf2ofjX,backward,backward,1,36,1,2.778,1,0,0.0,0,0,0.0,0,0,0.0,0,0,0.0,0,0,0.0,0,0,0.0,0,0,0.0,0,0,0.0,0,1,0
R_5qlzJhgtOf2ofjX,forward,forward,1,37,0,0.0,0,0,0.0,0,0,0.0,0,0,0.0,0,0,0.0,0,0,0.0,0,0,0.0,0,0,0.0,0,0,0.0,0,0,0
R_3nwPcz1hlz4BNdw,ranking,backward,1,33,0,0.0,0,0,0.0,0,0,0.0,0,0,0.0,0,0,0.0,0,0,0.0,0,1,3.03,1,0,0.0,0,0,0.0,0,0,0
R_3nwPcz1hlz4BNdw,backward,backward,1,16,0,0.0,0,0,0.0,0,0,0.0,0,0,0.0,0,0,0.0,0,0,0.0,0,0,0.0,0,0,0.0,0,0,0.0,0,0,0
R_3nwPcz1hlz4BNdw,forward,forward,1,9,0,0.0,0,0,0.0,0,0,0.0,0,0,0.0,0,0,0.0,0,0,0.0,0,0,0.0,0,0,0.0,0,0,0.0,0,0,0
R_3vbXB9IAwIABtmN,ranking,backward,3,22,0,0.0,0,0,0.0,0,0,0.0,0,0,0.0,0,0,0.0,0,0,0.0,0,0,0.0,0,0,0.0,0,1,4.545,1,0,0
R_3vbXB9IAwIABtmN,backward,backward,3,10,0,0.0,0,0,0.0,0,0,0.0,0,0,0.0,0,0,0.0,0,0,0.0,0,0,0.0,0,0,0.0,0,0,0.0,0,0,0
R_3vbXB9IAwIABtmN,forward,forward,3,30,0,0.0,0,0,0.0,0,0,0.0,0,0,0.0,0,0,0.0,0,0,0.0,0,0,0.0,0,1,3.333,1,0,0.0,0,0,0
R_1QRBn2AWbQ7java,ranking,backward,2,50,0,0.0,0,0,0.0,0,0,0.0,0,0,0.0,0,0,0.0,0,0,0.0,0,1,2.0,1,1,2.0,1,1,2.0,1,0,0
R_1QRBn2AWbQ7java,backward,backward,2,30,0,0.0,0,0,0.0,0,0,0.0,0,0,0.0,0,0,0.0,0,0,0.0,0,0,0.0,0,1,3.333,1,0,0.0,0,0,0
R_1QRBn2AWbQ7java,forward,forward,2,12,0,0.0,0,0,0.0,0,0,0.0,0,0,0.0,0,0,0.0,0,0,0.0,0,0,0.0,0,0,0.0,0,0,0.0,0,0,0
R_60rxCZE6KWddXJ0,ranking,backward,3,36,0,0.0,0,0,0.0,0,0,0.0,0,0,0.0,0,0,0.0,0,0,0.0,0,0,0.0,0,0,0.0,0,0,0.0,0,0,0
R_60rxCZE6KWddXJ0,backward,backward,3,24,0,0.0,0,0,0.0,0,0,0.0,0,0,0.0,0,0,0.0,0,0,0.0,0,0,0.0,0,1,4.167,1,0,0.0,0,0,0
R_60rxCZE6KWddXJ0,forward,forward,3,18,0,0.0,0,0,0.0,0,0,0.0,0,0,0.0,0,0,0.0,0,0,0.0,0,0,0.0,0,1,5.556,1,0,0.0,0,0,0
R_1TLQbRqsGU8A4rn,ranking,backward,1,56,0,0.0,0,0,0.0,0,0,0.0,0,0,0.0,0,0,0.0,0,0,0.0,0,0,0.0,0,0,0.0,0,0,0.0,0,0,0
R_1TLQbRqsGU8A4rn,backward,backward,1,48,0,0.0,0,0,0.0,0,0,0.0,0,0,0.0,0,0,0.0,0,0,0.0,0,0,0.0,0,0,0.0,0,0,0.0,0,0,0
R_1TLQbRqsGU8A4rn,forward,forward,1,39,0,0.0,0,0,0.0,0,0,0.0,0,0,0.0,0,0,0.0,0,0,0.0,0,0,0.0,0,0,0.0,0,1,2.564,1,0,0
R_37e5e0QC8RzXdaV,ranking,backward,2,71,0,0.0,0,0,0.0,0,0,0.0,0,0,0.0,0,1,1.408,1,0,0.0,0,0,0.0,0,0,0.0,0,1,1.408,1,0,1
R_37e5e0QC8RzXdaV,backward,backward,2,36,1,2.778,1,0,0.0,0,0,0.0,0,0,0.0,0,0,0.0,0,0,0.0,0,0,0.0,0,0,0.0,0,0,0.0,0,1,0
R_37e5e0QC8RzXdaV,forward,forward,2,1,0,0.0,0,0,0.0,0,0,0.0,0,0,0.0,0,0,0.0,0,0,0.0,0,0,0.0,0,0,0.0,0,0,0.0,0,0,0
R_5rP3awBoT4iVVmt,ranking,backward,3,63,0,0.0,0,0,0.0,0,0,0.0,0,0,0.0,0,0,0.0,0,0,0.0,0,0,0.0,0,0,0.0,0,0,0.0,0,0,0
R_5rP3awBoT4iVVmt,backward,backward,3,35,0,0.0,0,0,0.0,0,0,0.0,0,0,0.0,0,0,0.0,0,0,0.0,0,0,0.0,0,0,0.0,0,0,0.0,0,0,0
R_5rP3awBoT4iVVmt,forward,forward,3,18,0,0.0,0,1,5.556,1,0,0.0,0,0,0.0,0,0,0.0,0,0,0.0,0,0,0.0,0,0,0.0,0,0,0.0,0,1,0
R_50VcJ1KCbwMmcBP,ranking,backward,2,35,0,0.0,0,0,0.0,0,0,0.0,0,0,0.0,0,0,0.0,0,0,0.0,0,1,2.857,1,1,2.857,1,1,2.857,1,0,0
R_50VcJ1KCbwMmcBP,backward,backward,2,18,1,5.556,1,0,0.0,0,0,0.0,0,0,0.0,0,0,0.0,0,0,0.0,0,0,0.0,0,0,0.0,0,0,0.0,0,1,0
R_50VcJ1KCbwMmcBP,forward,forward,2,10,0,0.0,0,0,0.0,0,0,0.0,0,0,0.0,0,0,0.0,0,0,0.0,0,0,0.0,0,0,0.0,0,0,0.0,0,0,0
R_5Gk4t90mWH4d5V3,ranking,backward,1,46,0,0.0,0,0,0.0,0,0,0.0,0,0,0.0,0,0,0.0,0,0,0.0,0,0,0.0,0,0,0.0,0,1,2.174,1,0,0
R_5Gk4t90mWH4d5V3,backward,backward,1,19,0,0.0,0,0,0.0,0,0,0.0,0,0,0.0,0,0,0.0,0,0,0.0,0,0,0.0,0,0,0.0,0,0,0.0,0,0,0
R_5Gk4t90mWH4d5V3,forward,forward,1,15,0,0.0,0,0,0.0,0,0,0.0,0,0,0.0,0,0,0.0,0,0,0.0,0,0,0.0,0,0,0.0,0,0,0.0,0,0,0
R_5XMgAiyQX5Svtrb,ranking,backward,1,34,0,0.0,0,0,0.0,0,0,0.0,0,0,0.0,0,0,0.0,0,0,0.0,0,1,2.941,1,0,0.0,0,0,0.0,0,0,0
R_5XMgAiyQX5Svtrb,backward,backward,1,33,0,0.0,0,0,0.0,0,0,0.0,0,0,0.0,0,0,0.0,0,0,0.0,0,0,0.0,0,1,3.03,1,0,0.0,0,0,0
R_5XMgAiyQX5Svtrb,forward,forward,1,9,0,0.0,0,0,0.0,0,0,0.0,0,0,0.0,0,0,0.0,0,0,0.0,0,0,0.0,0,0,0.0,0,0,0.0,0,0,0
R_5qyx2l8jdJeE6vT,ranking,backward,2,19,0,0.0,0,0,0.0,0,0,0.0,0,0,0.0,0,0,0.0,0,0,0.0,0,0,0.0,0,1,5.263,1,0,0.0,0,0,0
R_5qyx2l8jdJeE6vT,backward,backward,2,10,0,0.0,0,0,0.0,0,0,0.0,0,0,0.0,0,0,0.0,0,0,0.0,0,0,0.0,0,0,0.0,0,0,0.0,0,0,0
R_5qyx2l8jdJeE6vT,forward,forward,2,8,0,0.0,0,1,12.5,1,0,0.0,0,0,0.0,0,0,0.0,0,0,0.0,0,0,0.0,0,0,0.0,0,0,0.0,0,1,0
R_1CddutvJ9kibC7f,ranking,backward,2,8,1,12.5,1,0,0.0,0,0,0.0,0,0,0.0,0,0,0.0,0,0,0.0,0,0,0.0,0,0,0.0,0,1,12.5,1,1,0
R_1CddutvJ9kibC7f,backward,backward,2,9,0,0.0,0,0,0.0,0,0,0.0,0,0,0.0,0,0,0.0,0,0,0.0,0,0,0.0,0,0,0.0,0,0,0.0,0,0,0
R_1CddutvJ9kibC7f,forward,forward,2,7,0,0.0,0,0,0.0,0,0,0.0,0,0,0.0,0,0,0.0,0,0,0.0,0,0,0.0,0,0,0.0,0,0,0.0,0,0,0
R_3khrUPSNxIJrz4x,ranking,backward,3,36,0,0.0,0,0,0.0,0,0,0.0,0,0,0.0,0,0,0.0,0,0,0.0,0,0,0.0,0,0,0.0,0,0,0.0,0,0,0
R_3khrUPSNxIJrz4x,backward,backward,3,17,0,0.0,0,0,0.0,0,0,0.0,0,0,0.0,0,0,0.0,0,0,0.0,0,0,0.0,0,1,5.882,1,0,0.0,0,0,0
R_3khrUPSNxIJrz4x,forward,forward,3,4,0,0.0,0,0,0.0,0,0,0.0,0,0,0.0,0,0,0.0,0,0,0.0,0,0,0.0,0,0,0.0,0,0,0.0,0,0,0
R_7J7NWHq87YUwhzB,ranking,backward,3,45,0,0.0,0,0,0.0,0,0,0.0,0,0,0.0,0,0,0.0,0,0,0.0,0,0,0.0,0,0,0.0,0,0,0.0,0,0,0
R_7J7NWHq87YUwhzB,backward,backward,3,13,1,7.692,1,0,0.0,0,0,0.0,0,0,0.0,0,0,0.0,0,0,0.0,0,0,0.0,0,0,0.0,0,0,0.0,0,1,0
R_7J7NWHq87YUwhzB,forward,forward,3,5,0,0.0,0,0,0.0,0,0,0.0,0,0,0.0,0,0,0.0,0,0,0.0,0,0,0.0,0,0,0.0,0,0,0.0,0,0,0
R_3BLpJMEyvnyItep,ranking,backward,2,11,0,0.0,0,0,0.0,0,0,0.0,0,0,0.0,0,0,0.0,0,0,0.0,0,0,0.0,0,0,0.0,0,0,0.0,0,0,0
R_3BLpJMEyvnyItep,backward,backward,2,9,0,0.0,0,0,0.0,0,0,0.0,0,0,0.0,0,0,0.0,0,0,0.0,0,0,0.0,0,0,0.0,0,0,0.0,0,0,0
R_3BLpJMEyvnyItep,forward,forward,2,4,0,0.0,0,0,0.0,0,0,0.0,0,0,0.0,0,0,0.0,0,0,0.0,0,0,0.0,0,0,0.0,0,0,0.0,0,0,0
R_7dvIaljRZYzhENH,ranking,backward,1,65,0,0.0,0,0,0.0,0,0,0.0,0,0,0.0,0,0,0.0,0,0,0.0,0,0,0.0,0,0,0.0,0,0,0.0,0,0,0
R_7dvIaljRZYzhENH,backward,backward,1,157,0,0.0,0,0,0.0,0,0,0.0,0,0,0.0,0,0,0.0,0,0,0.0,0,0,0.0,0,0,0.0,0,0,0.0,0,0,0
R_7dvIaljRZYzhENH,forward,forward,1,116,0,0.0,0,0,0.0,0,0,0.0,0,0,0.0,0,0,0.0,0,0,0.0,0,0,0.0,0,0,0.0,0,1,0.862,1,0,0
R_1Qhc0drUAB7r4TT,ranking,backward,3,115,0,0.0,0,0,0.0,0,0,0.0,0,0,0.0,0,0,0.0,0,0,0.0,0,1,0.87,1,0,0.0,0,1,0.87,1,0,0
R_1Qhc0drUAB7r4TT,backward,backward,3,97,0,0.0,0,0,0.0,0,0,0.0,0,0,0.0,0,0,0.0,0,0,0.0,0,0,0.0,0,0,0.0,0,1,1.031,1,0,0
R_1Qhc0drUAB7r4TT,forward,forward,3,42,0,0.0,0,0,0.0,0,0,0.0,0,0,0.0,0,0,0.0,0,0,0.0,0,0,0.0,0,0,0.0,0,0,0.0,0,0,0
R_5WEgP3nh7SeQbvz,ranking,backward,1,25,0,0.0,0,0,0.0,0,0,0.0,0,0,0.0,0,0,0.0,0,0,0.0,0,0,0.0,0,0,0.0,0,1,4.0,1,0,0
R_5WEgP3nh7SeQbvz,backward,backward,1,24,0,0.0,0,0,0.0,0,0,0.0,0,0,0.0,0,0,0.0,0,0,0.0,0,0,0.0,0,0,0.0,0,0,0.0,0,0,0
R_5WEgP3nh7SeQbvz,forward,forward,1,5,0,0.0,0,0,0.0,0,0,0.0,0,0,0.0,0,0,0.0,0,0,0.0,0,0,0.0,0,0,0.0,0,0,0.0,0,0,0
R_3C1F77wrPWzZGro,ranking,backward,1,19,1,5.263,1,0,0.0,0,0,0.0,0,0,0.0,0,0,0.0,0,0,0.0,0,0,0.0,0,0,0.0,0,0,0.0,0,1,0
R_3C1F77wrPWzZGro,backward,backward,1,13,1,7.692,1,0,0.0,0,0,0.0,0,0,0.0,0,0,0.0,0,0,0.0,0,0,0.0,0,0,0.0,0,0,0.0,0,1,0
R_3C1F77wrPWzZGro,forward,forward,1,5,0,0.0,0,0,0.0,0,0,0.0,0,0,0.0,0,0,0.0,0,0,0.0,0,0,0.0,0,0,0.0,0,0,0.0,0,0,0
R_3EGBcqmJkQjbnVk,ranking,backward,3,11,0,0.0,0,0,0.0,0,0,0.0,0,0,0.0,0,0,0.0,0,0,0.0,0,0,0.0,0,0,0.0,0,0,0.0,0,0,0
R_3EGBcqmJkQjbnVk,backward,backward,3,9,0,0.0,0,0,0.0,0,0,0.0,0,0,0.0,0,0,0.0,0,0,0.0,0,0,0.0,0,0,0.0,0,0,0.0,0,0,0
R_3EGBcqmJkQjbnVk,forward,forward,3,3,0,0.0,0,0,0.0,0,0,0.0,0,0,0.0,0,0,0.0,0,0,0.0,0,0,0.0,0,0,0.0,0,0,0.0,0,0,0
R_1WWNT37grZVu9fb,ranking,backward,3,10,0,0.0,0,0,0.0,0,0,0.0,0,0,0.0,0,0,0.0,0,0,0.0,0,0,0.0,0,1,10.0,1,0,0.0,0,0,0
R_1WWNT37grZVu9fb,backward,backward,3,6,0,0.0,0,0,0.0,0,0,0.0,0,0,0.0,0,0,0.0,0,0,0.0,0,0,0.0,0,0,0.0,0,0,0.0,0,0,0
R_1WWNT37grZVu9fb,forward,forward,3,8,0,0.0,0,0,0.0,0,0,0.0,0,0,0.0,0,0,0.0,0,0,0.0,0,0,0.0,0,0,0.0,0,0,0.0,0,0,0
R_1QFh0uMymcXGeYw,ranking,backward,1,80,1,1.25,1,0,0.0,0,0,0.0,0,0,0.0,0,0,0.0,0,0,0.0,0,1,1.25,1,0,0.0,0,1,1.25,1,1,0
R_1QFh0uMymcXGeYw,backward,backward,1,24,0,0.0,0,0,0.0,0,0,0.0,0,0,0.0,0,0,0.0,0,0,0.0,0,0,0.0,0,0,0.0,0,0,0.0,0,0,0
R_1QFh0uMymcXGeYw,forward,forward,1,10,0,0.0,0,0,0.0,0,0,0.0,0,0,0.0,0,0,0.0,0,0,0.0,0,0,0.0,0,0,0.0,0,0,0.0,0,0,0
R_7EPnQPs9iClTf21,ranking,backward,2,232,0,0.0,0,0,0.0,0,0,0.0,0,0,0.0,0,0,0.0,0,1,0.431,1,0,0.0,0,0,0.0,0,1,0.431,1,0,1
R_7EPnQPs9iClTf21,backward,backward,2,34,0,0.0,0,0,0.0,0,0,0.0,0,0,0.0,0,0,0.0,0,0,0.0,0,0,0.0,0,0,0.0,0,1,2.941,1,0,0
R_7EPnQPs9iClTf21,forward,forward,2,22,0,0.0,0,0,0.0,0,0,0.0,0,0,0.0,0,0,0.0,0,0,0.0,0,0,0.0,0,0,0.0,0,1,4.545,1,0,0
R_1s7kNOKGXy2cuir,ranking,backward,1,31,1,3.226,1,0,0.0,0,0,0.0,0,0,0.0,0,0,0.0,0,0,0.0,0,1,3.226,1,1,3.226,1,0,0.0,0,1,0
R_1s7kNOKGXy2cuir,backward,backward,1,53,0,0.0,0,0,0.0,0,0,0.0,0,0,0.0,0,0,0.0,0,0,0.0,0,0,0.0,0,1,1.887,1,0,0.0,0,0,0
R_1s7kNOKGXy2cuir,forward,forward,1,12,0,0.0,0,0,0.0,0,0,0.0,0,0,0.0,0,0,0.0,0,0,0.0,0,0,0.0,0,0,0.0,0,0,0.0,0,0,0
R_53lO3NiS91sSOBo,ranking,backward,2,18,0,0.0,0,0,0.0,0,0,0.0,0,0,0.0,0,0,0.0,0,0,0.0,0,0,0.0,0,0,0.0,0,0,0.0,0,0,0
R_53lO3NiS91sSOBo,backward,backward,2,16,0,0.0,0,0,0.0,0,0,0.0,0,0,0.0,0,0,0.0,0,0,0.0,0,0,0.0,0,0,0.0,0,0,0.0,0,0,0
R_53lO3NiS91sSOBo,forward,forward,2,18,0,0.0,0,0,0.0,0,0,0.0,0,0,0.0,0,0,0.0,0,0,0.0,0,0,0.0,0,0,0.0,0,0,0.0,0,0,0
R_1P1dveIIUYTkc4a,ranking,backward,2,111,0,0.0,0,0,0.0,0,0,0.0,0,0,0.0,0,0,0.0,0,0,0.0,0,1,0.901,1,0,0.0,0,1,0.901,1,0,0
R_1P1dveIIUYTkc4a,backward,backward,2,29,0,0.0,0,0,0.0,0,0,0.0,0,0,0.0,0,0,0.0,0,0,0.0,0,0,0.0,0,0,0.0,0,0,0.0,0,0,0
R_1P1dveIIUYTkc4a,forward,forward,2,34,0,0.0,0,0,0.0,0,0,0.0,0,0,0.0,0,0,0.0,0,0,0.0,0,0,0.0,0,0,0.0,0,1,2.941,1,0,0
R_7dmpwgIoGABwmkP,ranking,backward,3,42,0,0.0,0,0,0.0,0,0,0.0,0,0,0.0,0,0,0.0,0,0,0.0,0,0,0.0,0,1,2.381,1,1,2.381,1,0,0
R_7dmpwgIoGABwmkP,backward,backward,3,27,0,0.0,0,0,0.0,0,0,0.0,0,0,0.0,0,0,0.0,0,0,0.0,0,0,0.0,0,0,0.0,0,0,0.0,0,0,0
R_7dmpwgIoGABwmkP,forward,forward,3,19,0,0.0,0,0,0.0,0,0,0.0,0,0,0.0,0,0,0.0,0,0,0.0,0,0,0.0,0,0,0.0,0,0,0.0,0,0,0
R_1aM2CQrdaLxd1br,ranking,backward,1,56,0,0.0,0,0,0.0,0,0,0.0,0,0,0.0,0,0,0.0,0,0,0.0,0,1,1.786,1,0,0.0,0,1,1.786,1,0,0
R_1aM2CQrdaLxd1br,backward,backward,1,27,0,0.0,0,0,0.0,0,0,0.0,0,0,0.0,0,0,0.0,0,0,0.0,0,0,0.0,0,0,0.0,0,0,0.0,0,0,0
R_1aM2CQrdaLxd1br,forward,forward,1,26,0,0.0,0,0,0.0,0,0,0.0,0,0,0.0,0,0,0.0,0,0,0.0,0,0,0.0,0,0,0.0,0,0,0.0,0,0,0
R_1exN8ivhSXSmZGx,ranking,backward,3,38,0,0.0,0,1,2.632,1,0,0.0,0,0,0.0,0,0,0.0,0,0,0.0,0,0,0.0,0,0,0.0,0,0,0.0,0,1,0
R_1exN8ivhSXSmZGx,backward,backward,3,10,0,0.0,0,0,0.0,0,0,0.0,0,0,0.0,0,0,0.0,0,0,0.0,0,0,0.0,0,0,0.0,0,0,0.0,0,0,0
R_1exN8ivhSXSmZGx,forward,forward,3,12,0,0.0,0,0,0.0,0,0,0.0,0,0,0.0,0,0,0.0,0,0,0.0,0,0,0.0,0,0,0.0,0,0,0.0,0,0,0
R_3Kvdd95Ima2HeTh,ranking,backward,1,40,1,2.5,1,0,0.0,0,0,0.0,0,0,0.0,0,0,0.0,0,0,0.0,0,0,0.0,0,1,2.5,1,0,0.0,0,1,0
R_3Kvdd95Ima2HeTh,backward,backward,1,14,0,0.0,0,0,0.0,0,0,0.0,0,0,0.0,0,0,0.0,0,0,0.0,0,0,0.0,0,0,0.0,0,0,0.0,0,0,0
R_3Kvdd95Ima2HeTh,forward,forward,1,20,0,0.0,0,0,0.0,0,0,0.0,0,0,0.0,0,0,0.0,0,0,0.0,0,0,0.0,0,0,0.0,0,0,0.0,0,0,0
R_7wSOoIghdE6wxmm,ranking,backward,2,78,0,0.0,0,0,0.0,0,0,0.0,0,0,0.0,0,0,0.0,0,0,0.0,0,1,1.282,1,1,1.282,1,1,1.282,1,0,0
R_7wSOoIghdE6wxmm,backward,backward,2,29,0,0.0,0,0,0.0,0,0,0.0,0,0,0.0,0,0,0.0,0,0,0.0,0,0,0.0,0,1,3.448,1,0,0.0,0,0,0
R_7wSOoIghdE6wxmm,forward,forward,2,65,0,0.0,0,0,0.0,0,0,0.0,0,0,0.0,0,0,0.0,0,0,0.0,0,0,0.0,0,0,0.0,0,0,0.0,0,0,0
R_7ey0RG45NODMRSO,ranking,backward,3,14,0,0.0,0,0,0.0,0,0,0.0,0,0,0.0,0,0,0.0,0,0,0.0,0,0,0.0,0,0,0.0,0,0,0.0,0,0,0
R_7ey0RG45NODMRSO,backward,backward,3,6,0,0.0,0,0,0.0,0,0,0.0,0,0,0.0,0,0,0.0,0,0,0.0,0,0,0.0,0,0,0.0,0,0,0.0,0,0,0
R_7ey0RG45NODMRSO,forward,forward,3,3,0,0.0,0,0,0.0,0,0,0.0,0,0,0.0,0,0,0.0,0,0,0.0,0,0,0.0,0,0,0.0,0,0,0.0,0,0,0
R_673Agpj8YhjKqHg,ranking,backward,2,18,0,0.0,0,0,0.0,0,0,0.0,0,0,0.0,0,0,0.0,0,0,0.0,0,0,0.0,0,0,0.0,0,1,5.556,1,0,0
R_673Agpj8YhjKqHg,backward,backward,2,14,0,0.0,0,0,0.0,0,0,0.0,0,0,0.0,0,0,0.0,0,0,0.0,0,0,0.0,0,0,0.0,0,0,0.0,0,0,0
R_673Agpj8YhjKqHg,forward,forward,2,12,0,0.0,0,0,0.0,0,0,0.0,0,0,0.0,0,0,0.0,0,0,0.0,0,0,0.0,0,0,0.0,0,1,8.333,1,0,0
R_1Xom870iAfwbRfP,ranking,backward,3,36,1,2.778,1,0,0.0,0,0,0.0,0,0,0.0,0,0,0.0,0,0,0.0,0,0,0.0,0,0,0.0,0,1,2.778,1,1,0
R_1Xom870iAfwbRfP,backward,backward,3,15,0,0.0,0,0,0.0,0,0,0.0,0,0,0.0,0,0,0.0,0,0,0.0,0,0,0.0,0,0,0.0,0,0,0.0,0,0,0
R_1Xom870iAfwbRfP,forward,forward,3,23,0,0.0,0,0,0.0,0,0,0.0,0,0,0.0,0,0,0.0,0,0,0.0,0,0,0.0,0,0,0.0,0,0,0.0,0,0,0
R_7maYjVirfTnLAOz,ranking,backward,1,22,0,0.0,0,0,0.0,0,0,0.0,0,0,0.0,0,0,0.0,0,0,0.0,0,1,4.545,1,0,0.0,0,1,4.545,1,0,0
R_7maYjVirfTnLAOz,backward,backward,1,34,0,0.0,0,0,0.0,0,0,0.0,0,0,0.0,0,0,0.0,0,0,0.0,0,0,0.0,0,0,0.0,0,1,2.941,1,0,0
R_7maYjVirfTnLAOz,forward,forward,1,9,0,0.0,0,0,0.0,0,0,0.0,0,0,0.0,0,0,0.0,0,0,0.0,0,0,0.0,0,0,0.0,0,1,11.111,1,0,0
R_7uIp1I7BpZjrVCr,ranking,backward,2,40,0,0.0,0,0,0.0,0,0,0.0,0,0,0.0,0,0,0.0,0,0,0.0,0,0,0.0,0,1,2.5,1,1,2.5,1,0,0
R_7uIp1I7BpZjrVCr,backward,backward,2,22,0,0.0,0,0,0.0,0,0,0.0,0,0,0.0,0,0,0.0,0,0,0.0,0,0,0.0,0,1,4.545,1,0,0.0,0,0,0
R_7uIp1I7BpZjrVCr,forward,forward,2,12,0,0.0,0,0,0.0,0,0,0.0,0,0,0.0,0,0,0.0,0,0,0.0,0,0,0.0,0,0,0.0,0,0,0.0,0,0,0
R_1TRk40mbcPrm8F1,ranking,backward,2,47,0,0.0,0,0,0.0,0,0,0.0,0,0,0.0,0,0,0.0,0,0,0.0,0,0,0.0,0,1,2.128,1,1,2.128,1,0,0
R_1TRk40mbcPrm8F1,backward,backward,2,37,1,2.703,1,0,0.0,0,0,0.0,0,0,0.0,0,0,0.0,0,0,0.0,0,0,0.0,0,0,0.0,0,0,0.0,0,1,0
R_1TRk40mbcPrm8F1,forward,forward,2,34,0,0.0,0,0,0.0,0,0,0.0,0,0,0.0,0,0,0.0,0,0,0.0,0,0,0.0,0,0,0.0,0,0,0.0,0,0,0
R_73agnrzQxlFf2Wh,ranking,backward,3,16,0,0.0,0,0,0.0,0,0,0.0,0,0,0.0,0,0,0.0,0,0,0.0,0,0,0.0,0,0,0.0,0,1,6.25,1,0,0
R_73agnrzQxlFf2Wh,backward,backward,3,5,0,0.0,0,0,0.0,0,0,0.0,0,0,0.0,0,0,0.0,0,0,0.0,0,0,0.0,0,0,0.0,0,0,0.0,0,0,0
R_73agnrzQxlFf2Wh,forward,forward,3,3,0,0.0,0,0,0.0,0,0,0.0,0,0,0.0,0,0,0.0,0,0,0.0,0,0,0.0,0,0,0.0,0,0,0.0,0,0,0
R_1J8zN4Z5Sq4SnyK,ranking,backward,3,40,0,0.0,0,0,0.0,0,0,0.0,0,0,0.0,0,0,0.0,0,0,0.0,0,1,2.5,1,0,0.0,0,0,0.0,0,0,0
R_1J8zN4Z5Sq4SnyK,backward,backward,3,18,0,0.0,0,1,5.556,1,0,0.0,0,0,0.0,0,0,0.0,0,0,0.0,0,0,0.0,0,0,0.0,0,0,0.0,0,1,0
R_1J8zN4Z5Sq4SnyK,forward,forward,3,25,0,0.0,0,0,0.0,0,0,0.0,0,0,0.0,0,0,0.0,0,0,0.0,0,0,0.0,0,0,0.0,0,1,4.0,1,0,0
R_7yKExbzYILOyIYF,ranking,backward,1,13,0,0.0,0,0,0.0,0,0,0.0,0,0,0.0,0,0,0.0,0,0,0.0,0,0,0.0,0,1,7.692,1,0,0.0,0,0,0
R_7yKExbzYILOyIYF,backward,backward,1,6,0,0.0,0,0,0.0,0,0,0.0,0,0,0.0,0,0,0.0,0,0,0.0,0,0,0.0,0,0,0.0,0,0,0.0,0,0,0
R_7yKExbzYILOyIYF,forward,forward,1,6,0,0.0,0,0,0.0,0,0,0.0,0,0,0.0,0,0,0.0,0,0,0.0,0,0,0.0,0,0,0.0,0,0,0.0,0,0,0
R_7ey8743qedSumnD,ranking,backward,1,72,1,1.389,1,0,0.0,0,0,0.0,0,0,0.0,0,0,0.0,0,0,0.0,0,1,1.389,1,1,1.389,1,1,1.389,1,1,0
R_7ey8743qedSumnD,backward,backward,1,8,0,0.0,0,0,0.0,0,0,0.0,0,0,0.0,0,0,0.0,0,0,0.0,0,0,0.0,0,0,0.0,0,0,0.0,0,0,0
R_7ey8743qedSumnD,forward,forward,1,9,1,11.111,1,0,0.0,0,0,0.0,0,0,0.0,0,0,0.0,0,0,0.0,0,0,0.0,0,0,0.0,0,0,0.0,0,1,0
R_6SbPp9fRdxTEm5P,ranking,backward,2,56,1,1.786,1,0,0.0,0,0,0.0,0,0,0.0,0,0,0.0,0,0,0.0,0,0,0.0,0,0,0.0,0,0,0.0,0,1,0
R_6SbPp9fRdxTEm5P,backward,backward,2,23,0,0.0,0,0,0.0,0,0,0.0,0,0,0.0,0,0,0.0,0,0,0.0,0,0,0.0,0,1,4.348,1,0,0.0,0,0,0
R_6SbPp9fRdxTEm5P,forward,forward,2,23,0,0.0,0,0,0.0,0,0,0.0,0,0,0.0,0,0,0.0,0,0,0.0,0,0,0.0,0,0,0.0,0,0,0.0,0,0,0
R_6o1GXLpaRVah7tT,ranking,backward,3,19,0,0.0,0,0,0.0,0,0,0.0,0,0,0.0,0,0,0.0,0,0,0.0,0,0,0.0,0,0,0.0,0,1,5.263,1,0,0
R_6o1GXLpaRVah7tT,backward,backward,3,15,0,0.0,0,0,0.0,0,0,0.0,0,0,0.0,0,0,0.0,0,0,0.0,0,0,0.0,0,1,6.667,1,0,0.0,0,0,0
R_6o1GXLpaRVah7tT,forward,forward,3,26,0,0.0,0,0,0.0,0,0,0.0,0,0,0.0,0,0,0.0,0,0,0.0,0,0,0.0,0,0,0.0,0,0,0.0,0,0,0
R_3eVo8xiMj8E8ShN,ranking,backward,1,49,0,0.0,0,0,0.0,0,0,0.0,0,0,0.0,0,0,0.0,0,0,0.0,0,0,0.0,0,0,0.0,0,0,0.0,0,0,0
R_3eVo8xiMj8E8ShN,backward,backward,1,29,1,3.448,1,0,0.0,0,0,0.0,0,0,0.0,0,0,0.0,0,0,0.0,0,0,0.0,0,0,0.0,0,0,0.0,0,1,0
R_3eVo8xiMj8E8ShN,forward,forward,1,9,0,0.0,0,0,0.0,0,0,0.0,0,0,0.0,0,0,0.0,0,0,0.0,0,0,0.0,0,0,0.0,0,0,0.0,0,0,0
R_5Jbo20Cd9VpCNfZ,ranking,backward,3,22,0,0.0,0,0,0.0,0,0,0.0,0,0,0.0,0,0,0.0,0,0,0.0,0,1,4.545,1,0,0.0,0,1,4.545,1,0,0
R_5Jbo20Cd9VpCNfZ,backward,backward,3,13,0,0.0,0,0,0.0,0,0,0.0,0,0,0.0,0,0,0.0,0,0,0.0,0,0,0.0,0,0,0.0,0,0,0.0,0,0,0
R_5Jbo20Cd9VpCNfZ,forward,forward,3,8,0,0.0,0,0,0.0,0,0,0.0,0,0,0.0,0,0,0.0,0,0,0.0,0,0,0.0,0,0,0.0,0,0,0.0,0,0,0
R_5q52Y0CLj7QJrx1,ranking,backward,2,47,0,0.0,0,0,0.0,0,0,0.0,0,0,0.0,0,0,0.0,0,0,0.0,0,0,0.0,0,0,0.0,0,1,2.128,1,0,0
R_5q52Y0CLj7QJrx1,backward,backward,2,40,0,0.0,0,0,0.0,0,0,0.0,0,0,0.0,0,0,0.0,0,0,0.0,0,0,0.0,0,0,0.0,0,0,0.0,0,0,0
R_5q52Y0CLj7QJrx1,forward,forward,2,3,0,0.0,0,0,0.0,0,0,0.0,0,0,0.0,0,0,0.0,0,0,0.0,0,0,0.0,0,0,0.0,0,0,0.0,0,0,0
R_5qk3z55wuH7t6Ex,ranking,backward,3,5,0,0.0,0,0,0.0,0,0,0.0,0,0,0.0,0,0,0.0,0,0,0.0,0,0,0.0,0,0,0.0,0,1,20.0,1,0,0
R_5qk3z55wuH7t6Ex,backward,backward,3,4,0,0.0,0,0,0.0,0,0,0.0,0,0,0.0,0,0,0.0,0,0,0.0,0,0,0.0,0,0,0.0,0,0,0.0,0,0,0
R_5qk3z55wuH7t6Ex,forward,forward,3,5,0,0.0,0,0,0.0,0,0,0.0,0,0,0.0,0,0,0.0,0,0,0.0,0,0,0.0,0,0,0.0,0,0,0.0,0,0,0
R_1pDL6DRSuc5u7BV,ranking,backward,2,71,1,1.408,1,0,0.0,0,0,0.0,0,0,0.0,0,0,0.0,0,0,0.0,0,2,2.817,2,1,1.408,1,1,1.408,1,1,0
R_1pDL6DRSuc5u7BV,backward,backward,2,21,0,0.0,0,0,0.0,0,0,0.0,0,0,0.0,0,0,0.0,0,0,0.0,0,0,0.0,0,0,0.0,0,0,0.0,0,0,0
R_1pDL6DRSuc5u7BV,forward,forward,2,3,0,0.0,0,0,0.0,0,0,0.0,0,0,0.0,0,0,0.0,0,0,0.0,0,0,0.0,0,0,0.0,0,0,0.0,0,0,0
R_6JLzDRGqkPq1dDU,ranking,backward,1,65,1,1.538,1,0,0.0,0,0,0.0,0,0,0.0,0,0,0.0,0,0,0.0,0,1,1.538,1,1,1.538,1,1,1.538,1,1,0
R_6JLzDRGqkPq1dDU,backward,backward,1,10,0,0.0,0,0,0.0,0,0,0.0,0,0,0.0,0,0,0.0,0,0,0.0,0,0,0.0,0,0,0.0,0,0,0.0,0,0,0
R_6JLzDRGqkPq1dDU,forward,forward,1,21,0,0.0,0,0,0.0,0,0,0.0,0,0,0.0,0,0,0.0,0,0,0.0,0,0,0.0,0,0,0.0,0,0,0.0,0,0,0
R_19Knz2GSuPorWIV,ranking,backward,2,172,1,0.581,1,0,0.0,0,0,0.0,0,0,0.0,0,0,0.0,0,0,0.0,0,0,0.0,0,1,0.581,1,0,0.0,0,1,0
R_19Knz2GSuPorWIV,backward,backward,2,83,0,0.0,0,0,0.0,0,0,0.0,0,0,0.0,0,0,0.0,0,1,1.205,1,0,0.0,0,0,0.0,0,0,0.0,0,0,1
R_19Knz2GSuPorWIV,forward,forward,2,196,0,0.0,0,0,0.0,0,0,0.0,0,0,0.0,0,0,0.0,0,0,0.0,0,0,0.0,0,0,0.0,0,0,0.0,0,0,0
R_5d4i1BTaK2Q5ePk,ranking,backward,1,70,1,1.429,1,0,0.0,0,0,0.0,0,0,0.0,0,0,0.0,0,0,0.0,0,0,0.0,0,0,0.0,0,0,0.0,0,1,0
R_5d4i1BTaK2Q5ePk,backward,backward,1,46,1,2.174,1,0,0.0,0,0,0.0,0,0,0.0,0,0,0.0,0,0,0.0,0,0,0.0,0,1,2.174,1,0,0.0,0,1,0
R_5d4i1BTaK2Q5ePk,forward,forward,1,29,0,0.0,0,0,0.0,0,0,0.0,0,0,0.0,0,0,0.0,0,0,0.0,0,0,0.0,0,0,0.0,0,0,0.0,0,0,0
R_7IMK09Qp3otWaEM,ranking,backward,1,119,0,0.0,0,0,0.0,0,0,0.0,0,0,0.0,0,0,0.0,0,0,0.0,0,1,0.84,1,0,0.0,0,0,0.0,0,0,0
R_7IMK09Qp3otWaEM,backward,backward,1,79,0,0.0,0,0,0.0,0,0,0.0,0,0,0.0,0,0,0.0,0,0,0.0,0,1,1.266,1,0,0.0,0,0,0.0,0,0,0
R_7IMK09Qp3otWaEM,forward,forward,1,67,0,0.0,0,0,0.0,0,0,0.0,0,0,0.0,0,0,0.0,0,0,0.0,0,1,1.493,1,1,1.493,1,0,0.0,0,0,0
R_3mfy6UitEOCda5C,ranking,backward,3,25,1,4.0,1,0,0.0,0,0,0.0,0,0,0.0,0,0,0.0,0,0,0.0,0,1,4.0,1,0,0.0,0,0,0.0,0,1,0
R_3mfy6UitEOCda5C,backward,backward,3,25,1,4.0,1,0,0.0,0,0,0.0,0,0,0.0,0,0,0.0,0,0,0.0,0,0,0.0,0,0,0.0,0,0,0.0,0,1,0
R_3mfy6UitEOCda5C,forward,forward,3,16,0,0.0,0,0,0.0,0,0,0.0,0,0,0.0,0,0,0.0,0,0,0.0,0,0,0.0,0,0,0.0,0,1,6.25,1,0,0
R_3QXJvGZpEhIX0o7,ranking,backward,1,55,0,0.0,0,0,0.0,0,0,0.0,0,0,0.0,0,0,0.0,0,0,0.0,0,1,1.818,1,2,3.636,2,1,1.818,1,0,0
R_3QXJvGZpEhIX0o7,backward,backward,1,34,0,0.0,0,0,0.0,0,0,0.0,0,0,0.0,0,0,0.0,0,0,0.0,0,0,0.0,0,0,0.0,0,0,0.0,0,0,0
R_3QXJvGZpEhIX0o7,forward,forward,1,18,0,0.0,0,0,0.0,0,0,0.0,0,0,0.0,0,0,0.0,0,0,0.0,0,0,0.0,0,0,0.0,0,0,0.0,0,0,0
R_5e9fRMcWWqqC1M5,ranking,backward,2,48,0,0.0,0,0,0.0,0,0,0.0,0,0,0.0,0,0,0.0,0,0,0.0,0,1,2.083,1,0,0.0,0,1,2.083,1,0,0
R_5e9fRMcWWqqC1M5,backward,backward,2,36,0,0.0,0,0,0.0,0,0,0.0,0,0,0.0,0,0,0.0,0,0,0.0,0,0,0.0,0,1,2.778,1,1,2.778,1,0,0
R_5e9fRMcWWqqC1M5,forward,forward,2,18,0,0.0,0,0,0.0,0,0,0.0,0,0,0.0,0,0,0.0,0,0,0.0,0,0,0.0,0,0,0.0,0,0,0.0,0,0,0
R_1JIw6ZK4ZPQaRYA,ranking,backward,3,23,0,0.0,0,0,0.0,0,0,0.0,0,0,0.0,0,0,0.0,0,0,0.0,0,0,0.0,0,0,0.0,0,1,4.348,1,0,0
R_1JIw6ZK4ZPQaRYA,backward,backward,3,13,0,0.0,0,0,0.0,0,0,0.0,0,0,0.0,0,0,0.0,0,0,0.0,0,0,0.0,0,0,0.0,0,0,0.0,0,0,0
R_1JIw6ZK4ZPQaRYA,forward,forward,3,14,0,0.0,0,0,0.0,0,0,0.0,0,0,0.0,0,0,0.0,0,0,0.0,0,0,0.0,0,0,0.0,0,2,14.286,2,0,0
R_6DT3D8CUnp6DMsO,ranking,backward,2,22,0,0.0,0,0,0.0,0,0,0.0,0,0,0.0,0,0,0.0,0,0,0.0,0,0,0.0,0,0,0.0,0,0,0.0,0,0,0
R_6DT3D8CUnp6DMsO,backward,backward,2,19,0,0.0,0,0,0.0,0,0,0.0,0,0,0.0,0,0,0.0,0,0,0.0,0,0,0.0,0,1,5.263,1,0,0.0,0,0,0
R_6DT3D8CUnp6DMsO,forward,forward,2,1,0,0.0,0,0,0.0,0,0,0.0,0,0,0.0,0,0,0.0,0,0,0.0,0,0,0.0,0,0,0.0,0,0,0.0,0,0,0
R_7e8761ksnbKSzHb,ranking,backward,1,39,0,0.0,0,0,0.0,0,0,0.0,0,0,0.0,0,0,0.0,0,0,0.0,0,0,0.0,0,0,0.0,0,1,2.564,1,0,0
R_7e8761ksnbKSzHb,backward,backward,1,40,0,0.0,0,0,0.0,0,0,0.0,0,0,0.0,0,0,0.0,0,0,0.0,0,0,0.0,0,0,0.0,0,0,0.0,0,0,0
R_7e8761ksnbKSzHb,forward,forward,1,1,0,0.0,0,0,0.0,0,0,0.0,0,0,0.0,0,0,0.0,0,0,0.0,0,0,0.0,0,0,0.0,0,0,0.0,0,0,0
R_6duo4DnRSNjlfcv,ranking,backward,2,107,1,0.935,1,0,0.0,0,0,0.0,0,0,0.0,0,0,0.0,0,0,0.0,0,1,0.935,1,1,0.935,1,1,0.935,1,1,0
R_6duo4DnRSNjlfcv,backward,backward,2,33,0,0.0,0,0,0.0,0,0,0.0,0,0,0.0,0,0,0.0,0,0,0.0,0,0,0.0,0,0,0.0,0,0,0.0,0,0,0
R_6duo4DnRSNjlfcv,forward,forward,2,24,0,0.0,0,0,0.0,0,0,0.0,0,0,0.0,0,0,0.0,0,0,0.0,0,0,0.0,0,0,0.0,0,1,4.167,1,0,0
R_6Lb93lEDSAXzlYP,ranking,backward,3,98,1,1.02,1,0,0.0,0,0,0.0,0,0,0.0,0,0,0.0,0,0,0.0,0,0,0.0,0,0,0.0,0,0,0.0,0,1,0
R_6Lb93lEDSAXzlYP,backward,backward,3,17,0,0.0,0,0,0.0,0,0,0.0,0,0,0.0,0,0,0.0,0,0,0.0,0,0,0.0,0,0,0.0,0,0,0.0,0,0,0
R_6Lb93lEDSAXzlYP,forward,forward,3,3,0,0.0,0,0,0.0,0,0,0.0,0,0,0.0,0,0,0.0,0,0,0.0,0,0,0.0,0,0,0.0,0,0,0.0,0,0,0
R_6IRJiqgy7D8EdlN,ranking,backward,2,54,0,0.0,0,0,0.0,0,0,0.0,0,0,0.0,0,0,0.0,0,0,0.0,0,1,1.852,1,1,1.852,1,1,1.852,1,0,0
R_6IRJiqgy7D8EdlN,backward,backward,2,14,0,0.0,0,0,0.0,0,0,0.0,0,0,0.0,0,0,0.0,0,0,0.0,0,0,0.0,0,0,0.0,0,0,0.0,0,0,0
R_6IRJiqgy7D8EdlN,forward,forward,2,16,0,0.0,0,0,0.0,0,0,0.0,0,0,0.0,0,0,0.0,0,0,0.0,0,0,0.0,0,0,0.0,0,0,0.0,0,0,0
R_3ezvjUZIZqxMN84,ranking,backward,1,29,0,0.0,0,0,0.0,0,0,0.0,0,0,0.0,0,0,0.0,0,0,0.0,0,0,0.0,0,0,0.0,0,0,0.0,0,0,0
R_3ezvjUZIZqxMN84,backward,backward,1,55,0,0.0,0,0,0.0,0,0,0.0,0,0,0.0,0,0,0.0,0,0,0.0,0,0,0.0,0,0,0.0,0,0,0.0,0,0,0
R_3ezvjUZIZqxMN84,forward,forward,1,21,0,0.0,0,0,0.0,0,0,0.0,0,0,0.0,0,0,0.0,0,0,0.0,0,0,0.0,0,0,0.0,0,1,4.762,1,0,0
R_59rZHP443Qy3e9u,ranking,backward,2,3,0,0.0,0,0,0.0,0,0,0.0,0,0,0.0,0,0,0.0,0,0,0.0,0,0,0.0,0,0,0.0,0,0,0.0,0,0,0
R_59rZHP443Qy3e9u,backward,backward,2,14,0,0.0,0,0,0.0,0,0,0.0,0,0,0.0,0,0,0.0,0,0,0.0,0,0,0.0,0,0,0.0,0,0,0.0,0,0,0
R_59rZHP443Qy3e9u,forward,forward,2,1,0,0.0,0,0,0.0,0,0,0.0,0,0,0.0,0,0,0.0,0,0,0.0,0,0,0.0,0,0,0.0,0,0,0.0,0,0,0
R_1dKqegoApJQUPiF,ranking,backward,2,18,1,5.556,1,0,0.0,0,0,0.0,0,0,0.0,0,0,0.0,0,0,0.0,0,0,0.0,0,1,5.556,1,0,0.0,0,1,0
R_1dKqegoApJQUPiF,backward,backward,2,19,1,5.263,1,0,0.0,0,0,0.0,0,0,0.0,0,0,0.0,0,0,0.0,0,0,0.0,0,0,0.0,0,0,0.0,0,1,0
R_1dKqegoApJQUPiF,forward,forward,2,9,0,0.0,0,0,0.0,0,0,0.0,0,0,0.0,0,0,0.0,0,0,0.0,0,0,0.0,0,0,0.0,0,0,0.0,0,0,0
R_3CIKlq94W6g52fL,ranking,backward,3,24,1,4.167,1,0,0.0,0,0,0.0,0,0,0.0,0,0,0.0,0,0,0.0,0,0,0.0,0,1,4.167,1,0,0.0,0,1,0
R_3CIKlq94W6g52fL,backward,backward,3,15,0,0.0,0,0,0.0,0,0,0.0,0,0,0.0,0,0,0.0,0,0,0.0,0,0,0.0,0,0,0.0,0,0,0.0,0,0,0
R_3CIKlq94W6g52fL,forward,forward,3,11,0,0.0,0,0,0.0,0,0,0.0,0,0,0.0,0,0,0.0,0,0,0.0,0,1,9.091,1,0,0.0,0,0,0.0,0,0,0
R_5MJOzf4m3CN66nO,ranking,backward,3,43,0,0.0,0,0,0.0,0,0,0.0,0,0,0.0,0,0,0.0,0,0,0.0,0,1,2.326,1,0,0.0,0,1,2.326,1,0,0
R_5MJOzf4m3CN66nO,backward,backward,3,32,0,0.0,0,0,0.0,0,0,0.0,0,0,0.0,0,0,0.0,0,1,3.125,1,0,0.0,0,0,0.0,0,0,0.0,0,0,1
R_5MJOzf4m3CN66nO,forward,forward,3,24,0,0.0,0,0,0.0,0,0,0.0,0,0,0.0,0,0,0.0,0,0,0.0,0,0,0.0,0,0,0.0,0,1,4.167,1,0,0
R_54ueocfLdSiYRPc,ranking,backward,1,21,0,0.0,0,0,0.0,0,0,0.0,0,0,0.0,0,0,0.0,0,0,0.0,0,0,0.0,0,0,0.0,0,0,0.0,0,0,0
R_54ueocfLdSiYRPc,backward,backward,1,19,0,0.0,0,0,0.0,0,0,0.0,0,0,0.0,0,0,0.0,0,0,0.0,0,0,0.0,0,0,0.0,0,0,0.0,0,0,0
R_54ueocfLdSiYRPc,forward,forward,1,13,0,0.0,0,0,0.0,0,0,0.0,0,0,0.0,0,0,0.0,0,0,0.0,0,0,0.0,0,0,0.0,0,0,0.0,0,0,0
R_3hwbBt4HzAYGkW5,ranking,backward,3,20,0,0.0,0,0,0.0,0,0,0.0,0,0,0.0,0,0,0.0,0,0,0.0,0,0,0.0,0,0,0.0,0,0,0.0,0,0,0
R_3hwbBt4HzAYGkW5,backward,backward,3,17,0,0.0,0,0,0.0,0,0,0.0,0,0,0.0,0,0,0.0,0,0,0.0,0,0,0.0,0,0,0.0,0,0,0.0,0,0,0
R_3hwbBt4HzAYGkW5,forward,forward,3,12,0,0.0,0,0,0.0,0,0,0.0,0,0,0.0,0,0,0.0,0,0,0.0,0,0,0.0,0,0,0.0,0,0,0.0,0,0,0
R_5oGZVZkN8GPmvDu,ranking,backward,3,14,0,0.0,0,0,0.0,0,0,0.0,0,0,0.0,0,0,0.0,0,0,0.0,0,0,0.0,0,0,0.0,0,0,0.0,0,0,0
R_5oGZVZkN8GPmvDu,backward,backward,3,8,0,0.0,0,0,0.0,0,0,0.0,0,0,0.0,0,0,0.0,0,1,12.5,1,0,0.0,0,0,0.0,0,0,0.0,0,0,1
R_5oGZVZkN8GPmvDu,forward,forward,3,1,0,0.0,0,0,0.0,0,0,0.0,0,0,0.0,0,0,0.0,0,0,0.0,0,0,0.0,0,0,0.0,0,0,0.0,0,0,0
R_3mwjaLiefXYD6zn,ranking,backward,2,20,0,0.0,0,0,0.0,0,0,0.0,0,0,0.0,0,0,0.0,0,0,0.0,0,0,0.0,0,1,5.0,1,1,5.0,1,0,0
R_3mwjaLiefXYD6zn,backward,backward,2,13,1,7.692,1,0,0.0,0,0,0.0,0,0,0.0,0,0,0.0,0,0,0.0,0,0,0.0,0,0,0.0,0,0,0.0,0,1,0
R_3mwjaLiefXYD6zn,forward,forward,2,24,0,0.0,0,0,0.0,0,0,0.0,0,0,0.0,0,0,0.0,0,0,0.0,0,0,0.0,0,0,0.0,0,0,0.0,0,0,0
R_53jtxwV5D80tWTp,ranking,backward,3,4,0,0.0,0,0,0.0,0,0,0.0,0,0,0.0,0,0,0.0,0,0,0.0,0,0,0.0,0,0,0.0,0,0,0.0,0,0,0
R_53jtxwV5D80tWTp,backward,backward,3,10,0,0.0,0,0,0.0,0,0,0.0,0,0,0.0,0,0,0.0,0,0,0.0,0,0,0.0,0,0,0.0,0,0,0.0,0,0,0
R_53jtxwV5D80tWTp,forward,forward,3,1,0,0.0,0,0,0.0,0,0,0.0,0,0,0.0,0,0,0.0,0,0,0.0,0,0,0.0,0,0,0.0,0,0,0.0,0,0,0
R_5emKvLJQ5mNurA8,ranking,backward,1,45,0,0.0,0,0,0.0,0,0,0.0,0,0,0.0,0,0,0.0,0,0,0.0,0,1,2.222,1,1,2.222,1,1,2.222,1,0,0
R_5emKvLJQ5mNurA8,backward,backward,1,10,0,0.0,0,0,0.0,0,0,0.0,0,0,0.0,0,0,0.0,0,0,0.0,0,0,0.0,0,0,0.0,0,0,0.0,0,0,0
R_5emKvLJQ5mNurA8,forward,forward,1,24,0,0.0,0,0,0.0,0,0,0.0,0,0,0.0,0,0,0.0,0,0,0.0,0,0,0.0,0,0,0.0,0,0,0.0,0,0,0
R_3Gc97wMAwic5i81,ranking,backward,3,86,2,2.326,2,0,0.0,0,0,0.0,0,0,0.0,0,0,0.0,0,0,0.0,0,0,0.0,0,0,0.0,0,1,1.163,1,1,0
R_3Gc97wMAwic5i81,backward,backward,3,31,1,3.226,1,0,0.0,0,0,0.0,0,0,0.0,0,0,0.0,0,0,0.0,0,0,0.0,0,0,0.0,0,0,0.0,0,1,0
R_3Gc97wMAwic5i81,forward,forward,3,73,0,0.0,0,0,0.0,0,0,0.0,0,0,0.0,0,0,0.0,0,0,0.0,0,0,0.0,0,0,0.0,0,1,1.37,1,0,0
R_3HCaouu0hPBxl91,ranking,backward,1,22,0,0.0,0,0,0.0,0,0,0.0,0,0,0.0,0,0,0.0,0,0,0.0,0,0,0.0,0,1,4.545,1,0,0.0,0,0,0
R_3HCaouu0hPBxl91,backward,backward,1,18,0,0.0,0,0,0.0,0,0,0.0,0,0,0.0,0,0,0.0,0,0,0.0,0,0,0.0,0,0,0.0,0,0,0.0,0,0,0
R_3HCaouu0hPBxl91,forward,forward,1,22,0,0.0,0,0,0.0,0,0,0.0,0,0,0.0,0,0,0.0,0,0,0.0,0,0,0.0,0,0,0.0,0,0,0.0,0,0,0
R_510fWb2szHYiICL,ranking,backward,2,42,0,0.0,0,0,0.0,0,0,0.0,0,0,0.0,0,0,0.0,0,0,0.0,0,0,0.0,0,1,2.381,1,0,0.0,0,0,0
R_510fWb2szHYiICL,backward,backward,2,27,1,3.704,1,0,0.0,0,0,0.0,0,0,0.0,0,0,0.0,0,0,0.0,0,0,0.0,0,0,0.0,0,0,0.0,0,1,0
R_510fWb2szHYiICL,forward,forward,2,13,0,0.0,0,0,0.0,0,0,0.0,0,0,0.0,0,0,0.0,0,0,0.0,0,0,0.0,0,0,0.0,0,0,0.0,0,0,0
R_6PlAbIdT4cFvWRX,ranking,backward,2,44,0,0.0,0,0,0.0,0,0,0.0,0,0,0.0,0,0,0.0,0,0,0.0,0,1,2.273,1,0,0.0,0,1,2.273,1,0,0
R_6PlAbIdT4cFvWRX,backward,backward,2,40,1,2.5,1,0,0.0,0,0,0.0,0,0,0.0,0,0,0.0,0,0,0.0,0,0,0.0,0,0,0.0,0,0,0.0,0,1,0
R_6PlAbIdT4cFvWRX,forward,forward,2,43,0,0.0,0,0,0.0,0,0,0.0,0,0,0.0,0,0,0.0,0,0,0.0,0,0,0.0,0,0,0.0,0,0,0.0,0,0,0
R_63kHnAStzZNKVTk,ranking,backward,1,72,0,0.0,0,0,0.0,0,0,0.0,0,0,0.0,0,0,0.0,0,0,0.0,0,0,0.0,0,0,0.0,0,1,1.389,1,0,0
R_63kHnAStzZNKVTk,backward,backward,1,64,1,1.562,1,0,0.0,0,0,0.0,0,0,0.0,0,0,0.0,0,0,0.0,0,0,0.0,0,0,0.0,0,0,0.0,0,1,0
R_63kHnAStzZNKVTk,forward,forward,1,31,0,0.0,0,0,0.0,0,0,0.0,0,0,0.0,0,0,0.0,0,0,0.0,0,0,0.0,0,0,0.0,0,0,0.0,0,0,0
R_3JPHMZPeON0dzDo,ranking,backward,2,21,0,0.0,0,0,0.0,0,0,0.0,0,0,0.0,0,0,0.0,0,0,0.0,0,0,0.0,0,0,0.0,0,0,0.0,0,0,0
R_3JPHMZPeON0dzDo,backward,backward,2,23,1,4.348,1,0,0.0,0,0,0.0,0,0,0.0,0,0,0.0,0,0,0.0,0,0,0.0,0,0,0.0,0,0,0.0,0,1,0
R_3JPHMZPeON0dzDo,forward,forward,2,26,0,0.0,0,0,0.0,0,0,0.0,0,0,0.0,0,0,0.0,0,0,0.0,0,0,0.0,0,0,0.0,0,0,0.0,0,0,0
R_5PwpRWq2xsHvRu1,ranking,backward,1,29,0,0.0,0,0,0.0,0,0,0.0,0,0,0.0,0,0,0.0,0,0,0.0,0,0,0.0,0,1,3.448,1,0,0.0,0,0,0
R_5PwpRWq2xsHvRu1,backward,backward,1,33,1,3.03,1,0,0.0,0,0,0.0,0,0,0.0,0,0,0.0,0,0,0.0,0,0,0.0,0,0,0.0,0,0,0.0,0,1,0
R_5PwpRWq2xsHvRu1,forward,forward,1,13,0,0.0,0,0,0.0,0,0,0.0,0,0,0.0,0,0,0.0,0,0,0.0,0,0,0.0,0,0,0.0,0,0,0.0,0,0,0
R_534A7G2P3GqJx0o,ranking,backward,1,29,0,0.0,0,0,0.0,0,0,0.0,0,0,0.0,0,0,0.0,0,0,0.0,0,0,0.0,0,0,0.0,0,1,3.448,1,0,0
R_534A7G2P3GqJx0o,backward,backward,1,25,0,0.0,0,0,0.0,0,0,0.0,0,0,0.0,0,0,0.0,0,0,0.0,0,0,0.0,0,0,0.0,0,0,0.0,0,0,0
R_534A7G2P3GqJx0o,forward,forward,1,4,0,0.0,0,0,0.0,0,0,0.0,0,0,0.0,0,0,0.0,0,1,25.0,1,0,0.0,0,0,0.0,0,0,0.0,0,0,1
R_1iF0Am0qWqE3Zm5,ranking,backward,3,60,1,1.667,1,0,0.0,0,0,0.0,0,0,0.0,0,0,0.0,0,0,0.0,0,0,0.0,0,1,1.667,1,1,1.667,1,1,0
R_1iF0Am0qWqE3Zm5,backward,backward,3,11,0,0.0,0,0,0.0,0,0,0.0,0,0,0.0,0,0,0.0,0,0,0.0,0,0,0.0,0,0,0.0,0,0,0.0,0,0,0
R_1iF0Am0qWqE3Zm5,forward,forward,3,8,0,0.0,0,0,0.0,0,0,0.0,0,0,0.0,0,0,0.0,0,0,0.0,0,0,0.0,0,0,0.0,0,1,12.5,1,0,0
R_3JIXTx8GYV6ZhPo,ranking,backward,2,147,1,0.68,1,0,0.0,0,0,0.0,0,0,0.0,0,0,0.0,0,0,0.0,0,1,0.68,1,0,0.0,0,0,0.0,0,1,0
R_3JIXTx8GYV6ZhPo,backward,backward,2,41,0,0.0,0,0,0.0,0,0,0.0,0,0,0.0,0,0,0.0,0,0,0.0,0,0,0.0,0,1,2.439,1,0,0.0,0,0,0
R_3JIXTx8GYV6ZhPo,forward,forward,2,14,0,0.0,0,0,0.0,0,0,0.0,0,0,0.0,0,0,0.0,0,0,0.0,0,0,0.0,0,0,0.0,0,0,0.0,0,0,0
R_6PB4oruzJdKsAAF,ranking,backward,3,78,1,1.282,1,0,0.0,0,0,0.0,0,0,0.0,0,0,0.0,0,0,0.0,0,0,0.0,0,0,0.0,0,1,1.282,1,1,0
R_6PB4oruzJdKsAAF,backward,backward,3,36,0,0.0,0,0,0.0,0,0,0.0,0,0,0.0,0,0,0.0,0,0,0.0,0,0,0.0,0,1,2.778,1,0,0.0,0,0,0
R_6PB4oruzJdKsAAF,forward,forward,3,35,0,0.0,0,0,0.0,0,0,0.0,0,0,0.0,0,0,0.0,0,0,0.0,0,0,0.0,0,0,0.0,0,0,0.0,0,0,0
R_110lLgXflxCW3Pd,ranking,backward,1,129,0,0.0,0,0,0.0,0,0,0.0,0,0,0.0,0,0,0.0,0,0,0.0,0,1,0.775,1,0,0.0,0,1,0.775,1,0,0
R_110lLgXflxCW3Pd,backward,backward,1,59,0,0.0,0,0,0.0,0,0,0.0,0,0,0.0,0,0,0.0,0,0,0.0,0,0,0.0,0,0,0.0,0,0,0.0,0,0,0
R_110lLgXflxCW3Pd,forward,forward,1,46,1,2.174,1,0,0.0,0,0,0.0,0,0,0.0,0,0,0.0,0,0,0.0,0,0,0.0,0,0,0.0,0,0,0.0,0,1,0
R_6P1KrLFxtlSq4AH,ranking,backward,3,163,1,0.613,1,0,0.0,0,0,0.0,0,0,0.0,0,0,0.0,0,0,0.0,0,1,0.613,1,0,0.0,0,1,0.613,1,1,0
R_6P1KrLFxtlSq4AH,backward,backward,3,75,1,1.333,1,0,0.0,0,0,0.0,0,0,0.0,0,0,0.0,0,0,0.0,0,0,0.0,0,0,0.0,0,0,0.0,0,1,0
R_6P1KrLFxtlSq4AH,forward,forward,3,19,0,0.0,0,0,0.0,0,0,0.0,0,0,0.0,0,0,0.0,0,0,0.0,0,0,0.0,0,0,0.0,0,0,0.0,0,0,0
R_3CHrR4qYf8ublzO,ranking,backward,1,84,1,1.19,1,0,0.0,0,0,0.0,0,0,0.0,0,0,0.0,0,0,0.0,0,0,0.0,0,1,1.19,1,1,1.19,1,1,0
R_3CHrR4qYf8ublzO,backward,backward,1,34,0,0.0,0,0,0.0,0,0,0.0,0,0,0.0,0,0,0.0,0,0,0.0,0,0,0.0,0,0,0.0,0,0,0.0,0,0,0
R_3CHrR4qYf8ublzO,forward,forward,1,31,0,0.0,0,0,0.0,0,0,0.0,0,0,0.0,0,0,0.0,0,0,0.0,0,0,0.0,0,0,0.0,0,0,0.0,0,0,0
R_63oDp7dvIVwghLb,ranking,backward,2,25,0,0.0,0,0,0.0,0,0,0.0,0,0,0.0,0,0,0.0,0,0,0.0,0,0,0.0,0,0,0.0,0,1,4.0,1,0,0
R_63oDp7dvIVwghLb,backward,backward,2,26,0,0.0,0,0,0.0,0,0,0.0,0,0,0.0,0,0,0.0,0,0,0.0,0,0,0.0,0,0,0.0,0,0,0.0,0,0,0
R_63oDp7dvIVwghLb,forward,forward,2,8,0,0.0,0,0,0.0,0,0,0.0,0,0,0.0,0,0,0.0,0,0,0.0,0,0,0.0,0,0,0.0,0,0,0.0,0,0,0
R_14rOBZzYwHnUg8h,ranking,backward,3,7,0,0.0,0,0,0.0,0,0,0.0,0,0,0.0,0,0,0.0,0,0,0.0,0,0,0.0,0,0,0.0,0,0,0.0,0,0,0
R_14rOBZzYwHnUg8h,backward,backward,3,3,1,33.333,1,0,0.0,0,0,0.0,0,0,0.0,0,0,0.0,0,0,0.0,0,0,0.0,0,0,0.0,0,0,0.0,0,1,0
R_14rOBZzYwHnUg8h,forward,forward,3,7,0,0.0,0,0,0.0,0,0,0.0,0,0,0.0,0,0,0.0,0,0,0.0,0,0,0.0,0,0,0.0,0,0,0.0,0,0,0
R_3m3GLVrFtdEYpXR,ranking,backward,2,44,1,2.273,1,0,0.0,0,0,0.0,0,0,0.0,0,0,0.0,0,0,0.0,0,0,0.0,0,0,0.0,0,2,4.545,2,1,0
R_3m3GLVrFtdEYpXR,backward,backward,2,40,0,0.0,0,0,0.0,0,0,0.0,0,0,0.0,0,0,0.0,0,0,0.0,0,0,0.0,0,0,0.0,0,0,0.0,0,0,0
R_3m3GLVrFtdEYpXR,forward,forward,2,25,0,0.0,0,0,0.0,0,0,0.0,0,0,0.0,0,0,0.0,0,0,0.0,0,0,0.0,0,0,0.0,0,0,0.0,0,0,0
R_7n2l0COVyUlpRSx,ranking,backward,1,26,0,0.0,0,0,0.0,0,0,0.0,0,0,0.0,0,0,0.0,0,0,0.0,0,0,0.0,0,0,0.0,0,0,0.0,0,0,0
R_7n2l0COVyUlpRSx,backward,backward,1,14,0,0.0,0,0,0.0,0,0,0.0,0,0,0.0,0,0,0.0,0,0,0.0,0,0,0.0,0,0,0.0,0,0,0.0,0,0,0
R_7n2l0COVyUlpRSx,forward,forward,1,13,0,0.0,0,0,0.0,0,0,0.0,0,0,0.0,0,0,0.0,0,0,0.0,0,0,0.0,0,0,0.0,0,0,0.0,0,0,0
R_1gGVybSOHS6FV75,ranking,backward,3,21,0,0.0,0,0,0.0,0,0,0.0,0,0,0.0,0,0,0.0,0,0,0.0,0,0,0.0,0,0,0.0,0,1,4.762,1,0,0
R_1gGVybSOHS6FV75,backward,backward,3,26,0,0.0,0,0,0.0,0,0,0.0,0,0,0.0,0,0,0.0,0,0,0.0,0,0,0.0,0,0,0.0,0,0,0.0,0,0,0
R_1gGVybSOHS6FV75,forward,forward,3,12,0,0.0,0,0,0.0,0,0,0.0,0,0,0.0,0,0,0.0,0,0,0.0,0,0,0.0,0,0,0.0,0,0,0.0,0,0,0
R_7ImW3GX10ehIT5f,ranking,backward,2,74,0,0.0,0,0,0.0,0,0,0.0,0,0,0.0,0,0,0.0,0,0,0.0,0,1,1.351,1,0,0.0,0,1,1.351,1,0,0
R_7ImW3GX10ehIT5f,backward,backward,2,9,0,0.0,0,0,0.0,0,0,0.0,0,0,0.0,0,0,0.0,0,0,0.0,0,0,0.0,0,0,0.0,0,0,0.0,0,0,0
R_7ImW3GX10ehIT5f,forward,forward,2,22,0,0.0,0,0,0.0,0,0,0.0,0,0,0.0,0,0,0.0,0,0,0.0,0,0,0.0,0,0,0.0,0,0,0.0,0,0,0
R_3rxAieDuHmQn3m5,ranking,backward,3,6,1,16.667,1,0,0.0,0,0,0.0,0,0,0.0,0,0,0.0,0,0,0.0,0,0,0.0,0,0,0.0,0,0,0.0,0,1,0
R_3rxAieDuHmQn3m5,backward,backward,3,9,0,0.0,0,0,0.0,0,0,0.0,0,0,0.0,0,0,0.0,0,0,0.0,0,0,0.0,0,0,0.0,0,0,0.0,0,0,0
R_3rxAieDuHmQn3m5,forward,forward,3,7,0,0.0,0,0,0.0,0,0,0.0,0,0,0.0,0,0,0.0,0,0,0.0,0,1,14.286,1,1,14.286,1,0,0.0,0,0,0
R_6HtsLVDUHuZIEdX,ranking,backward,1,49,1,2.041,1,0,0.0,0,0,0.0,0,0,0.0,0,0,0.0,0,0,0.0,0,1,2.041,1,1,2.041,1,0,0.0,0,1,0
R_6HtsLVDUHuZIEdX,backward,backward,1,16,1,6.25,1,0,0.0,0,0,0.0,0,0,0.0,0,0,0.0,0,0,0.0,0,0,0.0,0,0,0.0,0,0,0.0,0,1,0
R_6HtsLVDUHuZIEdX,forward,forward,1,24,1,4.167,1,0,0.0,0,0,0.0,0,0,0.0,0,0,0.0,0,0,0.0,0,0,0.0,0,0,0.0,0,1,4.167,1,1,0
R_3taiEQh08vr599J,ranking,backward,2,75,0,0.0,0,0,0.0,0,0,0.0,0,0,0.0,0,0,0.0,0,0,0.0,0,0,0.0,0,0,0.0,0,0,0.0,0,0,0
R_3taiEQh08vr599J,backward,backward,2,39,0,0.0,0,0,0.0,0,0,0.0,0,0,0.0,0,0,0.0,0,0,0.0,0,0,0.0,0,0,0.0,0,1,2.564,1,0,0
R_3taiEQh08vr599J,forward,forward,2,20,0,0.0,0,0,0.0,0,0,0.0,0,0,0.0,0,0,0.0,0,0,0.0,0,0,0.0,0,0,0.0,0,0,0.0,0,0,0
R_368RN4ifFAC5JW0,ranking,backward,3,35,0,0.0,0,0,0.0,0,0,0.0,0,0,0.0,0,0,0.0,0,0,0.0,0,0,0.0,0,2,5.714,2,1,2.857,1,0,0
R_368RN4ifFAC5JW0,backward,backward,3,11,1,9.091,1,0,0.0,0,0,0.0,0,0,0.0,0,0,0.0,0,0,0.0,0,0,0.0,0,0,0.0,0,0,0.0,0,1,0
R_368RN4ifFAC5JW0,forward,forward,3,9,0,0.0,0,0,0.0,0,0,0.0,0,0,0.0,0,0,0.0,0,0,0.0,0,0,0.0,0,0,0.0,0,0,0.0,0,0,0
R_6Z0xQWINFzhCm89,ranking,backward,2,48,0,0.0,0,0,0.0,0,0,0.0,0,0,0.0,0,0,0.0,0,0,0.0,0,0,0.0,0,0,0.0,0,0,0.0,0,0,0
R_6Z0xQWINFzhCm89,backward,backward,2,28,0,0.0,0,0,0.0,0,0,0.0,0,0,0.0,0,0,0.0,0,0,0.0,0,0,0.0,0,0,0.0,0,0,0.0,0,0,0
R_6Z0xQWINFzhCm89,forward,forward,2,19,0,0.0,0,0,0.0,0,0,0.0,0,0,0.0,0,0,0.0,0,0,0.0,0,0,0.0,0,0,0.0,0,0,0.0,0,0,0
R_1I6kXKCeh11qmaA,ranking,backward,1,70,0,0.0,0,0,0.0,0,0,0.0,0,0,0.0,0,0,0.0,0,0,0.0,0,1,1.429,1,1,1.429,1,1,1.429,1,0,0
R_1I6kXKCeh11qmaA,backward,backward,1,34,0,0.0,0,0,0.0,0,0,0.0,0,0,0.0,0,0,0.0,0,0,0.0,0,0,0.0,0,0,0.0,0,0,0.0,0,0,0
R_1I6kXKCeh11qmaA,forward,forward,1,8,0,0.0,0,0,0.0,0,0,0.0,0,0,0.0,0,0,0.0,0,0,0.0,0,0,0.0,0,0,0.0,0,1,12.5,1,0,0
R_5PuOOSmb7McSmiY,ranking,backward,3,75,1,1.333,1,0,0.0,0,0,0.0,0,0,0.0,0,0,0.0,0,0,0.0,0,1,1.333,1,0,0.0,0,1,1.333,1,1,0
R_5PuOOSmb7McSmiY,backward,backward,3,11,0,0.0,0,0,0.0,0,0,0.0,0,0,0.0,0,0,0.0,0,0,0.0,0,0,0.0,0,0,0.0,0,0,0.0,0,0,0
R_5PuOOSmb7McSmiY,forward,forward,3,14,0,0.0,0,0,0.0,0,0,0.0,0,0,0.0,0,0,0.0,0,0,0.0,0,0,0.0,0,0,0.0,0,0,0.0,0,0,0
R_3JLjQLXEwgPh77r,ranking,backward,1,63,1,1.587,1,0,0.0,0,0,0.0,0,0,0.0,0,0,0.0,0,0,0.0,0,1,1.587,1,1,1.587,1,1,1.587,1,1,0
R_3JLjQLXEwgPh77r,backward,backward,1,22,0,0.0,0,0,0.0,0,0,0.0,0,0,0.0,0,0,0.0,0,0,0.0,0,0,0.0,0,0,0.0,0,0,0.0,0,0,0
R_3JLjQLXEwgPh77r,forward,forward,1,28,0,0.0,0,0,0.0,0,0,0.0,0,0,0.0,0,0,0.0,0,0,0.0,0,0,0.0,0,0,0.0,0,0,0.0,0,0,0
R_3pQLZ9PdfbujEw9,ranking,backward,2,41,1,2.439,1,0,0.0,0,0,0.0,0,0,0.0,0,0,0.0,0,0,0.0,0,1,2.439,1,0,0.0,0,1,2.439,1,1,0
R_3pQLZ9PdfbujEw9,backward,backward,2,19,0,0.0,0,0,0.0,0,0,0.0,0,0,0.0,0,0,0.0,0,0,0.0,0,0,0.0,0,0,0.0,0,1,5.263,1,0,0
R_3pQLZ9PdfbujEw9,forward,forward,2,8,0,0.0,0,0,0.0,0,0,0.0,0,0,0.0,0,0,0.0,0,0,0.0,0,0,0.0,0,0,0.0,0,0,0.0,0,0,0
R_6QELQ5nf4G6SBp9,ranking,backward,1,9,0,0.0,0,0,0.0,0,0,0.0,0,0,0.0,0,0,0.0,0,0,0.0,0,0,0.0,0,0,0.0,0,0,0.0,0,0,0
R_6QELQ5nf4G6SBp9,backward,backward,1,17,0,0.0,0,0,0.0,0,0,0.0,0,0,0.0,0,0,0.0,0,0,0.0,0,0,0.0,0,0,0.0,0,0,0.0,0,0,0
R_6QELQ5nf4G6SBp9,forward,forward,1,10,0,0.0,0,0,0.0,0,0,0.0,0,0,0.0,0,0,0.0,0,0,0.0,0,0,0.0,0,1,10.0,1,0,0.0,0,0,0
R_6Kg20suJZEIOyaG,ranking,backward,3,68,0,0.0,0,0,0.0,0,0,0.0,0,0,0.0,0,0,0.0,0,0,0.0,0,1,1.471,1,1,1.471,1,0,0.0,0,0,0
R_6Kg20suJZEIOyaG,backward,backward,3,9,0,0.0,0,0,0.0,0,0,0.0,0,0,0.0,0,0,0.0,0,0,0.0,0,0,0.0,0,0,0.0,0,0,0.0,0,0,0
R_6Kg20suJZEIOyaG,forward,forward,3,8,0,0.0,0,0,0.0,0,0,0.0,0,0,0.0,0,0,0.0,0,0,0.0,0,0,0.0,0,0,0.0,0,0,0.0,0,0,0
R_3EgunHQDLOx9lN4,ranking,backward,1,8,0,0.0,0,0,0.0,0,0,0.0,0,0,0.0,0,0,0.0,0,0,0.0,0,0,0.0,0,0,0.0,0,1,12.5,1,0,0
R_3EgunHQDLOx9lN4,backward,backward,1,8,0,0.0,0,0,0.0,0,0,0.0,0,0,0.0,0,0,0.0,0,0,0.0,0,0,0.0,0,0,0.0,0,0,0.0,0,0,0
R_3EgunHQDLOx9lN4,forward,forward,1,1,0,0.0,0,0,0.0,0,0,0.0,0,0,0.0,0,0,0.0,0,0,0.0,0,0,0.0,0,0,0.0,0,0,0.0,0,0,0
R_6EzZOxC1CYsxJaV,ranking,backward,2,78,0,0.0,0,0,0.0,0,0,0.0,0,0,0.0,0,0,0.0,0,0,0.0,0,1,1.282,1,0,0.0,0,1,1.282,1,0,0
R_6EzZOxC1CYsxJaV,backward,backward,2,42,0,0.0,0,0,0.0,0,0,0.0,0,0,0.0,0,0,0.0,0,0,0.0,0,0,0.0,0,0,0.0,0,1,2.381,1,0,0
R_6EzZOxC1CYsxJaV,forward,forward,2,5,0,0.0,0,0,0.0,0,0,0.0,0,0,0.0,0,0,0.0,0,0,0.0,0,0,0.0,0,0,0.0,0,0,0.0,0,0,0
R_5Ms8vocF7ExWJ4J,ranking,backward,3,12,0,0.0,0,0,0.0,0,0,0.0,0,0,0.0,0,0,0.0,0,0,0.0,0,0,0.0,0,0,0.0,0,0,0.0,0,0,0
R_5Ms8vocF7ExWJ4J,backward,backward,3,5,0,0.0,0,0,0.0,0,0,0.0,0,0,0.0,0,0,0.0,0,0,0.0,0,0,0.0,0,0,0.0,0,0,0.0,0,0,0
R_5Ms8vocF7ExWJ4J,forward,forward,3,1,0,0.0,0,0,0.0,0,0,0.0,0,0,0.0,0,0,0.0,0,0,0.0,0,0,0.0,0,0,0.0,0,0,0.0,0,0,0
R_1qKDTIENhXNQUp6,ranking,backward,1,39,0,0.0,0,0,0.0,0,0,0.0,0,0,0.0,0,0,0.0,0,0,0.0,0,1,2.564,1,0,0.0,0,1,2.564,1,0,0
R_1qKDTIENhXNQUp6,backward,backward,1,22,0,0.0,0,0,0.0,0,0,0.0,0,0,0.0,0,0,0.0,0,0,0.0,0,0,0.0,0,0,0.0,0,0,0.0,0,0,0
R_1qKDTIENhXNQUp6,forward,forward,1,20,0,0.0,0,0,0.0,0,0,0.0,0,0,0.0,0,0,0.0,0,0,0.0,0,0,0.0,0,1,5.0,1,0,0.0,0,0,0
R_1fCj56SY27ZSYOW,ranking,backward,1,42,1,2.381,1,0,0.0,0,0,0.0,0,0,0.0,0,0,0.0,0,0,0.0,0,0,0.0,0,0,0.0,0,1,2.381,1,1,0
R_1fCj56SY27ZSYOW,backward,backward,1,23,0,0.0,0,0,0.0,0,0,0.0,0,0,0.0,0,0,0.0,0,0,0.0,0,0,0.0,0,0,0.0,0,0,0.0,0,0,0
R_1fCj56SY27ZSYOW,forward,forward,1,9,0,0.0,0,0,0.0,0,0,0.0,0,0,0.0,0,0,0.0,0,0,0.0,0,0,0.0,0,0,0.0,0,0,0.0,0,0,0
R_3R9sKFFvOyYQ9fu,ranking,backward,3,6,0,0.0,0,0,0.0,0,0,0.0,0,0,0.0,0,0,0.0,0,0,0.0,0,0,0.0,0,0,0.0,0,1,16.667,1,0,0
R_3R9sKFFvOyYQ9fu,backward,backward,3,14,0,0.0,0,0,0.0,0,0,0.0,0,0,0.0,0,0,0.0,0,0,0.0,0,0,0.0,0,0,0.0,0,0,0.0,0,0,0
R_3R9sKFFvOyYQ9fu,forward,forward,3,8,0,0.0,0,0,0.0,0,0,0.0,0,0,0.0,0,0,0.0,0,0,0.0,0,0,0.0,0,0,0.0,0,0,0.0,0,0,0
R_5X0Wx8b1yVLgsxm,ranking,backward,2,57,0,0.0,0,0,0.0,0,0,0.0,0,0,0.0,0,0,0.0,0,0,0.0,0,0,0.0,0,0,0.0,0,0,0.0,0,0,0
R_5X0Wx8b1yVLgsxm,backward,backward,2,12,0,0.0,0,0,0.0,0,0,0.0,0,0,0.0,0,0,0.0,0,0,0.0,0,0,0.0,0,0,0.0,0,0,0.0,0,0,0
R_5X0Wx8b1yVLgsxm,forward,forward,2,13,0,0.0,0,0,0.0,0,0,0.0,0,0,0.0,0,0,0.0,0,1,7.692,1,0,0.0,0,1,7.692,1,0,0.0,0,0,1
R_7kQUpud6fBHppWp,ranking,backward,2,39,0,0.0,0,0,0.0,0,0,0.0,0,0,0.0,0,0,0.0,0,0,0.0,0,1,2.564,1,0,0.0,0,0,0.0,0,0,0
R_7kQUpud6fBHppWp,backward,backward,2,33,0,0.0,0,0,0.0,0,0,0.0,0,0,0.0,0,0,0.0,0,0,0.0,0,0,0.0,0,0,0.0,0,0,0.0,0,0,0
R_7kQUpud6fBHppWp,forward,forward,2,14,0,0.0,0,0,0.0,0,0,0.0,0,0,0.0,0,0,0.0,0,0,0.0,0,0,0.0,0,0,0.0,0,0,0.0,0,0,0
R_117XRmMyJtzPwbL,ranking,backward,3,24,0,0.0,0,0,0.0,0,0,0.0,0,0,0.0,0,0,0.0,0,0,0.0,0,0,0.0,0,0,0.0,0,0,0.0,0,0,0
R_117XRmMyJtzPwbL,backward,backward,3,4,0,0.0,0,0,0.0,0,0,0.0,0,0,0.0,0,0,0.0,0,0,0.0,0,0,0.0,0,0,0.0,0,0,0.0,0,0,0
R_117XRmMyJtzPwbL,forward,forward,3,10,0,0.0,0,0,0.0,0,0,0.0,0,0,0.0,0,0,0.0,0,0,0.0,0,0,0.0,0,0,0.0,0,0,0.0,0,0,0
R_1bUCRQbgvYuvOC3,ranking,backward,1,11,0,0.0,0,0,0.0,0,0,0.0,0,0,0.0,0,0,0.0,0,0,0.0,0,0,0.0,0,0,0.0,0,0,0.0,0,0,0
R_1bUCRQbgvYuvOC3,backward,backward,1,3,0,0.0,0,0,0.0,0,0,0.0,0,0,0.0,0,0,0.0,0,0,0.0,0,0,0.0,0,0,0.0,0,0,0.0,0,0,0
R_1bUCRQbgvYuvOC3,forward,forward,1,11,0,0.0,0,0,0.0,0,0,0.0,0,0,0.0,0,0,0.0,0,0,0.0,0,0,0.0,0,0,0.0,0,0,0.0,0,0,0
R_5Cddz52Ww2sCbUj,ranking,backward,3,62,1,1.613,1,0,0.0,0,0,0.0,0,0,0.0,0,0,0.0,0,0,0.0,0,1,1.613,1,1,1.613,1,0,0.0,0,1,0
R_5Cddz52Ww2sCbUj,backward,backward,3,6,0,0.0,0,0,0.0,0,0,0.0,0,0,0.0,0,0,0.0,0,0,0.0,0,0,0.0,0,0,0.0,0,0,0.0,0,0,0
R_5Cddz52Ww2sCbUj,forward,forward,3,10,0,0.0,0,0,0.0,0,0,0.0,0,0,0.0,0,0,0.0,0,0,0.0,0,0,0.0,0,0,0.0,0,0,0.0,0,0,0
R_6FRQRuAWC0iFIfP,ranking,backward,1,18,0,0.0,0,0,0.0,0,0,0.0,0,0,0.0,0,0,0.0,0,0,0.0,0,0,0.0,0,0,0.0,0,0,0.0,0,0,0
R_6FRQRuAWC0iFIfP,backward,backward,1,27,0,0.0,0,0,0.0,0,0,0.0,0,0,0.0,0,0,0.0,0,0,0.0,0,0,0.0,0,0,0.0,0,0,0.0,0,0,0
R_6FRQRuAWC0iFIfP,forward,forward,1,31,1,3.226,1,0,0.0,0,0,0.0,0,0,0.0,0,0,0.0,0,0,0.0,0,0,0.0,0,1,3.226,1,0,0.0,0,1,0
R_5yTlQ4hsffr0EP7,ranking,backward,3,91,2,2.198,2,0,0.0,0,0,0.0,0,0,0.0,0,0,0.0,0,0,0.0,0,1,1.099,1,1,1.099,1,1,1.099,1,1,0
R_5yTlQ4hsffr0EP7,backward,backward,3,26,0,0.0,0,0,0.0,0,0,0.0,0,0,0.0,0,0,0.0,0,0,0.0,0,0,0.0,0,0,0.0,0,0,0.0,0,0,0
R_5yTlQ4hsffr0EP7,forward,forward,3,38,0,0.0,0,0,0.0,0,0,0.0,0,0,0.0,0,0,0.0,0,0,0.0,0,0,0.0,0,0,0.0,0,0,0.0,0,0,0
R_5QzgQPbIv9RYH2N,ranking,backward,3,51,0,0.0,0,0,0.0,0,0,0.0,0,0,0.0,0,0,0.0,0,0,0.0,0,1,1.961,1,0,0.0,0,1,1.961,1,0,0
R_5QzgQPbIv9RYH2N,backward,backward,3,14,0,0.0,0,0,0.0,0,0,0.0,0,0,0.0,0,0,0.0,0,0,0.0,0,0,0.0,0,0,0.0,0,0,0.0,0,0,0
R_5QzgQPbIv9RYH2N,forward,forward,3,16,0,0.0,0,0,0.0,0,0,0.0,0,0,0.0,0,0,0.0,0,0,0.0,0,0,0.0,0,1,6.25,1,0,0.0,0,0,0
R_7r9tsaPWu1L9o7d,ranking,backward,2,4,0,0.0,0,0,0.0,0,0,0.0,0,0,0.0,0,0,0.0,0,0,0.0,0,0,0.0,0,0,0.0,0,0,0.0,0,0,0
R_7r9tsaPWu1L9o7d,backward,backward,2,8,0,0.0,0,0,0.0,0,0,0.0,0,0,0.0,0,0,0.0,0,0,0.0,0,0,0.0,0,0,0.0,0,0,0.0,0,0,0
R_7r9tsaPWu1L9o7d,forward,forward,2,4,0,0.0,0,0,0.0,0,0,0.0,0,0,0.0,0,0,0.0,0,0,0.0,0,0,0.0,0,0,0.0,0,0,0.0,0,0,0
R_6r0GI2BSGanaXKx,ranking,backward,1,13,0,0.0,0,0,0.0,0,0,0.0,0,0,0.0,0,0,0.0,0,0,0.0,0,0,0.0,0,0,0.0,0,0,0.0,0,0,0
R_6r0GI2BSGanaXKx,backward,backward,1,4,0,0.0,0,0,0.0,0,0,0.0,0,0,0.0,0,0,0.0,0,0,0.0,0,0,0.0,0,0,0.0,0,0,0.0,0,0,0
R_6r0GI2BSGanaXKx,forward,forward,1,4,0,0.0,0,0,0.0,0,0,0.0,0,0,0.0,0,0,0.0,0,0,0.0,0,0,0.0,0,0,0.0,0,0,0.0,0,0,0
R_1dMwdkgYMunGCh0,ranking,backward,2,57,1,1.754,1,0,0.0,0,1,1.754,1,0,0.0,0,0,0.0,0,0,0.0,0,0,0.0,0,0,0.0,0,0,0.0,0,1,0
R_1dMwdkgYMunGCh0,backward,backward,2,14,0,0.0,0,0,0.0,0,0,0.0,0,0,0.0,0,0,0.0,0,0,0.0,0,0,0.0,0,0,0.0,0,0,0.0,0,0,0
R_1dMwdkgYMunGCh0,forward,forward,2,7,0,0.0,0,0,0.0,0,0,0.0,0,0,0.0,0,0,0.0,0,0,0.0,0,0,0.0,0,1,14.286,1,0,0.0,0,0,0
R_5gRT7ssyup3yk8k,ranking,backward,3,52,0,0.0,0,0,0.0,0,0,0.0,0,0,0.0,0,0,0.0,0,0,0.0,0,1,1.923,1,0,0.0,0,0,0.0,0,0,0
R_5gRT7ssyup3yk8k,backward,backward,3,2,0,0.0,0,0,0.0,0,0,0.0,0,0,0.0,0,0,0.0,0,0,0.0,0,0,0.0,0,0,0.0,0,0,0.0,0,0,0
R_5gRT7ssyup3yk8k,forward,forward,3,2,0,0.0,0,0,0.0,0,0,0.0,0,0,0.0,0,0,0.0,0,0,0.0,0,0,0.0,0,0,0.0,0,0,0.0,0,0,0
R_1THIC5zBbiFJOQa,ranking,backward,2,15,0,0.0,0,0,0.0,0,0,0.0,0,0,0.0,0,0,0.0,0,0,0.0,0,0,0.0,0,0,0.0,0,0,0.0,0,0,0
R_1THIC5zBbiFJOQa,backward,backward,2,6,0,0.0,0,0,0.0,0,0,0.0,0,0,0.0,0,0,0.0,0,0,0.0,0,0,0.0,0,0,0.0,0,0,0.0,0,0,0
R_1THIC5zBbiFJOQa,forward,forward,2,4,0,0.0,0,0,0.0,0,0,0.0,0,0,0.0,0,0,0.0,0,0,0.0,0,0,0.0,0,0,0.0,0,0,0.0,0,0,0
R_6azcTDcUJaB0EU2,ranking,backward,1,70,1,1.429,1,0,0.0,0,0,0.0,0,0,0.0,0,0,0.0,0,0,0.0,0,0,0.0,0,1,1.429,1,0,0.0,0,1,0
R_6azcTDcUJaB0EU2,backward,backward,1,33,0,0.0,0,0,0.0,0,0,0.0,0,0,0.0,0,0,0.0,0,0,0.0,0,0,0.0,0,1,3.03,1,0,0.0,0,0,0
R_6azcTDcUJaB0EU2,forward,forward,1,5,0,0.0,0,0,0.0,0,0,0.0,0,0,0.0,0,0,0.0,0,0,0.0,0,0,0.0,0,0,0.0,0,0,0.0,0,0,0
R_7AXNSwjez7M6qi6,ranking,backward,1,52,1,1.923,1,0,0.0,0,0,0.0,0,0,0.0,0,0,0.0,0,0,0.0,0,1,1.923,1,0,0.0,0,1,1.923,1,1,0
R_7AXNSwjez7M6qi6,backward,backward,1,15,1,6.667,1,0,0.0,0,0,0.0,0,0,0.0,0,0,0.0,0,0,0.0,0,0,0.0,0,0,0.0,0,0,0.0,0,1,0
R_7AXNSwjez7M6qi6,forward,forward,1,19,0,0.0,0,0,0.0,0,0,0.0,0,0,0.0,0,0,0.0,0,0,0.0,0,0,0.0,0,0,0.0,0,0,0.0,0,0,0
R_3YiEkC5bfQZYpDb,ranking,backward,1,35,1,2.857,1,0,0.0,0,0,0.0,0,0,0.0,0,0,0.0,0,0,0.0,0,1,2.857,1,0,0.0,0,1,2.857,1,1,0
R_3YiEkC5bfQZYpDb,backward,backward,1,12,0,0.0,0,0,0.0,0,0,0.0,0,0,0.0,0,0,0.0,0,0,0.0,0,0,0.0,0,0,0.0,0,0,0.0,0,0,0
R_3YiEkC5bfQZYpDb,forward,forward,1,11,0,0.0,0,0,0.0,0,0,0.0,0,0,0.0,0,0,0.0,0,0,0.0,0,0,0.0,0,0,0.0,0,0,0.0,0,0,0
R_5CwAAhejXw9Bv6r,ranking,backward,3,36,0,0.0,0,0,0.0,0,0,0.0,0,0,0.0,0,0,0.0,0,0,0.0,0,0,0.0,0,0,0.0,0,1,2.778,1,0,0
R_5CwAAhejXw9Bv6r,backward,backward,3,31,0,0.0,0,0,0.0,0,0,0.0,0,0,0.0,0,0,0.0,0,0,0.0,0,0,0.0,0,0,0.0,0,0,0.0,0,0,0
R_5CwAAhejXw9Bv6r,forward,forward,3,32,0,0.0,0,0,0.0,0,0,0.0,0,0,0.0,0,0,0.0,0,0,0.0,0,0,0.0,0,1,3.125,1,0,0.0,0,0,0
R_73h2ACNMlw07Tb3,ranking,backward,2,60,1,1.667,1,0,0.0,0,0,0.0,0,0,0.0,0,0,0.0,0,0,0.0,0,1,1.667,1,0,0.0,0,1,1.667,1,1,0
R_73h2ACNMlw07Tb3,backward,backward,2,39,0,0.0,0,0,0.0,0,0,0.0,0,0,0.0,0,0,0.0,0,0,0.0,0,0,0.0,0,0,0.0,0,0,0.0,0,0,0
R_73h2ACNMlw07Tb3,forward,forward,2,42,1,2.381,1,0,0.0,0,0,0.0,0,0,0.0,0,0,0.0,0,0,0.0,0,0,0.0,0,1,2.381,1,0,0.0,0,1,0
R_5pWV5Ieudxq5o8u,ranking,backward,2,46,1,2.174,1,0,0.0,0,0,0.0,0,0,0.0,0,0,0.0,0,0,0.0,0,1,2.174,1,0,0.0,0,0,0.0,0,1,0
R_5pWV5Ieudxq5o8u,backward,backward,2,18,0,0.0,0,0,0.0,0,0,0.0,0,0,0.0,0,0,0.0,0,0,0.0,0,0,0.0,0,0,0.0,0,0,0.0,0,0,0
R_5pWV5Ieudxq5o8u,forward,forward,2,19,0,0.0,0,0,0.0,0,0,0.0,0,0,0.0,0,0,0.0,0,0,0.0,0,0,0.0,0,0,0.0,0,0,0.0,0,0,0
R_5QJMvymDkYRi6Wy,ranking,backward,1,35,1,2.857,1,0,0.0,0,0,0.0,0,0,0.0,0,0,0.0,0,0,0.0,0,0,0.0,0,0,0.0,0,1,2.857,1,1,0
R_5QJMvymDkYRi6Wy,backward,backward,1,21,0,0.0,0,0,0.0,0,0,0.0,0,0,0.0,0,0,0.0,0,0,0.0,0,0,0.0,0,0,0.0,0,0,0.0,0,0,0
R_5QJMvymDkYRi6Wy,forward,forward,1,23,0,0.0,0,0,0.0,0,0,0.0,0,0,0.0,0,0,0.0,0,0,0.0,0,0,0.0,0,0,0.0,0,0,0.0,0,0,0
R_3EoaabitMKGa9CX,ranking,backward,2,62,0,0.0,0,0,0.0,0,0,0.0,0,0,0.0,0,0,0.0,0,0,0.0,0,1,1.613,1,0,0.0,0,1,1.613,1,0,0
R_3EoaabitMKGa9CX,backward,backward,2,56,0,0.0,0,0,0.0,0,0,0.0,0,0,0.0,0,0,0.0,0,0,0.0,0,0,0.0,0,0,0.0,0,0,0.0,0,0,0
R_3EoaabitMKGa9CX,forward,forward,2,10,0,0.0,0,0,0.0,0,0,0.0,0,0,0.0,0,0,0.0,0,0,0.0,0,0,0.0,0,0,0.0,0,0,0.0,0,0,0
R_3pxwHrISJ73Z09f,ranking,backward,2,24,0,0.0,0,0,0.0,0,0,0.0,0,0,0.0,0,0,0.0,0,0,0.0,0,0,0.0,0,0,0.0,0,0,0.0,0,0,0
R_3pxwHrISJ73Z09f,backward,backward,2,34,0,0.0,0,0,0.0,0,0,0.0,0,0,0.0,0,0,0.0,0,0,0.0,0,0,0.0,0,1,2.941,1,0,0.0,0,0,0
R_3pxwHrISJ73Z09f,forward,forward,2,25,0,0.0,0,0,0.0,0,0,0.0,0,0,0.0,0,0,0.0,0,0,0.0,0,0,0.0,0,0,0.0,0,1,4.0,1,0,0
R_6fyVNjVZZSTGLjr,ranking,backward,2,84,0,0.0,0,0,0.0,0,0,0.0,0,0,0.0,0,0,0.0,0,0,0.0,0,1,1.19,1,1,1.19,1,1,1.19,1,0,0
R_6fyVNjVZZSTGLjr,backward,backward,2,30,1,3.333,1,0,0.0,0,0,0.0,0,0,0.0,0,0,0.0,0,0,0.0,0,0,0.0,0,0,0.0,0,0,0.0,0,1,0
R_6fyVNjVZZSTGLjr,forward,forward,2,12,0,0.0,0,0,0.0,0,0,0.0,0,0,0.0,0,0,0.0,0,0,0.0,0,0,0.0,0,0,0.0,0,0,0.0,0,0,0
R_3qWytmZlwh7g3pD,ranking,backward,3,41,0,0.0,0,0,0.0,0,0,0.0,0,0,0.0,0,0,0.0,0,0,0.0,0,1,2.439,1,0,0.0,0,1,2.439,1,0,0
R_3qWytmZlwh7g3pD,backward,backward,3,16,0,0.0,0,0,0.0,0,0,0.0,0,0,0.0,0,0,0.0,0,0,0.0,0,0,0.0,0,0,0.0,0,1,6.25,1,0,0
R_3qWytmZlwh7g3pD,forward,forward,3,2,0,0.0,0,0,0.0,0,0,0.0,0,0,0.0,0,0,0.0,0,0,0.0,0,0,0.0,0,0,0.0,0,0,0.0,0,0,0
R_1wiqml7CqcO9fJc,ranking,backward,2,13,0,0.0,0,0,0.0,0,0,0.0,0,0,0.0,0,0,0.0,0,0,0.0,0,0,0.0,0,0,0.0,0,1,7.692,1,0,0
R_1wiqml7CqcO9fJc,backward,backward,2,3,0,0.0,0,0,0.0,0,0,0.0,0,0,0.0,0,0,0.0,0,0,0.0,0,0,0.0,0,0,0.0,0,0,0.0,0,0,0
R_1wiqml7CqcO9fJc,forward,forward,2,7,0,0.0,0,0,0.0,0,0,0.0,0,0,0.0,0,0,0.0,0,0,0.0,0,0,0.0,0,0,0.0,0,1,14.286,1,0,0
R_6R47ULyeULamU79,ranking,backward,3,18,0,0.0,0,0,0.0,0,0,0.0,0,0,0.0,0,0,0.0,0,0,0.0,0,0,0.0,0,0,0.0,0,2,11.111,2,0,0
R_6R47ULyeULamU79,backward,backward,3,8,0,0.0,0,0,0.0,0,0,0.0,0,0,0.0,0,0,0.0,0,0,0.0,0,0,0.0,0,1,12.5,1,0,0.0,0,0,0
R_6R47ULyeULamU79,forward,forward,3,11,0,0.0,0,0,0.0,0,0,0.0,0,0,0.0,0,0,0.0,0,0,0.0,0,0,0.0,0,0,0.0,0,0,0.0,0,0,0
R_6282rjAlHjKhjBn,ranking,backward,3,221,1,0.452,1,0,0.0,0,0,0.0,0,0,0.0,0,0,0.0,0,0,0.0,0,3,1.357,3,1,0.452,1,1,0.452,1,1,0
R_6282rjAlHjKhjBn,backward,backward,3,181,0,0.0,0,0,0.0,0,0,0.0,0,0,0.0,0,0,0.0,0,0,0.0,0,2,1.105,2,1,0.552,1,0,0.0,0,0,0
R_6282rjAlHjKhjBn,forward,forward,3,152,1,0.658,1,0,0.0,0,0,0.0,0,0,0.0,0,0,0.0,0,0,0.0,0,0,0.0,0,0,0.0,0,0,0.0,0,1,0
R_7oZUxBt84cIu3no,ranking,backward,2,17,0,0.0,0,0,0.0,0,0,0.0,0,0,0.0,0,0,0.0,0,0,0.0,0,0,0.0,0,0,0.0,0,0,0.0,0,0,0
R_7oZUxBt84cIu3no,backward,backward,2,7,0,0.0,0,0,0.0,0,0,0.0,0,0,0.0,0,0,0.0,0,0,0.0,0,0,0.0,0,0,0.0,0,0,0.0,0,0,0
R_7oZUxBt84cIu3no,forward,forward,2,13,0,0.0,0,0,0.0,0,0,0.0,0,0,0.0,0,0,0.0,0,0,0.0,0,0,0.0,0,0,0.0,0,0,0.0,0,0,0
R_1usFvDckwG9aKfT,ranking,backward,1,26,0,0.0,0,0,0.0,0,0,0.0,0,0,0.0,0,0,0.0,0,0,0.0,0,1,3.846,1,0,0.0,0,1,3.846,1,0,0
R_1usFvDckwG9aKfT,backward,backward,1,17,0,0.0,0,0,0.0,0,0,0.0,0,0,0.0,0,0,0.0,0,0,0.0,0,0,0.0,0,0,0.0,0,0,0.0,0,0,0
R_1usFvDckwG9aKfT,forward,forward,1,23,1,4.348,1,0,0.0,0,0,0.0,0,0,0.0,0,0,0.0,0,0,0.0,0,0,0.0,0,0,0.0,0,0,0.0,0,1,0
R_5pPUuN6I0PMXOky,ranking,backward,3,28,1,3.571,1,0,0.0,0,0,0.0,0,0,0.0,0,0,0.0,0,0,0.0,0,0,0.0,0,0,0.0,0,1,3.571,1,1,0
R_5pPUuN6I0PMXOky,backward,backward,3,17,0,0.0,0,0,0.0,0,0,0.0,0,0,0.0,0,0,0.0,0,0,0.0,0,0,0.0,0,0,0.0,0,1,5.882,1,0,0
R_5pPUuN6I0PMXOky,forward,forward,3,6,0,0.0,0,0,0.0,0,0,0.0,0,0,0.0,0,0,0.0,0,0,0.0,0,0,0.0,0,0,0.0,0,0,0.0,0,0,0
R_1iXxr72nhUxHpRa,ranking,backward,2,27,0,0.0,0,0,0.0,0,0,0.0,0,0,0.0,0,0,0.0,0,0,0.0,0,0,0.0,0,0,0.0,0,0,0.0,0,0,0
R_1iXxr72nhUxHpRa,backward,backward,2,16,0,0.0,0,0,0.0,0,0,0.0,0,0,0.0,0,0,0.0,0,0,0.0,0,0,0.0,0,0,0.0,0,0,0.0,0,0,0
R_1iXxr72nhUxHpRa,forward,forward,2,12,0,0.0,0,0,0.0,0,0,0.0,0,0,0.0,0,0,0.0,0,0,0.0,0,0,0.0,0,0,0.0,0,0,0.0,0,0,0
R_6knNxPVw9x9fF73,ranking,backward,1,54,0,0.0,0,0,0.0,0,0,0.0,0,0,0.0,0,0,0.0,0,0,0.0,0,2,3.704,2,0,0.0,0,1,1.852,1,0,0
R_6knNxPVw9x9fF73,backward,backward,1,28,0,0.0,0,0,0.0,0,0,0.0,0,0,0.0,0,0,0.0,0,0,0.0,0,0,0.0,0,0,0.0,0,0,0.0,0,0,0
R_6knNxPVw9x9fF73,forward,forward,1,21,0,0.0,0,0,0.0,0,0,0.0,0,0,0.0,0,0,0.0,0,0,0.0,0,0,0.0,0,0,0.0,0,0,0.0,0,0,0
R_6nj4PxKXwDZAYGB,ranking,backward,1,58,1,1.724,1,0,0.0,0,0,0.0,0,0,0.0,0,0,0.0,0,0,0.0,0,1,1.724,1,1,1.724,1,1,1.724,1,1,0
R_6nj4PxKXwDZAYGB,backward,backward,1,23,1,4.348,1,0,0.0,0,0,0.0,0,0,0.0,0,0,0.0,0,0,0.0,0,0,0.0,0,1,4.348,1,0,0.0,0,1,0
R_6nj4PxKXwDZAYGB,forward,forward,1,48,0,0.0,0,0,0.0,0,0,0.0,0,1,2.083,1,0,0.0,0,0,0.0,0,0,0.0,0,1,2.083,1,0,0.0,0,1,0
R_3Bll1RAdBC71qAH,ranking,backward,1,38,0,0.0,0,0,0.0,0,0,0.0,0,0,0.0,0,0,0.0,0,0,0.0,0,1,2.632,1,0,0.0,0,1,2.632,1,0,0
R_3Bll1RAdBC71qAH,backward,backward,1,24,0,0.0,0,0,0.0,0,0,0.0,0,0,0.0,0,0,0.0,0,0,0.0,0,0,0.0,0,0,0.0,0,0,0.0,0,0,0
R_3Bll1RAdBC71qAH,forward,forward,1,23,0,0.0,0,0,0.0,0,0,0.0,0,0,0.0,0,0,0.0,0,0,0.0,0,0,0.0,0,0,0.0,0,0,0.0,0,0,0
R_34CSnDj0tapyBNR,ranking,backward,3,59,1,1.695,1,0,0.0,0,0,0.0,0,0,0.0,0,0,0.0,0,0,0.0,0,1,1.695,1,0,0.0,0,0,0.0,0,1,0
R_34CSnDj0tapyBNR,backward,backward,3,30,0,0.0,0,0,0.0,0,0,0.0,0,0,0.0,0,0,0.0,0,0,0.0,0,0,0.0,0,0,0.0,0,0,0.0,0,0,0
R_34CSnDj0tapyBNR,forward,forward,3,15,0,0.0,0,0,0.0,0,0,0.0,0,0,0.0,0,0,0.0,0,0,0.0,0,0,0.0,0,0,0.0,0,0,0.0,0,0,0
R_6fpcB1NxbDENclK,ranking,backward,3,15,0,0.0,0,0,0.0,0,0,0.0,0,0,0.0,0,0,0.0,0,0,0.0,0,0,0.0,0,0,0.0,0,0,0.0,0,0,0
R_6fpcB1NxbDENclK,backward,backward,3,11,1,9.091,1,0,0.0,0,0,0.0,0,0,0.0,0,0,0.0,0,0,0.0,0,0,0.0,0,0,0.0,0,0,0.0,0,1,0
R_6fpcB1NxbDENclK,forward,forward,3,7,0,0.0,0,0,0.0,0,0,0.0,0,0,0.0,0,0,0.0,0,0,0.0,0,0,0.0,0,0,0.0,0,0,0.0,0,0,0
R_11yVxggno6ipFZf,ranking,backward,1,47,0,0.0,0,0,0.0,0,0,0.0,0,0,0.0,0,0,0.0,0,0,0.0,0,1,2.128,1,1,2.128,1,1,2.128,1,0,0
R_11yVxggno6ipFZf,backward,backward,1,25,0,0.0,0,0,0.0,0,0,0.0,0,0,0.0,0,0,0.0,0,0,0.0,0,0,0.0,0,0,0.0,0,0,0.0,0,0,0
R_11yVxggno6ipFZf,forward,forward,1,12,0,0.0,0,0,0.0,0,0,0.0,0,0,0.0,0,0,0.0,0,0,0.0,0,0,0.0,0,0,0.0,0,0,0.0,0,0,0
R_69sOz7tYvGZJ7TX,ranking,backward,3,51,0,0.0,0,0,0.0,0,0,0.0,0,0,0.0,0,0,0.0,0,0,0.0,0,1,1.961,1,0,0.0,0,1,1.961,1,0,0
R_69sOz7tYvGZJ7TX,backward,backward,3,27,0,0.0,0,0,0.0,0,0,0.0,0,0,0.0,0,0,0.0,0,0,0.0,0,0,0.0,0,0,0.0,0,0,0.0,0,0,0
R_69sOz7tYvGZJ7TX,forward,forward,3,10,0,0.0,0,0,0.0,0,0,0.0,0,0,0.0,0,0,0.0,0,0,0.0,0,0,0.0,0,0,0.0,0,0,0.0,0,0,0
R_3apcaFA39buolnH,ranking,backward,3,71,1,1.408,1,0,0.0,0,0,0.0,0,0,0.0,0,0,0.0,0,0,0.0,0,1,1.408,1,1,1.408,1,1,1.408,1,1,0
R_3apcaFA39buolnH,backward,backward,3,60,0,0.0,0,0,0.0,0,0,0.0,0,0,0.0,0,0,0.0,0,0,0.0,0,0,0.0,0,0,0.0,0,0,0.0,0,0,0
R_3apcaFA39buolnH,forward,forward,3,81,0,0.0,0,0,0.0,0,0,0.0,0,0,0.0,0,0,0.0,0,0,0.0,0,0,0.0,0,0,0.0,0,1,1.235,1,0,0
R_62hfDodb4Pl5gsW,ranking,backward,3,19,0,0.0,0,0,0.0,0,0,0.0,0,0,0.0,0,0,0.0,0,0,0.0,0,1,5.263,1,0,0.0,0,1,5.263,1,0,0
R_62hfDodb4Pl5gsW,backward,backward,3,23,0,0.0,0,0,0.0,0,0,0.0,0,0,0.0,0,0,0.0,0,0,0.0,0,0,0.0,0,0,0.0,0,0,0.0,0,0,0
R_62hfDodb4Pl5gsW,forward,forward,3,5,0,0.0,0,0,0.0,0,0,0.0,0,0,0.0,0,0,0.0,0,0,0.0,0,0,0.0,0,0,0.0,0,0,0.0,0,0,0
R_3IYFhH4AVfi5SU4,ranking,backward,1,43,0,0.0,0,0,0.0,0,0,0.0,0,0,0.0,0,0,0.0,0,0,0.0,0,1,2.326,1,1,2.326,1,1,2.326,1,0,0
R_3IYFhH4AVfi5SU4,backward,backward,1,13,0,0.0,0,0,0.0,0,0,0.0,0,0,0.0,0,0,0.0,0,0,0.0,0,0,0.0,0,1,7.692,1,0,0.0,0,0,0
R_3IYFhH4AVfi5SU4,forward,forward,1,11,0,0.0,0,0,0.0,0,0,0.0,0,0,0.0,0,0,0.0,0,0,0.0,0,0,0.0,0,0,0.0,0,0,0.0,0,0,0
R_1EEZid30ciXrRtg,ranking,backward,2,76,0,0.0,0,1,1.316,1,0,0.0,0,0,0.0,0,0,0.0,0,0,0.0,0,0,0.0,0,0,0.0,0,1,1.316,1,1,0
R_1EEZid30ciXrRtg,backward,backward,2,46,0,0.0,0,0,0.0,0,0,0.0,0,0,0.0,0,0,0.0,0,0,0.0,0,0,0.0,0,0,0.0,0,0,0.0,0,0,0
R_1EEZid30ciXrRtg,forward,forward,2,31,0,0.0,0,0,0.0,0,0,0.0,0,0,0.0,0,0,0.0,0,0,0.0,0,1,3.226,1,0,0.0,0,0,0.0,0,0,0
R_1P46rs7iP1Q8xa1,ranking,backward,3,24,0,0.0,0,0,0.0,0,0,0.0,0,0,0.0,0,0,0.0,0,0,0.0,0,0,0.0,0,0,0.0,0,1,4.167,1,0,0
R_1P46rs7iP1Q8xa1,backward,backward,3,18,0,0.0,0,0,0.0,0,0,0.0,0,0,0.0,0,0,0.0,0,0,0.0,0,0,0.0,0,0,0.0,0,0,0.0,0,0,0
R_1P46rs7iP1Q8xa1,forward,forward,3,9,0,0.0,0,0,0.0,0,0,0.0,0,0,0.0,0,0,0.0,0,0,0.0,0,0,0.0,0,0,0.0,0,0,0.0,0,0,0
R_10reeoRiFs8z6wD,ranking,backward,2,30,0,0.0,0,0,0.0,0,0,0.0,0,0,0.0,0,0,0.0,0,0,0.0,0,1,3.333,1,0,0.0,0,1,3.333,1,0,0
R_10reeoRiFs8z6wD,backward,backward,2,22,1,4.545,1,0,0.0,0,0,0.0,0,0,0.0,0,0,0.0,0,0,0.0,0,0,0.0,0,0,0.0,0,1,4.545,1,1,0
R_10reeoRiFs8z6wD,forward,forward,2,20,0,0.0,0,0,0.0,0,0,0.0,0,0,0.0,0,0,0.0,0,0,0.0,0,0,0.0,0,0,0.0,0,0,0.0,0,0,0
R_3TgGtDinRHTixZ7,ranking,backward,1,15,0,0.0,0,0,0.0,0,0,0.0,0,0,0.0,0,0,0.0,0,0,0.0,0,1,6.667,1,0,0.0,0,0,0.0,0,0,0
R_3TgGtDinRHTixZ7,backward,backward,1,10,0,0.0,0,0,0.0,0,0,0.0,0,0,0.0,0,0,0.0,0,0,0.0,0,0,0.0,0,0,0.0,0,0,0.0,0,0,0
R_3TgGtDinRHTixZ7,forward,forward,1,7,0,0.0,0,0,0.0,0,0,0.0,0,0,0.0,0,0,0.0,0,0,0.0,0,0,0.0,0,0,0.0,0,0,0.0,0,0,0
R_12RLVDIlLQUpEz9,ranking,backward,2,98,0,0.0,0,0,0.0,0,0,0.0,0,0,0.0,0,0,0.0,0,0,0.0,0,1,1.02,1,1,1.02,1,0,0.0,0,0,0
R_12RLVDIlLQUpEz9,backward,backward,2,56,0,0.0,0,0,0.0,0,0,0.0,0,0,0.0,0,0,0.0,0,0,0.0,0,0,0.0,0,0,0.0,0,0,0.0,0,0,0
R_12RLVDIlLQUpEz9,forward,forward,2,17,0,0.0,0,0,0.0,0,0,0.0,0,0,0.0,0,1,5.882,1,0,0.0,0,0,0.0,0,0,0.0,0,0,0.0,0,0,1
R_5JCPeYF2WLNVKmi,ranking,backward,1,110,1,0.909,1,0,0.0,0,0,0.0,0,0,0.0,0,0,0.0,0,0,0.0,0,0,0.0,0,0,0.0,0,1,0.909,1,1,0
R_5JCPeYF2WLNVKmi,backward,backward,1,84,1,1.19,1,0,0.0,0,0,0.0,0,0,0.0,0,0,0.0,0,0,0.0,0,0,0.0,0,0,0.0,0,0,0.0,0,1,0
R_5JCPeYF2WLNVKmi,forward,forward,1,34,0,0.0,0,0,0.0,0,0,0.0,0,0,0.0,0,0,0.0,0,0,0.0,0,0,0.0,0,0,0.0,0,0,0.0,0,0,0
R_3NxpEzVJWgqn2HT,ranking,backward,3,19,0,0.0,0,0,0.0,0,0,0.0,0,0,0.0,0,0,0.0,0,0,0.0,0,0,0.0,0,0,0.0,0,1,5.263,1,0,0
R_3NxpEzVJWgqn2HT,backward,backward,3,27,1,3.704,1,0,0.0,0,0,0.0,0,0,0.0,0,0,0.0,0,0,0.0,0,0,0.0,0,0,0.0,0,0,0.0,0,1,0
R_3NxpEzVJWgqn2HT,forward,forward,3,1,0,0.0,0,0,0.0,0,0,0.0,0,0,0.0,0,0,0.0,0,0,0.0,0,0,0.0,0,0,0.0,0,1,100.0,1,0,0
R_3HakmudRMRI1knn,ranking,backward,2,57,1,1.754,1,0,0.0,0,0,0.0,0,0,0.0,0,0,0.0,0,0,0.0,0,0,0.0,0,2,3.509,2,0,0.0,0,1,0
R_3HakmudRMRI1knn,backward,backward,2,23,0,0.0,0,0,0.0,0,0,0.0,0,0,0.0,0,0,0.0,0,0,0.0,0,0,0.0,0,0,0.0,0,0,0.0,0,0,0
R_3HakmudRMRI1knn,forward,forward,2,16,0,0.0,0,0,0.0,0,1,6.25,1,0,0.0,0,0,0.0,0,0,0.0,0,0,0.0,0,0,0.0,0,0,0.0,0,1,0
R_1zaC4KKkpFdsAF3,ranking,backward,1,18,0,0.0,0,0,0.0,0,0,0.0,0,0,0.0,0,0,0.0,0,0,0.0,0,1,5.556,1,0,0.0,0,0,0.0,0,0,0
R_1zaC4KKkpFdsAF3,backward,backward,1,17,1,5.882,1,0,0.0,0,0,0.0,0,0,0.0,0,0,0.0,0,0,0.0,0,0,0.0,0,0,0.0,0,0,0.0,0,1,0
R_1zaC4KKkpFdsAF3,forward,forward,1,15,0,0.0,0,0,0.0,0,0,0.0,0,0,0.0,0,0,0.0,0,0,0.0,0,0,0.0,0,0,0.0,0,0,0.0,0,0,0
R_1lB7v1yTsdkMDH5,ranking,backward,2,23,1,4.348,1,0,0.0,0,0,0.0,0,0,0.0,0,0,0.0,0,0,0.0,0,0,0.0,0,0,0.0,0,1,4.348,1,1,0
R_1lB7v1yTsdkMDH5,backward,backward,2,26,0,0.0,0,0,0.0,0,0,0.0,0,0,0.0,0,0,0.0,0,0,0.0,0,0,0.0,0,0,0.0,0,1,3.846,1,0,0
R_1lB7v1yTsdkMDH5,forward,forward,2,16,1,6.25,1,0,0.0,0,0,0.0,0,0,0.0,0,1,6.25,1,0,0.0,0,0,0.0,0,0,0.0,0,0,0.0,0,1,1
R_5QLSpjSIqS92eJI,ranking,backward,2,12,0,0.0,0,0,0.0,0,0,0.0,0,0,0.0,0,0,0.0,0,0,0.0,0,0,0.0,0,1,8.333,1,0,0.0,0,0,0
R_5QLSpjSIqS92eJI,backward,backward,2,26,0,0.0,0,0,0.0,0,0,0.0,0,0,0.0,0,0,0.0,0,0,0.0,0,0,0.0,0,0,0.0,0,0,0.0,0,0,0
R_5QLSpjSIqS92eJI,forward,forward,2,8,0,0.0,0,0,0.0,0,0,0.0,0,0,0.0,0,0,0.0,0,0,0.0,0,0,0.0,0,0,0.0,0,0,0.0,0,0,0
R_3DZVGCZmtQxTPUt,ranking,backward,3,43,1,2.326,1,0,0.0,0,0,0.0,0,0,0.0,0,0,0.0,0,0,0.0,0,0,0.0,0,0,0.0,0,1,2.326,1,1,0
R_3DZVGCZmtQxTPUt,backward,backward,3,25,0,0.0,0,0,0.0,0,0,0.0,0,0,0.0,0,0,0.0,0,0,0.0,0,0,0.0,0,0,0.0,0,0,0.0,0,0,0
R_3DZVGCZmtQxTPUt,forward,forward,3,15,1,6.667,1,0,0.0,0,1,6.667,1,0,0.0,0,0,0.0,0,0,0.0,0,0,0.0,0,1,6.667,1,0,0.0,0,1,0
R_3BmJCJq5OyzQIHw,ranking,backward,1,51,0,0.0,0,0,0.0,0,0,0.0,0,0,0.0,0,0,0.0,0,0,0.0,0,0,0.0,0,0,0.0,0,0,0.0,0,0,0
R_3BmJCJq5OyzQIHw,backward,backward,1,22,0,0.0,0,0,0.0,0,0,0.0,0,0,0.0,0,0,0.0,0,0,0.0,0,0,0.0,0,0,0.0,0,0,0.0,0,0,0
R_3BmJCJq5OyzQIHw,forward,forward,1,28,0,0.0,0,0,0.0,0,0,0.0,0,0,0.0,0,0,0.0,0,0,0.0,0,0,0.0,0,0,0.0,0,0,0.0,0,0,0
R_6TvIzUDFHM6Xwxj,ranking,backward,2,10,0,0.0,0,0,0.0,0,0,0.0,0,0,0.0,0,0,0.0,0,0,0.0,0,0,0.0,0,0,0.0,0,0,0.0,0,0,0
R_6TvIzUDFHM6Xwxj,backward,backward,2,13,0,0.0,0,0,0.0,0,0,0.0,0,0,0.0,0,0,0.0,0,0,0.0,0,0,0.0,0,0,0.0,0,0,0.0,0,0,0
R_6TvIzUDFHM6Xwxj,forward,forward,2,8,0,0.0,0,0,0.0,0,0,0.0,0,0,0.0,0,0,0.0,0,0,0.0,0,0,0.0,0,0,0.0,0,1,12.5,1,0,0
R_6fH7Sj36Qm6Csoc,ranking,backward,3,49,0,0.0,0,1,2.041,1,0,0.0,0,0,0.0,0,0,0.0,0,0,0.0,0,0,0.0,0,0,0.0,0,1,2.041,1,1,0
R_6fH7Sj36Qm6Csoc,backward,backward,3,53,1,1.887,1,0,0.0,0,0,0.0,0,0,0.0,0,0,0.0,0,0,0.0,0,0,0.0,0,0,0.0,0,0,0.0,0,1,0
R_6fH7Sj36Qm6Csoc,forward,forward,3,9,0,0.0,0,0,0.0,0,0,0.0,0,0,0.0,0,0,0.0,0,0,0.0,0,0,0.0,0,0,0.0,0,0,0.0,0,0,0
R_3ezwTPNEaOtqM2l,ranking,backward,1,62,0,0.0,0,0,0.0,0,0,0.0,0,0,0.0,0,0,0.0,0,0,0.0,0,0,0.0,0,0,0.0,0,1,1.613,1,0,0
R_3ezwTPNEaOtqM2l,backward,backward,1,6,0,0.0,0,0,0.0,0,0,0.0,0,0,0.0,0,0,0.0,0,0,0.0,0,0,0.0,0,0,0.0,0,0,0.0,0,0,0
R_3ezwTPNEaOtqM2l,forward,forward,1,20,1,5.0,1,0,0.0,0,0,0.0,0,0,0.0,0,0,0.0,0,0,0.0,0,0,0.0,0,0,0.0,0,0,0.0,0,1,0
R_5LFNZGgMR6irjRk,ranking,backward,2,37,1,2.703,1,0,0.0,0,0,0.0,0,0,0.0,0,0,0.0,0,0,0.0,0,0,0.0,0,1,2.703,1,1,2.703,1,1,0
R_5LFNZGgMR6irjRk,backward,backward,2,25,1,4.0,1,0,0.0,0,0,0.0,0,0,0.0,0,0,0.0,0,0,0.0,0,0,0.0,0,0,0.0,0,0,0.0,0,1,0
R_5LFNZGgMR6irjRk,forward,forward,2,23,0,0.0,0,0,0.0,0,0,0.0,0,0,0.0,0,0,0.0,0,0,0.0,0,0,0.0,0,0,0.0,0,0,0.0,0,0,0
R_1cWppQI8sFXcxZn,ranking,backward,2,30,1,3.333,1,0,0.0,0,0,0.0,0,0,0.0,0,0,0.0,0,0,0.0,0,1,3.333,1,0,0.0,0,1,3.333,1,1,0
R_1cWppQI8sFXcxZn,backward,backward,2,22,1,4.545,1,0,0.0,0,0,0.0,0,0,0.0,0,0,0.0,0,0,0.0,0,0,0.0,0,1,4.545,1,0,0.0,0,1,0
R_1cWppQI8sFXcxZn,forward,forward,2,13,0,0.0,0,0,0.0,0,0,0.0,0,0,0.0,0,0,0.0,0,0,0.0,0,0,0.0,0,0,0.0,0,0,0.0,0,0,0
R_5mPGqlyTQyb85Z7,ranking,backward,1,26,0,0.0,0,0,0.0,0,0,0.0,0,0,0.0,0,0,0.0,0,0,0.0,0,1,3.846,1,0,0.0,0,1,3.846,1,0,0
R_5mPGqlyTQyb85Z7,backward,backward,1,19,0,0.0,0,0,0.0,0,0,0.0,0,0,0.0,0,0,0.0,0,0,0.0,0,0,0.0,0,1,5.263,1,0,0.0,0,0,0
R_5mPGqlyTQyb85Z7,forward,forward,1,24,0,0.0,0,0,0.0,0,0,0.0,0,0,0.0,0,0,0.0,0,0,0.0,0,0,0.0,0,0,0.0,0,0,0.0,0,0,0
R_5MUgJCCKHpGQFyh,ranking,backward,3,98,0,0.0,0,0,0.0,0,0,0.0,0,0,0.0,0,0,0.0,0,0,0.0,0,1,1.02,1,0,0.0,0,1,1.02,1,0,0
R_5MUgJCCKHpGQFyh,backward,backward,3,24,1,4.167,1,0,0.0,0,0,0.0,0,0,0.0,0,0,0.0,0,0,0.0,0,0,0.0,0,0,0.0,0,0,0.0,0,1,0
R_5MUgJCCKHpGQFyh,forward,forward,3,20,0,0.0,0,0,0.0,0,0,0.0,0,0,0.0,0,0,0.0,0,0,0.0,0,1,5.0,1,0,0.0,0,0,0.0,0,0,0
R_64eBwO9B3qU6bOr,ranking,backward,2,15,0,0.0,0,0,0.0,0,0,0.0,0,0,0.0,0,0,0.0,0,0,0.0,0,0,0.0,0,0,0.0,0,0,0.0,0,0,0
R_64eBwO9B3qU6bOr,backward,backward,2,10,0,0.0,0,0,0.0,0,0,0.0,0,0,0.0,0,0,0.0,0,0,0.0,0,0,0.0,0,0,0.0,0,0,0.0,0,0,0
R_64eBwO9B3qU6bOr,forward,forward,2,0,0,0.0,0,0,0.0,0,0,0.0,0,0,0.0,0,0,0.0,0,0,0.0,0,0,0.0,0,0,0.0,0,0,0.0,0,0,0
R_6A1mSSPz0JkNY0j,ranking,backward,2,50,0,0.0,0,0,0.0,0,0,0.0,0,0,0.0,0,0,0.0,0,0,0.0,0,0,0.0,0,0,0.0,0,0,0.0,0,0,0
R_6A1mSSPz0JkNY0j,backward,backward,2,13,0,0.0,0,0,0.0,0,0,0.0,0,0,0.0,0,0,0.0,0,0,0.0,0,0,0.0,0,0,0.0,0,0,0.0,0,0,0
R_6A1mSSPz0JkNY0j,forward,forward,2,10,0,0.0,0,0,0.0,0,0,0.0,0,0,0.0,0,0,0.0,0,0,0.0,0,0,0.0,0,1,10.0,1,0,0.0,0,0,0
R_5jkXyaDXj6EC1UC,ranking,backward,1,16,0,0.0,0,0,0.0,0,0,0.0,0,0,0.0,0,0,0.0,0,0,0.0,0,0,0.0,0,0,0.0,0,0,0.0,0,0,0
R_5jkXyaDXj6EC1UC,backward,backward,1,31,0,0.0,0,0,0.0,0,0,0.0,0,0,0.0,0,0,0.0,0,0,0.0,0,1,3.226,1,0,0.0,0,1,3.226,1,0,0
R_5jkXyaDXj6EC1UC,forward,forward,1,1,0,0.0,0,0,0.0,0,0,0.0,0,0,0.0,0,0,0.0,0,0,0.0,0,0,0.0,0,0,0.0,0,0,0.0,0,0,0
R_7r1dMbFHKeJ8fDB,ranking,backward,1,15,0,0.0,0,0,0.0,0,0,0.0,0,0,0.0,0,0,0.0,0,0,0.0,0,0,0.0,0,0,0.0,0,0,0.0,0,0,0
R_7r1dMbFHKeJ8fDB,backward,backward,1,13,0,0.0,0,0,0.0,0,0,0.0,0,0,0.0,0,0,0.0,0,0,0.0,0,0,0.0,0,0,0.0,0,0,0.0,0,0,0
R_7r1dMbFHKeJ8fDB,forward,forward,1,5,0,0.0,0,0,0.0,0,0,0.0,0,0,0.0,0,0,0.0,0,0,0.0,0,0,0.0,0,0,0.0,0,0,0.0,0,0,0
R_1y3Glp8qMC61kf7,ranking,backward,3,95,0,0.0,0,0,0.0,0,0,0.0,0,0,0.0,0,0,0.0,0,0,0.0,0,0,0.0,0,1,1.053,1,1,1.053,1,0,0
R_1y3Glp8qMC61kf7,backward,backward,3,91,0,0.0,0,0,0.0,0,0,0.0,0,0,0.0,0,0,0.0,0,0,0.0,0,0,0.0,0,0,0.0,0,0,0.0,0,0,0
R_1y3Glp8qMC61kf7,forward,forward,3,12,0,0.0,0,0,0.0,0,0,0.0,0,0,0.0,0,0,0.0,0,0,0.0,0,0,0.0,0,0,0.0,0,0,0.0,0,0,0
R_5qerMl24W0XhmRU,ranking,backward,3,66,0,0.0,0,0,0.0,0,0,0.0,0,0,0.0,0,0,0.0,0,0,0.0,0,1,1.515,1,1,1.515,1,1,1.515,1,0,0
R_5qerMl24W0XhmRU,backward,backward,3,38,0,0.0,0,0,0.0,0,0,0.0,0,0,0.0,0,0,0.0,0,0,0.0,0,0,0.0,0,1,2.632,1,0,0.0,0,0,0
R_5qerMl24W0XhmRU,forward,forward,3,52,0,0.0,0,0,0.0,0,0,0.0,0,0,0.0,0,0,0.0,0,0,0.0,0,0,0.0,0,0,0.0,0,0,0.0,0,0,0
R_3eoQELrvqUADqpj,ranking,backward,3,20,0,0.0,0,0,0.0,0,0,0.0,0,0,0.0,0,0,0.0,0,0,0.0,0,1,5.0,1,1,5.0,1,1,5.0,1,0,0
R_3eoQELrvqUADqpj,backward,backward,3,22,0,0.0,0,0,0.0,0,0,0.0,0,0,0.0,0,0,0.0,0,0,0.0,0,0,0.0,0,0,0.0,0,0,0.0,0,0,0
R_3eoQELrvqUADqpj,forward,forward,3,12,0,0.0,0,0,0.0,0,0,0.0,0,0,0.0,0,0,0.0,0,0,0.0,0,0,0.0,0,0,0.0,0,0,0.0,0,0,0
R_6QZ3yYEgAKQp4sb,ranking,backward,1,31,1,3.226,1,0,0.0,0,0,0.0,0,0,0.0,0,0,0.0,0,0,0.0,0,0,0.0,0,0,0.0,0,1,3.226,1,1,0
R_6QZ3yYEgAKQp4sb,backward,backward,1,45,0,0.0,0,0,0.0,0,0,0.0,0,0,0.0,0,0,0.0,0,0,0.0,0,0,0.0,0,0,0.0,0,0,0.0,0,0,0
R_6QZ3yYEgAKQp4sb,forward,forward,1,19,1,5.263,1,0,0.0,0,0,0.0,0,0,0.0,0,0,0.0,0,0,0.0,0,0,0.0,0,0,0.0,0,0,0.0,0,1,0
R_7WYIV5lWbTX2h0g,ranking,backward,3,56,0,0.0,0,0,0.0,0,0,0.0,0,0,0.0,0,0,0.0,0,0,0.0,0,2,3.571,2,1,1.786,1,1,1.786,1,0,0
R_7WYIV5lWbTX2h0g,backward,backward,3,39,0,0.0,0,0,0.0,0,0,0.0,0,0,0.0,0,0,0.0,0,0,0.0,0,0,0.0,0,0,0.0,0,0,0.0,0,0,0
R_7WYIV5lWbTX2h0g,forward,forward,3,5,0,0.0,0,0,0.0,0,0,0.0,0,0,0.0,0,0,0.0,0,0,0.0,0,0,0.0,0,0,0.0,0,0,0.0,0,0,0
R_59miRsQACZxvDPg,ranking,backward,1,14,0,0.0,0,0,0.0,0,0,0.0,0,0,0.0,0,0,0.0,0,0,0.0,0,0,0.0,0,0,0.0,0,0,0.0,0,0,0
R_59miRsQACZxvDPg,backward,backward,1,18,0,0.0,0,0,0.0,0,0,0.0,0,0,0.0,0,0,0.0,0,0,0.0,0,0,0.0,0,0,0.0,0,0,0.0,0,0,0
R_59miRsQACZxvDPg,forward,forward,1,9,0,0.0,0,0,0.0,0,0,0.0,0,0,0.0,0,0,0.0,0,0,0.0,0,0,0.0,0,0,0.0,0,0,0.0,0,0,0
R_5gXjTTNCu5VPgTD,ranking,backward,2,54,0,0.0,0,1,1.852,1,0,0.0,0,0,0.0,0,0,0.0,0,0,0.0,0,0,0.0,0,0,0.0,0,0,0.0,0,1,0
R_5gXjTTNCu5VPgTD,backward,backward,2,12,0,0.0,0,0,0.0,0,0,0.0,0,0,0.0,0,0,0.0,0,0,0.0,0,0,0.0,0,0,0.0,0,0,0.0,0,0,0
R_5gXjTTNCu5VPgTD,forward,forward,2,6,0,0.0,0,0,0.0,0,0,0.0,0,0,0.0,0,0,0.0,0,0,0.0,0,0,0.0,0,0,0.0,0,0,0.0,0,0,0
R_6xVNQM6vMMsuW48,ranking,backward,3,6,0,0.0,0,0,0.0,0,0,0.0,0,0,0.0,0,0,0.0,0,0,0.0,0,0,0.0,0,1,16.667,1,0,0.0,0,0,0
R_6xVNQM6vMMsuW48,backward,backward,3,7,0,0.0,0,0,0.0,0,0,0.0,0,0,0.0,0,0,0.0,0,0,0.0,0,0,0.0,0,0,0.0,0,0,0.0,0,0,0
R_6xVNQM6vMMsuW48,forward,forward,3,9,0,0.0,0,0,0.0,0,0,0.0,0,0,0.0,0,0,0.0,0,0,0.0,0,0,0.0,0,0,0.0,0,0,0.0,0,0,0
R_3GHwOks4gieoCwV,ranking,backward,3,31,1,3.226,1,0,0.0,0,0,0.0,0,0,0.0,0,0,0.0,0,0,0.0,0,0,0.0,0,0,0.0,0,0,0.0,0,1,0
R_3GHwOks4gieoCwV,backward,backward,3,16,0,0.0,0,0,0.0,0,0,0.0,0,0,0.0,0,0,0.0,0,0,0.0,0,0,0.0,0,1,6.25,1,0,0.0,0,0,0
R_3GHwOks4gieoCwV,forward,forward,3,27,0,0.0,0,0,0.0,0,0,0.0,0,0,0.0,0,0,0.0,0,0,0.0,0,0,0.0,0,0,0.0,0,0,0.0,0,0,0
R_3hGU86BDXCNEvnA,ranking,backward,2,53,1,1.887,1,0,0.0,0,0,0.0,0,0,0.0,0,0,0.0,0,0,0.0,0,1,1.887,1,0,0.0,0,1,1.887,1,1,0
R_3hGU86BDXCNEvnA,backward,backward,2,23,0,0.0,0,0,0.0,0,0,0.0,0,0,0.0,0,0,0.0,0,0,0.0,0,0,0.0,0,0,0.0,0,0,0.0,0,0,0
R_3hGU86BDXCNEvnA,forward,forward,2,17,0,0.0,0,0,0.0,0,0,0.0,0,0,0.0,0,0,0.0,0,0,0.0,0,0,0.0,0,0,0.0,0,0,0.0,0,0,0
R_61AGy684fKd4XxW,ranking,backward,2,38,1,2.632,1,0,0.0,0,0,0.0,0,0,0.0,0,1,2.632,1,0,0.0,0,0,0.0,0,1,2.632,1,0,0.0,0,1,1
R_61AGy684fKd4XxW,backward,backward,2,13,0,0.0,0,0,0.0,0,0,0.0,0,0,0.0,0,0,0.0,0,0,0.0,0,0,0.0,0,0,0.0,0,0,0.0,0,0,0
R_61AGy684fKd4XxW,forward,forward,2,20,0,0.0,0,0,0.0,0,0,0.0,0,0,0.0,0,0,0.0,0,0,0.0,0,0,0.0,0,0,0.0,0,0,0.0,0,0,0
R_6yjWiVIZPpt74s2,ranking,backward,1,73,0,0.0,0,0,0.0,0,0,0.0,0,0,0.0,0,0,0.0,0,0,0.0,0,1,1.37,1,1,1.37,1,1,1.37,1,0,0
R_6yjWiVIZPpt74s2,backward,backward,1,67,0,0.0,0,0,0.0,0,0,0.0,0,0,0.0,0,0,0.0,0,0,0.0,0,0,0.0,0,1,1.493,1,0,0.0,0,0,0
R_6yjWiVIZPpt74s2,forward,forward,1,35,0,0.0,0,0,0.0,0,0,0.0,0,0,0.0,0,0,0.0,0,0,0.0,0,0,0.0,0,0,0.0,0,0,0.0,0,0,0
R_1RTUoQeSirXOH8y,ranking,backward,2,48,0,0.0,0,0,0.0,0,0,0.0,0,0,0.0,0,0,0.0,0,0,0.0,0,0,0.0,0,0,0.0,0,2,4.167,2,0,0
R_1RTUoQeSirXOH8y,backward,backward,2,29,0,0.0,0,0,0.0,0,0,0.0,0,0,0.0,0,0,0.0,0,0,0.0,0,0,0.0,0,0,0.0,0,0,0.0,0,0,0
R_1RTUoQeSirXOH8y,forward,forward,2,54,0,0.0,0,0,0.0,0,0,0.0,0,0,0.0,0,0,0.0,0,0,0.0,0,0,0.0,0,0,0.0,0,0,0.0,0,0,0
R_6lilOPLuG27eh8t,ranking,backward,2,94,1,1.064,1,0,0.0,0,0,0.0,0,0,0.0,0,0,0.0,0,0,0.0,0,1,1.064,1,0,0.0,0,0,0.0,0,1,0
R_6lilOPLuG27eh8t,backward,backward,2,11,0,0.0,0,0,0.0,0,0,0.0,0,0,0.0,0,0,0.0,0,0,0.0,0,0,0.0,0,0,0.0,0,0,0.0,0,0,0
R_6lilOPLuG27eh8t,forward,forward,2,24,0,0.0,0,0,0.0,0,0,0.0,0,0,0.0,0,0,0.0,0,0,0.0,0,0,0.0,0,0,0.0,0,0,0.0,0,0,0
R_5bV9l3jbN0edBQJ,ranking,backward,1,105,1,0.952,1,0,0.0,0,0,0.0,0,0,0.0,0,0,0.0,0,0,0.0,0,0,0.0,0,1,0.952,1,0,0.0,0,1,0
R_5bV9l3jbN0edBQJ,backward,backward,1,25,0,0.0,0,0,0.0,0,0,0.0,0,0,0.0,0,0,0.0,0,0,0.0,0,0,0.0,0,0,0.0,0,0,0.0,0,0,0
R_5bV9l3jbN0edBQJ,forward,forward,1,14,1,7.143,1,0,0.0,0,0,0.0,0,0,0.0,0,0,0.0,0,0,0.0,0,0,0.0,0,0,0.0,0,0,0.0,0,1,0
R_3QuWUhTXWKUQgBA,ranking,backward,3,19,0,0.0,0,0,0.0,0,0,0.0,0,0,0.0,0,0,0.0,0,0,0.0,0,0,0.0,0,0,0.0,0,1,5.263,1,0,0
R_3QuWUhTXWKUQgBA,backward,backward,3,4,0,0.0,0,0,0.0,0,0,0.0,0,0,0.0,0,0,0.0,0,0,0.0,0,0,0.0,0,0,0.0,0,0,0.0,0,0,0
R_3QuWUhTXWKUQgBA,forward,forward,3,7,0,0.0,0,0,0.0,0,0,0.0,0,0,0.0,0,0,0.0,0,0,0.0,0,0,0.0,0,0,0.0,0,0,0.0,0,0,0
R_50gu8p89YTdbaGB,ranking,backward,1,40,0,0.0,0,0,0.0,0,0,0.0,0,0,0.0,0,0,0.0,0,0,0.0,0,1,2.5,1,0,0.0,0,1,2.5,1,0,0
R_50gu8p89YTdbaGB,backward,backward,1,39,0,0.0,0,0,0.0,0,0,0.0,0,0,0.0,0,0,0.0,0,0,0.0,0,0,0.0,0,0,0.0,0,0,0.0,0,0,0
R_50gu8p89YTdbaGB,forward,forward,1,29,0,0.0,0,0,0.0,0,0,0.0,0,0,0.0,0,0,0.0,0,0,0.0,0,0,0.0,0,0,0.0,0,0,0.0,0,0,0
R_5hRIMt7kphqtvKp,ranking,backward,3,22,0,0.0,0,0,0.0,0,0,0.0,0,0,0.0,0,0,0.0,0,0,0.0,0,0,0.0,0,0,0.0,0,0,0.0,0,0,0
R_5hRIMt7kphqtvKp,backward,backward,3,20,0,0.0,0,0,0.0,0,0,0.0,0,0,0.0,0,0,0.0,0,0,0.0,0,0,0.0,0,0,0.0,0,0,0.0,0,0,0
R_5hRIMt7kphqtvKp,forward,forward,3,5,0,0.0,0,0,0.0,0,0,0.0,0,0,0.0,0,0,0.0,0,1,20.0,1,0,0.0,0,0,0.0,0,0,0.0,0,0,1
R_51MkHS6TzID5bJu,ranking,backward,3,10,0,0.0,0,0,0.0,0,0,0.0,0,0,0.0,0,0,0.0,0,0,0.0,0,0,0.0,0,0,0.0,0,0,0.0,0,0,0
R_51MkHS6TzID5bJu,backward,backward,3,3,0,0.0,0,0,0.0,0,0,0.0,0,0,0.0,0,0,0.0,0,0,0.0,0,0,0.0,0,0,0.0,0,0,0.0,0,0,0
R_51MkHS6TzID5bJu,forward,forward,3,6,0,0.0,0,0,0.0,0,0,0.0,0,0,0.0,0,0,0.0,0,0,0.0,0,0,0.0,0,1,16.667,1,0,0.0,0,0,0
R_52VtSYbyVw3x3Hf,ranking,backward,1,24,1,4.167,1,0,0.0,0,0,0.0,0,0,0.0,0,0,0.0,0,0,0.0,0,0,0.0,0,0,0.0,0,1,4.167,1,1,0
R_52VtSYbyVw3x3Hf,backward,backward,1,17,1,5.882,1,0,0.0,0,0,0.0,0,0,0.0,0,0,0.0,0,0,0.0,0,0,0.0,0,0,0.0,0,0,0.0,0,1,0
R_52VtSYbyVw3x3Hf,forward,forward,1,23,0,0.0,0,0,0.0,0,0,0.0,0,0,0.0,0,0,0.0,0,0,0.0,0,0,0.0,0,0,0.0,0,0,0.0,0,0,0
R_3DvWZDTwm6VPFkk,ranking,backward,3,21,1,4.762,1,0,0.0,0,0,0.0,0,0,0.0,0,0,0.0,0,0,0.0,0,0,0.0,0,0,0.0,0,0,0.0,0,1,0
R_3DvWZDTwm6VPFkk,backward,backward,3,39,1,2.564,1,0,0.0,0,0,0.0,0,0,0.0,0,0,0.0,0,0,0.0,0,0,0.0,0,0,0.0,0,0,0.0,0,1,0
R_3DvWZDTwm6VPFkk,forward,forward,3,16,0,0.0,0,0,0.0,0,0,0.0,0,0,0.0,0,0,0.0,0,0,0.0,0,0,0.0,0,0,0.0,0,0,0.0,0,0,0
R_6YFLp3o6W7FBSoZ,ranking,backward,1,56,1,1.786,1,0,0.0,0,0,0.0,0,0,0.0,0,0,0.0,0,0,0.0,0,0,0.0,0,0,0.0,0,0,0.0,0,1,0
R_6YFLp3o6W7FBSoZ,backward,backward,1,31,0,0.0,0,0,0.0,0,0,0.0,0,0,0.0,0,0,0.0,0,0,0.0,0,0,0.0,0,1,3.226,1,0,0.0,0,0,0
R_6YFLp3o6W7FBSoZ,forward,forward,1,17,0,0.0,0,0,0.0,0,0,0.0,0,0,0.0,0,0,0.0,0,0,0.0,0,0,0.0,0,0,0.0,0,0,0.0,0,0,0
R_7lVpxgZtABE2ZDe,ranking,backward,1,54,1,1.852,1,0,0.0,0,0,0.0,0,0,0.0,0,0,0.0,0,0,0.0,0,1,1.852,1,0,0.0,0,1,1.852,1,1,0
R_7lVpxgZtABE2ZDe,backward,backward,1,39,0,0.0,0,0,0.0,0,0,0.0,0,0,0.0,0,0,0.0,0,0,0.0,0,0,0.0,0,0,0.0,0,0,0.0,0,0,0
R_7lVpxgZtABE2ZDe,forward,forward,1,4,0,0.0,0,0,0.0,0,0,0.0,0,0,0.0,0,0,0.0,0,0,0.0,0,0,0.0,0,0,0.0,0,2,50.0,2,0,0
R_6CNgpmbSSQivjZ6,ranking,backward,3,52,1,1.923,1,0,0.0,0,0,0.0,0,0,0.0,0,0,0.0,0,0,0.0,0,1,1.923,1,0,0.0,0,0,0.0,0,1,0
R_6CNgpmbSSQivjZ6,backward,backward,3,22,0,0.0,0,0,0.0,0,0,0.0,0,0,0.0,0,0,0.0,0,0,0.0,0,0,0.0,0,0,0.0,0,0,0.0,0,0,0
R_6CNgpmbSSQivjZ6,forward,forward,3,36,0,0.0,0,0,0.0,0,0,0.0,0,0,0.0,0,0,0.0,0,1,2.778,1,0,0.0,0,0,0.0,0,0,0.0,0,0,1
R_52bhuZQ1FTtFeOo,ranking,backward,2,6,0,0.0,0,0,0.0,0,0,0.0,0,0,0.0,0,0,0.0,0,0,0.0,0,0,0.0,0,0,0.0,0,0,0.0,0,0,0
R_52bhuZQ1FTtFeOo,backward,backward,2,34,1,2.941,1,0,0.0,0,0,0.0,0,0,0.0,0,0,0.0,0,0,0.0,0,0,0.0,0,0,0.0,0,0,0.0,0,1,0
R_52bhuZQ1FTtFeOo,forward,forward,2,28,0,0.0,0,0,0.0,0,0,0.0,0,0,0.0,0,0,0.0,0,0,0.0,0,0,0.0,0,0,0.0,0,0,0.0,0,0,0
R_1KrOIDSEKoCALKj,ranking,backward,2,32,1,3.125,1,0,0.0,0,0,0.0,0,0,0.0,0,0,0.0,0,0,0.0,0,0,0.0,0,0,0.0,0,0,0.0,0,1,0
R_1KrOIDSEKoCALKj,backward,backward,2,22,0,0.0,0,0,0.0,0,0,0.0,0,0,0.0,0,0,0.0,0,0,0.0,0,0,0.0,0,0,0.0,0,0,0.0,0,0,0
R_1KrOIDSEKoCALKj,forward,forward,2,10,0,0.0,0,0,0.0,0,0,0.0,0,0,0.0,0,0,0.0,0,0,0.0,0,0,0.0,0,0,0.0,0,0,0.0,0,0,0
R_7TRz1pCt8JxnMTD,ranking,backward,1,58,1,1.724,1,0,0.0,0,0,0.0,0,0,0.0,0,0,0.0,0,0,0.0,0,1,1.724,1,1,1.724,1,0,0.0,0,1,0
R_7TRz1pCt8JxnMTD,backward,backward,1,98,0,0.0,0,0,0.0,0,0,0.0,0,0,0.0,0,0,0.0,0,0,0.0,0,0,0.0,0,0,0.0,0,0,0.0,0,0,0
R_7TRz1pCt8JxnMTD,forward,forward,1,13,0,0.0,0,0,0.0,0,0,0.0,0,0,0.0,0,0,0.0,0,0,0.0,0,0,0.0,0,0,0.0,0,0,0.0,0,0,0
R_6mZW3TRC0tPy0y8,ranking,backward,2,57,0,0.0,0,0,0.0,0,0,0.0,0,0,0.0,0,0,0.0,0,0,0.0,0,1,1.754,1,0,0.0,0,1,1.754,1,0,0
R_6mZW3TRC0tPy0y8,backward,backward,2,40,0,0.0,0,0,0.0,0,0,0.0,0,0,0.0,0,0,0.0,0,0,0.0,0,0,0.0,0,0,0.0,0,0,0.0,0,0,0
R_6mZW3TRC0tPy0y8,forward,forward,2,24,0,0.0,0,0,0.0,0,0,0.0,0,0,0.0,0,0,0.0,0,0,0.0,0,0,0.0,0,0,0.0,0,0,0.0,0,0,0
R_3rjhtvD6uCHcY26,ranking,backward,2,84,2,2.381,2,0,0.0,0,0,0.0,0,0,0.0,0,0,0.0,0,0,0.0,0,1,1.19,1,0,0.0,0,1,1.19,1,1,0
R_3rjhtvD6uCHcY26,backward,backward,2,173,1,0.578,1,0,0.0,0,0,0.0,0,0,0.0,0,0,0.0,0,0,0.0,0,0,0.0,0,0,0.0,0,0,0.0,0,1,0
R_3rjhtvD6uCHcY26,forward,forward,2,82,0,0.0,0,0,0.0,0,0,0.0,0,0,0.0,0,0,0.0,0,0,0.0,0,1,1.22,1,0,0.0,0,0,0.0,0,0,0
R_5ieQC3CL8p4Acvu,ranking,backward,1,62,0,0.0,0,0,0.0,0,0,0.0,0,0,0.0,0,0,0.0,0,0,0.0,0,0,0.0,0,0,0.0,0,1,1.613,1,0,0
R_5ieQC3CL8p4Acvu,backward,backward,1,9,0,0.0,0,0,0.0,0,0,0.0,0,0,0.0,0,0,0.0,0,0,0.0,0,0,0.0,0,0,0.0,0,0,0.0,0,0,0
R_5ieQC3CL8p4Acvu,forward,forward,1,4,0,0.0,0,0,0.0,0,0,0.0,0,0,0.0,0,0,0.0,0,0,0.0,0,1,25.0,1,0,0.0,0,0,0.0,0,0,0
R_3PG3x1drVzexphP,ranking,backward,2,6,0,0.0,0,0,0.0,0,0,0.0,0,0,0.0,0,0,0.0,0,0,0.0,0,0,0.0,0,0,0.0,0,0,0.0,0,0,0
R_3PG3x1drVzexphP,backward,backward,2,6,1,16.667,1,0,0.0,0,0,0.0,0,0,0.0,0,0,0.0,0,0,0.0,0,0,0.0,0,0,0.0,0,0,0.0,0,1,0
R_3PG3x1drVzexphP,forward,forward,2,6,0,0.0,0,0,0.0,0,0,0.0,0,0,0.0,0,0,0.0,0,0,0.0,0,0,0.0,0,0,0.0,0,0,0.0,0,0,0
R_6gqKVc0R690cIfY,ranking,backward,1,76,1,1.316,1,0,0.0,0,0,0.0,0,0,0.0,0,0,0.0,0,0,0.0,0,0,0.0,0,0,0.0,0,1,1.316,1,1,0
R_6gqKVc0R690cIfY,backward,backward,1,31,1,3.226,1,0,0.0,0,0,0.0,0,0,0.0,0,0,0.0,0,0,0.0,0,0,0.0,0,1,3.226,1,0,0.0,0,1,0
R_6gqKVc0R690cIfY,forward,forward,1,27,0,0.0,0,0,0.0,0,0,0.0,0,0,0.0,0,0,0.0,0,0,0.0,0,0,0.0,0,0,0.0,0,0,0.0,0,0,0
R_3KACePnJ1z4syCL,ranking,backward,3,107,0,0.0,0,1,0.935,1,0,0.0,0,0,0.0,0,0,0.0,0,0,0.0,0,0,0.0,0,1,0.935,1,0,0.0,0,1,0
R_3KACePnJ1z4syCL,backward,backward,3,10,0,0.0,0,0,0.0,0,0,0.0,0,0,0.0,0,0,0.0,0,0,0.0,0,0,0.0,0,0,0.0,0,0,0.0,0,0,0
R_3KACePnJ1z4syCL,forward,forward,3,22,0,0.0,0,0,0.0,0,0,0.0,0,0,0.0,0,0,0.0,0,0,0.0,0,0,0.0,0,0,0.0,0,0,0.0,0,0,0
R_7Pr3wrt1tDykVSV,ranking,backward,1,27,0,0.0,0,0,0.0,0,0,0.0,0,0,0.0,0,0,0.0,0,0,0.0,0,0,0.0,0,0,0.0,0,1,3.704,1,0,0
R_7Pr3wrt1tDykVSV,backward,backward,1,19,0,0.0,0,0,0.0,0,0,0.0,0,0,0.0,0,0,0.0,0,0,0.0,0,0,0.0,0,0,0.0,0,0,0.0,0,0,0
R_7Pr3wrt1tDykVSV,forward,forward,1,10,0,0.0,0,0,0.0,0,0,0.0,0,0,0.0,0,0,0.0,0,0,0.0,0,0,0.0,0,0,0.0,0,0,0.0,0,0,0
R_7SpYXHx5Ok1Eix5,ranking,backward,3,73,1,1.37,1,0,0.0,0,0,0.0,0,0,0.0,0,0,0.0,0,0,0.0,0,1,1.37,1,0,0.0,0,0,0.0,0,1,0
R_7SpYXHx5Ok1Eix5,backward,backward,3,37,0,0.0,0,0,0.0,0,0,0.0,0,0,0.0,0,0,0.0,0,0,0.0,0,0,0.0,0,2,5.405,2,2,5.405,2,0,0
R_7SpYXHx5Ok1Eix5,forward,forward,3,28,0,0.0,0,0,0.0,0,0,0.0,0,1,3.571,1,0,0.0,0,0,0.0,0,0,0.0,0,0,0.0,0,1,3.571,1,1,0
R_1CkzVnRudNlLtno,ranking,backward,1,22,0,0.0,0,0,0.0,0,0,0.0,0,0,0.0,0,0,0.0,0,0,0.0,0,0,0.0,0,0,0.0,0,1,4.545,1,0,0
R_1CkzVnRudNlLtno,backward,backward,1,3,0,0.0,0,0,0.0,0,0,0.0,0,0,0.0,0,0,0.0,0,0,0.0,0,0,0.0,0,0,0.0,0,0,0.0,0,0,0
R_1CkzVnRudNlLtno,forward,forward,1,3,0,0.0,0,0,0.0,0,0,0.0,0,0,0.0,0,0,0.0,0,0,0.0,0,0,0.0,0,0,0.0,0,0,0.0,0,0,0
R_7p9lvaQO8ZM256t,ranking,backward,2,31,0,0.0,0,0,0.0,0,0,0.0,0,0,0.0,0,0,0.0,0,0,0.0,0,0,0.0,0,0,0.0,0,1,3.226,1,0,0
R_7p9lvaQO8ZM256t,backward,backward,2,8,0,0.0,0,0,0.0,0,0,0.0,0,0,0.0,0,0,0.0,0,0,0.0,0,0,0.0,0,0,0.0,0,0,0.0,0,0,0
R_7p9lvaQO8ZM256t,forward,forward,2,16,0,0.0,0,0,0.0,0,0,0.0,0,0,0.0,0,0,0.0,0,0,0.0,0,0,0.0,0,0,0.0,0,0,0.0,0,0,0
R_7hR4DWnWTfRuHbt,ranking,backward,3,35,0,0.0,0,0,0.0,0,0,0.0,0,0,0.0,0,0,0.0,0,0,0.0,0,0,0.0,0,1,2.857,1,1,2.857,1,0,0
R_7hR4DWnWTfRuHbt,backward,backward,3,22,0,0.0,0,0,0.0,0,0,0.0,0,0,0.0,0,0,0.0,0,0,0.0,0,0,0.0,0,0,0.0,0,0,0.0,0,0,0
R_7hR4DWnWTfRuHbt,forward,forward,3,14,0,0.0,0,0,0.0,0,0,0.0,0,0,0.0,0,0,0.0,0,0,0.0,0,0,0.0,0,0,0.0,0,0,0.0,0,0,0
R_62Lh9anzPWsFSWR,ranking,backward,3,66,1,1.515,1,0,0.0,0,0,0.0,0,0,0.0,0,0,0.0,0,0,0.0,0,1,1.515,1,0,0.0,0,0,0.0,0,1,0
R_62Lh9anzPWsFSWR,backward,backward,3,34,0,0.0,0,0,0.0,0,0,0.0,0,0,0.0,0,0,0.0,0,0,0.0,0,0,0.0,0,0,0.0,0,0,0.0,0,0,0
R_62Lh9anzPWsFSWR,forward,forward,3,19,0,0.0,0,0,0.0,0,0,0.0,0,0,0.0,0,0,0.0,0,0,0.0,0,0,0.0,0,0,0.0,0,0,0.0,0,0,0
R_6oQEeAW1C8Sk5fr,ranking,backward,2,52,1,1.923,1,0,0.0,0,0,0.0,0,0,0.0,0,0,0.0,0,0,0.0,0,0,0.0,0,0,0.0,0,1,1.923,1,1,0
R_6oQEeAW1C8Sk5fr,backward,backward,2,44,0,0.0,0,0,0.0,0,0,0.0,0,0,0.0,0,0,0.0,0,0,0.0,0,0,0.0,0,0,0.0,0,1,2.273,1,0,0
R_6oQEeAW1C8Sk5fr,forward,forward,2,44,0,0.0,0,0,0.0,0,0,0.0,0,0,0.0,0,0,0.0,0,0,0.0,0,0,0.0,0,0,0.0,0,0,0.0,0,0,0
R_63k9HYY1uGiv41z,ranking,backward,2,9,0,0.0,0,0,0.0,0,0,0.0,0,0,0.0,0,0,0.0,0,0,0.0,0,0,0.0,0,0,0.0,0,0,0.0,0,0,0
R_63k9HYY1uGiv41z,backward,backward,2,5,0,0.0,0,0,0.0,0,0,0.0,0,0,0.0,0,0,0.0,0,0,0.0,0,0,0.0,0,0,0.0,0,0,0.0,0,0,0
R_63k9HYY1uGiv41z,forward,forward,2,5,0,0.0,0,0,0.0,0,0,0.0,0,0,0.0,0,0,0.0,0,0,0.0,0,0,0.0,0,0,0.0,0,0,0.0,0,0,0
R_6fkYtjQxrD6oli3,ranking,backward,3,34,1,2.941,1,0,0.0,0,0,0.0,0,0,0.0,0,0,0.0,0,0,0.0,0,1,2.941,1,0,0.0,0,1,2.941,1,1,0
R_6fkYtjQxrD6oli3,backward,backward,3,38,0,0.0,0,0,0.0,0,0,0.0,0,0,0.0,0,0,0.0,0,0,0.0,0,0,0.0,0,0,0.0,0,0,0.0,0,0,0
R_6fkYtjQxrD6oli3,forward,forward,3,15,1,6.667,1,0,0.0,0,0,0.0,0,0,0.0,0,0,0.0,0,0,0.0,0,0,0.0,0,0,0.0,0,0,0.0,0,1,0
R_5hzPobxx3cQWd9x,ranking,backward,3,44,2,4.545,2,0,0.0,0,0,0.0,0,0,0.0,0,0,0.0,0,0,0.0,0,0,0.0,0,0,0.0,0,0,0.0,0,1,0
R_5hzPobxx3cQWd9x,backward,backward,3,30,0,0.0,0,0,0.0,0,0,0.0,0,0,0.0,0,0,0.0,0,0,0.0,0,0,0.0,0,0,0.0,0,0,0.0,0,0,0
R_5hzPobxx3cQWd9x,forward,forward,3,27,1,3.704,1,0,0.0,0,0,0.0,0,0,0.0,0,0,0.0,0,0,0.0,0,0,0.0,0,0,0.0,0,0,0.0,0,1,0
R_687wZpdHnJSa6s1,ranking,backward,1,24,0,0.0,0,0,0.0,0,0,0.0,0,0,0.0,0,0,0.0,0,0,0.0,0,0,0.0,0,1,4.167,1,0,0.0,0,0,0
R_687wZpdHnJSa6s1,backward,backward,1,16,0,0.0,0,0,0.0,0,0,0.0,0,0,0.0,0,0,0.0,0,0,0.0,0,0,0.0,0,0,0.0,0,0,0.0,0,0,0
R_687wZpdHnJSa6s1,forward,forward,1,11,0,0.0,0,0,0.0,0,0,0.0,0,0,0.0,0,0,0.0,0,0,0.0,0,0,0.0,0,0,0.0,0,0,0.0,0,0,0
R_7FEVkaB51bUBiY9,ranking,backward,2,20,0,0.0,0,0,0.0,0,0,0.0,0,0,0.0,0,0,0.0,0,0,0.0,0,0,0.0,0,0,0.0,0,0,0.0,0,0,0
R_7FEVkaB51bUBiY9,backward,backward,2,14,0,0.0,0,0,0.0,0,0,0.0,0,0,0.0,0,0,0.0,0,0,0.0,0,0,0.0,0,0,0.0,0,0,0.0,0,0,0
R_7FEVkaB51bUBiY9,forward,forward,2,2,0,0.0,0,0,0.0,0,0,0.0,0,0,0.0,0,0,0.0,0,0,0.0,0,0,0.0,0,0,0.0,0,0,0.0,0,0,0
R_1C3KePdoC44jcrL,ranking,backward,1,39,0,0.0,0,0,0.0,0,0,0.0,0,0,0.0,0,0,0.0,0,0,0.0,0,0,0.0,0,0,0.0,0,1,2.564,1,0,0
R_1C3KePdoC44jcrL,backward,backward,1,16,0,0.0,0,0,0.0,0,0,0.0,0,0,0.0,0,0,0.0,0,0,0.0,0,0,0.0,0,1,6.25,1,0,0.0,0,0,0
R_1C3KePdoC44jcrL,forward,forward,1,18,0,0.0,0,0,0.0,0,0,0.0,0,0,0.0,0,0,0.0,0,0,0.0,0,0,0.0,0,0,0.0,0,0,0.0,0,0,0
R_12JEFsIyEIgnN8m,ranking,backward,2,39,0,0.0,0,0,0.0,0,0,0.0,0,0,0.0,0,0,0.0,0,0,0.0,0,1,2.564,1,0,0.0,0,1,2.564,1,0,0
R_12JEFsIyEIgnN8m,backward,backward,2,15,0,0.0,0,0,0.0,0,0,0.0,0,0,0.0,0,0,0.0,0,0,0.0,0,0,0.0,0,0,0.0,0,0,0.0,0,0,0
R_12JEFsIyEIgnN8m,forward,forward,2,15,0,0.0,0,0,0.0,0,0,0.0,0,0,0.0,0,0,0.0,0,0,0.0,0,0,0.0,0,0,0.0,0,0,0.0,0,0,0
R_5XrJBwwc46yaf17,ranking,backward,2,56,0,0.0,0,0,0.0,0,0,0.0,0,0,0.0,0,0,0.0,0,0,0.0,0,1,1.786,1,0,0.0,0,0,0.0,0,0,0
R_5XrJBwwc46yaf17,backward,backward,2,24,0,0.0,0,0,0.0,0,0,0.0,0,0,0.0,0,0,0.0,0,0,0.0,0,0,0.0,0,0,0.0,0,0,0.0,0,0,0
R_5XrJBwwc46yaf17,forward,forward,2,8,0,0.0,0,0,0.0,0,0,0.0,0,0,0.0,0,0,0.0,0,0,0.0,0,0,0.0,0,0,0.0,0,0,0.0,0,0,0
R_5hsZE7q8xVki4tf,ranking,backward,3,38,0,0.0,0,0,0.0,0,0,0.0,0,0,0.0,0,0,0.0,0,0,0.0,0,1,2.632,1,0,0.0,0,1,2.632,1,0,0
R_5hsZE7q8xVki4tf,backward,backward,3,21,0,0.0,0,0,0.0,0,0,0.0,0,0,0.0,0,0,0.0,0,0,0.0,0,0,0.0,0,0,0.0,0,0,0.0,0,0,0
R_5hsZE7q8xVki4tf,forward,forward,3,11,0,0.0,0,0,0.0,0,0,0.0,0,0,0.0,0,0,0.0,0,0,0.0,0,0,0.0,0,0,0.0,0,0,0.0,0,0,0
R_1EcVpen00KTN1eQ,ranking,backward,3,15,1,6.667,1,0,0.0,0,0,0.0,0,0,0.0,0,0,0.0,0,0,0.0,0,0,0.0,0,0,0.0,0,1,6.667,1,1,0
R_1EcVpen00KTN1eQ,backward,backward,3,38,1,2.632,1,0,0.0,0,0,0.0,0,0,0.0,0,0,0.0,0,0,0.0,0,0,0.0,0,0,0.0,0,0,0.0,0,1,0
R_1EcVpen00KTN1eQ,forward,forward,3,23,0,0.0,0,0,0.0,0,0,0.0,0,0,0.0,0,0,0.0,0,0,0.0,0,0,0.0,0,0,0.0,0,0,0.0,0,0,0
R_7CCAmnQWq1tiVrW,ranking,backward,3,36,0,0.0,0,0,0.0,0,0,0.0,0,0,0.0,0,0,0.0,0,0,0.0,0,0,0.0,0,0,0.0,0,0,0.0,0,0,0
R_7CCAmnQWq1tiVrW,backward,backward,3,8,0,0.0,0,0,0.0,0,0,0.0,0,0,0.0,0,0,0.0,0,0,0.0,0,0,0.0,0,0,0.0,0,0,0.0,0,0,0
R_7CCAmnQWq1tiVrW,forward,forward,3,12,0,0.0,0,0,0.0,0,0,0.0,0,0,0.0,0,0,0.0,0,0,0.0,0,0,0.0,0,0,0.0,0,0,0.0,0,0,0
R_5OSMkQRZ9fbX49g,ranking,backward,2,77,0,0.0,0,0,0.0,0,0,0.0,0,0,0.0,0,0,0.0,0,0,0.0,0,0,0.0,0,0,0.0,0,0,0.0,0,0,0
R_5OSMkQRZ9fbX49g,backward,backward,2,27,0,0.0,0,0,0.0,0,0,0.0,0,0,0.0,0,0,0.0,0,0,0.0,0,0,0.0,0,0,0.0,0,0,0.0,0,0,0
R_5OSMkQRZ9fbX49g,forward,forward,2,70,0,0.0,0,0,0.0,0,0,0.0,0,0,0.0,0,0,0.0,0,0,0.0,0,0,0.0,0,1,1.429,1,0,0.0,0,0,0
R_66SqQ4rFMOE6kb7,ranking,backward,1,51,0,0.0,0,0,0.0,0,0,0.0,0,0,0.0,0,0,0.0,0,0,0.0,0,1,1.961,1,0,0.0,0,0,0.0,0,0,0
R_66SqQ4rFMOE6kb7,backward,backward,1,12,0,0.0,0,0,0.0,0,0,0.0,0,0,0.0,0,0,0.0,0,1,8.333,1,0,0.0,0,0,0.0,0,0,0.0,0,0,1
R_66SqQ4rFMOE6kb7,forward,forward,1,7,0,0.0,0,0,0.0,0,0,0.0,0,0,0.0,0,0,0.0,0,0,0.0,0,0,0.0,0,0,0.0,0,1,14.286,1,0,0
R_7lUEuxBmc5rTiVz,ranking,backward,2,16,0,0.0,0,0,0.0,0,0,0.0,0,0,0.0,0,0,0.0,0,0,0.0,0,0,0.0,0,0,0.0,0,1,6.25,1,0,0
R_7lUEuxBmc5rTiVz,backward,backward,2,5,0,0.0,0,0,0.0,0,0,0.0,0,0,0.0,0,0,0.0,0,0,0.0,0,0,0.0,0,0,0.0,0,0,0.0,0,0,0
R_7lUEuxBmc5rTiVz,forward,forward,2,1,0,0.0,0,0,0.0,0,0,0.0,0,0,0.0,0,0,0.0,0,0,0.0,0,0,0.0,0,0,0.0,0,0,0.0,0,0,0
R_7OlY0B0QIuYioVS,ranking,backward,3,34,0,0.0,0,0,0.0,0,0,0.0,0,0,0.0,0,0,0.0,0,0,0.0,0,0,0.0,0,0,0.0,0,0,0.0,0,0,0
R_7OlY0B0QIuYioVS,backward,backward,3,31,1,3.226,1,0,0.0,0,0,0.0,0,0,0.0,0,0,0.0,0,0,0.0,0,0,0.0,0,0,0.0,0,0,0.0,0,1,0
R_7OlY0B0QIuYioVS,forward,forward,3,9,0,0.0,0,0,0.0,0,0,0.0,0,0,0.0,0,0,0.0,0,0,0.0,0,0,0.0,0,0,0.0,0,0,0.0,0,0,0
R_6FENjMkqjINPjoG,ranking,backward,1,16,0,0.0,0,0,0.0,0,0,0.0,0,0,0.0,0,0,0.0,0,0,0.0,0,0,0.0,0,0,0.0,0,0,0.0,0,0,0
R_6FENjMkqjINPjoG,backward,backward,1,12,0,0.0,0,0,0.0,0,0,0.0,0,0,0.0,0,0,0.0,0,0,0.0,0,0,0.0,0,0,0.0,0,0,0.0,0,0,0
R_6FENjMkqjINPjoG,forward,forward,1,4,0,0.0,0,0,0.0,0,0,0.0,0,0,0.0,0,0,0.0,0,0,0.0,0,0,0.0,0,0,0.0,0,0,0.0,0,0,0
R_3UaNECFq3trJdJN,ranking,backward,3,35,1,2.857,1,0,0.0,0,0,0.0,0,0,0.0,0,0,0.0,0,0,0.0,0,0,0.0,0,0,0.0,0,1,2.857,1,1,0
R_3UaNECFq3trJdJN,backward,backward,3,29,0,0.0,0,0,0.0,0,0,0.0,0,0,0.0,0,0,0.0,0,0,0.0,0,0,0.0,0,0,0.0,0,0,0.0,0,0,0
R_3UaNECFq3trJdJN,forward,forward,3,35,0,0.0,0,0,0.0,0,0,0.0,0,0,0.0,0,0,0.0,0,0,0.0,0,0,0.0,0,0,0.0,0,0,0.0,0,0,0
R_6g1JEdpq5jmW0o0,ranking,backward,1,22,1,4.545,1,0,0.0,0,0,0.0,0,0,0.0,0,0,0.0,0,0,0.0,0,0,0.0,0,0,0.0,0,1,4.545,1,1,0
R_6g1JEdpq5jmW0o0,backward,backward,1,7,0,0.0,0,0,0.0,0,0,0.0,0,0,0.0,0,0,0.0,0,0,0.0,0,0,0.0,0,0,0.0,0,0,0.0,0,0,0
R_6g1JEdpq5jmW0o0,forward,forward,1,5,0,0.0,0,0,0.0,0,0,0.0,0,0,0.0,0,0,0.0,0,0,0.0,0,0,0.0,0,0,0.0,0,0,0.0,0,0,0
R_7YSCpknbYk2CBBn,ranking,backward,1,20,1,5.0,1,0,0.0,0,0,0.0,0,0,0.0,0,0,0.0,0,0,0.0,0,0,0.0,0,0,0.0,0,1,5.0,1,1,0
R_7YSCpknbYk2CBBn,backward,backward,1,8,0,0.0,0,0,0.0,0,0,0.0,0,0,0.0,0,0,0.0,0,0,0.0,0,0,0.0,0,0,0.0,0,0,0.0,0,0,0
R_7YSCpknbYk2CBBn,forward,forward,1,14,0,0.0,0,0,0.0,0,0,0.0,0,0,0.0,0,0,0.0,0,0,0.0,0,0,0.0,0,0,0.0,0,0,0.0,0,0,0
R_6Ns81xeDa1trHRT,ranking,backward,3,6,0,0.0,0,0,0.0,0,0,0.0,0,0,0.0,0,0,0.0,0,0,0.0,0,0,0.0,0,0,0.0,0,0,0.0,0,0,0
R_6Ns81xeDa1trHRT,backward,backward,3,29,1,3.448,1,0,0.0,0,0,0.0,0,0,0.0,0,0,0.0,0,0,0.0,0,0,0.0,0,0,0.0,0,0,0.0,0,1,0
R_6Ns81xeDa1trHRT,forward,forward,3,23,0,0.0,0,0,0.0,0,0,0.0,0,0,0.0,0,0,0.0,0,0,0.0,0,0,0.0,0,0,0.0,0,0,0.0,0,0,0
R_1Et09mP2g8QZJk9,ranking,backward,2,38,0,0.0,0,0,0.0,0,0,0.0,0,0,0.0,0,0,0.0,0,0,0.0,0,0,0.0,0,0,0.0,0,1,2.632,1,0,0
R_1Et09mP2g8QZJk9,backward,backward,2,9,0,0.0,0,0,0.0,0,0,0.0,0,0,0.0,0,0,0.0,0,0,0.0,0,0,0.0,0,1,11.111,1,0,0.0,0,0,0
R_1Et09mP2g8QZJk9,forward,forward,2,17,0,0.0,0,0,0.0,0,0,0.0,0,0,0.0,0,0,0.0,0,0,0.0,0,0,0.0,0,1,5.882,1,0,0.0,0,0,0
R_7AXuubILIg61bqx,ranking,backward,1,51,0,0.0,0,0,0.0,0,0,0.0,0,0,0.0,0,0,0.0,0,0,0.0,0,1,1.961,1,0,0.0,0,1,1.961,1,0,0
R_7AXuubILIg61bqx,backward,backward,1,53,0,0.0,0,0,0.0,0,0,0.0,0,0,0.0,0,0,0.0,0,0,0.0,0,0,0.0,0,0,0.0,0,0,0.0,0,0,0
R_7AXuubILIg61bqx,forward,forward,1,58,0,0.0,0,0,0.0,0,0,0.0,0,0,0.0,0,0,0.0,0,0,0.0,0,1,1.724,1,0,0.0,0,1,1.724,1,0,0
R_1UY6bTMEvndMo16,ranking,backward,3,12,0,0.0,0,0,0.0,0,0,0.0,0,0,0.0,0,0,0.0,0,0,0.0,0,0,0.0,0,0,0.0,0,0,0.0,0,0,0
R_1UY6bTMEvndMo16,backward,backward,3,4,0,0.0,0,0,0.0,0,0,0.0,0,0,0.0,0,0,0.0,0,0,0.0,0,0,0.0,0,0,0.0,0,0,0.0,0,0,0
R_1UY6bTMEvndMo16,forward,forward,3,3,0,0.0,0,0,0.0,0,0,0.0,0,0,0.0,0,0,0.0,0,0,0.0,0,0,0.0,0,0,0.0,0,0,0.0,0,0,0
R_1ubb7oRYrC7H9KN,ranking,backward,1,29,1,3.448,1,0,0.0,0,0,0.0,0,0,0.0,0,0,0.0,0,0,0.0,0,0,0.0,0,1,3.448,1,1,3.448,1,1,0
R_1ubb7oRYrC7H9KN,backward,backward,1,4,0,0.0,0,0,0.0,0,0,0.0,0,0,0.0,0,0,0.0,0,0,0.0,0,0,0.0,0,0,0.0,0,0,0.0,0,0,0
R_1ubb7oRYrC7H9KN,forward,forward,1,5,0,0.0,0,0,0.0,0,0,0.0,0,0,0.0,0,0,0.0,0,0,0.0,0,0,0.0,0,0,0.0,0,1,20.0,1,0,0
R_1sQKElGwKbzWaT4,ranking,backward,3,58,1,1.724,1,0,0.0,0,0,0.0,0,0,0.0,0,0,0.0,0,0,0.0,0,1,1.724,1,1,1.724,1,1,1.724,1,1,0
R_1sQKElGwKbzWaT4,backward,backward,3,13,1,7.692,1,0,0.0,0,0,0.0,0,0,0.0,0,0,0.0,0,0,0.0,0,0,0.0,0,0,0.0,0,0,0.0,0,1,0
R_1sQKElGwKbzWaT4,forward,forward,3,16,0,0.0,0,0,0.0,0,0,0.0,0,0,0.0,0,0,0.0,0,0,0.0,0,0,0.0,0,0,0.0,0,0,0.0,0,0,0
R_6AVfjHRIC0dW2oV,ranking,backward,1,68,0,0.0,0,0,0.0,0,0,0.0,0,0,0.0,0,0,0.0,0,0,0.0,0,1,1.471,1,0,0.0,0,2,2.941,2,0,0
R_6AVfjHRIC0dW2oV,backward,backward,1,41,0,0.0,0,0,0.0,0,0,0.0,0,0,0.0,0,0,0.0,0,0,0.0,0,0,0.0,0,0,0.0,0,0,0.0,0,0,0
R_6AVfjHRIC0dW2oV,forward,forward,1,7,0,0.0,0,0,0.0,0,0,0.0,0,0,0.0,0,0,0.0,0,0,0.0,0,0,0.0,0,0,0.0,0,0,0.0,0,0,0
R_1erDYw8y5cbURJV,ranking,backward,2,30,1,3.333,1,0,0.0,0,0,0.0,0,0,0.0,0,0,0.0,0,0,0.0,0,1,3.333,1,0,0.0,0,0,0.0,0,1,0
R_1erDYw8y5cbURJV,backward,backward,2,20,0,0.0,0,0,0.0,0,0,0.0,0,0,0.0,0,0,0.0,0,0,0.0,0,0,0.0,0,0,0.0,0,0,0.0,0,0,0
R_1erDYw8y5cbURJV,forward,forward,2,6,0,0.0,0,0,0.0,0,0,0.0,0,0,0.0,0,0,0.0,0,0,0.0,0,0,0.0,0,0,0.0,0,0,0.0,0,0,0
R_5ykFg9Z7qj8EqYd,ranking,backward,2,25,0,0.0,0,0,0.0,0,0,0.0,0,0,0.0,0,0,0.0,0,0,0.0,0,0,0.0,0,0,0.0,0,1,4.0,1,0,0
R_5ykFg9Z7qj8EqYd,backward,backward,2,20,1,5.0,1,0,0.0,0,0,0.0,0,0,0.0,0,0,0.0,0,0,0.0,0,0,0.0,0,0,0.0,0,0,0.0,0,1,0
R_5ykFg9Z7qj8EqYd,forward,forward,2,11,0,0.0,0,0,0.0,0,0,0.0,0,0,0.0,0,0,0.0,0,0,0.0,0,0,0.0,0,0,0.0,0,0,0.0,0,0,0
R_7CslEyfzWsdB5Uh,ranking,backward,3,44,0,0.0,0,0,0.0,0,0,0.0,0,0,0.0,0,0,0.0,0,0,0.0,0,0,0.0,0,0,0.0,0,1,2.273,1,0,0
R_7CslEyfzWsdB5Uh,backward,backward,3,19,0,0.0,0,0,0.0,0,0,0.0,0,0,0.0,0,0,0.0,0,0,0.0,0,0,0.0,0,1,5.263,1,0,0.0,0,0,0
R_7CslEyfzWsdB5Uh,forward,forward,3,9,0,0.0,0,0,0.0,0,0,0.0,0,0,0.0,0,0,0.0,0,0,0.0,0,1,11.111,1,0,0.0,0,0,0.0,0,0,0
R_6hdRAPXgAMD48BH,ranking,backward,2,142,0,0.0,0,0,0.0,0,0,0.0,0,0,0.0,0,0,0.0,0,0,0.0,0,1,0.704,1,2,1.408,2,2,1.408,2,0,0
R_6hdRAPXgAMD48BH,backward,backward,2,68,0,0.0,0,0,0.0,0,0,0.0,0,0,0.0,0,0,0.0,0,0,0.0,0,0,0.0,0,0,0.0,0,0,0.0,0,0,0
R_6hdRAPXgAMD48BH,forward,forward,2,48,0,0.0,0,0,0.0,0,0,0.0,0,0,0.0,0,0,0.0,0,0,0.0,0,0,0.0,0,0,0.0,0,1,2.083,1,0,0
R_6bZ6jXFkmL4ISCM,ranking,backward,2,8,0,0.0,0,0,0.0,0,0,0.0,0,0,0.0,0,0,0.0,0,0,0.0,0,1,12.5,1,0,0.0,0,0,0.0,0,0,0
R_6bZ6jXFkmL4ISCM,backward,backward,2,4,0,0.0,0,0,0.0,0,0,0.0,0,0,0.0,0,0,0.0,0,0,0.0,0,0,0.0,0,0,0.0,0,0,0.0,0,0,0
R_6bZ6jXFkmL4ISCM,forward,forward,2,2,0,0.0,0,0,0.0,0,0,0.0,0,0,0.0,0,0,0.0,0,0,0.0,0,0,0.0,0,0,0.0,0,0,0.0,0,0,0
R_6CxI7lhejGy2u6l,ranking,backward,2,694,1,0.144,1,0,0.0,0,0,0.0,0,0,0.0,0,0,0.0,0,0,0.0,0,1,0.144,1,1,0.144,1,1,0.144,1,1,0
R_6CxI7lhejGy2u6l,backward,backward,2,115,0,0.0,0,0,0.0,0,0,0.0,0,0,0.0,0,0,0.0,0,0,0.0,0,0,0.0,0,1,0.87,1,0,0.0,0,0,0
R_6CxI7lhejGy2u6l,forward,forward,2,37,0,0.0,0,0,0.0,0,0,0.0,0,0,0.0,0,0,0.0,0,0,0.0,0,0,0.0,0,0,0.0,0,0,0.0,0,0,0
R_10aQhAIh4NUwgXD,ranking,backward,2,30,1,3.333,1,0,0.0,0,0,0.0,0,0,0.0,0,0,0.0,0,0,0.0,0,1,3.333,1,0,0.0,0,1,3.333,1,1,0
R_10aQhAIh4NUwgXD,backward,backward,2,29,1,3.448,1,0,0.0,0,0,0.0,0,0,0.0,0,0,0.0,0,0,0.0,0,0,0.0,0,1,3.448,1,0,0.0,0,1,0
R_10aQhAIh4NUwgXD,forward,forward,2,17,0,0.0,0,0,0.0,0,0,0.0,0,0,0.0,0,0,0.0,0,0,0.0,0,0,0.0,0,0,0.0,0,0,0.0,0,0,0
R_6JP4TMPgFQCx3e9,ranking,backward,2,18,0,0.0,0,0,0.0,0,0,0.0,0,0,0.0,0,0,0.0,0,0,0.0,0,1,5.556,1,0,0.0,0,1,5.556,1,0,0
R_6JP4TMPgFQCx3e9,backward,backward,2,4,0,0.0,0,0,0.0,0,0,0.0,0,0,0.0,0,0,0.0,0,0,0.0,0,0,0.0,0,0,0.0,0,0,0.0,0,0,0
R_6JP4TMPgFQCx3e9,forward,forward,2,5,0,0.0,0,0,0.0,0,0,0.0,0,0,0.0,0,0,0.0,0,0,0.0,0,0,0.0,0,0,0.0,0,0,0.0,0,0,0
R_1N5ha0td7Lr8NxG,ranking,backward,3,21,0,0.0,0,0,0.0,0,0,0.0,0,0,0.0,0,0,0.0,0,0,0.0,0,0,0.0,0,0,0.0,0,0,0.0,0,0,0
R_1N5ha0td7Lr8NxG,backward,backward,3,9,0,0.0,0,0,0.0,0,0,0.0,0,0,0.0,0,0,0.0,0,0,0.0,0,0,0.0,0,0,0.0,0,0,0.0,0,0,0
R_1N5ha0td7Lr8NxG,forward,forward,3,8,0,0.0,0,0,0.0,0,1,12.5,1,0,0.0,0,0,0.0,0,0,0.0,0,1,12.5,1,0,0.0,0,0,0.0,0,1,0
R_1m8orKDqvYaSf6d,ranking,backward,3,6,1,16.667,1,0,0.0,0,0,0.0,0,0,0.0,0,0,0.0,0,0,0.0,0,0,0.0,0,0,0.0,0,0,0.0,0,1,0
R_1m8orKDqvYaSf6d,backward,backward,3,11,0,0.0,0,0,0.0,0,0,0.0,0,0,0.0,0,0,0.0,0,0,0.0,0,0,0.0,0,0,0.0,0,0,0.0,0,0,0
R_1m8orKDqvYaSf6d,forward,forward,3,9,0,0.0,0,0,0.0,0,0,0.0,0,0,0.0,0,0,0.0,0,0,0.0,0,1,11.111,1,0,0.0,0,0,0.0,0,0,0
R_6abprdubtBFBP2K,ranking,backward,1,28,0,0.0,0,0,0.0,0,0,0.0,0,0,0.0,0,0,0.0,0,0,0.0,0,0,0.0,0,0,0.0,0,0,0.0,0,0,0
R_6abprdubtBFBP2K,backward,backward,1,30,0,0.0,0,0,0.0,0,0,0.0,0,0,0.0,0,0,0.0,0,0,0.0,0,0,0.0,0,0,0.0,0,0,0.0,0,0,0
R_6abprdubtBFBP2K,forward,forward,1,22,0,0.0,0,0,0.0,0,0,0.0,0,0,0.0,0,0,0.0,0,0,0.0,0,0,0.0,0,0,0.0,0,0,0.0,0,0,0
R_6tloTjuJcUVrNyN,ranking,backward,2,8,0,0.0,0,0,0.0,0,0,0.0,0,0,0.0,0,0,0.0,0,0,0.0,0,0,0.0,0,0,0.0,0,0,0.0,0,0,0
R_6tloTjuJcUVrNyN,backward,backward,2,16,0,0.0,0,0,0.0,0,0,0.0,0,0,0.0,0,0,0.0,0,0,0.0,0,0,0.0,0,0,0.0,0,0,0.0,0,0,0
R_6tloTjuJcUVrNyN,forward,forward,2,9,0,0.0,0,0,0.0,0,0,0.0,0,0,0.0,0,0,0.0,0,0,0.0,0,0,0.0,0,0,0.0,0,0,0.0,0,0,0
R_3IEqpq2ofLaGqAh,ranking,backward,3,17,0,0.0,0,0,0.0,0,0,0.0,0,0,0.0,0,0,0.0,0,0,0.0,0,1,5.882,1,0,0.0,0,0,0.0,0,0,0
R_3IEqpq2ofLaGqAh,backward,backward,3,11,0,0.0,0,0,0.0,0,0,0.0,0,0,0.0,0,0,0.0,0,0,0.0,0,0,0.0,0,0,0.0,0,0,0.0,0,0,0
R_3IEqpq2ofLaGqAh,forward,forward,3,5,0,0.0,0,0,0.0,0,0,0.0,0,0,0.0,0,0,0.0,0,0,0.0,0,0,0.0,0,0,0.0,0,0,0.0,0,0,0
R_6tskuQCULW29Xyh,ranking,backward,3,83,0,0.0,0,0,0.0,0,0,0.0,0,0,0.0,0,0,0.0,0,0,0.0,0,1,1.205,1,0,0.0,0,1,1.205,1,0,0
R_6tskuQCULW29Xyh,backward,backward,3,14,0,0.0,0,0,0.0,0,0,0.0,0,0,0.0,0,0,0.0,0,0,0.0,0,0,0.0,0,0,0.0,0,0,0.0,0,0,0
R_6tskuQCULW29Xyh,forward,forward,3,18,0,0.0,0,0,0.0,0,0,0.0,0,0,0.0,0,0,0.0,0,0,0.0,0,0,0.0,0,0,0.0,0,0,0.0,0,0,0
R_3mt7yhWDLXxRldi,ranking,backward,1,90,1,1.111,1,0,0.0,0,0,0.0,0,0,0.0,0,0,0.0,0,0,0.0,0,1,1.111,1,0,0.0,0,1,1.111,1,1,0
R_3mt7yhWDLXxRldi,backward,backward,1,31,1,3.226,1,0,0.0,0,0,0.0,0,0,0.0,0,0,0.0,0,0,0.0,0,0,0.0,0,1,3.226,1,0,0.0,0,1,0
R_3mt7yhWDLXxRldi,forward,forward,1,26,0,0.0,0,0,0.0,0,0,0.0,0,0,0.0,0,0,0.0,0,0,0.0,0,0,0.0,0,0,0.0,0,1,3.846,1,0,0
R_6z89mYlnyPfEu3g,ranking,backward,1,79,0,0.0,0,0,0.0,0,0,0.0,0,0,0.0,0,0,0.0,0,0,0.0,0,1,1.266,1,0,0.0,0,0,0.0,0,0,0
R_6z89mYlnyPfEu3g,backward,backward,1,55,0,0.0,0,0,0.0,0,0,0.0,0,0,0.0,0,0,0.0,0,0,0.0,0,0,0.0,0,0,0.0,0,1,1.818,1,0,0
R_6z89mYlnyPfEu3g,forward,forward,1,33,0,0.0,0,0,0.0,0,0,0.0,0,0,0.0,0,0,0.0,0,0,0.0,0,0,0.0,0,0,0.0,0,0,0.0,0,0,0
R_1NU5BN3JVfDKMRr,ranking,backward,1,8,0,0.0,0,0,0.0,0,0,0.0,0,0,0.0,0,0,0.0,0,0,0.0,0,0,0.0,0,0,0.0,0,0,0.0,0,0,0
R_1NU5BN3JVfDKMRr,backward,backward,1,15,0,0.0,0,0,0.0,0,0,0.0,0,0,0.0,0,0,0.0,0,0,0.0,0,0,0.0,0,1,6.667,1,0,0.0,0,0,0
R_1NU5BN3JVfDKMRr,forward,forward,1,9,0,0.0,0,0,0.0,0,0,0.0,0,0,0.0,0,0,0.0,0,0,0.0,0,0,0.0,0,0,0.0,0,1,11.111,1,0,0
R_3EbqUJouHALfpXI,ranking,backward,3,44,0,0.0,0,0,0.0,0,0,0.0,0,0,0.0,0,0,0.0,0,0,0.0,0,0,0.0,0,0,0.0,0,0,0.0,0,0,0
R_3EbqUJouHALfpXI,backward,backward,3,3,0,0.0,0,0,0.0,0,0,0.0,0,0,0.0,0,0,0.0,0,0,0.0,0,0,0.0,0,0,0.0,0,0,0.0,0,0,0
R_3EbqUJouHALfpXI,forward,forward,3,4,0,0.0,0,0,0.0,0,0,0.0,0,0,0.0,0,0,0.0,0,0,0.0,0,0,0.0,0,0,0.0,0,0,0.0,0,0,0
R_3MXMlCYho5U0BjS,ranking,backward,2,10,0,0.0,0,0,0.0,0,0,0.0,0,0,0.0,0,0,0.0,0,0,0.0,0,0,0.0,0,0,0.0,0,1,10.0,1,0,0
R_3MXMlCYho5U0BjS,backward,backward,2,40,0,0.0,0,0,0.0,0,0,0.0,0,0,0.0,0,0,0.0,0,0,0.0,0,0,0.0,0,0,0.0,0,1,2.5,1,0,0
R_3MXMlCYho5U0BjS,forward,forward,2,16,0,0.0,0,0,0.0,0,0,0.0,0,0,0.0,0,0,0.0,0,0,0.0,0,0,0.0,0,0,0.0,0,0,0.0,0,0,0
R_3wLlThS3rWnaZqN,ranking,backward,1,59,0,0.0,0,0,0.0,0,0,0.0,0,0,0.0,0,0,0.0,0,0,0.0,0,1,1.695,1,0,0.0,0,1,1.695,1,0,0
R_3wLlThS3rWnaZqN,backward,backward,1,30,0,0.0,0,0,0.0,0,0,0.0,0,0,0.0,0,0,0.0,0,0,0.0,0,0,0.0,0,0,0.0,0,1,3.333,1,0,0
R_3wLlThS3rWnaZqN,forward,forward,1,43,0,0.0,0,0,0.0,0,0,0.0,0,0,0.0,0,0,0.0,0,0,0.0,0,0,0.0,0,0,0.0,0,0,0.0,0,0,0
R_1MagJj6M1m81abz,ranking,backward,3,99,1,1.01,1,0,0.0,0,0,0.0,0,0,0.0,0,0,0.0,0,0,0.0,0,0,0.0,0,0,0.0,0,1,1.01,1,1,0
R_1MagJj6M1m81abz,backward,backward,3,38,0,0.0,0,0,0.0,0,0,0.0,0,0,0.0,0,0,0.0,0,0,0.0,0,1,2.632,1,0,0.0,0,0,0.0,0,0,0
R_1MagJj6M1m81abz,forward,forward,3,33,0,0.0,0,0,0.0,0,0,0.0,0,0,0.0,0,0,0.0,0,0,0.0,0,0,0.0,0,0,0.0,0,0,0.0,0,0,0
R_6NmGdQXkMTfQS4F,ranking,backward,2,35,0,0.0,0,0,0.0,0,0,0.0,0,0,0.0,0,0,0.0,0,0,0.0,0,1,2.857,1,0,0.0,0,1,2.857,1,0,0
R_6NmGdQXkMTfQS4F,backward,backward,2,12,0,0.0,0,0,0.0,0,0,0.0,0,0,0.0,0,0,0.0,0,0,0.0,0,0,0.0,0,0,0.0,0,0,0.0,0,0,0
R_6NmGdQXkMTfQS4F,forward,forward,2,76,0,0.0,0,0,0.0,0,0,0.0,0,0,0.0,0,0,0.0,0,0,0.0,0,0,0.0,0,1,1.316,1,1,1.316,1,0,0
R_1qqnNuTHovah1in,ranking,backward,1,80,1,1.25,1,0,0.0,0,0,0.0,0,0,0.0,0,0,0.0,0,0,0.0,0,1,1.25,1,0,0.0,0,1,1.25,1,1,0
R_1qqnNuTHovah1in,backward,backward,1,73,0,0.0,0,0,0.0,0,0,0.0,0,0,0.0,0,0,0.0,0,0,0.0,0,0,0.0,0,0,0.0,0,0,0.0,0,0,0
R_1qqnNuTHovah1in,forward,forward,1,51,0,0.0,0,0,0.0,0,0,0.0,0,0,0.0,0,0,0.0,0,0,0.0,0,0,0.0,0,1,1.961,1,0,0.0,0,0,0
R_7IMKkgqcKeI02LA,ranking,backward,2,67,0,0.0,0,0,0.0,0,0,0.0,0,0,0.0,0,0,0.0,0,0,0.0,0,1,1.493,1,0,0.0,0,1,1.493,1,0,0
R_7IMKkgqcKeI02LA,backward,backward,2,11,0,0.0,0,0,0.0,0,0,0.0,0,0,0.0,0,0,0.0,0,0,0.0,0,0,0.0,0,0,0.0,0,0,0.0,0,0,0
R_7IMKkgqcKeI02LA,forward,forward,2,8,0,0.0,0,0,0.0,0,0,0.0,0,0,0.0,0,0,0.0,0,0,0.0,0,0,0.0,0,0,0.0,0,0,0.0,0,0,0
R_6FDKK4xRCwQMfgW,ranking,backward,1,17,0,0.0,0,0,0.0,0,0,0.0,0,0,0.0,0,0,0.0,0,0,0.0,0,0,0.0,0,1,5.882,1,0,0.0,0,0,0
R_6FDKK4xRCwQMfgW,backward,backward,1,14,0,0.0,0,0,0.0,0,0,0.0,0,0,0.0,0,0,0.0,0,0,0.0,0,0,0.0,0,1,7.143,1,0,0.0,0,0,0
R_6FDKK4xRCwQMfgW,forward,forward,1,6,0,0.0,0,0,0.0,0,0,0.0,0,0,0.0,0,0,0.0,0,0,0.0,0,1,16.667,1,0,0.0,0,0,0.0,0,0,0
R_7P9zbxzfGSX3ZUR,ranking,backward,3,45,0,0.0,0,0,0.0,0,0,0.0,0,0,0.0,0,0,0.0,0,0,0.0,0,1,2.222,1,0,0.0,0,0,0.0,0,0,0
R_7P9zbxzfGSX3ZUR,backward,backward,3,49,0,0.0,0,0,0.0,0,0,0.0,0,0,0.0,0,0,0.0,0,0,0.0,0,0,0.0,0,0,0.0,0,1,2.041,1,0,0
R_7P9zbxzfGSX3ZUR,forward,forward,3,53,0,0.0,0,0,0.0,0,0,0.0,0,0,0.0,0,0,0.0,0,0,0.0,0,0,0.0,0,0,0.0,0,1,1.887,1,0,0
R_6mDviHJ3wAdkzTO,ranking,backward,1,50,0,0.0,0,0,0.0,0,0,0.0,0,0,0.0,0,0,0.0,0,0,0.0,0,0,0.0,0,0,0.0,0,1,2.0,1,0,0
R_6mDviHJ3wAdkzTO,backward,backward,1,21,0,0.0,0,0,0.0,0,0,0.0,0,0,0.0,0,0,0.0,0,0,0.0,0,0,0.0,0,0,0.0,0,0,0.0,0,0,0
R_6mDviHJ3wAdkzTO,forward,forward,1,12,0,0.0,0,0,0.0,0,0,0.0,0,0,0.0,0,0,0.0,0,0,0.0,0,1,8.333,1,0,0.0,0,0,0.0,0,0,0
R_5el7ZVPCNKZMqVO,ranking,backward,1,133,1,0.752,1,0,0.0,0,0,0.0,0,0,0.0,0,0,0.0,0,0,0.0,0,0,0.0,0,0,0.0,0,1,0.752,1,1,0
R_5el7ZVPCNKZMqVO,backward,backward,1,49,0,0.0,0,0,0.0,0,0,0.0,0,0,0.0,0,0,0.0,0,0,0.0,0,0,0.0,0,0,0.0,0,0,0.0,0,0,0
R_5el7ZVPCNKZMqVO,forward,forward,1,16,0,0.0,0,0,0.0,0,0,0.0,0,0,0.0,0,0,0.0,0,0,0.0,0,0,0.0,0,0,0.0,0,0,0.0,0,0,0
R_5k65jiEj3UV2hbL,ranking,backward,3,9,0,0.0,0,0,0.0,0,0,0.0,0,0,0.0,0,0,0.0,0,0,0.0,0,0,0.0,0,0,0.0,0,0,0.0,0,0,0
R_5k65jiEj3UV2hbL,backward,backward,3,3,0,0.0,0,0,0.0,0,0,0.0,0,0,0.0,0,0,0.0,0,0,0.0,0,0,0.0,0,0,0.0,0,0,0.0,0,0,0
R_5k65jiEj3UV2hbL,forward,forward,3,1,0,0.0,0,0,0.0,0,0,0.0,0,0,0.0,0,0,0.0,0,0,0.0,0,0,0.0,0,0,0.0,0,1,100.0,1,0,0
R_15NhgSyF5mMPXyQ,ranking,backward,2,58,0,0.0,0,0,0.0,0,0,0.0,0,0,0.0,0,0,0.0,0,0,0.0,0,1,1.724,1,1,1.724,1,1,1.724,1,0,0
R_15NhgSyF5mMPXyQ,backward,backward,2,10,0,0.0,0,0,0.0,0,0,0.0,0,0,0.0,0,0,0.0,0,0,0.0,0,0,0.0,0,0,0.0,0,0,0.0,0,0,0
R_15NhgSyF5mMPXyQ,forward,forward,2,18,0,0.0,0,0,0.0,0,0,0.0,0,0,0.0,0,0,0.0,0,0,0.0,0,0,0.0,0,0,0.0,0,0,0.0,0,0,0
R_6IQrjcZf7CFEcr8,ranking,backward,3,22,0,0.0,0,0,0.0,0,0,0.0,0,0,0.0,0,0,0.0,0,0,0.0,0,0,0.0,0,1,4.545,1,0,0.0,0,0,0
R_6IQrjcZf7CFEcr8,backward,backward,3,4,0,0.0,0,0,0.0,0,0,0.0,0,0,0.0,0,0,0.0,0,0,0.0,0,0,0.0,0,0,0.0,0,0,0.0,0,0,0
R_6IQrjcZf7CFEcr8,forward,forward,3,3,0,0.0,0,0,0.0,0,0,0.0,0,0,0.0,0,0,0.0,0,0,0.0,0,0,0.0,0,1,33.333,1,0,0.0,0,0,0
R_6prE0ZCBZfLQHfc,ranking,backward,3,28,0,0.0,0,0,0.0,0,0,0.0,0,0,0.0,0,0,0.0,0,0,0.0,0,0,0.0,0,0,0.0,0,0,0.0,0,0,0
R_6prE0ZCBZfLQHfc,backward,backward,3,12,0,0.0,0,0,0.0,0,0,0.0,0,0,0.0,0,0,0.0,0,0,0.0,0,0,0.0,0,0,0.0,0,0,0.0,0,0,0
R_6prE0ZCBZfLQHfc,forward,forward,3,7,0,0.0,0,0,0.0,0,0,0.0,0,0,0.0,0,0,0.0,0,0,0.0,0,0,0.0,0,0,0.0,0,0,0.0,0,0,0
R_3EyGVEZi2km2cTz,ranking,backward,1,39,0,0.0,0,0,0.0,0,0,0.0,0,1,2.564,1,0,0.0,0,0,0.0,0,1,2.564,1,0,0.0,0,1,2.564,1,1,0
R_3EyGVEZi2km2cTz,backward,backward,1,42,0,0.0,0,0,0.0,0,0,0.0,0,0,0.0,0,0,0.0,0,0,0.0,0,0,0.0,0,0,0.0,0,0,0.0,0,0,0
R_3EyGVEZi2km2cTz,forward,forward,1,47,0,0.0,0,0,0.0,0,0,0.0,0,0,0.0,0,0,0.0,0,0,0.0,0,0,0.0,0,0,0.0,0,0,0.0,0,0,0
R_75WxDuKlDjtEJIx,ranking,backward,1,118,0,0.0,0,0,0.0,0,0,0.0,0,0,0.0,0,0,0.0,0,0,0.0,0,1,0.847,1,0,0.0,0,1,0.847,1,0,0
R_75WxDuKlDjtEJIx,backward,backward,1,53,1,1.887,1,0,0.0,0,0,0.0,0,0,0.0,0,0,0.0,0,0,0.0,0,0,0.0,0,1,1.887,1,0,0.0,0,1,0
R_75WxDuKlDjtEJIx,forward,forward,1,27,1,3.704,1,0,0.0,0,0,0.0,0,0,0.0,0,0,0.0,0,0,0.0,0,0,0.0,0,0,0.0,0,0,0.0,0,1,0
R_12Lphl3P7o03V9L,ranking,backward,3,7,0,0.0,0,0,0.0,0,0,0.0,0,0,0.0,0,0,0.0,0,0,0.0,0,0,0.0,0,0,0.0,0,0,0.0,0,0,0
R_12Lphl3P7o03V9L,backward,backward,3,4,1,25.0,1,0,0.0,0,0,0.0,0,0,0.0,0,0,0.0,0,0,0.0,0,0,0.0,0,0,0.0,0,0,0.0,0,1,0
R_12Lphl3P7o03V9L,forward,forward,3,2,0,0.0,0,0,0.0,0,0,0.0,0,0,0.0,0,0,0.0,0,0,0.0,0,0,0.0,0,0,0.0,0,0,0.0,0,0,0
R_3GDmors8Zq7bKHD,ranking,backward,3,15,0,0.0,0,0,0.0,0,0,0.0,0,0,0.0,0,0,0.0,0,0,0.0,0,0,0.0,0,0,0.0,0,0,0.0,0,0,0
R_3GDmors8Zq7bKHD,backward,backward,3,16,0,0.0,0,0,0.0,0,0,0.0,0,0,0.0,0,0,0.0,0,0,0.0,0,0,0.0,0,0,0.0,0,0,0.0,0,0,0
R_3GDmors8Zq7bKHD,forward,forward,3,11,0,0.0,0,0,0.0,0,0,0.0,0,0,0.0,0,0,0.0,0,0,0.0,0,0,0.0,0,0,0.0,0,0,0.0,0,0,0
R_52h7o6WdRs5igrz,ranking,backward,1,19,0,0.0,0,0,0.0,0,0,0.0,0,0,0.0,0,0,0.0,0,0,0.0,0,0,0.0,0,1,5.263,1,0,0.0,0,0,0
R_52h7o6WdRs5igrz,backward,backward,1,47,0,0.0,0,0,0.0,0,0,0.0,0,0,0.0,0,0,0.0,0,0,0.0,0,0,0.0,0,0,0.0,0,0,0.0,0,0,0
R_52h7o6WdRs5igrz,forward,forward,1,35,0,0.0,0,0,0.0,0,0,0.0,0,0,0.0,0,0,0.0,0,0,0.0,0,0,0.0,0,1,2.857,1,0,0.0,0,0,0
R_1CZYTxkObfXvm2T,ranking,backward,2,23,0,0.0,0,0,0.0,0,0,0.0,0,0,0.0,0,0,0.0,0,0,0.0,0,0,0.0,0,0,0.0,0,1,4.348,1,0,0
R_1CZYTxkObfXvm2T,backward,backward,2,9,0,0.0,0,0,0.0,0,0,0.0,0,0,0.0,0,0,0.0,0,0,0.0,0,0,0.0,0,0,0.0,0,0,0.0,0,0,0
R_1CZYTxkObfXvm2T,forward,forward,2,9,0,0.0,0,0,0.0,0,0,0.0,0,0,0.0,0,0,0.0,0,0,0.0,0,0,0.0,0,0,0.0,0,0,0.0,0,0,0
R_6zNOAA7zGqbCU7Q,ranking,backward,2,32,0,0.0,0,0,0.0,0,0,0.0,0,0,0.0,0,1,3.125,1,0,0.0,0,0,0.0,0,0,0.0,0,0,0.0,0,0,1
R_6zNOAA7zGqbCU7Q,backward,backward,2,70,1,1.429,1,0,0.0,0,0,0.0,0,0,0.0,0,0,0.0,0,0,0.0,0,0,0.0,0,0,0.0,0,0,0.0,0,1,0
R_6zNOAA7zGqbCU7Q,forward,forward,2,34,0,0.0,0,0,0.0,0,0,0.0,0,0,0.0,0,0,0.0,0,0,0.0,0,0,0.0,0,0,0.0,0,0,0.0,0,0,0
R_5TNZ1TTHFzLuGeB,ranking,backward,3,83,0,0.0,0,0,0.0,0,0,0.0,0,0,0.0,0,0,0.0,0,0,0.0,0,1,1.205,1,0,0.0,0,0,0.0,0,0,0
R_5TNZ1TTHFzLuGeB,backward,backward,3,19,0,0.0,0,0,0.0,0,0,0.0,0,0,0.0,0,0,0.0,0,0,0.0,0,0,0.0,0,0,0.0,0,0,0.0,0,0,0
R_5TNZ1TTHFzLuGeB,forward,forward,3,19,0,0.0,0,0,0.0,0,0,0.0,0,0,0.0,0,0,0.0,0,0,0.0,0,0,0.0,0,0,0.0,0,0,0.0,0,0,0
R_6bc4vB4XSy5E3E5,ranking,backward,1,68,0,0.0,0,0,0.0,0,0,0.0,0,0,0.0,0,0,0.0,0,0,0.0,0,0,0.0,0,1,1.471,1,0,0.0,0,0,0
R_6bc4vB4XSy5E3E5,backward,backward,1,14,1,7.143,1,0,0.0,0,0,0.0,0,0,0.0,0,0,0.0,0,0,0.0,0,0,0.0,0,0,0.0,0,0,0.0,0,1,0
R_6bc4vB4XSy5E3E5,forward,forward,1,18,0,0.0,0,0,0.0,0,0,0.0,0,0,0.0,0,0,0.0,0,0,0.0,0,0,0.0,0,1,5.556,1,0,0.0,0,0,0
R_6ctGF2w2Vj8Du7E,ranking,backward,3,25,1,4.0,1,0,0.0,0,0,0.0,0,0,0.0,0,0,0.0,0,0,0.0,0,1,4.0,1,0,0.0,0,1,4.0,1,1,0
R_6ctGF2w2Vj8Du7E,backward,backward,3,15,0,0.0,0,0,0.0,0,0,0.0,0,0,0.0,0,0,0.0,0,0,0.0,0,0,0.0,0,0,0.0,0,0,0.0,0,0,0
R_6ctGF2w2Vj8Du7E,forward,forward,3,12,0,0.0,0,0,0.0,0,0,0.0,0,0,0.0,0,0,0.0,0,0,0.0,0,0,0.0,0,0,0.0,0,0,0.0,0,0,0
R_7nwQQefnYbgNk6K,ranking,backward,1,35,1,2.857,1,0,0.0,0,0,0.0,0,0,0.0,0,0,0.0,0,0,0.0,0,1,2.857,1,0,0.0,0,0,0.0,0,1,0
R_7nwQQefnYbgNk6K,backward,backward,1,15,0,0.0,0,0,0.0,0,0,0.0,0,0,0.0,0,0,0.0,0,0,0.0,0,0,0.0,0,0,0.0,0,0,0.0,0,0,0
R_7nwQQefnYbgNk6K,forward,forward,1,31,0,0.0,0,0,0.0,0,0,0.0,0,0,0.0,0,0,0.0,0,0,0.0,0,0,0.0,0,0,0.0,0,0,0.0,0,0,0
R_6jemldQilPDxxPq,ranking,backward,1,68,1,1.471,1,0,0.0,0,0,0.0,0,0,0.0,0,0,0.0,0,0,0.0,0,1,1.471,1,0,0.0,0,1,1.471,1,1,0
R_6jemldQilPDxxPq,backward,backward,1,41,0,0.0,0,0,0.0,0,0,0.0,0,0,0.0,0,0,0.0,0,0,0.0,0,0,0.0,0,0,0.0,0,0,0.0,0,0,0
R_6jemldQilPDxxPq,forward,forward,1,19,0,0.0,0,0,0.0,0,0,0.0,0,0,0.0,0,0,0.0,0,0,0.0,0,0,0.0,0,0,0.0,0,0,0.0,0,0,0
R_72FUG6eHoDGcJgt,ranking,backward,3,14,0,0.0,0,0,0.0,0,0,0.0,0,0,0.0,0,0,0.0,0,0,0.0,0,0,0.0,0,0,0.0,0,0,0.0,0,0,0
R_72FUG6eHoDGcJgt,backward,backward,3,13,0,0.0,0,0,0.0,0,0,0.0,0,0,0.0,0,0,0.0,0,0,0.0,0,0,0.0,0,0,0.0,0,0,0.0,0,0,0
R_72FUG6eHoDGcJgt,forward,forward,3,12,0,0.0,0,0,0.0,0,0,0.0,0,0,0.0,0,0,0.0,0,0,0.0,0,0,0.0,0,0,0.0,0,0,0.0,0,0,0
R_7rNg0mdjHsG9253,ranking,backward,2,69,0,0.0,0,0,0.0,0,0,0.0,0,0,0.0,0,0,0.0,0,0,0.0,0,0,0.0,0,2,2.899,2,2,2.899,2,0,0
R_7rNg0mdjHsG9253,backward,backward,2,109,0,0.0,0,0,0.0,0,0,0.0,0,0,0.0,0,0,0.0,0,0,0.0,0,0,0.0,0,0,0.0,0,0,0.0,0,0,0
R_7rNg0mdjHsG9253,forward,forward,2,30,0,0.0,0,0,0.0,0,0,0.0,0,0,0.0,0,0,0.0,0,0,0.0,0,0,0.0,0,1,3.333,1,0,0.0,0,0,0
R_77xGvqL1e9KPvYc,ranking,backward,2,85,2,2.353,2,0,0.0,0,0,0.0,0,0,0.0,0,0,0.0,0,0,0.0,0,0,0.0,0,0,0.0,0,0,0.0,0,1,0
R_77xGvqL1e9KPvYc,backward,backward,2,18,0,0.0,0,0,0.0,0,0,0.0,0,0,0.0,0,0,0.0,0,0,0.0,0,0,0.0,0,0,0.0,0,0,0.0,0,0,0
R_77xGvqL1e9KPvYc,forward,forward,2,14,0,0.0,0,0,0.0,0,0,0.0,0,0,0.0,0,0,0.0,0,0,0.0,0,0,0.0,0,0,0.0,0,0,0.0,0,0,0
R_11JqfeyuWnBTgtj,ranking,backward,2,8,0,0.0,0,0,0.0,0,0,0.0,0,0,0.0,0,1,12.5,1,0,0.0,0,0,0.0,0,0,0.0,0,0,0.0,0,0,1
R_11JqfeyuWnBTgtj,backward,backward,2,26,0,0.0,0,0,0.0,0,0,0.0,0,0,0.0,0,0,0.0,0,0,0.0,0,0,0.0,0,0,0.0,0,0,0.0,0,0,0
R_11JqfeyuWnBTgtj,forward,forward,2,8,0,0.0,0,0,0.0,0,0,0.0,0,0,0.0,0,0,0.0,0,0,0.0,0,0,0.0,0,0,0.0,0,0,0.0,0,0,0
R_5CK1QuMzp6Be9nK,ranking,backward,1,20,1,5.0,1,0,0.0,0,0,0.0,0,0,0.0,0,0,0.0,0,0,0.0,0,0,0.0,0,0,0.0,0,1,5.0,1,1,0
R_5CK1QuMzp6Be9nK,backward,backward,1,6,0,0.0,0,0,0.0,0,0,0.0,0,0,0.0,0,0,0.0,0,0,0.0,0,0,0.0,0,0,0.0,0,0,0.0,0,0,0
R_5CK1QuMzp6Be9nK,forward,forward,1,16,0,0.0,0,0,0.0,0,0,0.0,0,0,0.0,0,0,0.0,0,0,0.0,0,1,6.25,1,0,0.0,0,0,0.0,0,0,0
R_61aqs6Ehn74uECd,ranking,backward,2,34,0,0.0,0,0,0.0,0,0,0.0,0,0,0.0,0,0,0.0,0,0,0.0,0,1,2.941,1,0,0.0,0,1,2.941,1,0,0
R_61aqs6Ehn74uECd,backward,backward,2,20,0,0.0,0,0,0.0,0,0,0.0,0,0,0.0,0,0,0.0,0,0,0.0,0,0,0.0,0,0,0.0,0,0,0.0,0,0,0
R_61aqs6Ehn74uECd,forward,forward,2,11,0,0.0,0,0,0.0,0,0,0.0,0,1,9.091,1,0,0.0,0,0,0.0,0,0,0.0,0,0,0.0,0,0,0.0,0,1,0
R_23f9qmnzDFbH5yB,ranking,backward,3,28,0,0.0,0,0,0.0,0,0,0.0,0,0,0.0,0,0,0.0,0,0,0.0,0,0,0.0,0,1,3.571,1,1,3.571,1,0,0
R_23f9qmnzDFbH5yB,backward,backward,3,21,0,0.0,0,0,0.0,0,0,0.0,0,0,0.0,0,0,0.0,0,0,0.0,0,0,0.0,0,0,0.0,0,0,0.0,0,0,0
R_23f9qmnzDFbH5yB,forward,forward,3,4,0,0.0,0,0,0.0,0,0,0.0,0,0,0.0,0,0,0.0,0,0,0.0,0,0,0.0,0,0,0.0,0,0,0.0,0,0,0
R_6ZEOAAp2AsC8XJg,ranking,backward,2,94,1,1.064,1,1,1.064,1,0,0.0,0,0,0.0,0,0,0.0,0,0,0.0,0,1,1.064,1,0,0.0,0,1,1.064,1,1,0
R_6ZEOAAp2AsC8XJg,backward,backward,2,20,0,0.0,0,0,0.0,0,0,0.0,0,0,0.0,0,0,0.0,0,0,0.0,0,0,0.0,0,0,0.0,0,0,0.0,0,0,0
R_6ZEOAAp2AsC8XJg,forward,forward,2,19,0,0.0,0,0,0.0,0,0,0.0,0,0,0.0,0,0,0.0,0,0,0.0,0,0,0.0,0,0,0.0,0,0,0.0,0,0,0
R_6JXhVpvPcyr0xGI,ranking,backward,3,24,0,0.0,0,0,0.0,0,0,0.0,0,0,0.0,0,0,0.0,0,0,0.0,0,0,0.0,0,0,0.0,0,1,4.167,1,0,0
R_6JXhVpvPcyr0xGI,backward,backward,3,12,0,0.0,0,0,0.0,0,0,0.0,0,0,0.0,0,0,0.0,0,0,0.0,0,0,0.0,0,0,0.0,0,0,0.0,0,0,0
R_6JXhVpvPcyr0xGI,forward,forward,3,18,0,0.0,0,0,0.0,0,0,0.0,0,0,0.0,0,0,0.0,0,0,0.0,0,0,0.0,0,0,0.0,0,0,0.0,0,0,0
R_7i9vopvadrSotnb,ranking,backward,1,228,1,0.439,1,0,0.0,0,0,0.0,0,0,0.0,0,0,0.0,0,1,0.439,1,1,0.439,1,0,0.0,0,1,0.439,1,1,1
R_7i9vopvadrSotnb,backward,backward,1,150,1,0.667,1,0,0.0,0,0,0.0,0,0,0.0,0,0,0.0,0,0,0.0,0,1,0.667,1,0,0.0,0,0,0.0,0,1,0
R_7i9vopvadrSotnb,forward,forward,1,58,0,0.0,0,0,0.0,0,0,0.0,0,0,0.0,0,0,0.0,0,0,0.0,0,1,1.724,1,0,0.0,0,0,0.0,0,0,0
R_1VLaN1nWfTUd2xF,ranking,backward,2,52,0,0.0,0,0,0.0,0,0,0.0,0,0,0.0,0,0,0.0,0,0,0.0,0,1,1.923,1,1,1.923,1,1,1.923,1,0,0
R_1VLaN1nWfTUd2xF,backward,backward,2,25,0,0.0,0,0,0.0,0,0,0.0,0,0,0.0,0,0,0.0,0,0,0.0,0,0,0.0,0,0,0.0,0,0,0.0,0,0,0
R_1VLaN1nWfTUd2xF,forward,forward,2,12,0,0.0,0,0,0.0,0,0,0.0,0,0,0.0,0,0,0.0,0,0,0.0,0,0,0.0,0,0,0.0,0,0,0.0,0,0,0
R_3aRjJwsrix0T9y2,ranking,backward,1,7,0,0.0,0,0,0.0,0,0,0.0,0,0,0.0,0,0,0.0,0,0,0.0,0,0,0.0,0,0,0.0,0,0,0.0,0,0,0
R_3aRjJwsrix0T9y2,backward,backward,1,14,1,7.143,1,0,0.0,0,0,0.0,0,0,0.0,0,0,0.0,0,0,0.0,0,0,0.0,0,0,0.0,0,0,0.0,0,1,0
R_3aRjJwsrix0T9y2,forward,forward,1,7,0,0.0,0,0,0.0,0,0,0.0,0,0,0.0,0,0,0.0,0,0,0.0,0,0,0.0,0,0,0.0,0,0,0.0,0,0,0
R_1XdMkSJIyx8zI2i,ranking,backward,2,37,1,2.703,1,0,0.0,0,0,0.0,0,0,0.0,0,0,0.0,0,0,0.0,0,1,2.703,1,0,0.0,0,1,2.703,1,1,0
R_1XdMkSJIyx8zI2i,backward,backward,2,43,1,2.326,1,0,0.0,0,0,0.0,0,0,0.0,0,0,0.0,0,0,0.0,0,0,0.0,0,0,0.0,0,0,0.0,0,1,0
R_1XdMkSJIyx8zI2i,forward,forward,2,6,0,0.0,0,0,0.0,0,0,0.0,0,0,0.0,0,0,0.0,0,0,0.0,0,0,0.0,0,0,0.0,0,0,0.0,0,0,0
R_3N3JRVDnyJgFTYl,ranking,backward,1,20,0,0.0,0,0,0.0,0,0,0.0,0,0,0.0,0,0,0.0,0,0,0.0,0,0,0.0,0,1,5.0,1,0,0.0,0,0,0
R_3N3JRVDnyJgFTYl,backward,backward,1,5,0,0.0,0,0,0.0,0,0,0.0,0,0,0.0,0,0,0.0,0,0,0.0,0,0,0.0,0,0,0.0,0,0,0.0,0,0,0
R_3N3JRVDnyJgFTYl,forward,forward,1,14,0,0.0,0,0,0.0,0,0,0.0,0,0,0.0,0,0,0.0,0,0,0.0,0,0,0.0,0,0,0.0,0,0,0.0,0,0,0
R_13rVKKWL5nyJkI1,ranking,backward,3,15,0,0.0,0,0,0.0,0,0,0.0,0,0,0.0,0,0,0.0,0,0,0.0,0,0,0.0,0,0,0.0,0,0,0.0,0,0,0
R_13rVKKWL5nyJkI1,backward,backward,3,14,0,0.0,0,0,0.0,0,0,0.0,0,0,0.0,0,0,0.0,0,0,0.0,0,0,0.0,0,0,0.0,0,0,0.0,0,0,0
R_13rVKKWL5nyJkI1,forward,forward,3,3,0,0.0,0,0,0.0,0,0,0.0,0,0,0.0,0,0,0.0,0,0,0.0,0,0,0.0,0,0,0.0,0,0,0.0,0,0,0
R_3cbVfpnqjkpC4Iy,ranking,backward,3,34,2,5.882,2,0,0.0,0,0,0.0,0,0,0.0,0,0,0.0,0,0,0.0,0,1,2.941,1,1,2.941,1,1,2.941,1,1,0
R_3cbVfpnqjkpC4Iy,backward,backward,3,40,0,0.0,0,0,0.0,0,0,0.0,0,0,0.0,0,0,0.0,0,0,0.0,0,0,0.0,0,0,0.0,0,0,0.0,0,0,0
R_3cbVfpnqjkpC4Iy,forward,forward,3,9,0,0.0,0,0,0.0,0,0,0.0,0,0,0.0,0,0,0.0,0,0,0.0,0,0,0.0,0,0,0.0,0,0,0.0,0,0,0
R_6FIqncmNJDgFXJD,ranking,backward,2,39,1,2.564,1,0,0.0,0,0,0.0,0,0,0.0,0,0,0.0,0,0,0.0,0,0,0.0,0,1,2.564,1,1,2.564,1,1,0
R_6FIqncmNJDgFXJD,backward,backward,2,9,0,0.0,0,0,0.0,0,0,0.0,0,0,0.0,0,0,0.0,0,0,0.0,0,0,0.0,0,0,0.0,0,0,0.0,0,0,0
R_6FIqncmNJDgFXJD,forward,forward,2,8,0,0.0,0,0,0.0,0,0,0.0,0,0,0.0,0,0,0.0,0,0,0.0,0,0,0.0,0,0,0.0,0,0,0.0,0,0,0
R_1SVwLHbcjz1g3eN,ranking,backward,2,69,1,1.449,1,0,0.0,0,0,0.0,0,0,0.0,0,0,0.0,0,0,0.0,0,0,0.0,0,0,0.0,0,1,1.449,1,1,0
R_1SVwLHbcjz1g3eN,backward,backward,2,50,0,0.0,0,0,0.0,0,0,0.0,0,0,0.0,0,0,0.0,0,0,0.0,0,0,0.0,0,0,0.0,0,0,0.0,0,0,0
R_1SVwLHbcjz1g3eN,forward,forward,2,18,0,0.0,0,0,0.0,0,0,0.0,0,0,0.0,0,0,0.0,0,0,0.0,0,0,0.0,0,0,0.0,0,0,0.0,0,0,0
R_6g9XpDghMj4WnYt,ranking,backward,3,47,0,0.0,0,0,0.0,0,0,0.0,0,0,0.0,0,0,0.0,0,0,0.0,0,0,0.0,0,0,0.0,0,1,2.128,1,0,0
R_6g9XpDghMj4WnYt,backward,backward,3,18,0,0.0,0,0,0.0,0,0,0.0,0,0,0.0,0,0,0.0,0,0,0.0,0,0,0.0,0,0,0.0,0,0,0.0,0,0,0
R_6g9XpDghMj4WnYt,forward,forward,3,11,0,0.0,0,0,0.0,0,0,0.0,0,0,0.0,0,0,0.0,0,0,0.0,0,0,0.0,0,0,0.0,0,0,0.0,0,0,0
R_1Eo8A15sefsiJxF,ranking,backward,3,63,0,0.0,0,0,0.0,0,0,0.0,0,0,0.0,0,0,0.0,0,0,0.0,0,1,1.587,1,0,0.0,0,1,1.587,1,0,0
R_1Eo8A15sefsiJxF,backward,backward,3,18,0,0.0,0,0,0.0,0,0,0.0,0,0,0.0,0,0,0.0,0,0,0.0,0,0,0.0,0,0,0.0,0,0,0.0,0,0,0
R_1Eo8A15sefsiJxF,forward,forward,3,7,0,0.0,0,0,0.0,0,0,0.0,0,0,0.0,0,0,0.0,0,0,0.0,0,1,14.286,1,0,0.0,0,0,0.0,0,0,0
R_6ODk8cjFzriLti9,ranking,backward,3,36,0,0.0,0,0,0.0,0,0,0.0,0,0,0.0,0,0,0.0,0,0,0.0,0,0,0.0,0,1,2.778,1,1,2.778,1,0,0
R_6ODk8cjFzriLti9,backward,backward,3,31,1,3.226,1,0,0.0,0,0,0.0,0,0,0.0,0,0,0.0,0,0,0.0,0,0,0.0,0,0,0.0,0,0,0.0,0,1,0
R_6ODk8cjFzriLti9,forward,forward,3,12,0,0.0,0,0,0.0,0,0,0.0,0,0,0.0,0,0,0.0,0,0,0.0,0,0,0.0,0,0,0.0,0,0,0.0,0,0,0
R_5zrbUng5qcWzLnX,ranking,backward,1,52,0,0.0,0,0,0.0,0,0,0.0,0,0,0.0,0,0,0.0,0,0,0.0,0,0,0.0,0,0,0.0,0,1,1.923,1,0,0
R_5zrbUng5qcWzLnX,backward,backward,1,16,0,0.0,0,0,0.0,0,0,0.0,0,0,0.0,0,0,0.0,0,0,0.0,0,0,0.0,0,0,0.0,0,0,0.0,0,0,0
R_5zrbUng5qcWzLnX,forward,forward,1,24,0,0.0,0,0,0.0,0,0,0.0,0,0,0.0,0,0,0.0,0,0,0.0,0,0,0.0,0,0,0.0,0,0,0.0,0,0,0
R_7cnCfommAQNORoM,ranking,backward,1,48,0,0.0,0,0,0.0,0,0,0.0,0,0,0.0,0,0,0.0,0,0,0.0,0,1,2.083,1,0,0.0,0,0,0.0,0,0,0
R_7cnCfommAQNORoM,backward,backward,1,28,0,0.0,0,0,0.0,0,0,0.0,0,0,0.0,0,0,0.0,0,0,0.0,0,0,0.0,0,0,0.0,0,0,0.0,0,0,0
R_7cnCfommAQNORoM,forward,forward,1,34,0,0.0,0,0,0.0,0,0,0.0,0,0,0.0,0,0,0.0,0,0,0.0,0,0,0.0,0,0,0.0,0,1,2.941,1,0,0
R_5DAqSi5GQFE7sJR,ranking,backward,2,50,0,0.0,0,0,0.0,0,0,0.0,0,0,0.0,0,0,0.0,0,0,0.0,0,1,2.0,1,1,2.0,1,1,2.0,1,0,0
R_5DAqSi5GQFE7sJR,backward,backward,2,113,0,0.0,0,0,0.0,0,0,0.0,0,0,0.0,0,0,0.0,0,0,0.0,0,0,0.0,0,1,0.885,1,0,0.0,0,0,0
R_5DAqSi5GQFE7sJR,forward,forward,2,48,2,4.167,2,0,0.0,0,0,0.0,0,0,0.0,0,0,0.0,0,0,0.0,0,0,0.0,0,0,0.0,0,0,0.0,0,1,0
R_5PdN0HeDKthblno,ranking,backward,3,29,0,0.0,0,0,0.0,0,0,0.0,0,0,0.0,0,0,0.0,0,0,0.0,0,0,0.0,0,0,0.0,0,1,3.448,1,0,0
R_5PdN0HeDKthblno,backward,backward,3,24,0,0.0,0,0,0.0,0,0,0.0,0,0,0.0,0,0,0.0,0,0,0.0,0,0,0.0,0,0,0.0,0,0,0.0,0,0,0
R_5PdN0HeDKthblno,forward,forward,3,5,0,0.0,0,0,0.0,0,0,0.0,0,0,0.0,0,0,0.0,0,0,0.0,0,0,0.0,0,0,0.0,0,1,20.0,1,0,0
R_5JGA46sTlbV9wid,ranking,backward,2,20,0,0.0,0,0,0.0,0,0,0.0,0,0,0.0,0,0,0.0,0,0,0.0,0,0,0.0,0,0,0.0,0,0,0.0,0,0,0
R_5JGA46sTlbV9wid,backward,backward,2,16,1,6.25,1,0,0.0,0,0,0.0,0,0,0.0,0,0,0.0,0,0,0.0,0,0,0.0,0,0,0.0,0,0,0.0,0,1,0
R_5JGA46sTlbV9wid,forward,forward,2,15,0,0.0,0,0,0.0,0,0,0.0,0,0,0.0,0,0,0.0,0,0,0.0,0,0,0.0,0,0,0.0,0,0,0.0,0,0,0
R_3HAMg9plgn8Q0JH,ranking,backward,2,9,1,11.111,1,0,0.0,0,0,0.0,0,0,0.0,0,0,0.0,0,0,0.0,0,0,0.0,0,0,0.0,0,0,0.0,0,1,0
R_3HAMg9plgn8Q0JH,backward,backward,2,6,0,0.0,0,0,0.0,0,0,0.0,0,0,0.0,0,0,0.0,0,0,0.0,0,0,0.0,0,0,0.0,0,0,0.0,0,0,0
R_3HAMg9plgn8Q0JH,forward,forward,2,2,0,0.0,0,0,0.0,0,0,0.0,0,0,0.0,0,0,0.0,0,0,0.0,0,0,0.0,0,0,0.0,0,0,0.0,0,0,0
R_1l0l40ezb8ML3LP,ranking,backward,2,50,0,0.0,0,0,0.0,0,0,0.0,0,0,0.0,0,0,0.0,0,0,0.0,0,0,0.0,0,0,0.0,0,0,0.0,0,0,0
R_1l0l40ezb8ML3LP,backward,backward,2,60,0,0.0,0,0,0.0,0,0,0.0,0,0,0.0,0,0,0.0,0,0,0.0,0,0,0.0,0,0,0.0,0,0,0.0,0,0,0
R_1l0l40ezb8ML3LP,forward,forward,2,57,1,1.754,1,0,0.0,0,0,0.0,0,0,0.0,0,0,0.0,0,0,0.0,0,0,0.0,0,0,0.0,0,0,0.0,0,1,0
R_7U0cLEfVhLoXLhL,ranking,backward,3,85,0,0.0,0,0,0.0,0,0,0.0,0,0,0.0,0,0,0.0,0,0,0.0,0,1,1.176,1,0,0.0,0,1,1.176,1,0,0
R_7U0cLEfVhLoXLhL,backward,backward,3,19,0,0.0,0,0,0.0,0,0,0.0,0,0,0.0,0,0,0.0,0,0,0.0,0,0,0.0,0,0,0.0,0,0,0.0,0,0,0
R_7U0cLEfVhLoXLhL,forward,forward,3,22,0,0.0,0,0,0.0,0,0,0.0,0,0,0.0,0,0,0.0,0,0,0.0,0,0,0.0,0,0,0.0,0,0,0.0,0,0,0
R_6OjoyKCUDn1MNYN,ranking,backward,2,20,0,0.0,0,0,0.0,0,0,0.0,0,0,0.0,0,0,0.0,0,0,0.0,0,0,0.0,0,0,0.0,0,1,5.0,1,0,0
R_6OjoyKCUDn1MNYN,backward,backward,2,16,0,0.0,0,0,0.0,0,0,0.0,0,0,0.0,0,0,0.0,0,0,0.0,0,0,0.0,0,1,6.25,1,0,0.0,0,0,0
R_6OjoyKCUDn1MNYN,forward,forward,2,19,0,0.0,0,0,0.0,0,0,0.0,0,0,0.0,0,0,0.0,0,0,0.0,0,0,0.0,0,0,0.0,0,0,0.0,0,0,0
R_36lIJLsauTr9axP,ranking,backward,1,40,0,0.0,0,0,0.0,0,0,0.0,0,0,0.0,0,0,0.0,0,0,0.0,0,0,0.0,0,0,0.0,0,0,0.0,0,0,0
R_36lIJLsauTr9axP,backward,backward,1,29,0,0.0,0,0,0.0,0,0,0.0,0,0,0.0,0,0,0.0,0,0,0.0,0,0,0.0,0,0,0.0,0,0,0.0,0,0,0
R_36lIJLsauTr9axP,forward,forward,1,23,1,4.348,1,0,0.0,0,0,0.0,0,0,0.0,0,0,0.0,0,0,0.0,0,1,4.348,1,0,0.0,0,0,0.0,0,1,0
R_3kPZRcBbAw7p5Cx,ranking,backward,1,18,1,5.556,1,0,0.0,0,0,0.0,0,0,0.0,0,0,0.0,0,0,0.0,0,1,5.556,1,0,0.0,0,0,0.0,0,1,0
R_3kPZRcBbAw7p5Cx,backward,backward,1,10,0,0.0,0,0,0.0,0,0,0.0,0,0,0.0,0,0,0.0,0,0,0.0,0,0,0.0,0,0,0.0,0,0,0.0,0,0,0
R_3kPZRcBbAw7p5Cx,forward,forward,1,22,0,0.0,0,0,0.0,0,0,0.0,0,0,0.0,0,0,0.0,0,0,0.0,0,0,0.0,0,0,0.0,0,0,0.0,0,0,0
R_3hsgmOQ1Wgdjdvg,ranking,backward,3,31,0,0.0,0,0,0.0,0,0,0.0,0,0,0.0,0,0,0.0,0,0,0.0,0,0,0.0,0,0,0.0,0,1,3.226,1,0,0
R_3hsgmOQ1Wgdjdvg,backward,backward,3,22,0,0.0,0,0,0.0,0,0,0.0,0,0,0.0,0,0,0.0,0,0,0.0,0,0,0.0,0,0,0.0,0,0,0.0,0,0,0
R_3hsgmOQ1Wgdjdvg,forward,forward,3,25,0,0.0,0,0,0.0,0,0,0.0,0,0,0.0,0,0,0.0,0,0,0.0,0,0,0.0,0,0,0.0,0,1,4.0,1,0,0
R_6rLL41AvE9tWFHz,ranking,backward,1,35,1,2.857,1,0,0.0,0,0,0.0,0,0,0.0,0,0,0.0,0,0,0.0,0,1,2.857,1,0,0.0,0,1,2.857,1,1,0
R_6rLL41AvE9tWFHz,backward,backward,1,28,1,3.571,1,0,0.0,0,0,0.0,0,0,0.0,0,0,0.0,0,0,0.0,0,0,0.0,0,0,0.0,0,0,0.0,0,1,0
R_6rLL41AvE9tWFHz,forward,forward,1,21,1,4.762,1,0,0.0,0,0,0.0,0,0,0.0,0,0,0.0,0,0,0.0,0,0,0.0,0,0,0.0,0,0,0.0,0,1,0
R_3ZHVDOuyDHm8d2w,ranking,backward,1,21,0,0.0,0,0,0.0,0,0,0.0,0,0,0.0,0,0,0.0,0,0,0.0,0,1,4.762,1,0,0.0,0,0,0.0,0,0,0
R_3ZHVDOuyDHm8d2w,backward,backward,1,18,1,5.556,1,0,0.0,0,0,0.0,0,0,0.0,0,0,0.0,0,0,0.0,0,0,0.0,0,0,0.0,0,0,0.0,0,1,0
R_3ZHVDOuyDHm8d2w,forward,forward,1,33,0,0.0,0,0,0.0,0,0,0.0,0,0,0.0,0,0,0.0,0,0,0.0,0,1,3.03,1,0,0.0,0,0,0.0,0,0,0
R_6Ga4ABr1YEQwTAZ,ranking,backward,1,37,0,0.0,0,0,0.0,0,0,0.0,0,0,0.0,0,0,0.0,0,0,0.0,0,0,0.0,0,0,0.0,0,0,0.0,0,0,0
R_6Ga4ABr1YEQwTAZ,backward,backward,1,8,0,0.0,0,0,0.0,0,0,0.0,0,0,0.0,0,0,0.0,0,0,0.0,0,0,0.0,0,0,0.0,0,0,0.0,0,0,0
R_6Ga4ABr1YEQwTAZ,forward,forward,1,3,0,0.0,0,0,0.0,0,0,0.0,0,0,0.0,0,0,0.0,0,0,0.0,0,0,0.0,0,0,0.0,0,0,0.0,0,0,0
R_7VBHFRvuctmkFtY,ranking,backward,2,8,0,0.0,0,0,0.0,0,0,0.0,0,0,0.0,0,0,0.0,0,0,0.0,0,0,0.0,0,0,0.0,0,0,0.0,0,0,0
R_7VBHFRvuctmkFtY,backward,backward,2,33,0,0.0,0,0,0.0,0,0,0.0,0,0,0.0,0,0,0.0,0,0,0.0,0,0,0.0,0,0,0.0,0,0,0.0,0,0,0
R_7VBHFRvuctmkFtY,forward,forward,2,31,0,0.0,0,0,0.0,0,0,0.0,0,0,0.0,0,0,0.0,0,0,0.0,0,0,0.0,0,0,0.0,0,0,0.0,0,0,0
R_63otxnqDxIAOEBb,ranking,backward,3,19,0,0.0,0,0,0.0,0,0,0.0,0,0,0.0,0,0,0.0,0,0,0.0,0,0,0.0,0,0,0.0,0,0,0.0,0,0,0
R_63otxnqDxIAOEBb,backward,backward,3,6,0,0.0,0,0,0.0,0,0,0.0,0,0,0.0,0,0,0.0,0,0,0.0,0,0,0.0,0,0,0.0,0,0,0.0,0,0,0
R_63otxnqDxIAOEBb,forward,forward,3,7,0,0.0,0,0,0.0,0,0,0.0,0,0,0.0,0,0,0.0,0,0,0.0,0,0,0.0,0,0,0.0,0,0,0.0,0,0,0
R_3EcGVxwgupIbmzG,ranking,backward,2,13,0,0.0,0,0,0.0,0,0,0.0,0,0,0.0,0,0,0.0,0,0,0.0,0,0,0.0,0,0,0.0,0,0,0.0,0,0,0
R_3EcGVxwgupIbmzG,backward,backward,2,9,0,0.0,0,0,0.0,0,0,0.0,0,0,0.0,0,0,0.0,0,0,0.0,0,0,0.0,0,0,0.0,0,0,0.0,0,0,0
R_3EcGVxwgupIbmzG,forward,forward,2,4,0,0.0,0,0,0.0,0,0,0.0,0,0,0.0,0,0,0.0,0,0,0.0,0,0,0.0,0,0,0.0,0,0,0.0,0,0,0
R_3YTpHNcKL34p3DX,ranking,backward,3,29,0,0.0,0,0,0.0,0,0,0.0,0,0,0.0,0,0,0.0,0,0,0.0,0,1,3.448,1,0,0.0,0,1,3.448,1,0,0
R_3YTpHNcKL34p3DX,backward,backward,3,6,0,0.0,0,0,0.0,0,0,0.0,0,0,0.0,0,0,0.0,0,0,0.0,0,0,0.0,0,0,0.0,0,0,0.0,0,0,0
R_3YTpHNcKL34p3DX,forward,forward,3,5,0,0.0,0,0,0.0,0,0,0.0,0,0,0.0,0,0,0.0,0,0,0.0,0,0,0.0,0,0,0.0,0,0,0.0,0,0,0
R_5otXsFAFCXV9jKW,ranking,backward,2,5,0,0.0,0,0,0.0,0,0,0.0,0,0,0.0,0,0,0.0,0,0,0.0,0,0,0.0,0,0,0.0,0,0,0.0,0,0,0
R_5otXsFAFCXV9jKW,backward,backward,2,5,0,0.0,0,0,0.0,0,0,0.0,0,0,0.0,0,0,0.0,0,0,0.0,0,0,0.0,0,0,0.0,0,0,0.0,0,0,0
R_5otXsFAFCXV9jKW,forward,forward,2,3,0,0.0,0,0,0.0,0,0,0.0,0,0,0.0,0,0,0.0,0,0,0.0,0,0,0.0,0,0,0.0,0,0,0.0,0,0,0
R_6fkBsPQoDEzc8iY,ranking,backward,1,25,0,0.0,0,0,0.0,0,0,0.0,0,0,0.0,0,0,0.0,0,0,0.0,0,1,4.0,1,0,0.0,0,1,4.0,1,0,0
R_6fkBsPQoDEzc8iY,backward,backward,1,19,1,5.263,1,0,0.0,0,0,0.0,0,0,0.0,0,0,0.0,0,0,0.0,0,0,0.0,0,0,0.0,0,0,0.0,0,1,0
R_6fkBsPQoDEzc8iY,forward,forward,1,11,0,0.0,0,0,0.0,0,0,0.0,0,0,0.0,0,0,0.0,0,1,9.091,1,0,0.0,0,0,0.0,0,0,0.0,0,0,1
R_6JK1H5Gtm3Rece2,ranking,backward,3,29,0,0.0,0,0,0.0,0,0,0.0,0,0,0.0,0,0,0.0,0,0,0.0,0,0,0.0,0,0,0.0,0,0,0.0,0,0,0
R_6JK1H5Gtm3Rece2,backward,backward,3,29,0,0.0,0,0,0.0,0,0,0.0,0,0,0.0,0,0,0.0,0,0,0.0,0,0,0.0,0,0,0.0,0,0,0.0,0,0,0
R_6JK1H5Gtm3Rece2,forward,forward,3,8,0,0.0,0,0,0.0,0,0,0.0,0,0,0.0,0,0,0.0,0,0,0.0,0,0,0.0,0,0,0.0,0,0,0.0,0,0,0
R_5rv6wIPeIcuO4RL,ranking,backward,3,38,0,0.0,0,0,0.0,0,0,0.0,0,0,0.0,0,0,0.0,0,0,0.0,0,0,0.0,0,0,0.0,0,0,0.0,0,0,0
R_5rv6wIPeIcuO4RL,backward,backward,3,18,0,0.0,0,0,0.0,0,0,0.0,0,0,0.0,0,0,0.0,0,1,5.556,1,0,0.0,0,0,0.0,0,0,0.0,0,0,1
R_5rv6wIPeIcuO4RL,forward,forward,3,20,1,5.0,1,0,0.0,0,0,0.0,0,0,0.0,0,0,0.0,0,0,0.0,0,0,0.0,0,0,0.0,0,0,0.0,0,1,0
R_14bdTVi1IK2fBrb,ranking,backward,1,60,0,0.0,0,0,0.0,0,0,0.0,0,0,0.0,0,0,0.0,0,0,0.0,0,0,0.0,0,0,0.0,0,0,0.0,0,0,0
R_14bdTVi1IK2fBrb,backward,backward,1,52,0,0.0,0,0,0.0,0,0,0.0,0,0,0.0,0,0,0.0,0,0,0.0,0,0,0.0,0,0,0.0,0,0,0.0,0,0,0
R_14bdTVi1IK2fBrb,forward,forward,1,31,0,0.0,0,0,0.0,0,0,0.0,0,0,0.0,0,0,0.0,0,0,0.0,0,0,0.0,0,0,0.0,0,0,0.0,0,0,0
R_5f8RYDSalDc3ypd,ranking,backward,1,81,0,0.0,0,0,0.0,0,0,0.0,0,0,0.0,0,0,0.0,0,0,0.0,0,0,0.0,0,1,1.235,1,0,0.0,0,0,0
R_5f8RYDSalDc3ypd,backward,backward,1,62,1,1.613,1,0,0.0,0,0,0.0,0,0,0.0,0,0,0.0,0,0,0.0,0,0,0.0,0,1,1.613,1,0,0.0,0,1,0
R_5f8RYDSalDc3ypd,forward,forward,1,10,0,0.0,0,0,0.0,0,0,0.0,0,0,0.0,0,0,0.0,0,0,0.0,0,0,0.0,0,0,0.0,0,0,0.0,0,0,0
R_5HDuKEyh25GJDyx,ranking,backward,2,19,0,0.0,0,0,0.0,0,0,0.0,0,0,0.0,0,0,0.0,0,0,0.0,0,1,5.263,1,0,0.0,0,1,5.263,1,0,0
R_5HDuKEyh25GJDyx,backward,backward,2,12,0,0.0,0,0,0.0,0,0,0.0,0,0,0.0,0,0,0.0,0,0,0.0,0,0,0.0,0,0,0.0,0,0,0.0,0,0,0
R_5HDuKEyh25GJDyx,forward,forward,2,14,0,0.0,0,0,0.0,0,0,0.0,0,0,0.0,0,0,0.0,0,1,7.143,1,0,0.0,0,0,0.0,0,0,0.0,0,0,1
R_6f31eVSLHc6Vhzy,ranking,backward,1,65,2,3.077,2,0,0.0,0,0,0.0,0,0,0.0,0,0,0.0,0,0,0.0,0,2,3.077,2,0,0.0,0,1,1.538,1,1,0
R_6f31eVSLHc6Vhzy,backward,backward,1,38,1,2.632,1,1,2.632,1,0,0.0,0,0,0.0,0,0,0.0,0,0,0.0,0,1,2.632,1,0,0.0,0,0,0.0,0,1,0
R_6f31eVSLHc6Vhzy,forward,forward,1,57,1,1.754,1,2,3.509,2,0,0.0,0,0,0.0,0,0,0.0,0,0,0.0,0,0,0.0,0,0,0.0,0,0,0.0,0,1,0
R_67qZmjcKjsm5wu4,ranking,backward,3,17,0,0.0,0,0,0.0,0,0,0.0,0,0,0.0,0,0,0.0,0,0,0.0,0,0,0.0,0,0,0.0,0,1,5.882,1,0,0
R_67qZmjcKjsm5wu4,backward,backward,3,9,0,0.0,0,0,0.0,0,0,0.0,0,0,0.0,0,0,0.0,0,0,0.0,0,0,0.0,0,0,0.0,0,0,0.0,0,0,0
R_67qZmjcKjsm5wu4,forward,forward,3,3,1,33.333,1,0,0.0,0,0,0.0,0,0,0.0,0,0,0.0,0,0,0.0,0,0,0.0,0,0,0.0,0,0,0.0,0,1,0
R_5G6AF0K3To1mi9h,ranking,backward,2,100,1,1.0,1,0,0.0,0,0,0.0,0,0,0.0,0,0,0.0,0,0,0.0,0,1,1.0,1,0,0.0,0,1,1.0,1,1,0
R_5G6AF0K3To1mi9h,backward,backward,2,68,0,0.0,0,0,0.0,0,0,0.0,0,0,0.0,0,0,0.0,0,0,0.0,0,0,0.0,0,0,0.0,0,0,0.0,0,0,0
R_5G6AF0K3To1mi9h,forward,forward,2,16,0,0.0,0,0,0.0,0,0,0.0,0,0,0.0,0,0,0.0,0,1,6.25,1,0,0.0,0,0,0.0,0,0,0.0,0,0,1
R_5qvzKuJbtplf7nq,ranking,backward,3,23,0,0.0,0,0,0.0,0,0,0.0,0,0,0.0,0,0,0.0,0,0,0.0,0,0,0.0,0,1,4.348,1,0,0.0,0,0,0
R_5qvzKuJbtplf7nq,backward,backward,3,20,0,0.0,0,0,0.0,0,0,0.0,0,0,0.0,0,0,0.0,0,0,0.0,0,0,0.0,0,0,0.0,0,0,0.0,0,0,0
R_5qvzKuJbtplf7nq,forward,forward,3,12,0,0.0,0,0,0.0,0,0,0.0,0,0,0.0,0,0,0.0,0,0,0.0,0,0,0.0,0,0,0.0,0,0,0.0,0,0,0
R_5nCLN5au9Teqao9,ranking,backward,1,45,1,2.222,1,0,0.0,0,0,0.0,0,0,0.0,0,0,0.0,0,0,0.0,0,1,2.222,1,0,0.0,0,1,2.222,1,1,0
R_5nCLN5au9Teqao9,backward,backward,1,12,0,0.0,0,0,0.0,0,0,0.0,0,0,0.0,0,0,0.0,0,0,0.0,0,0,0.0,0,0,0.0,0,0,0.0,0,0,0
R_5nCLN5au9Teqao9,forward,forward,1,5,0,0.0,0,0,0.0,0,0,0.0,0,0,0.0,0,0,0.0,0,0,0.0,0,0,0.0,0,0,0.0,0,0,0.0,0,0,0
R_6dGc2clhkRn7mDA,ranking,backward,2,236,1,0.424,1,0,0.0,0,0,0.0,0,0,0.0,0,0,0.0,0,0,0.0,0,1,0.424,1,1,0.424,1,1,0.424,1,1,0
R_6dGc2clhkRn7mDA,backward,backward,2,32,1,3.125,1,0,0.0,0,0,0.0,0,0,0.0,0,0,0.0,0,0,0.0,0,0,0.0,0,0,0.0,0,0,0.0,0,1,0
R_6dGc2clhkRn7mDA,forward,forward,2,21,0,0.0,0,0,0.0,0,0,0.0,0,0,0.0,0,0,0.0,0,0,0.0,0,0,0.0,0,0,0.0,0,0,0.0,0,0,0
R_71ocvHWuEVVnnC8,ranking,backward,1,15,0,0.0,0,0,0.0,0,0,0.0,0,0,0.0,0,0,0.0,0,0,0.0,0,1,6.667,1,0,0.0,0,0,0.0,0,0,0
R_71ocvHWuEVVnnC8,backward,backward,1,22,0,0.0,0,0,0.0,0,0,0.0,0,0,0.0,0,0,0.0,0,0,0.0,0,1,4.545,1,0,0.0,0,0,0.0,0,0,0
R_71ocvHWuEVVnnC8,forward,forward,1,15,0,0.0,0,0,0.0,0,0,0.0,0,0,0.0,0,0,0.0,0,0,0.0,0,0,0.0,0,0,0.0,0,0,0.0,0,0,0
R_1QRSF2JBp1vwZTv,ranking,backward,3,37,0,0.0,0,0,0.0,0,0,0.0,0,0,0.0,0,0,0.0,0,0,0.0,0,0,0.0,0,0,0.0,0,0,0.0,0,0,0
R_1QRSF2JBp1vwZTv,backward,backward,3,28,0,0.0,0,0,0.0,0,0,0.0,0,0,0.0,0,0,0.0,0,0,0.0,0,0,0.0,0,0,0.0,0,0,0.0,0,0,0
R_1QRSF2JBp1vwZTv,forward,forward,3,13,0,0.0,0,0,0.0,0,0,0.0,0,0,0.0,0,0,0.0,0,0,0.0,0,0,0.0,0,0,0.0,0,0,0.0,0,0,0
R_5uIl7NKMYprfL9c,ranking,backward,1,86,0,0.0,0,0,0.0,0,0,0.0,0,0,0.0,0,0,0.0,0,0,0.0,0,1,1.163,1,0,0.0,0,1,1.163,1,0,0
R_5uIl7NKMYprfL9c,backward,backward,1,26,0,0.0,0,0,0.0,0,0,0.0,0,0,0.0,0,0,0.0,0,1,3.846,1,0,0.0,0,0,0.0,0,0,0.0,0,0,1
R_5uIl7NKMYprfL9c,forward,forward,1,46,0,0.0,0,0,0.0,0,0,0.0,0,0,0.0,0,0,0.0,0,1,2.174,1,0,0.0,0,0,0.0,0,0,0.0,0,0,1
R_5S2zuXAs6fXln1U,ranking,backward,2,43,0,0.0,0,0,0.0,0,0,0.0,0,0,0.0,0,0,0.0,0,0,0.0,0,1,2.326,1,1,2.326,1,1,2.326,1,0,0
R_5S2zuXAs6fXln1U,backward,backward,2,25,0,0.0,0,0,0.0,0,0,0.0,0,0,0.0,0,0,0.0,0,0,0.0,0,0,0.0,0,0,0.0,0,0,0.0,0,0,0
R_5S2zuXAs6fXln1U,forward,forward,2,19,0,0.0,0,0,0.0,0,0,0.0,0,0,0.0,0,0,0.0,0,0,0.0,0,0,0.0,0,0,0.0,0,0,0.0,0,0,0
R_565XigVevuciR22,ranking,backward,2,43,0,0.0,0,0,0.0,0,0,0.0,0,0,0.0,0,0,0.0,0,0,0.0,0,0,0.0,0,0,0.0,0,1,2.326,1,0,0
R_565XigVevuciR22,backward,backward,2,29,0,0.0,0,0,0.0,0,0,0.0,0,0,0.0,0,0,0.0,0,0,0.0,0,0,0.0,0,1,3.448,1,0,0.0,0,0,0
R_565XigVevuciR22,forward,forward,2,17,0,0.0,0,0,0.0,0,1,5.882,1,0,0.0,0,0,0.0,0,0,0.0,0,0,0.0,0,0,0.0,0,0,0.0,0,1,0
R_6MizoSdlmUtLUnY,ranking,backward,3,47,1,2.128,1,0,0.0,0,0,0.0,0,0,0.0,0,0,0.0,0,0,0.0,0,0,0.0,0,0,0.0,0,1,2.128,1,1,0
R_6MizoSdlmUtLUnY,backward,backward,3,23,0,0.0,0,0,0.0,0,0,0.0,0,0,0.0,0,0,0.0,0,0,0.0,0,0,0.0,0,1,4.348,1,0,0.0,0,0,0
R_6MizoSdlmUtLUnY,forward,forward,3,21,0,0.0,0,0,0.0,0,0,0.0,0,0,0.0,0,0,0.0,0,0,0.0,0,0,0.0,0,0,0.0,0,0,0.0,0,0,0
R_6tioiTtdLvORS9M,ranking,backward,1,35,0,0.0,0,0,0.0,0,0,0.0,0,0,0.0,0,0,0.0,0,0,0.0,0,0,0.0,0,0,0.0,0,1,2.857,1,0,0
R_6tioiTtdLvORS9M,backward,backward,1,7,0,0.0,0,0,0.0,0,0,0.0,0,0,0.0,0,0,0.0,0,0,0.0,0,0,0.0,0,0,0.0,0,0,0.0,0,0,0
R_6tioiTtdLvORS9M,forward,forward,1,7,0,0.0,0,0,0.0,0,1,14.286,1,0,0.0,0,0,0.0,0,0,0.0,0,0,0.0,0,0,0.0,0,0,0.0,0,1,0
R_5v6T2aemLcoxbso,ranking,backward,2,63,0,0.0,0,0,0.0,0,0,0.0,0,0,0.0,0,0,0.0,0,0,0.0,0,1,1.587,1,0,0.0,0,1,1.587,1,0,0
R_5v6T2aemLcoxbso,backward,backward,2,42,0,0.0,0,0,0.0,0,0,0.0,0,0,0.0,0,0,0.0,0,0,0.0,0,0,0.0,0,0,0.0,0,0,0.0,0,0,0
R_5v6T2aemLcoxbso,forward,forward,2,16,0,0.0,0,0,0.0,0,0,0.0,0,0,0.0,0,0,0.0,0,0,0.0,0,0,0.0,0,0,0.0,0,0,0.0,0,0,0
R_5HjIjZMAzzKgVoe,ranking,backward,3,11,0,0.0,0,0,0.0,0,0,0.0,0,0,0.0,0,0,0.0,0,0,0.0,0,0,0.0,0,0,0.0,0,0,0.0,0,0,0
R_5HjIjZMAzzKgVoe,backward,backward,3,9,0,0.0,0,0,0.0,0,0,0.0,0,0,0.0,0,0,0.0,0,0,0.0,0,0,0.0,0,1,11.111,1,0,0.0,0,0,0
R_5HjIjZMAzzKgVoe,forward,forward,3,7,0,0.0,0,0,0.0,0,0,0.0,0,0,0.0,0,0,0.0,0,0,0.0,0,1,14.286,1,0,0.0,0,1,14.286,1,0,0
R_61iHWjQ3nQj9APO,ranking,backward,1,47,0,0.0,0,0,0.0,0,0,0.0,0,0,0.0,0,0,0.0,0,0,0.0,0,0,0.0,0,1,2.128,1,1,2.128,1,0,0
R_61iHWjQ3nQj9APO,backward,backward,1,26,0,0.0,0,0,0.0,0,0,0.0,0,0,0.0,0,0,0.0,0,0,0.0,0,0,0.0,0,0,0.0,0,0,0.0,0,0,0
R_61iHWjQ3nQj9APO,forward,forward,1,14,0,0.0,0,0,0.0,0,0,0.0,0,0,0.0,0,0,0.0,0,0,0.0,0,0,0.0,0,0,0.0,0,0,0.0,0,0,0
R_6idhV6rxs3mnfLH,ranking,backward,3,10,0,0.0,0,0,0.0,0,0,0.0,0,0,0.0,0,0,0.0,0,0,0.0,0,0,0.0,0,0,0.0,0,0,0.0,0,0,0
R_6idhV6rxs3mnfLH,backward,backward,3,6,1,16.667,1,0,0.0,0,0,0.0,0,0,0.0,0,0,0.0,0,0,0.0,0,0,0.0,0,0,0.0,0,0,0.0,0,1,0
R_6idhV6rxs3mnfLH,forward,forward,3,5,0,0.0,0,0,0.0,0,0,0.0,0,0,0.0,0,0,0.0,0,0,0.0,0,0,0.0,0,0,0.0,0,0,0.0,0,0,0
R_7K0WB5uwKL4WxH0,ranking,backward,3,37,0,0.0,0,0,0.0,0,0,0.0,0,0,0.0,0,0,0.0,0,0,0.0,0,1,2.703,1,1,2.703,1,1,2.703,1,0,0
R_7K0WB5uwKL4WxH0,backward,backward,3,49,0,0.0,0,0,0.0,0,0,0.0,0,0,0.0,0,0,0.0,0,0,0.0,0,0,0.0,0,0,0.0,0,0,0.0,0,0,0
R_7K0WB5uwKL4WxH0,forward,forward,3,8,0,0.0,0,0,0.0,0,0,0.0,0,0,0.0,0,0,0.0,0,0,0.0,0,0,0.0,0,0,0.0,0,0,0.0,0,0,0
R_6ocG8ornl9by6dk,ranking,backward,2,13,0,0.0,0,0,0.0,0,0,0.0,0,0,0.0,0,0,0.0,0,0,0.0,0,0,0.0,0,0,0.0,0,0,0.0,0,0,0
R_6ocG8ornl9by6dk,backward,backward,2,22,0,0.0,0,0,0.0,0,0,0.0,0,0,0.0,0,0,0.0,0,0,0.0,0,0,0.0,0,0,0.0,0,2,9.091,2,0,0
R_6ocG8ornl9by6dk,forward,forward,2,18,1,5.556,1,0,0.0,0,0,0.0,0,0,0.0,0,0,0.0,0,0,0.0,0,0,0.0,0,0,0.0,0,0,0.0,0,1,0
R_3X3yCHzRkg1oPkt,ranking,backward,1,59,0,0.0,0,0,0.0,0,0,0.0,0,0,0.0,0,0,0.0,0,0,0.0,0,0,0.0,0,0,0.0,0,1,1.695,1,0,0
R_3X3yCHzRkg1oPkt,backward,backward,1,49,0,0.0,0,0,0.0,0,0,0.0,0,0,0.0,0,0,0.0,0,0,0.0,0,0,0.0,0,1,2.041,1,0,0.0,0,0,0
R_3X3yCHzRkg1oPkt,forward,forward,1,9,1,11.111,1,0,0.0,0,0,0.0,0,0,0.0,0,0,0.0,0,0,0.0,0,0,0.0,0,0,0.0,0,0,0.0,0,1,0
R_7limTmQjLHUOrm1,ranking,backward,1,30,0,0.0,0,0,0.0,0,0,0.0,0,0,0.0,0,0,0.0,0,0,0.0,0,0,0.0,0,0,0.0,0,1,3.333,1,0,0
R_7limTmQjLHUOrm1,backward,backward,1,17,1,5.882,1,0,0.0,0,0,0.0,0,0,0.0,0,0,0.0,0,0,0.0,0,0,0.0,0,0,0.0,0,0,0.0,0,1,0
R_7limTmQjLHUOrm1,forward,forward,1,6,0,0.0,0,0,0.0,0,0,0.0,0,0,0.0,0,0,0.0,0,0,0.0,0,0,0.0,0,0,0.0,0,0,0.0,0,0,0
R_3naUfmUnxWhDLLr,ranking,backward,1,28,0,0.0,0,0,0.0,0,0,0.0,0,0,0.0,0,0,0.0,0,0,0.0,0,0,0.0,0,1,3.571,1,1,3.571,1,0,0
R_3naUfmUnxWhDLLr,backward,backward,1,12,0,0.0,0,0,0.0,0,0,0.0,0,0,0.0,0,0,0.0,0,0,0.0,0,0,0.0,0,0,0.0,0,0,0.0,0,0,0
R_3naUfmUnxWhDLLr,forward,forward,1,16,0,0.0,0,0,0.0,0,0,0.0,0,0,0.0,0,0,0.0,0,0,0.0,0,0,0.0,0,1,6.25,1,0,0.0,0,0,0
R_3XpOMbsjzjEvRq9,ranking,backward,3,55,0,0.0,0,0,0.0,0,0,0.0,0,0,0.0,0,0,0.0,0,0,0.0,0,1,1.818,1,1,1.818,1,1,1.818,1,0,0
R_3XpOMbsjzjEvRq9,backward,backward,3,43,0,0.0,0,0,0.0,0,0,0.0,0,0,0.0,0,0,0.0,0,0,0.0,0,0,0.0,0,0,0.0,0,0,0.0,0,0,0
R_3XpOMbsjzjEvRq9,forward,forward,3,38,1,2.632,1,1,2.632,1,0,0.0,0,0,0.0,0,0,0.0,0,0,0.0,0,0,0.0,0,1,2.632,1,0,0.0,0,1,0
R_53ygWbybMq14fQ2,ranking,backward,2,84,0,0.0,0,0,0.0,0,0,0.0,0,0,0.0,0,0,0.0,0,0,0.0,0,0,0.0,0,0,0.0,0,0,0.0,0,0,0
R_53ygWbybMq14fQ2,backward,backward,2,39,0,0.0,0,0,0.0,0,0,0.0,0,0,0.0,0,0,0.0,0,0,0.0,0,0,0.0,0,0,0.0,0,0,0.0,0,0,0
R_53ygWbybMq14fQ2,forward,forward,2,78,0,0.0,0,0,0.0,0,0,0.0,0,0,0.0,0,0,0.0,0,0,0.0,0,0,0.0,0,0,0.0,0,0,0.0,0,0,0
R_7U7h83Gs4v57Jvz,ranking,backward,2,21,0,0.0,0,0,0.0,0,0,0.0,0,0,0.0,0,0,0.0,0,0,0.0,0,2,9.524,2,0,0.0,0,1,4.762,1,0,0
R_7U7h83Gs4v57Jvz,backward,backward,2,21,0,0.0,0,0,0.0,0,0,0.0,0,0,0.0,0,0,0.0,0,0,0.0,0,0,0.0,0,0,0.0,0,0,0.0,0,0,0
R_7U7h83Gs4v57Jvz,forward,forward,2,17,1,5.882,1,0,0.0,0,0,0.0,0,0,0.0,0,0,0.0,0,0,0.0,0,0,0.0,0,1,5.882,1,0,0.0,0,1,0
R_3v24CYawpcx7NXT,ranking,backward,1,19,0,0.0,0,0,0.0,0,0,0.0,0,0,0.0,0,0,0.0,0,0,0.0,0,1,5.263,1,0,0.0,0,0,0.0,0,0,0
R_3v24CYawpcx7NXT,backward,backward,1,17,0,0.0,0,0,0.0,0,0,0.0,0,0,0.0,0,0,0.0,0,0,0.0,0,0,0.0,0,0,0.0,0,0,0.0,0,0,0
R_3v24CYawpcx7NXT,forward,forward,1,25,0,0.0,0,0,0.0,0,0,0.0,0,0,0.0,0,0,0.0,0,0,0.0,0,0,0.0,0,0,0.0,0,0,0.0,0,0,0
R_7Au6x8O5O5uWBax,ranking,backward,3,22,0,0.0,0,0,0.0,0,0,0.0,0,0,0.0,0,0,0.0,0,0,0.0,0,1,4.545,1,0,0.0,0,0,0.0,0,0,0
R_7Au6x8O5O5uWBax,backward,backward,3,6,0,0.0,0,0,0.0,0,0,0.0,0,0,0.0,0,0,0.0,0,0,0.0,0,0,0.0,0,0,0.0,0,0,0.0,0,0,0
R_7Au6x8O5O5uWBax,forward,forward,3,2,0,0.0,0,0,0.0,0,0,0.0,0,0,0.0,0,0,0.0,0,0,0.0,0,0,0.0,0,0,0.0,0,0,0.0,0,0,0
R_61HhcTwtJPrqKLM,ranking,backward,2,7,0,0.0,0,0,0.0,0,0,0.0,0,0,0.0,0,0,0.0,0,0,0.0,0,0,0.0,0,0,0.0,0,0,0.0,0,0,0
R_61HhcTwtJPrqKLM,backward,backward,2,4,0,0.0,0,0,0.0,0,0,0.0,0,0,0.0,0,0,0.0,0,0,0.0,0,0,0.0,0,0,0.0,0,0,0.0,0,0,0
R_61HhcTwtJPrqKLM,forward,forward,2,5,0,0.0,0,0,0.0,0,0,0.0,0,0,0.0,0,0,0.0,0,0,0.0,0,0,0.0,0,0,0.0,0,0,0.0,0,0,0
R_1KCWmimeNIGEeGd,ranking,backward,1,63,1,1.587,1,0,0.0,0,0,0.0,0,0,0.0,0,0,0.0,0,0,0.0,0,1,1.587,1,0,0.0,0,1,1.587,1,1,0
R_1KCWmimeNIGEeGd,backward,backward,1,31,0,0.0,0,0,0.0,0,0,0.0,0,0,0.0,0,0,0.0,0,0,0.0,0,0,0.0,0,0,0.0,0,0,0.0,0,0,0
R_1KCWmimeNIGEeGd,forward,forward,1,21,0,0.0,0,0,0.0,0,0,0.0,0,0,0.0,0,0,0.0,0,0,0.0,0,0,0.0,0,0,0.0,0,0,0.0,0,0,0
R_3rAPTtRV1tuQG9a,ranking,backward,2,51,0,0.0,0,0,0.0,0,0,0.0,0,0,0.0,0,0,0.0,0,0,0.0,0,0,0.0,0,0,0.0,0,0,0.0,0,0,0
R_3rAPTtRV1tuQG9a,backward,backward,2,9,0,0.0,0,0,0.0,0,0,0.0,0,0,0.0,0,0,0.0,0,0,0.0,0,0,0.0,0,0,0.0,0,0,0.0,0,0,0
R_3rAPTtRV1tuQG9a,forward,forward,2,19,0,0.0,0,0,0.0,0,0,0.0,0,0,0.0,0,0,0.0,0,0,0.0,0,0,0.0,0,0,0.0,0,0,0.0,0,0,0
R_31bHZhSz3OMX69z,ranking,backward,2,8,0,0.0,0,0,0.0,0,0,0.0,0,0,0.0,0,0,0.0,0,0,0.0,0,0,0.0,0,0,0.0,0,0,0.0,0,0,0
R_31bHZhSz3OMX69z,backward,backward,2,1,0,0.0,0,0,0.0,0,0,0.0,0,0,0.0,0,0,0.0,0,0,0.0,0,0,0.0,0,0,0.0,0,0,0.0,0,0,0
R_31bHZhSz3OMX69z,forward,forward,2,3,0,0.0,0,0,0.0,0,0,0.0,0,0,0.0,0,0,0.0,0,0,0.0,0,0,0.0,0,0,0.0,0,0,0.0,0,0,0
R_5ensvNeOvJGCaor,ranking,backward,3,10,0,0.0,0,0,0.0,0,0,0.0,0,0,0.0,0,0,0.0,0,0,0.0,0,0,0.0,0,0,0.0,0,0,0.0,0,0,0
R_5ensvNeOvJGCaor,backward,backward,3,20,0,0.0,0,0,0.0,0,0,0.0,0,0,0.0,0,0,0.0,0,0,0.0,0,0,0.0,0,0,0.0,0,0,0.0,0,0,0
R_5ensvNeOvJGCaor,forward,forward,3,12,0,0.0,0,0,0.0,0,0,0.0,0,0,0.0,0,0,0.0,0,0,0.0,0,0,0.0,0,0,0.0,0,0,0.0,0,0,0
R_7kWw0D8zLpcxzG1,ranking,backward,2,53,0,0.0,0,0,0.0,0,0,0.0,0,0,0.0,0,0,0.0,0,0,0.0,0,1,1.887,1,0,0.0,0,0,0.0,0,0,0
R_7kWw0D8zLpcxzG1,backward,backward,2,40,0,0.0,0,0,0.0,0,0,0.0,0,0,0.0,0,0,0.0,0,0,0.0,0,0,0.0,0,1,2.5,1,0,0.0,0,0,0
R_7kWw0D8zLpcxzG1,forward,forward,2,18,0,0.0,0,0,0.0,0,0,0.0,0,0,0.0,0,0,0.0,0,0,0.0,0,0,0.0,0,1,5.556,1,0,0.0,0,0,0
R_3NaLPi7HgTOgaOd,ranking,backward,3,38,1,2.632,1,0,0.0,0,0,0.0,0,0,0.0,0,0,0.0,0,0,0.0,0,0,0.0,0,0,0.0,0,2,5.263,2,1,0
R_3NaLPi7HgTOgaOd,backward,backward,3,12,0,0.0,0,0,0.0,0,0,0.0,0,0,0.0,0,0,0.0,0,0,0.0,0,0,0.0,0,0,0.0,0,0,0.0,0,0,0
R_3NaLPi7HgTOgaOd,forward,forward,3,8,0,0.0,0,0,0.0,0,0,0.0,0,0,0.0,0,0,0.0,0,0,0.0,0,0,0.0,0,0,0.0,0,1,12.5,1,0,0
R_6FNi7KJnyXOhfFL,ranking,backward,1,87,1,1.149,1,0,0.0,0,0,0.0,0,0,0.0,0,0,0.0,0,0,0.0,0,0,0.0,0,0,0.0,0,1,1.149,1,1,0
R_6FNi7KJnyXOhfFL,backward,backward,1,27,1,3.704,1,0,0.0,0,0,0.0,0,0,0.0,0,0,0.0,0,0,0.0,0,0,0.0,0,0,0.0,0,0,0.0,0,1,0
R_6FNi7KJnyXOhfFL,forward,forward,1,21,0,0.0,0,0,0.0,0,0,0.0,0,0,0.0,0,0,0.0,0,0,0.0,0,0,0.0,0,0,0.0,0,0,0.0,0,0,0
R_6uUKPhYN0LZBs5E,ranking,backward,1,78,1,1.282,1,0,0.0,0,0,0.0,0,0,0.0,0,0,0.0,0,0,0.0,0,1,1.282,1,1,1.282,1,1,1.282,1,1,0
R_6uUKPhYN0LZBs5E,backward,backward,1,31,0,0.0,0,0,0.0,0,0,0.0,0,0,0.0,0,0,0.0,0,0,0.0,0,0,0.0,0,1,3.226,1,0,0.0,0,0,0
R_6uUKPhYN0LZBs5E,forward,forward,1,33,0,0.0,0,0,0.0,0,0,0.0,0,0,0.0,0,0,0.0,0,0,0.0,0,0,0.0,0,0,0.0,0,2,6.061,2,0,0
R_12r4VcEo4vZc92g,ranking,backward,3,30,0,0.0,0,0,0.0,0,0,0.0,0,0,0.0,0,0,0.0,0,0,0.0,0,0,0.0,0,0,0.0,0,1,3.333,1,0,0
R_12r4VcEo4vZc92g,backward,backward,3,9,0,0.0,0,0,0.0,0,0,0.0,0,0,0.0,0,0,0.0,0,0,0.0,0,0,0.0,0,0,0.0,0,0,0.0,0,0,0
R_12r4VcEo4vZc92g,forward,forward,3,8,0,0.0,0,0,0.0,0,0,0.0,0,0,0.0,0,0,0.0,0,0,0.0,0,0,0.0,0,0,0.0,0,0,0.0,0,0,0
R_1Nb8kDeukNVUKDQ,ranking,backward,2,100,1,1.0,1,0,0.0,0,0,0.0,0,0,0.0,0,0,0.0,0,0,0.0,0,1,1.0,1,0,0.0,0,1,1.0,1,1,0
R_1Nb8kDeukNVUKDQ,backward,backward,2,119,0,0.0,0,1,0.84,1,0,0.0,0,0,0.0,0,0,0.0,0,0,0.0,0,0,0.0,0,0,0.0,0,0,0.0,0,1,0
R_1Nb8kDeukNVUKDQ,forward,forward,2,31,0,0.0,0,0,0.0,0,0,0.0,0,0,0.0,0,0,0.0,0,0,0.0,0,1,3.226,1,0,0.0,0,0,0.0,0,0,0
R_1fWOceWujGcWFix,ranking,backward,1,80,1,1.25,1,0,0.0,0,0,0.0,0,0,0.0,0,0,0.0,0,0,0.0,0,1,1.25,1,1,1.25,1,1,1.25,1,1,0
R_1fWOceWujGcWFix,backward,backward,1,28,2,7.143,2,0,0.0,0,0,0.0,0,0,0.0,0,0,0.0,0,0,0.0,0,0,0.0,0,0,0.0,0,0,0.0,0,1,0
R_1fWOceWujGcWFix,forward,forward,1,8,0,0.0,0,0,0.0,0,0,0.0,0,0,0.0,0,0,0.0,0,0,0.0,0,0,0.0,0,0,0.0,0,0,0.0,0,0,0
R_3Hnvfm1pUTJYH9V,ranking,backward,3,81,1,1.235,1,0,0.0,0,0,0.0,0,0,0.0,0,0,0.0,0,0,0.0,0,1,1.235,1,0,0.0,0,1,1.235,1,1,0
R_3Hnvfm1pUTJYH9V,backward,backward,3,59,0,0.0,0,0,0.0,0,0,0.0,0,0,0.0,0,0,0.0,0,0,0.0,0,0,0.0,0,0,0.0,0,1,1.695,1,0,0
R_3Hnvfm1pUTJYH9V,forward,forward,3,48,0,0.0,0,0,0.0,0,0,0.0,0,0,0.0,0,0,0.0,0,0,0.0,0,0,0.0,0,0,0.0,0,0,0.0,0,0,0
R_1dGpJ5m7oL0Kywp,ranking,backward,3,17,0,0.0,0,0,0.0,0,0,0.0,0,0,0.0,0,0,0.0,0,0,0.0,0,0,0.0,0,0,0.0,0,0,0.0,0,0,0
R_1dGpJ5m7oL0Kywp,backward,backward,3,11,0,0.0,0,0,0.0,0,0,0.0,0,0,0.0,0,0,0.0,0,0,0.0,0,0,0.0,0,0,0.0,0,0,0.0,0,0,0
R_1dGpJ5m7oL0Kywp,forward,forward,3,6,0,0.0,0,0,0.0,0,0,0.0,0,0,0.0,0,0,0.0,0,0,0.0,0,0,0.0,0,0,0.0,0,0,0.0,0,0,0
R_1atRfPEuM2DkCuC,ranking,backward,1,56,1,1.786,1,0,0.0,0,0,0.0,0,0,0.0,0,0,0.0,0,0,0.0,0,1,1.786,1,1,1.786,1,1,1.786,1,1,0
R_1atRfPEuM2DkCuC,backward,backward,1,38,0,0.0,0,0,0.0,0,0,0.0,0,0,0.0,0,0,0.0,0,0,0.0,0,0,0.0,0,0,0.0,0,0,0.0,0,0,0
R_1atRfPEuM2DkCuC,forward,forward,1,33,0,0.0,0,0,0.0,0,0,0.0,0,0,0.0,0,0,0.0,0,0,0.0,0,0,0.0,0,0,0.0,0,0,0.0,0,0,0
R_7uyrUrvHnFjSo8L,ranking,backward,2,23,0,0.0,0,0,0.0,0,0,0.0,0,0,0.0,0,0,0.0,0,0,0.0,0,0,0.0,0,0,0.0,0,1,4.348,1,0,0
R_7uyrUrvHnFjSo8L,backward,backward,2,12,0,0.0,0,0,0.0,0,0,0.0,0,0,0.0,0,0,0.0,0,0,0.0,0,0,0.0,0,0,0.0,0,0,0.0,0,0,0
R_7uyrUrvHnFjSo8L,forward,forward,2,5,0,0.0,0,0,0.0,0,0,0.0,0,0,0.0,0,0,0.0,0,0,0.0,0,0,0.0,0,0,0.0,0,0,0.0,0,0,0
R_6DzENrZoA6e6V6h,ranking,backward,3,74,2,2.703,2,0,0.0,0,0,0.0,0,0,0.0,0,0,0.0,0,0,0.0,0,2,2.703,2,0,0.0,0,1,1.351,1,1,0
R_6DzENrZoA6e6V6h,backward,backward,3,54,1,1.852,1,0,0.0,0,0,0.0,0,0,0.0,0,0,0.0,0,0,0.0,0,0,0.0,0,1,1.852,1,0,0.0,0,1,0
R_6DzENrZoA6e6V6h,forward,forward,3,41,1,2.439,1,0,0.0,0,0,0.0,0,0,0.0,0,0,0.0,0,0,0.0,0,0,0.0,0,0,0.0,0,0,0.0,0,1,0
R_7k2p7DvjeJpcUqg,ranking,backward,1,54,0,0.0,0,0,0.0,0,0,0.0,0,0,0.0,0,0,0.0,0,0,0.0,0,0,0.0,0,1,1.852,1,1,1.852,1,0,0
R_7k2p7DvjeJpcUqg,backward,backward,1,24,0,0.0,0,0,0.0,0,0,0.0,0,0,0.0,0,0,0.0,0,0,0.0,0,0,0.0,0,0,0.0,0,0,0.0,0,0,0
R_7k2p7DvjeJpcUqg,forward,forward,1,18,0,0.0,0,0,0.0,0,0,0.0,0,0,0.0,0,0,0.0,0,1,5.556,1,0,0.0,0,0,0.0,0,0,0.0,0,0,1
R_5EZ3T9VN0TGIq9R,ranking,backward,2,126,0,0.0,0,0,0.0,0,0,0.0,0,0,0.0,0,0,0.0,0,0,0.0,0,1,0.794,1,1,0.794,1,1,0.794,1,0,0
R_5EZ3T9VN0TGIq9R,backward,backward,2,20,0,0.0,0,0,0.0,0,0,0.0,0,0,0.0,0,0,0.0,0,0,0.0,0,0,0.0,0,1,5.0,1,0,0.0,0,0,0
R_5EZ3T9VN0TGIq9R,forward,forward,2,22,0,0.0,0,0,0.0,0,0,0.0,0,0,0.0,0,0,0.0,0,0,0.0,0,0,0.0,0,0,0.0,0,0,0.0,0,0,0
R_6QCBAwd8KZnQjn3,ranking,backward,3,109,1,0.917,1,0,0.0,0,0,0.0,0,0,0.0,0,0,0.0,0,0,0.0,0,0,0.0,0,1,0.917,1,1,0.917,1,1,0
R_6QCBAwd8KZnQjn3,backward,backward,3,44,0,0.0,0,0,0.0,0,0,0.0,0,0,0.0,0,0,0.0,0,0,0.0,0,0,0.0,0,0,0.0,0,0,0.0,0,0,0
R_6QCBAwd8KZnQjn3,forward,forward,3,14,0,0.0,0,0,0.0,0,0,0.0,0,0,0.0,0,0,0.0,0,0,0.0,0,0,0.0,0,0,0.0,0,0,0.0,0,0,0
R_5Kvt1o4t5p8M82t,ranking,backward,1,20,0,0.0,0,0,0.0,0,0,0.0,0,0,0.0,0,0,0.0,0,0,0.0,0,0,0.0,0,0,0.0,0,1,5.0,1,0,0
R_5Kvt1o4t5p8M82t,backward,backward,1,9,0,0.0,0,0,0.0,0,0,0.0,0,0,0.0,0,0,0.0,0,0,0.0,0,0,0.0,0,0,0.0,0,0,0.0,0,0,0
R_5Kvt1o4t5p8M82t,forward,forward,1,3,0,0.0,0,0,0.0,0,0,0.0,0,0,0.0,0,0,0.0,0,0,0.0,0,0,0.0,0,0,0.0,0,0,0.0,0,0,0
R_1qWKXO7xBM1eVd7,ranking,backward,2,33,1,3.03,1,0,0.0,0,0,0.0,0,0,0.0,0,0,0.0,0,0,0.0,0,1,3.03,1,1,3.03,1,0,0.0,0,1,0
R_1qWKXO7xBM1eVd7,backward,backward,2,15,0,0.0,0,0,0.0,0,0,0.0,0,0,0.0,0,0,0.0,0,0,0.0,0,0,0.0,0,0,0.0,0,0,0.0,0,0,0
R_1qWKXO7xBM1eVd7,forward,forward,2,15,0,0.0,0,0,0.0,0,0,0.0,0,0,0.0,0,0,0.0,0,0,0.0,0,0,0.0,0,0,0.0,0,0,0.0,0,0,0
R_6f0yF2PuF0XVMFn,ranking,backward,2,37,1,2.703,1,0,0.0,0,0,0.0,0,0,0.0,0,0,0.0,0,0,0.0,0,0,0.0,0,0,0.0,0,0,0.0,0,1,0
R_6f0yF2PuF0XVMFn,backward,backward,2,12,1,8.333,1,0,0.0,0,0,0.0,0,0,0.0,0,0,0.0,0,0,0.0,0,0,0.0,0,0,0.0,0,0,0.0,0,1,0
R_6f0yF2PuF0XVMFn,forward,forward,2,7,0,0.0,0,0,0.0,0,0,0.0,0,0,0.0,0,0,0.0,0,0,0.0,0,0,0.0,0,0,0.0,0,0,0.0,0,0,0
R_1UJ6DEVe3yHxXHj,ranking,backward,1,40,1,2.5,1,0,0.0,0,0,0.0,0,0,0.0,0,0,0.0,0,0,0.0,0,0,0.0,0,0,0.0,0,0,0.0,0,1,0
R_1UJ6DEVe3yHxXHj,backward,backward,1,38,1,2.632,1,0,0.0,0,0,0.0,0,0,0.0,0,0,0.0,0,0,0.0,0,0,0.0,0,1,2.632,1,0,0.0,0,1,0
R_1UJ6DEVe3yHxXHj,forward,forward,1,15,1,6.667,1,0,0.0,0,0,0.0,0,0,0.0,0,0,0.0,0,0,0.0,0,0,0.0,0,0,0.0,0,0,0.0,0,1,0
R_5lGMX7EtP2qITB4,ranking,backward,1,25,0,0.0,0,0,0.0,0,0,0.0,0,0,0.0,0,0,0.0,0,0,0.0,0,0,0.0,0,0,0.0,0,0,0.0,0,0,0
R_5lGMX7EtP2qITB4,backward,backward,1,63,0,0.0,0,0,0.0,0,0,0.0,0,0,0.0,0,0,0.0,0,0,0.0,0,0,0.0,0,0,0.0,0,0,0.0,0,0,0
R_5lGMX7EtP2qITB4,forward,forward,1,24,0,0.0,0,0,0.0,0,0,0.0,0,0,0.0,0,0,0.0,0,0,0.0,0,0,0.0,0,0,0.0,0,0,0.0,0,0,0
R_16btGHwAUJGL0L3,ranking,backward,1,76,0,0.0,0,0,0.0,0,0,0.0,0,0,0.0,0,0,0.0,0,0,0.0,0,0,0.0,0,0,0.0,0,0,0.0,0,0,0
R_16btGHwAUJGL0L3,backward,backward,1,129,0,0.0,0,0,0.0,0,0,0.0,0,0,0.0,0,1,0.775,1,0,0.0,0,0,0.0,0,0,0.0,0,0,0.0,0,0,1
R_16btGHwAUJGL0L3,forward,forward,1,168,0,0.0,0,0,0.0,0,0,0.0,0,1,0.595,1,0,0.0,0,0,0.0,0,0,0.0,0,1,0.595,1,1,0.595,1,1,0
R_5aXO6P8XpxXwDQn,ranking,backward,3,17,0,0.0,0,0,0.0,0,0,0.0,0,0,0.0,0,0,0.0,0,0,0.0,0,0,0.0,0,0,0.0,0,0,0.0,0,0,0
R_5aXO6P8XpxXwDQn,backward,backward,3,10,0,0.0,0,0,0.0,0,0,0.0,0,0,0.0,0,0,0.0,0,0,0.0,0,0,0.0,0,0,0.0,0,0,0.0,0,0,0
R_5aXO6P8XpxXwDQn,forward,forward,3,6,0,0.0,0,0,0.0,0,0,0.0,0,0,0.0,0,0,0.0,0,0,0.0,0,0,0.0,0,0,0.0,0,0,0.0,0,0,0
R_52QB5QmNmhemUUa,ranking,backward,2,70,0,0.0,0,0,0.0,0,0,0.0,0,0,0.0,0,0,0.0,0,0,0.0,0,1,1.429,1,1,1.429,1,1,1.429,1,0,0
R_52QB5QmNmhemUUa,backward,backward,2,26,0,0.0,0,0,0.0,0,0,0.0,0,0,0.0,0,0,0.0,0,1,3.846,1,0,0.0,0,0,0.0,0,0,0.0,0,0,1
R_52QB5QmNmhemUUa,forward,forward,2,14,0,0.0,0,0,0.0,0,0,0.0,0,0,0.0,0,0,0.0,0,0,0.0,0,1,7.143,1,0,0.0,0,0,0.0,0,0,0
R_3CJComq7UKvKaWm,ranking,backward,3,15,0,0.0,0,0,0.0,0,0,0.0,0,0,0.0,0,0,0.0,0,0,0.0,0,0,0.0,0,0,0.0,0,0,0.0,0,0,0
R_3CJComq7UKvKaWm,backward,backward,3,12,0,0.0,0,0,0.0,0,0,0.0,0,0,0.0,0,0,0.0,0,0,0.0,0,0,0.0,0,0,0.0,0,0,0.0,0,0,0
R_3CJComq7UKvKaWm,forward,forward,3,4,0,0.0,0,0,0.0,0,0,0.0,0,0,0.0,0,0,0.0,0,0,0.0,0,0,0.0,0,0,0.0,0,0,0.0,0,0,0
R_5uVyNZ4Qa5qmUcI,ranking,backward,2,47,0,0.0,0,0,0.0,0,0,0.0,0,0,0.0,0,0,0.0,0,0,0.0,0,0,0.0,0,0,0.0,0,1,2.128,1,0,0
R_5uVyNZ4Qa5qmUcI,backward,backward,2,12,0,0.0,0,0,0.0,0,0,0.0,0,0,0.0,0,0,0.0,0,0,0.0,0,0,0.0,0,0,0.0,0,0,0.0,0,0,0
R_5uVyNZ4Qa5qmUcI,forward,forward,2,10,0,0.0,0,0,0.0,0,0,0.0,0,0,0.0,0,0,0.0,0,0,0.0,0,0,0.0,0,0,0.0,0,1,10.0,1,0,0
R_1d5AjpxB7Q8XDax,ranking,backward,1,51,1,1.961,1,0,0.0,0,0,0.0,0,0,0.0,0,0,0.0,0,0,0.0,0,1,1.961,1,0,0.0,0,1,1.961,1,1,0
R_1d5AjpxB7Q8XDax,backward,backward,1,65,0,0.0,0,0,0.0,0,0,0.0,0,1,1.538,1,0,0.0,0,0,0.0,0,0,0.0,0,0,0.0,0,0,0.0,0,1,0
R_1d5AjpxB7Q8XDax,forward,forward,1,30,0,0.0,0,0,0.0,0,0,0.0,0,0,0.0,0,0,0.0,0,0,0.0,0,0,0.0,0,0,0.0,0,1,3.333,1,0,0
R_3PSkTv5FhcHENfp,ranking,backward,2,17,0,0.0,0,0,0.0,0,0,0.0,0,0,0.0,0,0,0.0,0,0,0.0,0,0,0.0,0,0,0.0,0,0,0.0,0,0,0
R_3PSkTv5FhcHENfp,backward,backward,2,17,1,5.882,1,0,0.0,0,0,0.0,0,0,0.0,0,0,0.0,0,0,0.0,0,0,0.0,0,0,0.0,0,0,0.0,0,1,0
R_3PSkTv5FhcHENfp,forward,forward,2,19,0,0.0,0,0,0.0,0,0,0.0,0,0,0.0,0,0,0.0,0,0,0.0,0,0,0.0,0,0,0.0,0,0,0.0,0,0,0
R_5oLzFT60wzc7WMJ,ranking,backward,3,7,0,0.0,0,0,0.0,0,0,0.0,0,0,0.0,0,0,0.0,0,0,0.0,0,0,0.0,0,0,0.0,0,0,0.0,0,0,0
R_5oLzFT60wzc7WMJ,backward,backward,3,12,0,0.0,0,0,0.0,0,0,0.0,0,0,0.0,0,0,0.0,0,0,0.0,0,0,0.0,0,0,0.0,0,0,0.0,0,0,0
R_5oLzFT60wzc7WMJ,forward,forward,3,6,1,16.667,1,0,0.0,0,0,0.0,0,0,0.0,0,0,0.0,0,0,0.0,0,0,0.0,0,0,0.0,0,0,0.0,0,1,0
R_6PLX4ke4JqxtlUr,ranking,backward,2,6,0,0.0,0,0,0.0,0,0,0.0,0,0,0.0,0,0,0.0,0,0,0.0,0,0,0.0,0,0,0.0,0,0,0.0,0,0,0
R_6PLX4ke4JqxtlUr,backward,backward,2,14,1,7.143,1,0,0.0,0,0,0.0,0,0,0.0,0,0,0.0,0,0,0.0,0,0,0.0,0,0,0.0,0,0,0.0,0,1,0
R_6PLX4ke4JqxtlUr,forward,forward,2,14,0,0.0,0,0,0.0,0,0,0.0,0,0,0.0,0,0,0.0,0,0,0.0,0,0,0.0,0,0,0.0,0,0,0.0,0,0,0
R_6Lp7bNYga1K90n7,ranking,backward,1,12,0,0.0,0,0,0.0,0,0,0.0,0,0,0.0,0,0,0.0,0,0,0.0,0,0,0.0,0,0,0.0,0,0,0.0,0,0,0
R_6Lp7bNYga1K90n7,backward,backward,1,110,0,0.0,0,0,0.0,0,0,0.0,0,0,0.0,0,0,0.0,0,0,0.0,0,0,0.0,0,0,0.0,0,0,0.0,0,0,0
R_6Lp7bNYga1K90n7,forward,forward,1,8,0,0.0,0,0,0.0,0,0,0.0,0,0,0.0,0,0,0.0,0,0,0.0,0,0,0.0,0,0,0.0,0,0,0.0,0,0,0
R_7DSGu1ESRGQmzTA,ranking,backward,3,28,0,0.0,0,0,0.0,0,0,0.0,0,0,0.0,0,0,0.0,0,0,0.0,0,0,0.0,0,0,0.0,0,0,0.0,0,0,0
R_7DSGu1ESRGQmzTA,backward,backward,3,14,1,7.143,1,0,0.0,0,0,0.0,0,0,0.0,0,0,0.0,0,0,0.0,0,0,0.0,0,0,0.0,0,0,0.0,0,1,0
R_7DSGu1ESRGQmzTA,forward,forward,3,16,0,0.0,0,0,0.0,0,0,0.0,0,0,0.0,0,0,0.0,0,0,0.0,0,0,0.0,0,0,0.0,0,0,0.0,0,0,0
R_1DqDzhcwUrpOwpq,ranking,backward,3,37,0,0.0,0,0,0.0,0,0,0.0,0,0,0.0,0,0,0.0,0,0,0.0,0,1,2.703,1,1,2.703,1,1,2.703,1,0,0
R_1DqDzhcwUrpOwpq,backward,backward,3,16,0,0.0,0,0,0.0,0,0,0.0,0,0,0.0,0,0,0.0,0,0,0.0,0,0,0.0,0,0,0.0,0,0,0.0,0,0,0
R_1DqDzhcwUrpOwpq,forward,forward,3,15,0,0.0,0,0,0.0,0,0,0.0,0,0,0.0,0,0,0.0,0,0,0.0,0,1,6.667,1,0,0.0,0,0,0.0,0,0,0
R_5us736tYOJXuMOv,ranking,backward,1,50,1,2.0,1,0,0.0,0,0,0.0,0,0,0.0,0,0,0.0,0,0,0.0,0,1,2.0,1,0,0.0,0,0,0.0,0,1,0
R_5us736tYOJXuMOv,backward,backward,1,18,1,5.556,1,0,0.0,0,0,0.0,0,0,0.0,0,0,0.0,0,0,0.0,0,0,0.0,0,0,0.0,0,0,0.0,0,1,0
R_5us736tYOJXuMOv,forward,forward,1,8,0,0.0,0,0,0.0,0,0,0.0,0,0,0.0,0,0,0.0,0,0,0.0,0,0,0.0,0,0,0.0,0,0,0.0,0,0,0
R_3fQ8WFc9iH62SIP,ranking,backward,1,119,1,0.84,1,0,0.0,0,0,0.0,0,0,0.0,0,0,0.0,0,0,0.0,0,1,0.84,1,0,0.0,0,1,0.84,1,1,0
R_3fQ8WFc9iH62SIP,backward,backward,1,121,2,1.653,2,0,0.0,0,0,0.0,0,0,0.0,0,0,0.0,0,0,0.0,0,1,0.826,1,2,1.653,2,0,0.0,0,1,0
R_3fQ8WFc9iH62SIP,forward,forward,1,37,1,2.703,1,1,2.703,1,0,0.0,0,0,0.0,0,0,0.0,0,0,0.0,0,0,0.0,0,0,0.0,0,0,0.0,0,1,0
R_7sskP28WVjhoiip,ranking,backward,2,38,0,0.0,0,0,0.0,0,0,0.0,0,0,0.0,0,0,0.0,0,0,0.0,0,1,2.632,1,0,0.0,0,1,2.632,1,0,0
R_7sskP28WVjhoiip,backward,backward,2,51,1,1.961,1,0,0.0,0,0,0.0,0,0,0.0,0,0,0.0,0,0,0.0,0,0,0.0,0,0,0.0,0,1,1.961,1,1,0
R_7sskP28WVjhoiip,forward,forward,2,17,0,0.0,0,0,0.0,0,0,0.0,0,0,0.0,0,0,0.0,0,0,0.0,0,0,0.0,0,0,0.0,0,1,5.882,1,0,0
R_3WnGMZya8KmqNFf,ranking,backward,2,154,1,0.649,1,0,0.0,0,0,0.0,0,0,0.0,0,0,0.0,0,0,0.0,0,1,0.649,1,0,0.0,0,1,0.649,1,1,0
R_3WnGMZya8KmqNFf,backward,backward,2,60,1,1.667,1,0,0.0,0,0,0.0,0,0,0.0,0,0,0.0,0,0,0.0,0,0,0.0,0,0,0.0,0,0,0.0,0,1,0
R_3WnGMZya8KmqNFf,forward,forward,2,92,0,0.0,0,0,0.0,0,0,0.0,0,0,0.0,0,0,0.0,0,0,0.0,0,0,0.0,0,0,0.0,0,1,1.087,1,0,0
R_38FzpcMS6AZ6l2a,ranking,backward,3,20,0,0.0,0,0,0.0,0,0,0.0,0,0,0.0,0,0,0.0,0,0,0.0,0,0,0.0,0,0,0.0,0,1,5.0,1,0,0
R_38FzpcMS6AZ6l2a,backward,backward,3,8,0,0.0,0,0,0.0,0,0,0.0,0,0,0.0,0,0,0.0,0,0,0.0,0,0,0.0,0,1,12.5,1,0,0.0,0,0,0
R_38FzpcMS6AZ6l2a,forward,forward,3,11,0,0.0,0,0,0.0,0,0,0.0,0,0,0.0,0,0,0.0,0,0,0.0,0,0,0.0,0,0,0.0,0,0,0.0,0,0,0
R_6JarKZqrzf5Cg58,ranking,backward,1,35,1,2.857,1,0,0.0,0,0,0.0,0,0,0.0,0,0,0.0,0,0,0.0,0,1,2.857,1,0,0.0,0,0,0.0,0,1,0
R_6JarKZqrzf5Cg58,backward,backward,1,26,0,0.0,0,1,3.846,1,0,0.0,0,0,0.0,0,0,0.0,0,0,0.0,0,0,0.0,0,0,0.0,0,0,0.0,0,1,0
R_6JarKZqrzf5Cg58,forward,forward,1,16,0,0.0,0,0,0.0,0,1,6.25,1,0,0.0,0,0,0.0,0,0,0.0,0,0,0.0,0,0,0.0,0,0,0.0,0,1,0
R_1ohxtdEtuQCxdLz,ranking,backward,1,13,0,0.0,0,0,0.0,0,0,0.0,0,0,0.0,0,0,0.0,0,0,0.0,0,0,0.0,0,0,0.0,0,0,0.0,0,0,0
R_1ohxtdEtuQCxdLz,backward,backward,1,45,1,2.222,1,0,0.0,0,0,0.0,0,0,0.0,0,0,0.0,0,0,0.0,0,1,2.222,1,1,2.222,1,0,0.0,0,1,0
R_1ohxtdEtuQCxdLz,forward,forward,1,43,0,0.0,0,0,0.0,0,0,0.0,0,0,0.0,0,0,0.0,0,0,0.0,0,1,2.326,1,0,0.0,0,0,0.0,0,0,0
R_7r3b0XAzfMgTV05,ranking,backward,3,5,0,0.0,0,0,0.0,0,0,0.0,0,0,0.0,0,0,0.0,0,0,0.0,0,0,0.0,0,0,0.0,0,0,0.0,0,0,0
R_7r3b0XAzfMgTV05,backward,backward,3,9,0,0.0,0,0,0.0,0,0,0.0,0,0,0.0,0,0,0.0,0,0,0.0,0,0,0.0,0,0,0.0,0,0,0.0,0,0,0
R_7r3b0XAzfMgTV05,forward,forward,3,14,0,0.0,0,0,0.0,0,0,0.0,0,0,0.0,0,0,0.0,0,0,0.0,0,0,0.0,0,0,0.0,0,1,7.143,1,0,0
R_72tNbmL3KeQNd3o,ranking,backward,3,136,1,0.735,1,0,0.0,0,0,0.0,0,0,0.0,0,1,0.735,1,0,0.0,0,1,0.735,1,0,0.0,0,1,0.735,1,1,1
R_72tNbmL3KeQNd3o,backward,backward,3,50,0,0.0,0,0,0.0,0,0,0.0,0,0,0.0,0,0,0.0,0,0,0.0,0,0,0.0,0,0,0.0,0,0,0.0,0,0,0
R_72tNbmL3KeQNd3o,forward,forward,3,67,0,0.0,0,0,0.0,0,0,0.0,0,0,0.0,0,0,0.0,0,0,0.0,0,0,0.0,0,0,0.0,0,0,0.0,0,0,0
R_7N1VonQuusM4GHA,ranking,backward,1,49,1,2.041,1,0,0.0,0,0,0.0,0,0,0.0,0,0,0.0,0,1,2.041,1,0,0.0,0,1,2.041,1,0,0.0,0,1,1
R_7N1VonQuusM4GHA,backward,backward,1,12,1,8.333,1,0,0.0,0,0,0.0,0,0,0.0,0,0,0.0,0,0,0.0,0,0,0.0,0,0,0.0,0,0,0.0,0,1,0
R_7N1VonQuusM4GHA,forward,forward,1,12,0,0.0,0,0,0.0,0,1,8.333,1,0,0.0,0,0,0.0,0,0,0.0,0,0,0.0,0,0,0.0,0,0,0.0,0,1,0
R_5qymPmby3UW8KsA,ranking,backward,3,16,0,0.0,0,0,0.0,0,0,0.0,0,0,0.0,0,0,0.0,0,0,0.0,0,0,0.0,0,0,0.0,0,1,6.25,1,0,0
R_5qymPmby3UW8KsA,backward,backward,3,17,0,0.0,0,0,0.0,0,0,0.0,0,0,0.0,0,0,0.0,0,0,0.0,0,0,0.0,0,0,0.0,0,0,0.0,0,0,0
R_5qymPmby3UW8KsA,forward,forward,3,11,0,0.0,0,0,0.0,0,0,0.0,0,0,0.0,0,0,0.0,0,0,0.0,0,0,0.0,0,0,0.0,0,0,0.0,0,0,0
R_7GizpHeW1k7J0QN,ranking,backward,1,35,0,0.0,0,0,0.0,0,0,0.0,0,0,0.0,0,0,0.0,0,0,0.0,0,0,0.0,0,1,2.857,1,2,5.714,2,0,0
R_7GizpHeW1k7J0QN,backward,backward,1,17,0,0.0,0,0,0.0,0,0,0.0,0,0,0.0,0,0,0.0,0,0,0.0,0,0,0.0,0,0,0.0,0,0,0.0,0,0,0
R_7GizpHeW1k7J0QN,forward,forward,1,30,0,0.0,0,0,0.0,0,0,0.0,0,0,0.0,0,0,0.0,0,0,0.0,0,0,0.0,0,0,0.0,0,0,0.0,0,0,0
R_3wuJ6M7nzwJm3el,ranking,backward,2,64,1,1.562,1,0,0.0,0,0,0.0,0,0,0.0,0,0,0.0,0,0,0.0,0,1,1.562,1,1,1.562,1,0,0.0,0,1,0
R_3wuJ6M7nzwJm3el,backward,backward,2,134,0,0.0,0,0,0.0,0,0,0.0,0,0,0.0,0,0,0.0,0,0,0.0,0,0,0.0,0,0,0.0,0,0,0.0,0,0,0
R_3wuJ6M7nzwJm3el,forward,forward,2,96,0,0.0,0,0,0.0,0,0,0.0,0,0,0.0,0,0,0.0,0,0,0.0,0,0,0.0,0,0,0.0,0,0,0.0,0,0,0
R_1CBDF1734B699cz,ranking,backward,2,86,0,0.0,0,0,0.0,0,0,0.0,0,0,0.0,0,0,0.0,0,0,0.0,0,0,0.0,0,0,0.0,0,1,1.163,1,0,0
R_1CBDF1734B699cz,backward,backward,2,29,0,0.0,0,0,0.0,0,0,0.0,0,0,0.0,0,0,0.0,0,0,0.0,0,0,0.0,0,0,0.0,0,0,0.0,0,0,0
R_1CBDF1734B699cz,forward,forward,2,14,0,0.0,0,0,0.0,0,0,0.0,0,0,0.0,0,0,0.0,0,0,0.0,0,0,0.0,0,0,0.0,0,0,0.0,0,0,0
R_5kz9n0XjyQS4qBh,ranking,backward,3,34,0,0.0,0,0,0.0,0,0,0.0,0,0,0.0,0,0,0.0,0,0,0.0,0,1,2.941,1,0,0.0,0,1,2.941,1,0,0
R_5kz9n0XjyQS4qBh,backward,backward,3,27,0,0.0,0,0,0.0,0,0,0.0,0,0,0.0,0,0,0.0,0,0,0.0,0,0,0.0,0,0,0.0,0,0,0.0,0,0,0
R_5kz9n0XjyQS4qBh,forward,forward,3,24,0,0.0,0,0,0.0,0,1,4.167,1,0,0.0,0,0,0.0,0,0,0.0,0,0,0.0,0,0,0.0,0,0,0.0,0,1,0
R_5TG1eqOm0lD26sb,ranking,backward,1,33,1,3.03,1,0,0.0,0,0,0.0,0,0,0.0,0,0,0.0,0,0,0.0,0,0,0.0,0,1,3.03,1,1,3.03,1,1,0
R_5TG1eqOm0lD26sb,backward,backward,1,30,1,3.333,1,0,0.0,0,0,0.0,0,0,0.0,0,0,0.0,0,0,0.0,0,0,0.0,0,0,0.0,0,0,0.0,0,1,0
R_5TG1eqOm0lD26sb,forward,forward,1,8,0,0.0,0,0,0.0,0,0,0.0,0,0,0.0,0,0,0.0,0,0,0.0,0,0,0.0,0,0,0.0,0,0,0.0,0,0,0
R_7DMkXM9PgYboduG,ranking,backward,2,11,0,0.0,0,0,0.0,0,0,0.0,0,0,0.0,0,0,0.0,0,0,0.0,0,0,0.0,0,0,0.0,0,0,0.0,0,0,0
R_7DMkXM9PgYboduG,backward,backward,2,41,0,0.0,0,0,0.0,0,0,0.0,0,0,0.0,0,0,0.0,0,0,0.0,0,0,0.0,0,0,0.0,0,0,0.0,0,0,0
R_7DMkXM9PgYboduG,forward,forward,2,48,1,2.083,1,0,0.0,0,0,0.0,0,0,0.0,0,0,0.0,0,0,0.0,0,0,0.0,0,0,0.0,0,0,0.0,0,1,0
R_11bTHYUX2tFnn86,ranking,backward,2,128,1,0.781,1,0,0.0,0,0,0.0,0,0,0.0,0,0,0.0,0,0,0.0,0,1,0.781,1,0,0.0,0,1,0.781,1,1,0
R_11bTHYUX2tFnn86,backward,backward,2,111,0,0.0,0,0,0.0,0,0,0.0,0,0,0.0,0,0,0.0,0,0,0.0,0,0,0.0,0,0,0.0,0,0,0.0,0,0,0
R_11bTHYUX2tFnn86,forward,forward,2,36,0,0.0,0,0,0.0,0,0,0.0,0,0,0.0,0,0,0.0,0,0,0.0,0,0,0.0,0,1,2.778,1,0,0.0,0,0,0
R_1hExR7HfPLEXkYC,ranking,backward,2,59,0,0.0,0,0,0.0,0,0,0.0,0,0,0.0,0,0,0.0,0,0,0.0,0,1,1.695,1,0,0.0,0,1,1.695,1,0,0
R_1hExR7HfPLEXkYC,backward,backward,2,18,0,0.0,0,0,0.0,0,0,0.0,0,0,0.0,0,0,0.0,0,0,0.0,0,0,0.0,0,0,0.0,0,0,0.0,0,0,0
R_1hExR7HfPLEXkYC,forward,forward,2,21,0,0.0,0,0,0.0,0,0,0.0,0,0,0.0,0,0,0.0,0,0,0.0,0,0,0.0,0,0,0.0,0,0,0.0,0,0,0
R_5o7vqNG0ZYW2zzX,ranking,backward,3,6,1,16.667,1,0,0.0,0,0,0.0,0,0,0.0,0,0,0.0,0,0,0.0,0,0,0.0,0,0,0.0,0,0,0.0,0,1,0
R_5o7vqNG0ZYW2zzX,backward,backward,3,5,1,20.0,1,0,0.0,0,0,0.0,0,0,0.0,0,0,0.0,0,0,0.0,0,0,0.0,0,0,0.0,0,0,0.0,0,1,0
R_5o7vqNG0ZYW2zzX,forward,forward,3,1,0,0.0,0,0,0.0,0,0,0.0,0,0,0.0,0,0,0.0,0,0,0.0,0,0,0.0,0,0,0.0,0,0,0.0,0,0,0
R_50OuekYYaRebGH8,ranking,backward,3,62,1,1.613,1,0,0.0,0,0,0.0,0,0,0.0,0,0,0.0,0,0,0.0,0,1,1.613,1,1,1.613,1,1,1.613,1,1,0
R_50OuekYYaRebGH8,backward,backward,3,23,0,0.0,0,0,0.0,0,0,0.0,0,0,0.0,0,0,0.0,0,0,0.0,0,0,0.0,0,0,0.0,0,0,0.0,0,0,0
R_50OuekYYaRebGH8,forward,forward,3,34,0,0.0,0,0,0.0,0,0,0.0,0,0,0.0,0,0,0.0,0,0,0.0,0,0,0.0,0,0,0.0,0,0,0.0,0,0,0
R_7zBZ5odq3la9HQx,ranking,backward,1,120,1,0.833,1,0,0.0,0,0,0.0,0,0,0.0,0,0,0.0,0,0,0.0,0,0,0.0,0,1,0.833,1,1,0.833,1,1,0
R_7zBZ5odq3la9HQx,backward,backward,1,58,0,0.0,0,0,0.0,0,0,0.0,0,0,0.0,0,0,0.0,0,0,0.0,0,0,0.0,0,1,1.724,1,0,0.0,0,0,0
R_7zBZ5odq3la9HQx,forward,forward,1,73,0,0.0,0,0,0.0,0,0,0.0,0,0,0.0,0,0,0.0,0,0,0.0,0,0,0.0,0,0,0.0,0,1,1.37,1,0,0
R_114ML5JdbJ2QVeF,ranking,backward,2,43,0,0.0,0,0,0.0,0,0,0.0,0,0,0.0,0,0,0.0,0,0,0.0,0,2,4.651,2,0,0.0,0,0,0.0,0,0,0
R_114ML5JdbJ2QVeF,backward,backward,2,52,0,0.0,0,0,0.0,0,0,0.0,0,0,0.0,0,0,0.0,0,0,0.0,0,1,1.923,1,1,1.923,1,0,0.0,0,0,0
R_114ML5JdbJ2QVeF,forward,forward,2,49,1,2.041,1,0,0.0,0,0,0.0,0,0,0.0,0,0,0.0,0,0,0.0,0,0,0.0,0,0,0.0,0,1,2.041,1,1,0
R_5CVFjso5LYWmYvm,ranking,backward,2,21,0,0.0,0,0,0.0,0,0,0.0,0,0,0.0,0,0,0.0,0,0,0.0,0,0,0.0,0,0,0.0,0,0,0.0,0,0,0
R_5CVFjso5LYWmYvm,backward,backward,2,194,0,0.0,0,0,0.0,0,0,0.0,0,0,0.0,0,0,0.0,0,0,0.0,0,0,0.0,0,0,0.0,0,0,0.0,0,0,0
R_5CVFjso5LYWmYvm,forward,forward,2,204,0,0.0,0,0,0.0,0,0,0.0,0,0,0.0,0,0,0.0,0,0,0.0,0,0,0.0,0,2,0.98,2,0,0.0,0,0,0
R_1nSXSF69Fj6A6Aq,ranking,backward,3,18,0,0.0,0,0,0.0,0,0,0.0,0,0,0.0,0,0,0.0,0,0,0.0,0,0,0.0,0,0,0.0,0,1,5.556,1,0,0
R_1nSXSF69Fj6A6Aq,backward,backward,3,13,0,0.0,0,0,0.0,0,0,0.0,0,0,0.0,0,0,0.0,0,0,0.0,0,0,0.0,0,0,0.0,0,0,0.0,0,0,0
R_1nSXSF69Fj6A6Aq,forward,forward,3,6,0,0.0,0,0,0.0,0,0,0.0,0,0,0.0,0,0,0.0,0,0,0.0,0,0,0.0,0,0,0.0,0,0,0.0,0,0,0
R_3qh3BOBeX0lzN1R,ranking,backward,2,26,0,0.0,0,0,0.0,0,0,0.0,0,0,0.0,0,0,0.0,0,0,0.0,0,1,3.846,1,0,0.0,0,1,3.846,1,0,0
R_3qh3BOBeX0lzN1R,backward,backward,2,11,1,9.091,1,0,0.0,0,0,0.0,0,0,0.0,0,0,0.0,0,1,9.091,1,0,0.0,0,0,0.0,0,0,0.0,0,1,1
R_3qh3BOBeX0lzN1R,forward,forward,2,6,0,0.0,0,0,0.0,0,0,0.0,0,0,0.0,0,0,0.0,0,0,0.0,0,0,0.0,0,1,16.667,1,0,0.0,0,0,0
R_5bIw43ZaxillTKZ,ranking,backward,1,51,1,1.961,1,0,0.0,0,0,0.0,0,0,0.0,0,0,0.0,0,0,0.0,0,1,1.961,1,1,1.961,1,1,1.961,1,1,0
R_5bIw43ZaxillTKZ,backward,backward,1,42,0,0.0,0,0,0.0,0,0,0.0,0,0,0.0,0,0,0.0,0,0,0.0,0,0,0.0,0,1,2.381,1,0,0.0,0,0,0
R_5bIw43ZaxillTKZ,forward,forward,1,20,0,0.0,0,0,0.0,0,0,0.0,0,0,0.0,0,0,0.0,0,0,0.0,0,0,0.0,0,0,0.0,0,0,0.0,0,0,0
R_3sQDnAouU61EywV,ranking,backward,1,3,0,0.0,0,0,0.0,0,0,0.0,0,0,0.0,0,0,0.0,0,0,0.0,0,0,0.0,0,0,0.0,0,0,0.0,0,0,0
R_3sQDnAouU61EywV,backward,backward,1,5,0,0.0,0,0,0.0,0,0,0.0,0,0,0.0,0,0,0.0,0,0,0.0,0,0,0.0,0,0,0.0,0,0,0.0,0,0,0
R_3sQDnAouU61EywV,forward,forward,1,27,0,0.0,0,0,0.0,0,0,0.0,0,0,0.0,0,0,0.0,0,0,0.0,0,0,0.0,0,0,0.0,0,0,0.0,0,0,0
R_7YzeN2wLvpp9DGo,ranking,backward,3,60,1,1.667,1,0,0.0,0,0,0.0,0,0,0.0,0,0,0.0,0,0,0.0,0,0,0.0,0,0,0.0,0,1,1.667,1,1,0
R_7YzeN2wLvpp9DGo,backward,backward,3,15,0,0.0,0,0,0.0,0,0,0.0,0,0,0.0,0,0,0.0,0,0,0.0,0,0,0.0,0,0,0.0,0,0,0.0,0,0,0
R_7YzeN2wLvpp9DGo,forward,forward,3,10,1,10.0,1,0,0.0,0,0,0.0,0,0,0.0,0,0,0.0,0,0,0.0,0,0,0.0,0,0,0.0,0,0,0.0,0,1,0
R_1elBrxH5CATanhl,ranking,backward,1,25,0,0.0,0,0,0.0,0,0,0.0,0,0,0.0,0,0,0.0,0,0,0.0,0,0,0.0,0,0,0.0,0,1,4.0,1,0,0
R_1elBrxH5CATanhl,backward,backward,1,22,0,0.0,0,0,0.0,0,0,0.0,0,0,0.0,0,0,0.0,0,0,0.0,0,0,0.0,0,0,0.0,0,0,0.0,0,0,0
R_1elBrxH5CATanhl,forward,forward,1,11,0,0.0,0,0,0.0,0,0,0.0,0,0,0.0,0,0,0.0,0,0,0.0,0,0,0.0,0,0,0.0,0,0,0.0,0,0,0
R_7cyWggWHN0Rb6A9,ranking,backward,1,62,1,1.613,1,0,0.0,0,0,0.0,0,0,0.0,0,0,0.0,0,0,0.0,0,0,0.0,0,0,0.0,0,1,1.613,1,1,0
R_7cyWggWHN0Rb6A9,backward,backward,1,32,0,0.0,0,0,0.0,0,0,0.0,0,0,0.0,0,0,0.0,0,0,0.0,0,0,0.0,0,1,3.125,1,0,0.0,0,0,0
R_7cyWggWHN0Rb6A9,forward,forward,1,55,0,0.0,0,0,0.0,0,0,0.0,0,0,0.0,0,0,0.0,0,0,0.0,0,0,0.0,0,0,0.0,0,0,0.0,0,0,0
R_7szTXv2SUH8tQsd,ranking,backward,2,12,1,8.333,1,0,0.0,0,0,0.0,0,0,0.0,0,0,0.0,0,0,0.0,0,0,0.0,0,0,0.0,0,0,0.0,0,1,0
R_7szTXv2SUH8tQsd,backward,backward,2,7,0,0.0,0,0,0.0,0,0,0.0,0,0,0.0,0,0,0.0,0,0,0.0,0,0,0.0,0,0,0.0,0,0,0.0,0,0,0
R_7szTXv2SUH8tQsd,forward,forward,2,3,0,0.0,0,0,0.0,0,0,0.0,0,0,0.0,0,0,0.0,0,0,0.0,0,0,0.0,0,0,0.0,0,0,0.0,0,0,0
R_6s4lx4aXT7fJKqq,ranking,backward,3,24,0,0.0,0,0,0.0,0,0,0.0,0,0,0.0,0,0,0.0,0,0,0.0,0,0,0.0,0,0,0.0,0,1,4.167,1,0,0
R_6s4lx4aXT7fJKqq,backward,backward,3,12,0,0.0,0,0,0.0,0,0,0.0,0,0,0.0,0,0,0.0,0,0,0.0,0,0,0.0,0,0,0.0,0,0,0.0,0,0,0
R_6s4lx4aXT7fJKqq,forward,forward,3,10,0,0.0,0,0,0.0,0,0,0.0,0,0,0.0,0,0,0.0,0,0,0.0,0,0,0.0,0,0,0.0,0,0,0.0,0,0,0
R_5mvZzmluHVTnTJS,ranking,backward,1,46,0,0.0,0,0,0.0,0,0,0.0,0,0,0.0,0,0,0.0,0,0,0.0,0,0,0.0,0,0,0.0,0,2,4.348,2,0,0
R_5mvZzmluHVTnTJS,backward,backward,1,13,0,0.0,0,0,0.0,0,0,0.0,0,0,0.0,0,0,0.0,0,0,0.0,0,0,0.0,0,0,0.0,0,0,0.0,0,0,0
R_5mvZzmluHVTnTJS,forward,forward,1,4,0,0.0,0,0,0.0,0,0,0.0,0,0,0.0,0,0,0.0,0,0,0.0,0,0,0.0,0,0,0.0,0,0,0.0,0,0,0
R_5VkD1aNxz8bGvyV,ranking,backward,1,14,0,0.0,0,0,0.0,0,0,0.0,0,0,0.0,0,0,0.0,0,0,0.0,0,0,0.0,0,0,0.0,0,0,0.0,0,0,0
R_5VkD1aNxz8bGvyV,backward,backward,1,23,0,0.0,0,0,0.0,0,0,0.0,0,0,0.0,0,0,0.0,0,0,0.0,0,0,0.0,0,0,0.0,0,0,0.0,0,0,0
R_5VkD1aNxz8bGvyV,forward,forward,1,1,1,100.0,1,0,0.0,0,0,0.0,0,0,0.0,0,0,0.0,0,0,0.0,0,0,0.0,0,0,0.0,0,0,0.0,0,1,0
R_1rPmxuvJ1y1UF5P,ranking,backward,2,16,0,0.0,0,0,0.0,0,0,0.0,0,0,0.0,0,0,0.0,0,0,0.0,0,0,0.0,0,1,6.25,1,1,6.25,1,0,0
R_1rPmxuvJ1y1UF5P,backward,backward,2,8,1,12.5,1,0,0.0,0,0,0.0,0,0,0.0,0,0,0.0,0,0,0.0,0,0,0.0,0,0,0.0,0,0,0.0,0,1,0
R_1rPmxuvJ1y1UF5P,forward,forward,2,6,0,0.0,0,0,0.0,0,0,0.0,0,0,0.0,0,0,0.0,0,0,0.0,0,0,0.0,0,0,0.0,0,0,0.0,0,0,0
R_7VnzoyFBzCt7RYt,ranking,backward,1,46,0,0.0,0,0,0.0,0,0,0.0,0,0,0.0,0,0,0.0,0,0,0.0,0,0,0.0,0,0,0.0,0,0,0.0,0,0,0
R_7VnzoyFBzCt7RYt,backward,backward,1,31,0,0.0,0,0,0.0,0,0,0.0,0,0,0.0,0,0,0.0,0,0,0.0,0,0,0.0,0,0,0.0,0,0,0.0,0,0,0
R_7VnzoyFBzCt7RYt,forward,forward,1,13,0,0.0,0,0,0.0,0,0,0.0,0,0,0.0,0,0,0.0,0,0,0.0,0,0,0.0,0,0,0.0,0,0,0.0,0,0,0
R_7OoAaKhH6siQJ8f,ranking,backward,2,26,1,3.846,1,0,0.0,0,0,0.0,0,0,0.0,0,0,0.0,0,0,0.0,0,1,3.846,1,0,0.0,0,1,3.846,1,1,0
R_7OoAaKhH6siQJ8f,backward,backward,2,17,0,0.0,0,0,0.0,0,0,0.0,0,0,0.0,0,0,0.0,0,0,0.0,0,0,0.0,0,0,0.0,0,0,0.0,0,0,0
R_7OoAaKhH6siQJ8f,forward,forward,2,3,1,33.333,1,0,0.0,0,0,0.0,0,0,0.0,0,0,0.0,0,0,0.0,0,0,0.0,0,0,0.0,0,0,0.0,0,1,0
R_1V1qzro86tDc7yh,ranking,backward,3,17,0,0.0,0,0,0.0,0,0,0.0,0,0,0.0,0,0,0.0,0,0,0.0,0,0,0.0,0,0,0.0,0,1,5.882,1,0,0
R_1V1qzro86tDc7yh,backward,backward,3,72,1,1.389,1,0,0.0,0,0,0.0,0,0,0.0,0,0,0.0,0,0,0.0,0,1,1.389,1,1,1.389,1,0,0.0,0,1,0
R_1V1qzro86tDc7yh,forward,forward,3,45,0,0.0,0,1,2.222,1,0,0.0,0,0,0.0,0,0,0.0,0,0,0.0,0,1,2.222,1,0,0.0,0,0,0.0,0,1,0
R_7dzVN2ipz7eHW44,ranking,backward,2,74,1,1.351,1,0,0.0,0,0,0.0,0,0,0.0,0,0,0.0,0,0,0.0,0,1,1.351,1,0,0.0,0,1,1.351,1,1,0
R_7dzVN2ipz7eHW44,backward,backward,2,59,0,0.0,0,0,0.0,0,0,0.0,0,0,0.0,0,0,0.0,0,0,0.0,0,0,0.0,0,0,0.0,0,0,0.0,0,0,0
R_7dzVN2ipz7eHW44,forward,forward,2,46,0,0.0,0,0,0.0,0,0,0.0,0,0,0.0,0,0,0.0,0,0,0.0,0,0,0.0,0,0,0.0,0,0,0.0,0,0,0
R_1PaxR7Y1d3nn1Hb,ranking,backward,3,12,0,0.0,0,0,0.0,0,0,0.0,0,0,0.0,0,0,0.0,0,0,0.0,0,0,0.0,0,0,0.0,0,1,8.333,1,0,0
R_1PaxR7Y1d3nn1Hb,backward,backward,3,12,0,0.0,0,0,0.0,0,0,0.0,0,0,0.0,0,0,0.0,0,0,0.0,0,0,0.0,0,1,8.333,1,0,0.0,0,0,0
R_1PaxR7Y1d3nn1Hb,forward,forward,3,1,0,0.0,0,0,0.0,0,0,0.0,0,0,0.0,0,0,0.0,0,0,0.0,0,0,0.0,0,0,0.0,0,1,100.0,1,0,0
R_6cAvIrZRQxEU46o,ranking,backward,2,26,0,0.0,0,0,0.0,0,0,0.0,0,0,0.0,0,0,0.0,0,0,0.0,0,0,0.0,0,0,0.0,0,0,0.0,0,0,0
R_6cAvIrZRQxEU46o,backward,backward,2,34,0,0.0,0,0,0.0,0,0,0.0,0,0,0.0,0,0,0.0,0,0,0.0,0,0,0.0,0,0,0.0,0,0,0.0,0,0,0
R_6cAvIrZRQxEU46o,forward,forward,2,26,0,0.0,0,0,0.0,0,0,0.0,0,0,0.0,0,0,0.0,0,0,0.0,0,0,0.0,0,0,0.0,0,1,3.846,1,0,0
R_1OlhLI5FbUiqblQ,ranking,backward,3,40,2,5.0,2,0,0.0,0,0,0.0,0,0,0.0,0,0,0.0,0,0,0.0,0,0,0.0,0,0,0.0,0,0,0.0,0,1,0
R_1OlhLI5FbUiqblQ,backward,backward,3,39,0,0.0,0,0,0.0,0,0,0.0,0,0,0.0,0,0,0.0,0,0,0.0,0,0,0.0,0,1,2.564,1,0,0.0,0,0,0
R_1OlhLI5FbUiqblQ,forward,forward,3,36,0,0.0,0,0,0.0,0,0,0.0,0,0,0.0,0,0,0.0,0,0,0.0,0,0,0.0,0,0,0.0,0,0,0.0,0,0,0
R_6SGP8WVAD6WrQQo,ranking,backward,1,66,1,1.515,1,0,0.0,0,0,0.0,0,0,0.0,0,0,0.0,0,0,0.0,0,1,1.515,1,0,0.0,0,1,1.515,1,1,0
R_6SGP8WVAD6WrQQo,backward,backward,1,46,0,0.0,0,0,0.0,0,0,0.0,0,0,0.0,0,0,0.0,0,0,0.0,0,0,0.0,0,0,0.0,0,0,0.0,0,0,0
R_6SGP8WVAD6WrQQo,forward,forward,1,31,0,0.0,0,0,0.0,0,0,0.0,0,0,0.0,0,0,0.0,0,0,0.0,0,0,0.0,0,0,0.0,0,0,0.0,0,0,0
R_71MyZrEzivNKIr4,ranking,backward,2,89,0,0.0,0,0,0.0,0,0,0.0,0,0,0.0,0,0,0.0,0,0,0.0,0,1,1.124,1,0,0.0,0,0,0.0,0,0,0
R_71MyZrEzivNKIr4,backward,backward,2,21,0,0.0,0,0,0.0,0,0,0.0,0,0,0.0,0,0,0.0,0,0,0.0,0,0,0.0,0,0,0.0,0,0,0.0,0,0,0
R_71MyZrEzivNKIr4,forward,forward,2,12,0,0.0,0,0,0.0,0,0,0.0,0,0,0.0,0,0,0.0,0,0,0.0,0,0,0.0,0,0,0.0,0,0,0.0,0,0,0
R_1gXZKv9bHLM1Qum,ranking,backward,1,60,1,1.667,1,0,0.0,0,1,1.667,1,0,0.0,0,0,0.0,0,0,0.0,0,1,1.667,1,0,0.0,0,1,1.667,1,1,0
R_1gXZKv9bHLM1Qum,backward,backward,1,62,1,1.613,1,1,1.613,1,0,0.0,0,0,0.0,0,0,0.0,0,0,0.0,0,1,1.613,1,1,1.613,1,0,0.0,0,1,0
R_1gXZKv9bHLM1Qum,forward,forward,1,42,1,2.381,1,0,0.0,0,0,0.0,0,0,0.0,0,0,0.0,0,0,0.0,0,0,0.0,0,0,0.0,0,0,0.0,0,1,0
R_7rY6HTyjtVhS0LL,ranking,backward,1,17,0,0.0,0,0,0.0,0,0,0.0,0,0,0.0,0,0,0.0,0,0,0.0,0,0,0.0,0,0,0.0,0,0,0.0,0,0,0
R_7rY6HTyjtVhS0LL,backward,backward,1,17,0,0.0,0,0,0.0,0,0,0.0,0,0,0.0,0,0,0.0,0,0,0.0,0,0,0.0,0,0,0.0,0,0,0.0,0,0,0
R_7rY6HTyjtVhS0LL,forward,forward,1,27,0,0.0,0,1,3.704,1,0,0.0,0,0,0.0,0,0,0.0,0,0,0.0,0,0,0.0,0,0,0.0,0,0,0.0,0,1,0
R_5WQgt2WrBXH0cq5,ranking,backward,3,66,0,0.0,0,0,0.0,0,0,0.0,0,0,0.0,0,0,0.0,0,0,0.0,0,0,0.0,0,0,0.0,0,0,0.0,0,0,0
R_5WQgt2WrBXH0cq5,backward,backward,3,23,0,0.0,0,0,0.0,0,0,0.0,0,0,0.0,0,0,0.0,0,0,0.0,0,0,0.0,0,0,0.0,0,0,0.0,0,0,0
R_5WQgt2WrBXH0cq5,forward,forward,3,17,0,0.0,0,0,0.0,0,0,0.0,0,0,0.0,0,0,0.0,0,0,0.0,0,0,0.0,0,0,0.0,0,0,0.0,0,0,0
R_5k3VAJGc4vqxeYp,ranking,backward,2,15,0,0.0,0,0,0.0,0,0,0.0,0,0,0.0,0,0,0.0,0,0,0.0,0,1,6.667,1,0,0.0,0,1,6.667,1,0,0
R_5k3VAJGc4vqxeYp,backward,backward,2,15,0,0.0,0,0,0.0,0,0,0.0,0,0,0.0,0,0,0.0,0,0,0.0,0,0,0.0,0,0,0.0,0,0,0.0,0,0,0
R_5k3VAJGc4vqxeYp,forward,forward,2,13,1,7.692,1,0,0.0,0,0,0.0,0,0,0.0,0,0,0.0,0,0,0.0,0,0,0.0,0,0,0.0,0,0,0.0,0,1,0
R_5zPfXdsoIriZYnn,ranking,backward,1,51,1,1.961,1,0,0.0,0,0,0.0,0,0,0.0,0,0,0.0,0,0,0.0,0,1,1.961,1,0,0.0,0,1,1.961,1,1,0
R_5zPfXdsoIriZYnn,backward,backward,1,66,1,1.515,1,0,0.0,0,0,0.0,0,0,0.0,0,0,0.0,0,0,0.0,0,1,1.515,1,1,1.515,1,0,0.0,0,1,0
R_5zPfXdsoIriZYnn,forward,forward,1,18,1,5.556,1,0,0.0,0,0,0.0,0,0,0.0,0,0,0.0,0,0,0.0,0,0,0.0,0,0,0.0,0,0,0.0,0,1,0
R_6B2pcb29TPmlDYo,ranking,backward,2,10,0,0.0,0,0,0.0,0,0,0.0,0,0,0.0,0,0,0.0,0,0,0.0,0,0,0.0,0,0,0.0,0,0,0.0,0,0,0
R_6B2pcb29TPmlDYo,backward,backward,2,71,0,0.0,0,0,0.0,0,0,0.0,0,0,0.0,0,0,0.0,0,1,1.408,1,0,0.0,0,0,0.0,0,0,0.0,0,0,1
R_6B2pcb29TPmlDYo,forward,forward,2,4,0,0.0,0,0,0.0,0,0,0.0,0,0,0.0,0,0,0.0,0,0,0.0,0,0,0.0,0,0,0.0,0,0,0.0,0,0,0
R_3rIjVOPBevZQwya,ranking,backward,2,47,1,2.128,1,0,0.0,0,0,0.0,0,0,0.0,0,0,0.0,0,0,0.0,0,0,0.0,0,1,2.128,1,1,2.128,1,1,0
R_3rIjVOPBevZQwya,backward,backward,2,25,0,0.0,0,0,0.0,0,0,0.0,0,0,0.0,0,0,0.0,0,0,0.0,0,0,0.0,0,0,0.0,0,1,4.0,1,0,0
R_3rIjVOPBevZQwya,forward,forward,2,9,0,0.0,0,0,0.0,0,0,0.0,0,0,0.0,0,0,0.0,0,1,11.111,1,0,0.0,0,0,0.0,0,0,0.0,0,0,1
R_3S2i1upJgyk6uR5,ranking,backward,3,35,0,0.0,0,0,0.0,0,0,0.0,0,0,0.0,0,0,0.0,0,0,0.0,0,1,2.857,1,1,2.857,1,2,5.714,2,0,0
R_3S2i1upJgyk6uR5,backward,backward,3,32,1,3.125,1,0,0.0,0,0,0.0,0,0,0.0,0,0,0.0,0,0,0.0,0,0,0.0,0,0,0.0,0,0,0.0,0,1,0
R_3S2i1upJgyk6uR5,forward,forward,3,27,0,0.0,0,1,3.704,1,0,0.0,0,0,0.0,0,0,0.0,0,0,0.0,0,0,0.0,0,0,0.0,0,0,0.0,0,1,0
R_6Wi9vJZFy9ehwVb,ranking,backward,3,20,0,0.0,0,0,0.0,0,0,0.0,0,0,0.0,0,0,0.0,0,0,0.0,0,0,0.0,0,0,0.0,0,0,0.0,0,0,0
R_6Wi9vJZFy9ehwVb,backward,backward,3,29,0,0.0,0,0,0.0,0,0,0.0,0,0,0.0,0,0,0.0,0,0,0.0,0,0,0.0,0,0,0.0,0,0,0.0,0,0,0
R_6Wi9vJZFy9ehwVb,forward,forward,3,15,0,0.0,0,0,0.0,0,0,0.0,0,0,0.0,0,0,0.0,0,0,0.0,0,0,0.0,0,1,6.667,1,0,0.0,0,0,0
R_68UujY4ueGBgwfT,ranking,backward,3,68,0,0.0,0,0,0.0,0,0,0.0,0,0,0.0,0,0,0.0,0,0,0.0,0,1,1.471,1,0,0.0,0,1,1.471,1,0,0
R_68UujY4ueGBgwfT,backward,backward,3,2,0,0.0,0,0,0.0,0,0,0.0,0,0,0.0,0,0,0.0,0,0,0.0,0,0,0.0,0,0,0.0,0,0,0.0,0,0,0
R_68UujY4ueGBgwfT,forward,forward,3,5,0,0.0,0,0,0.0,0,0,0.0,0,0,0.0,0,0,0.0,0,0,0.0,0,0,0.0,0,0,0.0,0,0,0.0,0,0,0
R_6nemj119xDn7kLj,ranking,backward,1,15,0,0.0,0,0,0.0,0,0,0.0,0,0,0.0,0,0,0.0,0,0,0.0,0,0,0.0,0,0,0.0,0,0,0.0,0,0,0
R_6nemj119xDn7kLj,backward,backward,1,32,1,3.125,1,0,0.0,0,0,0.0,0,0,0.0,0,0,0.0,0,0,0.0,0,0,0.0,0,0,0.0,0,0,0.0,0,1,0
R_6nemj119xDn7kLj,forward,forward,1,8,1,12.5,1,0,0.0,0,0,0.0,0,0,0.0,0,0,0.0,0,0,0.0,0,0,0.0,0,0,0.0,0,0,0.0,0,1,0
R_3Gv4fri9xdxjCi5,ranking,backward,3,28,0,0.0,0,0,0.0,0,0,0.0,0,0,0.0,0,0,0.0,0,0,0.0,0,0,0.0,0,1,3.571,1,0,0.0,0,0,0
R_3Gv4fri9xdxjCi5,backward,backward,3,40,0,0.0,0,0,0.0,0,0,0.0,0,0,0.0,0,0,0.0,0,0,0.0,0,0,0.0,0,0,0.0,0,0,0.0,0,0,0
R_3Gv4fri9xdxjCi5,forward,forward,3,11,0,0.0,0,0,0.0,0,0,0.0,0,0,0.0,0,0,0.0,0,0,0.0,0,0,0.0,0,0,0.0,0,0,0.0,0,0,0
R_6kvpPvpDt4ZBqow,ranking,backward,1,9,0,0.0,0,0,0.0,0,0,0.0,0,0,0.0,0,0,0.0,0,0,0.0,0,0,0.0,0,0,0.0,0,0,0.0,0,0,0
R_6kvpPvpDt4ZBqow,backward,backward,1,23,0,0.0,0,0,0.0,0,0,0.0,0,0,0.0,0,0,0.0,0,0,0.0,0,0,0.0,0,0,0.0,0,0,0.0,0,0,0
R_6kvpPvpDt4ZBqow,forward,forward,1,12,0,0.0,0,0,0.0,0,0,0.0,0,0,0.0,0,0,0.0,0,0,0.0,0,0,0.0,0,1,8.333,1,0,0.0,0,0,0
R_6qPVMhvPdgKzFv5,ranking,backward,2,90,1,1.111,1,0,0.0,0,0,0.0,0,0,0.0,0,0,0.0,0,0,0.0,0,1,1.111,1,1,1.111,1,1,1.111,1,1,0
R_6qPVMhvPdgKzFv5,backward,backward,2,46,0,0.0,0,0,0.0,0,0,0.0,0,0,0.0,0,0,0.0,0,0,0.0,0,0,0.0,0,0,0.0,0,0,0.0,0,0,0
R_6qPVMhvPdgKzFv5,forward,forward,2,59,0,0.0,0,0,0.0,0,0,0.0,0,0,0.0,0,0,0.0,0,0,0.0,0,0,0.0,0,0,0.0,0,0,0.0,0,0,0
R_5m1Mt5YAfTNizcp,ranking,backward,2,16,1,6.25,1,0,0.0,0,0,0.0,0,0,0.0,0,0,0.0,0,0,0.0,0,0,0.0,0,0,0.0,0,0,0.0,0,1,0
R_5m1Mt5YAfTNizcp,backward,backward,2,16,0,0.0,0,0,0.0,0,0,0.0,0,0,0.0,0,0,0.0,0,0,0.0,0,0,0.0,0,0,0.0,0,0,0.0,0,0,0
R_5m1Mt5YAfTNizcp,forward,forward,2,3,0,0.0,0,0,0.0,0,0,0.0,0,0,0.0,0,0,0.0,0,0,0.0,0,0,0.0,0,0,0.0,0,1,33.333,1,0,0
R_1MRn0qrwM2KZ18N,ranking,backward,3,78,0,0.0,0,0,0.0,0,0,0.0,0,0,0.0,0,0,0.0,0,0,0.0,0,0,0.0,0,0,0.0,0,2,2.564,2,0,0
R_1MRn0qrwM2KZ18N,backward,backward,3,73,1,1.37,1,0,0.0,0,0,0.0,0,0,0.0,0,0,0.0,0,0,0.0,0,0,0.0,0,0,0.0,0,0,0.0,0,1,0
R_1MRn0qrwM2KZ18N,forward,forward,3,53,0,0.0,0,0,0.0,0,0,0.0,0,0,0.0,0,0,0.0,0,0,0.0,0,1,1.887,1,0,0.0,0,0,0.0,0,0,0
R_59kNMoHglufHIUV,ranking,backward,1,69,0,0.0,0,0,0.0,0,0,0.0,0,0,0.0,0,0,0.0,0,0,0.0,0,1,1.449,1,0,0.0,0,1,1.449,1,0,0
R_59kNMoHglufHIUV,backward,backward,1,50,0,0.0,0,0,0.0,0,0,0.0,0,0,0.0,0,0,0.0,0,0,0.0,0,1,2.0,1,0,0.0,0,0,0.0,0,0,0
R_59kNMoHglufHIUV,forward,forward,1,37,1,2.703,1,0,0.0,0,0,0.0,0,0,0.0,0,0,0.0,0,0,0.0,0,1,2.703,1,0,0.0,0,0,0.0,0,1,0
R_5qXgRGigVCWWUKZ,ranking,backward,3,64,2,3.125,2,0,0.0,0,0,0.0,0,0,0.0,0,0,0.0,0,0,0.0,0,1,1.562,1,0,0.0,0,1,1.562,1,1,0
R_5qXgRGigVCWWUKZ,backward,backward,3,28,0,0.0,0,0,0.0,0,0,0.0,0,0,0.0,0,0,0.0,0,0,0.0,0,0,0.0,0,0,0.0,0,0,0.0,0,0,0
R_5qXgRGigVCWWUKZ,forward,forward,3,15,0,0.0,0,0,0.0,0,0,0.0,0,0,0.0,0,0,0.0,0,0,0.0,0,0,0.0,0,0,0.0,0,0,0.0,0,0,0
R_3l5oI7jIrIFspGh,ranking,backward,1,29,0,0.0,0,0,0.0,0,0,0.0,0,0,0.0,0,0,0.0,0,0,0.0,0,1,3.448,1,0,0.0,0,1,3.448,1,0,0
R_3l5oI7jIrIFspGh,backward,backward,1,26,0,0.0,0,0,0.0,0,0,0.0,0,0,0.0,0,0,0.0,0,0,0.0,0,0,0.0,0,1,3.846,1,0,0.0,0,0,0
R_3l5oI7jIrIFspGh,forward,forward,1,17,0,0.0,0,0,0.0,0,0,0.0,0,0,0.0,0,0,0.0,0,0,0.0,0,0,0.0,0,0,0.0,0,1,5.882,1,0,0
R_1qCdq6QkBglvXvW,ranking,backward,2,39,1,2.564,1,0,0.0,0,0,0.0,0,0,0.0,0,0,0.0,0,0,0.0,0,2,5.128,2,0,0.0,0,1,2.564,1,1,0
R_1qCdq6QkBglvXvW,backward,backward,2,44,1,2.273,1,0,0.0,0,0,0.0,0,0,0.0,0,0,0.0,0,0,0.0,0,0,0.0,0,0,0.0,0,0,0.0,0,1,0
R_1qCdq6QkBglvXvW,forward,forward,2,21,1,4.762,1,0,0.0,0,0,0.0,0,0,0.0,0,0,0.0,0,0,0.0,0,0,0.0,0,0,0.0,0,0,0.0,0,1,0
R_5MPS1bDbucGiXhy,ranking,backward,3,6,0,0.0,0,0,0.0,0,0,0.0,0,0,0.0,0,0,0.0,0,0,0.0,0,0,0.0,0,0,0.0,0,0,0.0,0,0,0
R_5MPS1bDbucGiXhy,backward,backward,3,10,0,0.0,0,0,0.0,0,0,0.0,0,0,0.0,0,0,0.0,0,0,0.0,0,0,0.0,0,0,0.0,0,0,0.0,0,0,0
R_5MPS1bDbucGiXhy,forward,forward,3,8,0,0.0,0,0,0.0,0,0,0.0,0,0,0.0,0,0,0.0,0,0,0.0,0,1,12.5,1,0,0.0,0,0,0.0,0,0,0
R_4C9fl8kcQr8YBjA,ranking,backward,1,43,1,2.326,1,0,0.0,0,0,0.0,0,0,0.0,0,0,0.0,0,0,0.0,0,1,2.326,1,0,0.0,0,1,2.326,1,1,0
R_4C9fl8kcQr8YBjA,backward,backward,1,26,0,0.0,0,0,0.0,0,0,0.0,0,0,0.0,0,0,0.0,0,0,0.0,0,0,0.0,0,1,3.846,1,0,0.0,0,0,0
R_4C9fl8kcQr8YBjA,forward,forward,1,22,1,4.545,1,0,0.0,0,0,0.0,0,0,0.0,0,0,0.0,0,0,0.0,0,0,0.0,0,0,0.0,0,0,0.0,0,1,0
R_7P0jTFM2pSJ0t8g,ranking,backward,2,48,1,2.083,1,0,0.0,0,0,0.0,0,0,0.0,0,0,0.0,0,0,0.0,0,1,2.083,1,0,0.0,0,1,2.083,1,1,0
R_7P0jTFM2pSJ0t8g,backward,backward,2,6,0,0.0,0,0,0.0,0,0,0.0,0,0,0.0,0,0,0.0,0,0,0.0,0,0,0.0,0,0,0.0,0,0,0.0,0,0,0
R_7P0jTFM2pSJ0t8g,forward,forward,2,22,0,0.0,0,0,0.0,0,0,0.0,0,0,0.0,0,0,0.0,0,0,0.0,0,0,0.0,0,0,0.0,0,0,0.0,0,0,0
R_6ilssWAIPWGNVCR,ranking,backward,3,32,1,3.125,1,0,0.0,0,0,0.0,0,0,0.0,0,0,0.0,0,0,0.0,0,0,0.0,0,0,0.0,0,0,0.0,0,1,0
R_6ilssWAIPWGNVCR,backward,backward,3,14,1,7.143,1,0,0.0,0,0,0.0,0,0,0.0,0,0,0.0,0,0,0.0,0,0,0.0,0,0,0.0,0,0,0.0,0,1,0
R_6ilssWAIPWGNVCR,forward,forward,3,13,0,0.0,0,0,0.0,0,0,0.0,0,0,0.0,0,0,0.0,0,0,0.0,0,0,0.0,0,0,0.0,0,0,0.0,0,0,0
R_1C5usWrTTTwbLQR,ranking,backward,2,72,2,2.778,2,0,0.0,0,0,0.0,0,0,0.0,0,0,0.0,0,0,0.0,0,1,1.389,1,0,0.0,0,1,1.389,1,1,0
R_1C5usWrTTTwbLQR,backward,backward,2,39,1,2.564,1,0,0.0,0,0,0.0,0,0,0.0,0,0,0.0,0,0,0.0,0,0,0.0,0,1,2.564,1,0,0.0,0,1,0
R_1C5usWrTTTwbLQR,forward,forward,2,22,1,4.545,1,0,0.0,0,0,0.0,0,0,0.0,0,0,0.0,0,0,0.0,0,0,0.0,0,0,0.0,0,0,0.0,0,1,0
R_5cSoriTI76K8OOU,ranking,backward,1,29,0,0.0,0,0,0.0,0,0,0.0,0,0,0.0,0,0,0.0,0,0,0.0,0,0,0.0,0,0,0.0,0,0,0.0,0,0,0
R_5cSoriTI76K8OOU,backward,backward,1,17,0,0.0,0,0,0.0,0,0,0.0,0,0,0.0,0,0,0.0,0,0,0.0,0,0,0.0,0,0,0.0,0,0,0.0,0,0,0
R_5cSoriTI76K8OOU,forward,forward,1,25,0,0.0,0,0,0.0,0,0,0.0,0,0,0.0,0,0,0.0,0,0,0.0,0,1,4.0,1,0,0.0,0,0,0.0,0,0,0
R_55Pnqdmue1bJFlL,ranking,backward,1,42,1,2.381,1,0,0.0,0,0,0.0,0,0,0.0,0,0,0.0,0,0,0.0,0,1,2.381,1,0,0.0,0,2,4.762,2,1,0
R_55Pnqdmue1bJFlL,backward,backward,1,50,1,2.0,1,0,0.0,0,0,0.0,0,0,0.0,0,0,0.0,0,0,0.0,0,0,0.0,0,0,0.0,0,0,0.0,0,1,0
R_55Pnqdmue1bJFlL,forward,forward,1,44,1,2.273,1,0,0.0,0,0,0.0,0,0,0.0,0,0,0.0,0,0,0.0,0,1,2.273,1,0,0.0,0,0,0.0,0,1,0
R_3Do90oZmkPYPKRA,ranking,backward,2,19,0,0.0,0,0,0.0,0,0,0.0,0,0,0.0,0,0,0.0,0,0,0.0,0,0,0.0,0,1,5.263,1,0,0.0,0,0,0
R_3Do90oZmkPYPKRA,backward,backward,2,20,0,0.0,0,0,0.0,0,1,5.0,1,0,0.0,0,0,0.0,0,0,0.0,0,0,0.0,0,0,0.0,0,0,0.0,0,1,0
R_3Do90oZmkPYPKRA,forward,forward,2,18,0,0.0,0,0,0.0,0,0,0.0,0,0,0.0,0,0,0.0,0,0,0.0,0,1,5.556,1,0,0.0,0,0,0.0,0,0,0
R_1i4XUYAUK5opFAy,ranking,backward,2,38,1,2.632,1,0,0.0,0,0,0.0,0,0,0.0,0,0,0.0,0,0,0.0,0,0,0.0,0,0,0.0,0,1,2.632,1,1,0
R_1i4XUYAUK5opFAy,backward,backward,2,24,0,0.0,0,0,0.0,0,0,0.0,0,0,0.0,0,0,0.0,0,0,0.0,0,0,0.0,0,0,0.0,0,0,0.0,0,0,0
R_1i4XUYAUK5opFAy,forward,forward,2,28,0,0.0,0,0,0.0,0,0,0.0,0,0,0.0,0,0,0.0,0,0,0.0,0,1,3.571,1,0,0.0,0,0,0.0,0,0,0
R_3EtJIxDCM6MxB7j,ranking,backward,1,9,0,0.0,0,0,0.0,0,0,0.0,0,0,0.0,0,0,0.0,0,0,0.0,0,0,0.0,0,0,0.0,0,0,0.0,0,0,0
R_3EtJIxDCM6MxB7j,backward,backward,1,8,1,12.5,1,0,0.0,0,0,0.0,0,0,0.0,0,0,0.0,0,0,0.0,0,0,0.0,0,0,0.0,0,0,0.0,0,1,0
R_3EtJIxDCM6MxB7j,forward,forward,1,15,0,0.0,0,0,0.0,0,0,0.0,0,0,0.0,0,0,0.0,0,0,0.0,0,0,0.0,0,0,0.0,0,0,0.0,0,0,0
R_3MQF9AJxg8UkmAX,ranking,backward,3,25,1,4.0,1,0,0.0,0,0,0.0,0,0,0.0,0,0,0.0,0,0,0.0,0,0,0.0,0,0,0.0,0,0,0.0,0,1,0
R_3MQF9AJxg8UkmAX,backward,backward,3,30,0,0.0,0,0,0.0,0,0,0.0,0,0,0.0,0,0,0.0,0,0,0.0,0,0,0.0,0,0,0.0,0,0,0.0,0,0,0
R_3MQF9AJxg8UkmAX,forward,forward,3,24,0,0.0,0,0,0.0,0,0,0.0,0,0,0.0,0,0,0.0,0,0,0.0,0,0,0.0,0,0,0.0,0,0,0.0,0,0,0
R_3Z6uK8BjifPJxSh,ranking,backward,3,25,0,0.0,0,0,0.0,0,0,0.0,0,0,0.0,0,0,0.0,0,0,0.0,0,1,4.0,1,1,4.0,1,0,0.0,0,0,0
R_3Z6uK8BjifPJxSh,backward,backward,3,20,0,0.0,0,0,0.0,0,0,0.0,0,0,0.0,0,0,0.0,0,0,0.0,0,0,0.0,0,0,0.0,0,0,0.0,0,0,0
R_3Z6uK8BjifPJxSh,forward,forward,3,9,0,0.0,0,0,0.0,0,0,0.0,0,0,0.0,0,0,0.0,0,0,0.0,0,0,0.0,0,0,0.0,0,0,0.0,0,0,0
R_6aB9ePxc45dkM5b,ranking,backward,2,76,1,1.316,1,0,0.0,0,0,0.0,0,0,0.0,0,0,0.0,0,0,0.0,0,1,1.316,1,0,0.0,0,1,1.316,1,1,0
R_6aB9ePxc45dkM5b,backward,backward,2,49,1,2.041,1,0,0.0,0,0,0.0,0,0,0.0,0,0,0.0,0,0,0.0,0,0,0.0,0,0,0.0,0,0,0.0,0,1,0
R_6aB9ePxc45dkM5b,forward,forward,2,44,0,0.0,0,0,0.0,0,0,0.0,0,0,0.0,0,0,0.0,0,0,0.0,0,0,0.0,0,0,0.0,0,0,0.0,0,0,0
R_62X2PmlrmAiUNDO,ranking,backward,3,65,1,1.538,1,0,0.0,0,0,0.0,0,0,0.0,0,0,0.0,0,0,0.0,0,1,1.538,1,0,0.0,0,1,1.538,1,1,0
R_62X2PmlrmAiUNDO,backward,backward,3,42,0,0.0,0,0,0.0,0,0,0.0,0,0,0.0,0,0,0.0,0,0,0.0,0,0,0.0,0,0,0.0,0,0,0.0,0,0,0
R_62X2PmlrmAiUNDO,forward,forward,3,62,0,0.0,0,0,0.0,0,0,0.0,0,0,0.0,0,0,0.0,0,0,0.0,0,0,0.0,0,0,0.0,0,0,0.0,0,0,0
R_6q3Ek5AeDqzlnhW,ranking,backward,1,47,1,2.128,1,0,0.0,0,0,0.0,0,0,0.0,0,0,0.0,0,0,0.0,0,1,2.128,1,1,2.128,1,1,2.128,1,1,0
R_6q3Ek5AeDqzlnhW,backward,backward,1,40,0,0.0,0,0,0.0,0,0,0.0,0,0,0.0,0,0,0.0,0,0,0.0,0,1,2.5,1,0,0.0,0,0,0.0,0,0,0
R_6q3Ek5AeDqzlnhW,forward,forward,1,27,0,0.0,0,0,0.0,0,0,0.0,0,0,0.0,0,0,0.0,0,0,0.0,0,0,0.0,0,0,0.0,0,1,3.704,1,0,0
R_7EGPIF4UCV5BM2p,ranking,backward,1,13,0,0.0,0,0,0.0,0,0,0.0,0,0,0.0,0,0,0.0,0,0,0.0,0,0,0.0,0,0,0.0,0,0,0.0,0,0,0
R_7EGPIF4UCV5BM2p,backward,backward,1,37,1,2.703,1,0,0.0,0,0,0.0,0,0,0.0,0,0,0.0,0,0,0.0,0,0,0.0,0,0,0.0,0,0,0.0,0,1,0
R_7EGPIF4UCV5BM2p,forward,forward,1,13,0,0.0,0,0,0.0,0,0,0.0,0,0,0.0,0,0,0.0,0,0,0.0,0,0,0.0,0,0,0.0,0,0,0.0,0,0,0
R_5rCyRZZRnnWlgQw,ranking,backward,1,46,0,0.0,0,0,0.0,0,0,0.0,0,0,0.0,0,0,0.0,0,0,0.0,0,1,2.174,1,0,0.0,0,1,2.174,1,0,0
R_5rCyRZZRnnWlgQw,backward,backward,1,82,0,0.0,0,0,0.0,0,0,0.0,0,0,0.0,0,0,0.0,0,0,0.0,0,0,0.0,0,1,1.22,1,0,0.0,0,0,0
R_5rCyRZZRnnWlgQw,forward,forward,1,26,1,3.846,1,0,0.0,0,0,0.0,0,0,0.0,0,0,0.0,0,0,0.0,0,0,0.0,0,0,0.0,0,0,0.0,0,1,0
R_5ogf8jZrZENb0xr,ranking,backward,2,11,0,0.0,0,0,0.0,0,0,0.0,0,0,0.0,0,0,0.0,0,0,0.0,0,0,0.0,0,0,0.0,0,0,0.0,0,0,0
R_5ogf8jZrZENb0xr,backward,backward,2,11,1,9.091,1,0,0.0,0,0,0.0,0,0,0.0,0,0,0.0,0,0,0.0,0,0,0.0,0,0,0.0,0,0,0.0,0,1,0
R_5ogf8jZrZENb0xr,forward,forward,2,9,0,0.0,0,0,0.0,0,0,0.0,0,0,0.0,0,0,0.0,0,0,0.0,0,0,0.0,0,0,0.0,0,0,0.0,0,0,0
R_6fOeuVAXyfUZiPU,ranking,backward,2,34,0,0.0,0,0,0.0,0,0,0.0,0,0,0.0,0,0,0.0,0,0,0.0,0,0,0.0,0,0,0.0,0,0,0.0,0,0,0
R_6fOeuVAXyfUZiPU,backward,backward,2,11,0,0.0,0,0,0.0,0,0,0.0,0,0,0.0,0,0,0.0,0,0,0.0,0,0,0.0,0,0,0.0,0,0,0.0,0,0,0
R_6fOeuVAXyfUZiPU,forward,forward,2,1,0,0.0,0,0,0.0,0,0,0.0,0,0,0.0,0,0,0.0,0,0,0.0,0,0,0.0,0,0,0.0,0,1,100.0,1,0,0
R_5zATEitFMEk9XqJ,ranking,backward,1,20,0,0.0,0,0,0.0,0,0,0.0,0,0,0.0,0,0,0.0,0,0,0.0,0,0,0.0,0,1,5.0,1,1,5.0,1,0,0
R_5zATEitFMEk9XqJ,backward,backward,1,4,1,25.0,1,0,0.0,0,0,0.0,0,0,0.0,0,0,0.0,0,0,0.0,0,0,0.0,0,0,0.0,0,0,0.0,0,1,0
R_5zATEitFMEk9XqJ,forward,forward,1,6,1,16.667,1,0,0.0,0,0,0.0,0,0,0.0,0,0,0.0,0,0,0.0,0,0,0.0,0,0,0.0,0,0,0.0,0,1,0
R_6feoyOzFHT9Tfnx,ranking,backward,2,11,0,0.0,0,0,0.0,0,0,0.0,0,0,0.0,0,0,0.0,0,0,0.0,0,0,0.0,0,1,9.091,1,0,0.0,0,0,0
R_6feoyOzFHT9Tfnx,backward,backward,2,5,0,0.0,0,0,0.0,0,0,0.0,0,0,0.0,0,0,0.0,0,0,0.0,0,0,0.0,0,0,0.0,0,0,0.0,0,0,0
R_6feoyOzFHT9Tfnx,forward,forward,2,18,1,5.556,1,0,0.0,0,0,0.0,0,0,0.0,0,0,0.0,0,0,0.0,0,0,0.0,0,0,0.0,0,0,0.0,0,1,0
R_6PT3R98dE3EYQRH,ranking,backward,2,19,1,5.263,1,0,0.0,0,0,0.0,0,0,0.0,0,0,0.0,0,0,0.0,0,1,5.263,1,0,0.0,0,1,5.263,1,1,0
R_6PT3R98dE3EYQRH,backward,backward,2,53,1,1.887,1,0,0.0,0,0,0.0,0,0,0.0,0,0,0.0,0,0,0.0,0,0,0.0,0,1,1.887,1,0,0.0,0,1,0
R_6PT3R98dE3EYQRH,forward,forward,2,26,0,0.0,0,0,0.0,0,0,0.0,0,0,0.0,0,0,0.0,0,0,0.0,0,0,0.0,0,0,0.0,0,0,0.0,0,0,0
R_6dMTRLuQDfjk946,ranking,backward,3,7,0,0.0,0,0,0.0,0,0,0.0,0,0,0.0,0,0,0.0,0,0,0.0,0,0,0.0,0,0,0.0,0,0,0.0,0,0,0
R_6dMTRLuQDfjk946,backward,backward,3,8,0,0.0,0,0,0.0,0,0,0.0,0,0,0.0,0,0,0.0,0,0,0.0,0,0,0.0,0,0,0.0,0,0,0.0,0,0,0
R_6dMTRLuQDfjk946,forward,forward,3,2,0,0.0,0,0,0.0,0,0,0.0,0,0,0.0,0,0,0.0,0,0,0.0,0,0,0.0,0,0,0.0,0,0,0.0,0,0,0
R_1QcKiERrO59xNAK,ranking,backward,3,24,0,0.0,0,0,0.0,0,0,0.0,0,0,0.0,0,0,0.0,0,0,0.0,0,1,4.167,1,0,0.0,0,1,4.167,1,0,0
R_1QcKiERrO59xNAK,backward,backward,3,10,0,0.0,0,0,0.0,0,0,0.0,0,0,0.0,0,0,0.0,0,0,0.0,0,0,0.0,0,0,0.0,0,1,10.0,1,0,0
R_1QcKiERrO59xNAK,forward,forward,3,9,0,0.0,0,0,0.0,0,0,0.0,0,0,0.0,0,0,0.0,0,0,0.0,0,0,0.0,0,0,0.0,0,0,0.0,0,0,0
R_3ErSCcHmhyPfuTf,ranking,backward,1,37,0,0.0,0,0,0.0,0,0,0.0,0,0,0.0,0,0,0.0,0,0,0.0,0,1,2.703,1,0,0.0,0,1,2.703,1,0,0
R_3ErSCcHmhyPfuTf,backward,backward,1,15,0,0.0,0,0,0.0,0,0,0.0,0,0,0.0,0,0,0.0,0,0,0.0,0,0,0.0,0,1,6.667,1,0,0.0,0,0,0
R_3ErSCcHmhyPfuTf,forward,forward,1,20,0,0.0,0,0,0.0,0,0,0.0,0,0,0.0,0,0,0.0,0,0,0.0,0,1,5.0,1,0,0.0,0,0,0.0,0,0,0
R_6nOXsWwTV8T7lWV,ranking,backward,3,64,0,0.0,0,0,0.0,0,0,0.0,0,0,0.0,0,0,0.0,0,0,0.0,0,2,3.125,2,1,1.562,1,1,1.562,1,0,0
R_6nOXsWwTV8T7lWV,backward,backward,3,28,0,0.0,0,0,0.0,0,0,0.0,0,0,0.0,0,0,0.0,0,0,0.0,0,0,0.0,0,1,3.571,1,0,0.0,0,0,0
R_6nOXsWwTV8T7lWV,forward,forward,3,17,1,5.882,1,0,0.0,0,0,0.0,0,0,0.0,0,0,0.0,0,0,0.0,0,0,0.0,0,0,0.0,0,0,0.0,0,1,0
R_31vbwzH1TUVxeER,ranking,backward,2,42,1,2.381,1,0,0.0,0,0,0.0,0,1,2.381,1,0,0.0,0,0,0.0,0,1,2.381,1,0,0.0,0,0,0.0,0,1,0
R_31vbwzH1TUVxeER,backward,backward,2,19,0,0.0,0,0,0.0,0,0,0.0,0,0,0.0,0,0,0.0,0,0,0.0,0,0,0.0,0,1,5.263,1,0,0.0,0,0,0
R_31vbwzH1TUVxeER,forward,forward,2,22,0,0.0,0,0,0.0,0,0,0.0,0,0,0.0,0,0,0.0,0,0,0.0,0,0,0.0,0,1,4.545,1,1,4.545,1,0,0
R_7bDZ4PX1FHQ1uDf,ranking,backward,1,78,1,1.282,1,0,0.0,0,0,0.0,0,0,0.0,0,0,0.0,0,0,0.0,0,0,0.0,0,0,0.0,0,2,2.564,2,1,0
R_7bDZ4PX1FHQ1uDf,backward,backward,1,24,0,0.0,0,0,0.0,0,0,0.0,0,0,0.0,0,0,0.0,0,0,0.0,0,0,0.0,0,0,0.0,0,0,0.0,0,0,0
R_7bDZ4PX1FHQ1uDf,forward,forward,1,14,0,0.0,0,0,0.0,0,0,0.0,0,0,0.0,0,0,0.0,0,0,0.0,0,0,0.0,0,0,0.0,0,1,7.143,1,0,0
R_54pyoRydG8fXfK2,ranking,backward,1,17,0,0.0,0,0,0.0,0,0,0.0,0,0,0.0,0,0,0.0,0,0,0.0,0,0,0.0,0,0,0.0,0,0,0.0,0,0,0
R_54pyoRydG8fXfK2,backward,backward,1,35,0,0.0,0,0,0.0,0,0,0.0,0,0,0.0,0,0,0.0,0,0,0.0,0,0,0.0,0,0,0.0,0,0,0.0,0,0,0
R_54pyoRydG8fXfK2,forward,forward,1,14,0,0.0,0,0,0.0,0,0,0.0,0,0,0.0,0,0,0.0,0,0,0.0,0,0,0.0,0,0,0.0,0,0,0.0,0,0,0
R_7dfKmGRfdVBq5MG,ranking,backward,2,29,0,0.0,0,0,0.0,0,0,0.0,0,0,0.0,0,0,0.0,0,0,0.0,0,0,0.0,0,1,3.448,1,0,0.0,0,0,0
R_7dfKmGRfdVBq5MG,backward,backward,2,21,1,4.762,1,0,0.0,0,0,0.0,0,0,0.0,0,0,0.0,0,0,0.0,0,0,0.0,0,0,0.0,0,0,0.0,0,1,0
R_7dfKmGRfdVBq5MG,forward,forward,2,12,0,0.0,0,0,0.0,0,0,0.0,0,0,0.0,0,0,0.0,0,0,0.0,0,0,0.0,0,0,0.0,0,0,0.0,0,0,0
R_5GwdGLICuhFF463,ranking,backward,3,46,1,2.174,1,0,0.0,0,0,0.0,0,0,0.0,0,0,0.0,0,0,0.0,0,1,2.174,1,1,2.174,1,0,0.0,0,1,0
R_5GwdGLICuhFF463,backward,backward,3,11,0,0.0,0,0,0.0,0,0,0.0,0,0,0.0,0,0,0.0,0,0,0.0,0,0,0.0,0,0,0.0,0,0,0.0,0,0,0
R_5GwdGLICuhFF463,forward,forward,3,11,0,0.0,0,0,0.0,0,0,0.0,0,0,0.0,0,0,0.0,0,0,0.0,0,0,0.0,0,0,0.0,0,0,0.0,0,0,0
R_54ylM8iTc47zFrb,ranking,backward,3,67,1,1.493,1,0,0.0,0,0,0.0,0,0,0.0,0,0,0.0,0,0,0.0,0,2,2.985,2,1,1.493,1,0,0.0,0,1,0
R_54ylM8iTc47zFrb,backward,backward,3,38,1,2.632,1,0,0.0,0,0,0.0,0,0,0.0,0,0,0.0,0,0,0.0,0,0,0.0,0,0,0.0,0,0,0.0,0,1,0
R_54ylM8iTc47zFrb,forward,forward,3,23,1,4.348,1,0,0.0,0,0,0.0,0,0,0.0,0,0,0.0,0,0,0.0,0,0,0.0,0,0,0.0,0,1,4.348,1,1,0
R_52xWXWTjvVDpvfV,ranking,backward,1,46,0,0.0,0,0,0.0,0,0,0.0,0,0,0.0,0,0,0.0,0,0,0.0,0,1,2.174,1,0,0.0,0,0,0.0,0,0,0
R_52xWXWTjvVDpvfV,backward,backward,1,8,0,0.0,0,0,0.0,0,0,0.0,0,0,0.0,0,0,0.0,0,0,0.0,0,0,0.0,0,0,0.0,0,0,0.0,0,0,0
R_52xWXWTjvVDpvfV,forward,forward,1,7,0,0.0,0,0,0.0,0,0,0.0,0,0,0.0,0,1,14.286,1,0,0.0,0,0,0.0,0,0,0.0,0,0,0.0,0,0,1
R_18FX1HGQzon6rR6,ranking,backward,3,9,0,0.0,0,0,0.0,0,0,0.0,0,0,0.0,0,0,0.0,0,0,0.0,0,0,0.0,0,0,0.0,0,0,0.0,0,0,0
R_18FX1HGQzon6rR6,backward,backward,3,6,0,0.0,0,0,0.0,0,0,0.0,0,0,0.0,0,0,0.0,0,0,0.0,0,0,0.0,0,0,0.0,0,0,0.0,0,0,0
R_18FX1HGQzon6rR6,forward,forward,3,7,0,0.0,0,0,0.0,0,0,0.0,0,0,0.0,0,0,0.0,0,0,0.0,0,0,0.0,0,0,0.0,0,0,0.0,0,0,0
R_7bJDT2aFHKjSNb3,ranking,backward,2,9,0,0.0,0,0,0.0,0,0,0.0,0,0,0.0,0,0,0.0,0,0,0.0,0,0,0.0,0,0,0.0,0,0,0.0,0,0,0
R_7bJDT2aFHKjSNb3,backward,backward,2,7,0,0.0,0,0,0.0,0,0,0.0,0,0,0.0,0,0,0.0,0,0,0.0,0,0,0.0,0,0,0.0,0,0,0.0,0,0,0
R_7bJDT2aFHKjSNb3,forward,forward,2,4,0,0.0,0,0,0.0,0,0,0.0,0,0,0.0,0,0,0.0,0,0,0.0,0,0,0.0,0,0,0.0,0,0,0.0,0,0,0
R_6q4UflCSgmvaEBr,ranking,backward,2,30,0,0.0,0,0,0.0,0,0,0.0,0,0,0.0,0,0,0.0,0,0,0.0,0,1,3.333,1,0,0.0,0,1,3.333,1,0,0
R_6q4UflCSgmvaEBr,backward,backward,2,15,0,0.0,0,0,0.0,0,0,0.0,0,0,0.0,0,0,0.0,0,0,0.0,0,0,0.0,0,0,0.0,0,0,0.0,0,0,0
R_6q4UflCSgmvaEBr,forward,forward,2,5,0,0.0,0,0,0.0,0,0,0.0,0,0,0.0,0,0,0.0,0,0,0.0,0,0,0.0,0,0,0.0,0,0,0.0,0,0,0
R_6n8H0By07CiVpXx,ranking,backward,3,39,0,0.0,0,0,0.0,0,0,0.0,0,0,0.0,0,0,0.0,0,0,0.0,0,0,0.0,0,0,0.0,0,0,0.0,0,0,0
R_6n8H0By07CiVpXx,backward,backward,3,28,0,0.0,0,0,0.0,0,0,0.0,0,0,0.0,0,0,0.0,0,0,0.0,0,0,0.0,0,0,0.0,0,0,0.0,0,0,0
R_6n8H0By07CiVpXx,forward,forward,3,11,0,0.0,0,0,0.0,0,0,0.0,0,0,0.0,0,0,0.0,0,0,0.0,0,0,0.0,0,0,0.0,0,0,0.0,0,0,0
R_3qdGETEsOLugqWL,ranking,backward,1,13,1,7.692,1,0,0.0,0,0,0.0,0,0,0.0,0,0,0.0,0,0,0.0,0,0,0.0,0,0,0.0,0,1,7.692,1,1,0
R_3qdGETEsOLugqWL,backward,backward,1,37,1,2.703,1,0,0.0,0,0,0.0,0,0,0.0,0,0,0.0,0,0,0.0,0,1,2.703,1,0,0.0,0,0,0.0,0,1,0
R_3qdGETEsOLugqWL,forward,forward,1,25,0,0.0,0,0,0.0,0,0,0.0,0,0,0.0,0,0,0.0,0,0,0.0,0,0,0.0,0,0,0.0,0,0,0.0,0,0,0
R_6kIHKChnNPXb3cg,ranking,backward,2,48,1,2.083,1,0,0.0,0,0,0.0,0,0,0.0,0,0,0.0,0,0,0.0,0,1,2.083,1,0,0.0,0,1,2.083,1,1,0
R_6kIHKChnNPXb3cg,backward,backward,2,8,0,0.0,0,0,0.0,0,0,0.0,0,0,0.0,0,0,0.0,0,0,0.0,0,0,0.0,0,0,0.0,0,0,0.0,0,0,0
R_6kIHKChnNPXb3cg,forward,forward,2,7,0,0.0,0,0,0.0,0,0,0.0,0,0,0.0,0,0,0.0,0,0,0.0,0,0,0.0,0,0,0.0,0,0,0.0,0,0,0
R_5p3ATDmE4VkFOq1,ranking,backward,1,6,0,0.0,0,0,0.0,0,0,0.0,0,0,0.0,0,0,0.0,0,0,0.0,0,0,0.0,0,0,0.0,0,0,0.0,0,0,0
R_5p3ATDmE4VkFOq1,backward,backward,1,13,0,0.0,0,0,0.0,0,0,0.0,0,0,0.0,0,0,0.0,0,0,0.0,0,0,0.0,0,0,0.0,0,0,0.0,0,0,0
R_5p3ATDmE4VkFOq1,forward,forward,1,5,0,0.0,0,0,0.0,0,0,0.0,0,0,0.0,0,0,0.0,0,0,0.0,0,0,0.0,0,0,0.0,0,0,0.0,0,0,0
R_1CO3NBWDipYluLr,ranking,backward,3,17,1,5.882,1,0,0.0,0,0,0.0,0,0,0.0,0,0,0.0,0,0,0.0,0,0,0.0,0,0,0.0,0,1,5.882,1,1,0
R_1CO3NBWDipYluLr,backward,backward,3,15,1,6.667,1,0,0.0,0,0,0.0,0,0,0.0,0,0,0.0,0,0,0.0,0,0,0.0,0,1,6.667,1,0,0.0,0,1,0
R_1CO3NBWDipYluLr,forward,forward,3,13,0,0.0,0,0,0.0,0,0,0.0,0,0,0.0,0,0,0.0,0,0,0.0,0,0,0.0,0,0,0.0,0,0,0.0,0,0,0
R_5e9Nsx17T3hwBAc,ranking,backward,3,27,1,3.704,1,0,0.0,0,0,0.0,0,0,0.0,0,0,0.0,0,0,0.0,0,0,0.0,0,0,0.0,0,1,3.704,1,1,0
R_5e9Nsx17T3hwBAc,backward,backward,3,16,0,0.0,0,0,0.0,0,0,0.0,0,0,0.0,0,0,0.0,0,0,0.0,0,0,0.0,0,0,0.0,0,0,0.0,0,0,0
R_5e9Nsx17T3hwBAc,forward,forward,3,16,0,0.0,0,0,0.0,0,0,0.0,0,0,0.0,0,0,0.0,0,0,0.0,0,0,0.0,0,0,0.0,0,0,0.0,0,0,0
R_1QVD3xI810fDGSw,ranking,backward,2,107,2,1.869,2,0,0.0,0,0,0.0,0,0,0.0,0,0,0.0,0,0,0.0,0,1,0.935,1,0,0.0,0,2,1.869,2,1,0
R_1QVD3xI810fDGSw,backward,backward,2,32,0,0.0,0,0,0.0,0,0,0.0,0,0,0.0,0,0,0.0,0,0,0.0,0,0,0.0,0,0,0.0,0,0,0.0,0,0,0
R_1QVD3xI810fDGSw,forward,forward,2,34,0,0.0,0,0,0.0,0,0,0.0,0,0,0.0,0,0,0.0,0,0,0.0,0,0,0.0,0,0,0.0,0,1,2.941,1,0,0
R_33VqCtsDEflnLeh,ranking,backward,1,43,1,2.326,1,0,0.0,0,0,0.0,0,0,0.0,0,0,0.0,0,0,0.0,0,1,2.326,1,1,2.326,1,1,2.326,1,1,0
R_33VqCtsDEflnLeh,backward,backward,1,28,1,3.571,1,0,0.0,0,0,0.0,0,0,0.0,0,0,0.0,0,0,0.0,0,0,0.0,0,0,0.0,0,0,0.0,0,1,0
R_33VqCtsDEflnLeh,forward,forward,1,22,0,0.0,0,0,0.0,0,0,0.0,0,0,0.0,0,0,0.0,0,0,0.0,0,0,0.0,0,0,0.0,0,0,0.0,0,0,0
R_1OW1nhkjpfnnB4k,ranking,backward,3,244,1,0.41,1,0,0.0,0,0,0.0,0,0,0.0,0,0,0.0,0,0,0.0,0,1,0.41,1,1,0.41,1,3,1.23,3,1,0
R_1OW1nhkjpfnnB4k,backward,backward,3,19,0,0.0,0,0,0.0,0,0,0.0,0,0,0.0,0,0,0.0,0,0,0.0,0,0,0.0,0,0,0.0,0,0,0.0,0,0,0
R_1OW1nhkjpfnnB4k,forward,forward,3,11,0,0.0,0,0,0.0,0,0,0.0,0,0,0.0,0,0,0.0,0,0,0.0,0,0,0.0,0,0,0.0,0,0,0.0,0,0,0
R_1TYWmhVwh5ZW17X,ranking,backward,2,73,1,1.37,1,0,0.0,0,0,0.0,0,0,0.0,0,0,0.0,0,0,0.0,0,0,0.0,0,0,0.0,0,0,0.0,0,1,0
R_1TYWmhVwh5ZW17X,backward,backward,2,16,0,0.0,0,0,0.0,0,0,0.0,0,0,0.0,0,0,0.0,0,0,0.0,0,0,0.0,0,0,0.0,0,0,0.0,0,0,0
R_1TYWmhVwh5ZW17X,forward,forward,2,9,0,0.0,0,0,0.0,0,0,0.0,0,0,0.0,0,0,0.0,0,0,0.0,0,0,0.0,0,0,0.0,0,0,0.0,0,0,0
R_7ZNwwXHRga40EbY,ranking,backward,2,12,1,8.333,1,0,0.0,0,0,0.0,0,0,0.0,0,0,0.0,0,0,0.0,0,0,0.0,0,0,0.0,0,0,0.0,0,1,0
R_7ZNwwXHRga40EbY,backward,backward,2,25,0,0.0,0,0,0.0,0,0,0.0,0,0,0.0,0,0,0.0,0,0,0.0,0,0,0.0,0,0,0.0,0,0,0.0,0,0,0
R_7ZNwwXHRga40EbY,forward,forward,2,5,0,0.0,0,0,0.0,0,0,0.0,0,0,0.0,0,0,0.0,0,0,0.0,0,0,0.0,0,0,0.0,0,0,0.0,0,0,0
R_5n8cmJOLbnM1SeM,ranking,backward,1,55,1,1.818,1,0,0.0,0,0,0.0,0,0,0.0,0,0,0.0,0,0,0.0,0,2,3.636,2,0,0.0,0,1,1.818,1,1,0
R_5n8cmJOLbnM1SeM,backward,backward,1,61,1,1.639,1,0,0.0,0,0,0.0,0,0,0.0,0,0,0.0,0,0,0.0,0,1,1.639,1,1,1.639,1,0,0.0,0,1,0
R_5n8cmJOLbnM1SeM,forward,forward,1,41,1,2.439,1,0,0.0,0,0,0.0,0,0,0.0,0,0,0.0,0,0,0.0,0,1,2.439,1,0,0.0,0,0,0.0,0,1,0
R_6BXZjCQplL9iX4W,ranking,backward,1,11,0,0.0,0,0,0.0,0,0,0.0,0,0,0.0,0,0,0.0,0,0,0.0,0,0,0.0,0,0,0.0,0,0,0.0,0,0,0
R_6BXZjCQplL9iX4W,backward,backward,1,12,1,8.333,1,0,0.0,0,0,0.0,0,0,0.0,0,0,0.0,0,0,0.0,0,0,0.0,0,0,0.0,0,0,0.0,0,1,0
R_6BXZjCQplL9iX4W,forward,forward,1,6,0,0.0,0,0,0.0,0,0,0.0,0,0,0.0,0,0,0.0,0,0,0.0,0,0,0.0,0,0,0.0,0,0,0.0,0,0,0
R_1LUuvyEoU61PN5q,ranking,backward,3,56,1,1.786,1,0,0.0,0,0,0.0,0,0,0.0,0,0,0.0,0,0,0.0,0,1,1.786,1,0,0.0,0,0,0.0,0,1,0
R_1LUuvyEoU61PN5q,backward,backward,3,22,0,0.0,0,0,0.0,0,0,0.0,0,0,0.0,0,0,0.0,0,0,0.0,0,0,0.0,0,0,0.0,0,0,0.0,0,0,0
R_1LUuvyEoU61PN5q,forward,forward,3,24,1,4.167,1,0,0.0,0,0,0.0,0,0,0.0,0,0,0.0,0,0,0.0,0,0,0.0,0,0,0.0,0,1,4.167,1,1,0
R_3L22hippk4tZ7r3,ranking,backward,1,35,0,0.0,0,0,0.0,0,0,0.0,0,0,0.0,0,0,0.0,0,0,0.0,0,1,2.857,1,0,0.0,0,1,2.857,1,0,0
R_3L22hippk4tZ7r3,backward,backward,1,27,0,0.0,0,0,0.0,0,0,0.0,0,0,0.0,0,0,0.0,0,0,0.0,0,1,3.704,1,1,3.704,1,0,0.0,0,0,0
R_3L22hippk4tZ7r3,forward,forward,1,26,0,0.0,0,0,0.0,0,0,0.0,0,0,0.0,0,0,0.0,0,0,0.0,0,1,3.846,1,0,0.0,0,0,0.0,0,0,0
R_5uK6r8pWCE1qyHy,ranking,backward,2,20,0,0.0,0,0,0.0,0,0,0.0,0,0,0.0,0,0,0.0,0,0,0.0,0,0,0.0,0,0,0.0,0,1,5.0,1,0,0
R_5uK6r8pWCE1qyHy,backward,backward,2,17,0,0.0,0,0,0.0,0,0,0.0,0,0,0.0,0,0,0.0,0,0,0.0,0,0,0.0,0,0,0.0,0,0,0.0,0,0,0
R_5uK6r8pWCE1qyHy,forward,forward,2,4,0,0.0,0,0,0.0,0,0,0.0,0,0,0.0,0,0,0.0,0,0,0.0,0,0,0.0,0,0,0.0,0,0,0.0,0,0,0
R_35Qtgmp6oy46Q7f,ranking,backward,1,29,0,0.0,0,0,0.0,0,0,0.0,0,0,0.0,0,0,0.0,0,0,0.0,0,0,0.0,0,0,0.0,0,1,3.448,1,0,0
R_35Qtgmp6oy46Q7f,backward,backward,1,56,0,0.0,0,0,0.0,0,0,0.0,0,0,0.0,0,0,0.0,0,0,0.0,0,0,0.0,0,0,0.0,0,0,0.0,0,0,0
R_35Qtgmp6oy46Q7f,forward,forward,1,18,0,0.0,0,0,0.0,0,0,0.0,0,0,0.0,0,0,0.0,0,0,0.0,0,0,0.0,0,0,0.0,0,0,0.0,0,0,0
R_7DMnKJvbM1Nyxd4,ranking,backward,2,44,1,2.273,1,0,0.0,0,0,0.0,0,0,0.0,0,0,0.0,0,0,0.0,0,1,2.273,1,0,0.0,0,0,0.0,0,1,0
R_7DMnKJvbM1Nyxd4,backward,backward,2,51,0,0.0,0,0,0.0,0,0,0.0,0,0,0.0,0,0,0.0,0,0,0.0,0,0,0.0,0,0,0.0,0,0,0.0,0,0,0
R_7DMnKJvbM1Nyxd4,forward,forward,2,20,1,5.0,1,0,0.0,0,0,0.0,0,0,0.0,0,0,0.0,0,0,0.0,0,0,0.0,0,0,0.0,0,0,0.0,0,1,0
R_5K76QI6UDF9ZsYp,ranking,backward,3,40,0,0.0,0,0,0.0,0,0,0.0,0,0,0.0,0,0,0.0,0,0,0.0,0,1,2.5,1,0,0.0,0,0,0.0,0,0,0
R_5K76QI6UDF9ZsYp,backward,backward,3,11,0,0.0,0,0,0.0,0,0,0.0,0,0,0.0,0,0,0.0,0,0,0.0,0,0,0.0,0,0,0.0,0,0,0.0,0,0,0
R_5K76QI6UDF9ZsYp,forward,forward,3,6,0,0.0,0,0,0.0,0,0,0.0,0,0,0.0,0,0,0.0,0,0,0.0,0,0,0.0,0,0,0.0,0,0,0.0,0,0,0
R_6stCjDfYlkQVYKB,ranking,backward,2,56,1,1.786,1,0,0.0,0,0,0.0,0,0,0.0,0,0,0.0,0,0,0.0,0,2,3.571,2,1,1.786,1,1,1.786,1,1,0
R_6stCjDfYlkQVYKB,backward,backward,2,83,0,0.0,0,0,0.0,0,0,0.0,0,0,0.0,0,0,0.0,0,0,0.0,0,0,0.0,0,0,0.0,0,0,0.0,0,0,0
R_6stCjDfYlkQVYKB,forward,forward,2,43,2,4.651,2,0,0.0,0,0,0.0,0,0,0.0,0,0,0.0,0,0,0.0,0,0,0.0,0,0,0.0,0,0,0.0,0,1,0
R_1JezlHsnsqgW8m1,ranking,backward,3,83,1,1.205,1,0,0.0,0,0,0.0,0,0,0.0,0,0,0.0,0,0,0.0,0,1,1.205,1,0,0.0,0,0,0.0,0,1,0
R_1JezlHsnsqgW8m1,backward,backward,3,38,0,0.0,0,0,0.0,0,0,0.0,0,0,0.0,0,0,0.0,0,0,0.0,0,0,0.0,0,0,0.0,0,1,2.632,1,0,0
R_1JezlHsnsqgW8m1,forward,forward,3,22,0,0.0,0,0,0.0,0,0,0.0,0,0,0.0,0,0,0.0,0,0,0.0,0,0,0.0,0,0,0.0,0,0,0.0,0,0,0
R_3HoCwYcItTSeLqy,ranking,backward,1,49,1,2.041,1,0,0.0,0,0,0.0,0,0,0.0,0,0,0.0,0,0,0.0,0,0,0.0,0,0,0.0,0,0,0.0,0,1,0
R_3HoCwYcItTSeLqy,backward,backward,1,30,0,0.0,0,0,0.0,0,0,0.0,0,0,0.0,0,0,0.0,0,0,0.0,0,0,0.0,0,0,0.0,0,0,0.0,0,0,0
R_3HoCwYcItTSeLqy,forward,forward,1,11,0,0.0,0,0,0.0,0,0,0.0,0,0,0.0,0,0,0.0,0,0,0.0,0,0,0.0,0,0,0.0,0,0,0.0,0,0,0
R_3n0H0fpRk03aNgQ,ranking,backward,1,18,1,5.556,1,0,0.0,0,0,0.0,0,0,0.0,0,0,0.0,0,0,0.0,0,0,0.0,0,0,0.0,0,0,0.0,0,1,0
R_3n0H0fpRk03aNgQ,backward,backward,1,9,0,0.0,0,0,0.0,0,0,0.0,0,0,0.0,0,0,0.0,0,0,0.0,0,0,0.0,0,0,0.0,0,0,0.0,0,0,0
R_3n0H0fpRk03aNgQ,forward,forward,1,11,0,0.0,0,0,0.0,0,0,0.0,0,0,0.0,0,0,0.0,0,0,0.0,0,0,0.0,0,0,0.0,0,0,0.0,0,0,0
R_6uCK7th7IcsNk7m,ranking,backward,2,38,1,2.632,1,0,0.0,0,0,0.0,0,0,0.0,0,0,0.0,0,0,0.0,0,0,0.0,0,0,0.0,0,0,0.0,0,1,0
R_6uCK7th7IcsNk7m,backward,backward,2,23,1,4.348,1,0,0.0,0,0,0.0,0,0,0.0,0,0,0.0,0,0,0.0,0,0,0.0,0,1,4.348,1,0,0.0,0,1,0
R_6uCK7th7IcsNk7m,forward,forward,2,18,0,0.0,0,0,0.0,0,0,0.0,0,0,0.0,0,0,0.0,0,1,5.556,1,0,0.0,0,0,0.0,0,0,0.0,0,0,1
R_7CCkgIfb8i0oRCz,ranking,backward,3,14,0,0.0,0,0,0.0,0,0,0.0,0,0,0.0,0,0,0.0,0,0,0.0,0,0,0.0,0,0,0.0,0,0,0.0,0,0,0
R_7CCkgIfb8i0oRCz,backward,backward,3,7,0,0.0,0,0,0.0,0,0,0.0,0,0,0.0,0,0,0.0,0,0,0.0,0,0,0.0,0,0,0.0,0,0,0.0,0,0,0
R_7CCkgIfb8i0oRCz,forward,forward,3,5,0,0.0,0,0,0.0,0,0,0.0,0,0,0.0,0,0,0.0,0,0,0.0,0,0,0.0,0,0,0.0,0,0,0.0,0,0,0
R_6ZBVUV5I9Q4c8CX,ranking,backward,3,24,0,0.0,0,0,0.0,0,0,0.0,0,0,0.0,0,0,0.0,0,0,0.0,0,0,0.0,0,0,0.0,0,0,0.0,0,0,0
R_6ZBVUV5I9Q4c8CX,backward,backward,3,8,0,0.0,0,0,0.0,0,0,0.0,0,0,0.0,0,0,0.0,0,0,0.0,0,0,0.0,0,0,0.0,0,0,0.0,0,0,0
R_6ZBVUV5I9Q4c8CX,forward,forward,3,10,0,0.0,0,0,0.0,0,0,0.0,0,0,0.0,0,0,0.0,0,0,0.0,0,0,0.0,0,0,0.0,0,0,0.0,0,0,0
R_6FhdpkxNzc7t5L6,ranking,backward,2,25,0,0.0,0,0,0.0,0,0,0.0,0,0,0.0,0,0,0.0,0,0,0.0,0,0,0.0,0,0,0.0,0,2,8.0,2,0,0
R_6FhdpkxNzc7t5L6,backward,backward,2,28,1,3.571,1,0,0.0,0,0,0.0,0,0,0.0,0,0,0.0,0,0,0.0,0,0,0.0,0,0,0.0,0,0,0.0,0,1,0
R_6FhdpkxNzc7t5L6,forward,forward,2,9,0,0.0,0,0,0.0,0,0,0.0,0,0,0.0,0,0,0.0,0,0,0.0,0,0,0.0,0,0,0.0,0,0,0.0,0,0,0
R_1uL5ebut6hhMeAN,ranking,backward,3,7,0,0.0,0,0,0.0,0,0,0.0,0,0,0.0,0,0,0.0,0,0,0.0,0,0,0.0,0,0,0.0,0,0,0.0,0,0,0
R_1uL5ebut6hhMeAN,backward,backward,3,15,0,0.0,0,0,0.0,0,0,0.0,0,0,0.0,0,0,0.0,0,0,0.0,0,0,0.0,0,0,0.0,0,0,0.0,0,0,0
R_1uL5ebut6hhMeAN,forward,forward,3,13,0,0.0,0,0,0.0,0,0,0.0,0,0,0.0,0,0,0.0,0,0,0.0,0,0,0.0,0,0,0.0,0,0,0.0,0,0,0
R_7Br22oylag6ZU8W,ranking,backward,2,30,0,0.0,0,0,0.0,0,0,0.0,0,0,0.0,0,0,0.0,0,0,0.0,0,0,0.0,0,0,0.0,0,0,0.0,0,0,0
R_7Br22oylag6ZU8W,backward,backward,2,24,0,0.0,0,0,0.0,0,0,0.0,0,0,0.0,0,0,0.0,0,0,0.0,0,0,0.0,0,1,4.167,1,0,0.0,0,0,0
R_7Br22oylag6ZU8W,forward,forward,2,23,0,0.0,0,0,0.0,0,0,0.0,0,0,0.0,0,0,0.0,0,0,0.0,0,0,0.0,0,0,0.0,0,1,4.348,1,0,0
R_3anpRb3xn0S0kcK,ranking,backward,1,41,0,0.0,0,0,0.0,0,0,0.0,0,0,0.0,0,0,0.0,0,0,0.0,0,0,0.0,0,0,0.0,0,0,0.0,0,0,0
R_3anpRb3xn0S0kcK,backward,backward,1,37,0,0.0,0,0,0.0,0,0,0.0,0,0,0.0,0,0,0.0,0,0,0.0,0,0,0.0,0,0,0.0,0,0,0.0,0,0,0
R_3anpRb3xn0S0kcK,forward,forward,1,17,0,0.0,0,0,0.0,0,0,0.0,0,0,0.0,0,0,0.0,0,0,0.0,0,0,0.0,0,0,0.0,0,0,0.0,0,0,0
R_3XE3s6zHT1SqCCl,ranking,backward,1,86,1,1.163,1,0,0.0,0,0,0.0,0,0,0.0,0,0,0.0,0,0,0.0,0,0,0.0,0,1,1.163,1,0,0.0,0,1,0
R_3XE3s6zHT1SqCCl,backward,backward,1,22,1,4.545,1,0,0.0,0,0,0.0,0,0,0.0,0,0,0.0,0,0,0.0,0,0,0.0,0,0,0.0,0,0,0.0,0,1,0
R_3XE3s6zHT1SqCCl,forward,forward,1,27,2,7.407,2,0,0.0,0,0,0.0,0,0,0.0,0,0,0.0,0,0,0.0,0,0,0.0,0,0,0.0,0,0,0.0,0,1,0
R_58UKl9rvdikJPdD,ranking,backward,2,4,0,0.0,0,0,0.0,0,0,0.0,0,0,0.0,0,0,0.0,0,0,0.0,0,0,0.0,0,0,0.0,0,0,0.0,0,0,0
R_58UKl9rvdikJPdD,backward,backward,2,16,1,6.25,1,0,0.0,0,0,0.0,0,0,0.0,0,0,0.0,0,0,0.0,0,0,0.0,0,0,0.0,0,0,0.0,0,1,0
R_58UKl9rvdikJPdD,forward,forward,2,4,0,0.0,0,0,0.0,0,0,0.0,0,0,0.0,0,0,0.0,0,0,0.0,0,1,25.0,1,0,0.0,0,0,0.0,0,0,0
R_5tDPm2n5qC9UQ7G,ranking,backward,1,36,1,2.778,1,0,0.0,0,0,0.0,0,0,0.0,0,0,0.0,0,0,0.0,0,0,0.0,0,0,0.0,0,1,2.778,1,1,0
R_5tDPm2n5qC9UQ7G,backward,backward,1,48,0,0.0,0,0,0.0,0,0,0.0,0,0,0.0,0,0,0.0,0,0,0.0,0,0,0.0,0,0,0.0,0,0,0.0,0,0,0
R_5tDPm2n5qC9UQ7G,forward,forward,1,27,0,0.0,0,0,0.0,0,0,0.0,0,0,0.0,0,0,0.0,0,0,0.0,0,1,3.704,1,0,0.0,0,0,0.0,0,0,0
R_7ff55xkNgwe3SUc,ranking,backward,2,39,1,2.564,1,0,0.0,0,0,0.0,0,0,0.0,0,0,0.0,0,0,0.0,0,0,0.0,0,0,0.0,0,0,0.0,0,1,0
R_7ff55xkNgwe3SUc,backward,backward,2,17,0,0.0,0,0,0.0,0,0,0.0,0,0,0.0,0,0,0.0,0,0,0.0,0,0,0.0,0,0,0.0,0,0,0.0,0,0,0
R_7ff55xkNgwe3SUc,forward,forward,2,12,1,8.333,1,1,8.333,1,0,0.0,0,0,0.0,0,0,0.0,0,0,0.0,0,0,0.0,0,0,0.0,0,0,0.0,0,1,0
R_61QrqpXya326LaF,ranking,backward,2,18,0,0.0,0,0,0.0,0,0,0.0,0,0,0.0,0,0,0.0,0,0,0.0,0,0,0.0,0,0,0.0,0,1,5.556,1,0,0
R_61QrqpXya326LaF,backward,backward,2,12,0,0.0,0,0,0.0,0,0,0.0,0,0,0.0,0,0,0.0,0,0,0.0,0,0,0.0,0,0,0.0,0,0,0.0,0,0,0
R_61QrqpXya326LaF,forward,forward,2,20,0,0.0,0,0,0.0,0,0,0.0,0,0,0.0,0,0,0.0,0,0,0.0,0,0,0.0,0,1,5.0,1,0,0.0,0,0,0
R_6ElIGdEzy97JpBL,ranking,backward,1,117,1,0.855,1,0,0.0,0,0,0.0,0,0,0.0,0,0,0.0,0,0,0.0,0,0,0.0,0,0,0.0,0,1,0.855,1,1,0
R_6ElIGdEzy97JpBL,backward,backward,1,46,0,0.0,0,0,0.0,0,0,0.0,0,0,0.0,0,0,0.0,0,0,0.0,0,0,0.0,0,0,0.0,0,0,0.0,0,0,0
R_6ElIGdEzy97JpBL,forward,forward,1,40,0,0.0,0,0,0.0,0,0,0.0,0,0,0.0,0,0,0.0,0,1,2.5,1,0,0.0,0,0,0.0,0,2,5.0,2,0,1
R_5PtTLL00ffBeM3e,ranking,backward,3,92,1,1.087,1,0,0.0,0,0,0.0,0,0,0.0,0,0,0.0,0,0,0.0,0,1,1.087,1,0,0.0,0,1,1.087,1,1,0
R_5PtTLL00ffBeM3e,backward,backward,3,51,0,0.0,0,0,0.0,0,0,0.0,0,0,0.0,0,0,0.0,0,0,0.0,0,0,0.0,0,0,0.0,0,0,0.0,0,0,0
R_5PtTLL00ffBeM3e,forward,forward,3,22,0,0.0,0,0,0.0,0,0,0.0,0,0,0.0,0,0,0.0,0,0,0.0,0,0,0.0,0,0,0.0,0,0,0.0,0,0,0
R_5CNGtVSXoshVP3v,ranking,backward,1,16,0,0.0,0,0,0.0,0,0,0.0,0,0,0.0,0,0,0.0,0,0,0.0,0,0,0.0,0,0,0.0,0,0,0.0,0,0,0
R_5CNGtVSXoshVP3v,backward,backward,1,27,0,0.0,0,0,0.0,0,0,0.0,0,0,0.0,0,0,0.0,0,0,0.0,0,0,0.0,0,1,3.704,1,0,0.0,0,0,0
R_5CNGtVSXoshVP3v,forward,forward,1,23,0,0.0,0,0,0.0,0,0,0.0,0,0,0.0,0,0,0.0,0,0,0.0,0,0,0.0,0,0,0.0,0,0,0.0,0,0,0
R_6qdGNbIWWKD7YHf,ranking,backward,3,99,1,1.01,1,0,0.0,0,0,0.0,0,0,0.0,0,0,0.0,0,0,0.0,0,0,0.0,0,1,1.01,1,0,0.0,0,1,0
R_6qdGNbIWWKD7YHf,backward,backward,3,26,0,0.0,0,0,0.0,0,0,0.0,0,0,0.0,0,0,0.0,0,0,0.0,0,0,0.0,0,0,0.0,0,0,0.0,0,0,0
R_6qdGNbIWWKD7YHf,forward,forward,3,32,0,0.0,0,0,0.0,0,0,0.0,0,0,0.0,0,0,0.0,0,0,0.0,0,0,0.0,0,0,0.0,0,0,0.0,0,0,0
R_1PTrEzATTHcJBWt,ranking,backward,3,85,1,1.176,1,0,0.0,0,0,0.0,0,0,0.0,0,0,0.0,0,0,0.0,0,1,1.176,1,0,0.0,0,1,1.176,1,1,0
R_1PTrEzATTHcJBWt,backward,backward,3,64,0,0.0,0,0,0.0,0,0,0.0,0,0,0.0,0,0,0.0,0,0,0.0,0,0,0.0,0,1,1.562,1,0,0.0,0,0,0
R_1PTrEzATTHcJBWt,forward,forward,3,14,0,0.0,0,0,0.0,0,0,0.0,0,0,0.0,0,0,0.0,0,0,0.0,0,0,0.0,0,0,0.0,0,0,0.0,0,0,0
R_1zqoep7qIRXlk3v,ranking,backward,3,12,0,0.0,0,0,0.0,0,0,0.0,0,0,0.0,0,0,0.0,0,0,0.0,0,0,0.0,0,0,0.0,0,0,0.0,0,0,0
R_1zqoep7qIRXlk3v,backward,backward,3,11,0,0.0,0,0,0.0,0,0,0.0,0,0,0.0,0,0,0.0,0,0,0.0,0,0,0.0,0,0,0.0,0,0,0.0,0,0,0
R_1zqoep7qIRXlk3v,forward,forward,3,10,0,0.0,0,0,0.0,0,0,0.0,0,0,0.0,0,0,0.0,0,0,0.0,0,0,0.0,0,0,0.0,0,0,0.0,0,0,0
R_7q5gYI0z2rOIJqN,ranking,backward,2,49,1,2.041,1,0,0.0,0,0,0.0,0,0,0.0,0,0,0.0,0,0,0.0,0,0,0.0,0,1,2.041,1,0,0.0,0,1,0
R_7q5gYI0z2rOIJqN,backward,backward,2,36,2,5.556,2,0,0.0,0,0,0.0,0,0,0.0,0,0,0.0,0,0,0.0,0,0,0.0,0,0,0.0,0,0,0.0,0,1,0
R_7q5gYI0z2rOIJqN,forward,forward,2,17,0,0.0,0,0,0.0,0,0,0.0,0,0,0.0,0,0,0.0,0,0,0.0,0,0,0.0,0,0,0.0,0,0,0.0,0,0,0
R_3YigpUhq7LXi0N7,ranking,backward,3,87,0,0.0,0,0,0.0,0,0,0.0,0,0,0.0,0,0,0.0,0,0,0.0,0,0,0.0,0,0,0.0,0,1,1.149,1,0,0
R_3YigpUhq7LXi0N7,backward,backward,3,23,0,0.0,0,0,0.0,0,0,0.0,0,0,0.0,0,0,0.0,0,0,0.0,0,0,0.0,0,1,4.348,1,0,0.0,0,0,0
R_3YigpUhq7LXi0N7,forward,forward,3,46,0,0.0,0,0,0.0,0,0,0.0,0,0,0.0,0,0,0.0,0,0,0.0,0,0,0.0,0,0,0.0,0,0,0.0,0,0,0
R_5q89XaqyBG95fQk,ranking,backward,2,22,0,0.0,0,0,0.0,0,0,0.0,0,0,0.0,0,0,0.0,0,0,0.0,0,1,4.545,1,0,0.0,0,0,0.0,0,0,0
R_5q89XaqyBG95fQk,backward,backward,2,18,0,0.0,0,1,5.556,1,0,0.0,0,0,0.0,0,0,0.0,0,0,0.0,0,0,0.0,0,0,0.0,0,0,0.0,0,1,0
R_5q89XaqyBG95fQk,forward,forward,2,10,0,0.0,0,0,0.0,0,0,0.0,0,0,0.0,0,0,0.0,0,0,0.0,0,0,0.0,0,0,0.0,0,0,0.0,0,0,0
R_6SPsmRZboWfpGDf,ranking,backward,1,44,0,0.0,0,0,0.0,0,0,0.0,0,0,0.0,0,0,0.0,0,0,0.0,0,1,2.273,1,0,0.0,0,1,2.273,1,0,0
R_6SPsmRZboWfpGDf,backward,backward,1,38,0,0.0,0,0,0.0,0,0,0.0,0,0,0.0,0,0,0.0,0,0,0.0,0,0,0.0,0,0,0.0,0,0,0.0,0,0,0
R_6SPsmRZboWfpGDf,forward,forward,1,29,0,0.0,0,0,0.0,0,0,0.0,0,0,0.0,0,0,0.0,0,0,0.0,0,0,0.0,0,0,0.0,0,2,6.897,2,0,0
R_3wc6rr7BxVqUwHE,ranking,backward,3,12,0,0.0,0,0,0.0,0,0,0.0,0,0,0.0,0,0,0.0,0,0,0.0,0,0,0.0,0,0,0.0,0,0,0.0,0,0,0
R_3wc6rr7BxVqUwHE,backward,backward,3,10,0,0.0,0,0,0.0,0,0,0.0,0,0,0.0,0,0,0.0,0,0,0.0,0,0,0.0,0,0,0.0,0,0,0.0,0,0,0
R_3wc6rr7BxVqUwHE,forward,forward,3,7,0,0.0,0,0,0.0,0,0,0.0,0,0,0.0,0,0,0.0,0,0,0.0,0,0,0.0,0,0,0.0,0,0,0.0,0,0,0
R_5CBtyLKPVyvTH8l,ranking,backward,1,32,0,0.0,0,0,0.0,0,0,0.0,0,0,0.0,0,0,0.0,0,0,0.0,0,0,0.0,0,0,0.0,0,0,0.0,0,0,0
R_5CBtyLKPVyvTH8l,backward,backward,1,11,0,0.0,0,0,0.0,0,0,0.0,0,0,0.0,0,0,0.0,0,0,0.0,0,0,0.0,0,0,0.0,0,0,0.0,0,0,0
R_5CBtyLKPVyvTH8l,forward,forward,1,4,0,0.0,0,0,0.0,0,0,0.0,0,0,0.0,0,0,0.0,0,0,0.0,0,0,0.0,0,0,0.0,0,0,0.0,0,0,0
R_1gp9Vsk8MYj15fZ,ranking,backward,1,18,0,0.0,0,0,0.0,0,0,0.0,0,0,0.0,0,0,0.0,0,0,0.0,0,0,0.0,0,1,5.556,1,0,0.0,0,0,0
R_1gp9Vsk8MYj15fZ,backward,backward,1,25,0,0.0,0,0,0.0,0,0,0.0,0,0,0.0,0,0,0.0,0,0,0.0,0,0,0.0,0,0,0.0,0,0,0.0,0,0,0
R_1gp9Vsk8MYj15fZ,forward,forward,1,25,0,0.0,0,0,0.0,0,0,0.0,0,0,0.0,0,0,0.0,0,0,0.0,0,1,4.0,1,0,0.0,0,0,0.0,0,0,0
R_57ZNiOHqzX9DvGN,ranking,backward,2,102,1,0.98,1,0,0.0,0,0,0.0,0,0,0.0,0,0,0.0,0,0,0.0,0,1,0.98,1,1,0.98,1,1,0.98,1,1,0
R_57ZNiOHqzX9DvGN,backward,backward,2,107,0,0.0,0,0,0.0,0,0,0.0,0,0,0.0,0,0,0.0,0,0,0.0,0,0,0.0,0,0,0.0,0,0,0.0,0,0,0
R_57ZNiOHqzX9DvGN,forward,forward,2,52,0,0.0,0,0,0.0,0,0,0.0,0,0,0.0,0,0,0.0,0,0,0.0,0,0,0.0,0,0,0.0,0,1,1.923,1,0,0
R_7BQU8RuHJjJCovj,ranking,backward,2,24,0,0.0,0,0,0.0,0,0,0.0,0,0,0.0,0,0,0.0,0,0,0.0,0,0,0.0,0,0,0.0,0,2,8.333,2,0,0
R_7BQU8RuHJjJCovj,backward,backward,2,15,0,0.0,0,0,0.0,0,0,0.0,0,0,0.0,0,0,0.0,0,0,0.0,0,0,0.0,0,0,0.0,0,1,6.667,1,0,0
R_7BQU8RuHJjJCovj,forward,forward,2,17,0,0.0,0,0,0.0,0,0,0.0,0,0,0.0,0,0,0.0,0,0,0.0,0,0,0.0,0,0,0.0,0,0,0.0,0,0,0
R_5z16Ow7ptKlKtWN,ranking,backward,2,77,1,1.299,1,0,0.0,0,0,0.0,0,0,0.0,0,0,0.0,0,0,0.0,0,0,0.0,0,0,0.0,0,1,1.299,1,1,0
R_5z16Ow7ptKlKtWN,backward,backward,2,14,0,0.0,0,0,0.0,0,0,0.0,0,0,0.0,0,0,0.0,0,0,0.0,0,0,0.0,0,0,0.0,0,0,0.0,0,0,0
R_5z16Ow7ptKlKtWN,forward,forward,2,10,0,0.0,0,0,0.0,0,0,0.0,0,0,0.0,0,0,0.0,0,0,0.0,0,0,0.0,0,0,0.0,0,0,0.0,0,0,0
R_50vJLZclzR1Cc7w,ranking,backward,3,31,0,0.0,0,0,0.0,0,0,0.0,0,0,0.0,0,0,0.0,0,0,0.0,0,1,3.226,1,1,3.226,1,0,0.0,0,0,0
R_50vJLZclzR1Cc7w,backward,backward,3,38,1,2.632,1,0,0.0,0,0,0.0,0,0,0.0,0,0,0.0,0,0,0.0,0,0,0.0,0,0,0.0,0,0,0.0,0,1,0
R_50vJLZclzR1Cc7w,forward,forward,3,37,0,0.0,0,0,0.0,0,0,0.0,0,0,0.0,0,0,0.0,0,0,0.0,0,0,0.0,0,0,0.0,0,0,0.0,0,0,0
R_1TYniYpRXvMXM0W,ranking,backward,1,23,0,0.0,0,0,0.0,0,0,0.0,0,0,0.0,0,0,0.0,0,0,0.0,0,1,4.348,1,0,0.0,0,1,4.348,1,0,0
R_1TYniYpRXvMXM0W,backward,backward,1,17,1,5.882,1,0,0.0,0,0,0.0,0,0,0.0,0,0,0.0,0,0,0.0,0,0,0.0,0,0,0.0,0,0,0.0,0,1,0
R_1TYniYpRXvMXM0W,forward,forward,1,3,0,0.0,0,0,0.0,0,0,0.0,0,0,0.0,0,0,0.0,0,0,0.0,0,0,0.0,0,0,0.0,0,0,0.0,0,0,0
R_7mMLLdBmTHX64Uh,ranking,backward,3,46,1,2.174,1,0,0.0,0,0,0.0,0,0,0.0,0,0,0.0,0,0,0.0,0,1,2.174,1,1,2.174,1,1,2.174,1,1,0
R_7mMLLdBmTHX64Uh,backward,backward,3,41,0,0.0,0,0,0.0,0,0,0.0,0,0,0.0,0,0,0.0,0,0,0.0,0,0,0.0,0,0,0.0,0,0,0.0,0,0,0
R_7mMLLdBmTHX64Uh,forward,forward,3,1,0,0.0,0,0,0.0,0,0,0.0,0,0,0.0,0,0,0.0,0,0,0.0,0,0,0.0,0,0,0.0,0,0,0.0,0,0,0
R_7ixZwbb5uUGx8wp,ranking,backward,2,42,0,0.0,0,0,0.0,0,0,0.0,0,0,0.0,0,0,0.0,0,0,0.0,0,1,2.381,1,0,0.0,0,1,2.381,1,0,0
R_7ixZwbb5uUGx8wp,backward,backward,2,4,0,0.0,0,0,0.0,0,0,0.0,0,0,0.0,0,0,0.0,0,0,0.0,0,0,0.0,0,0,0.0,0,0,0.0,0,0,0
R_7ixZwbb5uUGx8wp,forward,forward,2,9,0,0.0,0,0,0.0,0,0,0.0,0,0,0.0,0,0,0.0,0,0,0.0,0,0,0.0,0,0,0.0,0,1,11.111,1,0,0
R_5dB5U8XuhIlPZFM,ranking,backward,1,71,0,0.0,0,0,0.0,0,0,0.0,0,0,0.0,0,0,0.0,0,0,0.0,0,1,1.408,1,1,1.408,1,1,1.408,1,0,0
R_5dB5U8XuhIlPZFM,backward,backward,1,25,0,0.0,0,0,0.0,0,0,0.0,0,0,0.0,0,0,0.0,0,0,0.0,0,0,0.0,0,0,0.0,0,0,0.0,0,0,0
R_5dB5U8XuhIlPZFM,forward,forward,1,27,0,0.0,0,0,0.0,0,0,0.0,0,0,0.0,0,0,0.0,0,0,0.0,0,1,3.704,1,0,0.0,0,0,0.0,0,0,0
R_3LnCb1gA0WmAug1,ranking,backward,3,5,0,0.0,0,0,0.0,0,0,0.0,0,0,0.0,0,0,0.0,0,0,0.0,0,0,0.0,0,0,0.0,0,0,0.0,0,0,0
R_3LnCb1gA0WmAug1,backward,backward,3,11,1,9.091,1,0,0.0,0,0,0.0,0,0,0.0,0,0,0.0,0,0,0.0,0,0,0.0,0,0,0.0,0,0,0.0,0,1,0
R_3LnCb1gA0WmAug1,forward,forward,3,7,0,0.0,0,0,0.0,0,0,0.0,0,0,0.0,0,0,0.0,0,0,0.0,0,0,0.0,0,0,0.0,0,0,0.0,0,0,0
R_5imRf0EKg09w417,ranking,backward,3,51,0,0.0,0,0,0.0,0,0,0.0,0,0,0.0,0,0,0.0,0,0,0.0,0,1,1.961,1,1,1.961,1,1,1.961,1,0,0
R_5imRf0EKg09w417,backward,backward,3,24,0,0.0,0,0,0.0,0,0,0.0,0,0,0.0,0,0,0.0,0,0,0.0,0,0,0.0,0,0,0.0,0,0,0.0,0,0,0
R_5imRf0EKg09w417,forward,forward,3,11,0,0.0,0,0,0.0,0,0,0.0,0,0,0.0,0,0,0.0,0,0,0.0,0,0,0.0,0,0,0.0,0,0,0.0,0,0,0
R_6saW9CejQoBzggd,ranking,backward,1,11,0,0.0,0,0,0.0,0,0,0.0,0,0,0.0,0,0,0.0,0,0,0.0,0,0,0.0,0,0,0.0,0,1,9.091,1,0,0
R_6saW9CejQoBzggd,backward,backward,1,12,0,0.0,0,0,0.0,0,0,0.0,0,0,0.0,0,0,0.0,0,0,0.0,0,0,0.0,0,0,0.0,0,0,0.0,0,0,0
R_6saW9CejQoBzggd,forward,forward,1,3,0,0.0,0,0,0.0,0,0,0.0,0,0,0.0,0,0,0.0,0,0,0.0,0,0,0.0,0,0,0.0,0,0,0.0,0,0,0
R_3X6DTT9ryef1DEt,ranking,backward,1,8,0,0.0,0,0,0.0,0,0,0.0,0,0,0.0,0,0,0.0,0,0,0.0,0,0,0.0,0,0,0.0,0,0,0.0,0,0,0
R_3X6DTT9ryef1DEt,backward,backward,1,11,2,18.182,2,0,0.0,0,0,0.0,0,0,0.0,0,0,0.0,0,0,0.0,0,0,0.0,0,0,0.0,0,0,0.0,0,1,0
R_3X6DTT9ryef1DEt,forward,forward,1,12,1,8.333,1,0,0.0,0,0,0.0,0,0,0.0,0,0,0.0,0,0,0.0,0,0,0.0,0,0,0.0,0,0,0.0,0,1,0
R_617Aoh84Ot3Lkdh,ranking,backward,2,15,0,0.0,0,0,0.0,0,0,0.0,0,0,0.0,0,0,0.0,0,0,0.0,0,0,0.0,0,0,0.0,0,0,0.0,0,0,0
R_617Aoh84Ot3Lkdh,backward,backward,2,19,0,0.0,0,0,0.0,0,0,0.0,0,0,0.0,0,0,0.0,0,0,0.0,0,0,0.0,0,0,0.0,0,0,0.0,0,0,0
R_617Aoh84Ot3Lkdh,forward,forward,2,11,0,0.0,0,0,0.0,0,0,0.0,0,0,0.0,0,0,0.0,0,0,0.0,0,0,0.0,0,0,0.0,0,0,0.0,0,0,0
R_5f1AO5oMsHoRG3Q,ranking,backward,3,58,1,1.724,1,0,0.0,0,0,0.0,0,0,0.0,0,0,0.0,0,0,0.0,0,1,1.724,1,1,1.724,1,0,0.0,0,1,0
R_5f1AO5oMsHoRG3Q,backward,backward,3,34,0,0.0,0,0,0.0,0,0,0.0,0,0,0.0,0,0,0.0,0,0,0.0,0,0,0.0,0,0,0.0,0,0,0.0,0,0,0
R_5f1AO5oMsHoRG3Q,forward,forward,3,28,0,0.0,0,0,0.0,0,0,0.0,0,0,0.0,0,0,0.0,0,0,0.0,0,0,0.0,0,0,0.0,0,0,0.0,0,0,0
R_3fP3mSpnquITxO5,ranking,backward,1,19,1,5.263,1,0,0.0,0,0,0.0,0,0,0.0,0,0,0.0,0,0,0.0,0,0,0.0,0,1,5.263,1,0,0.0,0,1,0
R_3fP3mSpnquITxO5,backward,backward,1,11,0,0.0,0,0,0.0,0,0,0.0,0,0,0.0,0,0,0.0,0,0,0.0,0,0,0.0,0,0,0.0,0,0,0.0,0,0,0
R_3fP3mSpnquITxO5,forward,forward,1,8,0,0.0,0,0,0.0,0,0,0.0,0,0,0.0,0,0,0.0,0,0,0.0,0,0,0.0,0,0,0.0,0,0,0.0,0,0,0
R_5etcttt4zqd9q69,ranking,backward,3,23,0,0.0,0,0,0.0,0,0,0.0,0,0,0.0,0,0,0.0,0,0,0.0,0,0,0.0,0,0,0.0,0,0,0.0,0,0,0
R_5etcttt4zqd9q69,backward,backward,3,28,0,0.0,0,0,0.0,0,0,0.0,0,0,0.0,0,0,0.0,0,0,0.0,0,1,3.571,1,0,0.0,0,0,0.0,0,0,0
R_5etcttt4zqd9q69,forward,forward,3,10,0,0.0,0,0,0.0,0,0,0.0,0,0,0.0,0,0,0.0,0,0,0.0,0,0,0.0,0,0,0.0,0,0,0.0,0,0,0
R_1vFEykOdYRUrOlH,ranking,backward,1,52,0,0.0,0,0,0.0,0,0,0.0,0,0,0.0,0,0,0.0,0,0,0.0,0,1,1.923,1,1,1.923,1,1,1.923,1,0,0
R_1vFEykOdYRUrOlH,backward,backward,1,17,0,0.0,0,0,0.0,0,0,0.0,0,0,0.0,0,0,0.0,0,0,0.0,0,0,0.0,0,1,5.882,1,0,0.0,0,0,0
R_1vFEykOdYRUrOlH,forward,forward,1,2,1,50.0,1,0,0.0,0,0,0.0,0,0,0.0,0,0,0.0,0,0,0.0,0,0,0.0,0,0,0.0,0,0,0.0,0,1,0
R_3aKXWaRVUF0ZreO,ranking,backward,2,123,0,0.0,0,0,0.0,0,0,0.0,0,0,0.0,0,0,0.0,0,0,0.0,0,1,0.813,1,1,0.813,1,1,0.813,1,0,0
R_3aKXWaRVUF0ZreO,backward,backward,2,32,0,0.0,0,0,0.0,0,0,0.0,0,0,0.0,0,0,0.0,0,0,0.0,0,0,0.0,0,0,0.0,0,0,0.0,0,0,0
R_3aKXWaRVUF0ZreO,forward,forward,2,8,0,0.0,0,0,0.0,0,0,0.0,0,0,0.0,0,0,0.0,0,0,0.0,0,0,0.0,0,0,0.0,0,0,0.0,0,0,0
R_3V3l7PsTXns1kK6,ranking,backward,2,6,0,0.0,0,0,0.0,0,0,0.0,0,0,0.0,0,0,0.0,0,0,0.0,0,0,0.0,0,0,0.0,0,0,0.0,0,0,0
R_3V3l7PsTXns1kK6,backward,backward,2,5,0,0.0,0,0,0.0,0,0,0.0,0,0,0.0,0,0,0.0,0,0,0.0,0,0,0.0,0,0,0.0,0,0,0.0,0,0,0
R_3V3l7PsTXns1kK6,forward,forward,2,4,0,0.0,0,0,0.0,0,0,0.0,0,0,0.0,0,0,0.0,0,0,0.0,0,0,0.0,0,0,0.0,0,0,0.0,0,0,0
R_3V7EyutNoXnGHzH,ranking,backward,3,37,0,0.0,0,0,0.0,0,0,0.0,0,0,0.0,0,0,0.0,0,0,0.0,0,0,0.0,0,1,2.703,1,1,2.703,1,0,0
R_3V7EyutNoXnGHzH,backward,backward,3,19,0,0.0,0,0,0.0,0,0,0.0,0,0,0.0,0,0,0.0,0,0,0.0,0,0,0.0,0,1,5.263,1,0,0.0,0,0,0
R_3V7EyutNoXnGHzH,forward,forward,3,18,0,0.0,0,0,0.0,0,0,0.0,0,0,0.0,0,0,0.0,0,0,0.0,0,0,0.0,0,0,0.0,0,0,0.0,0,0,0
R_3pfmPUEjeXqUstV,ranking,backward,2,42,0,0.0,0,0,0.0,0,0,0.0,0,0,0.0,0,0,0.0,0,0,0.0,0,0,0.0,0,0,0.0,0,1,2.381,1,0,0
R_3pfmPUEjeXqUstV,backward,backward,2,17,0,0.0,0,0,0.0,0,0,0.0,0,0,0.0,0,0,0.0,0,0,0.0,0,0,0.0,0,0,0.0,0,0,0.0,0,0,0
R_3pfmPUEjeXqUstV,forward,forward,2,16,0,0.0,0,0,0.0,0,0,0.0,0,0,0.0,0,0,0.0,0,0,0.0,0,0,0.0,0,0,0.0,0,0,0.0,0,0,0
R_3jxnZEmj5o90W48,ranking,backward,3,74,1,1.351,1,0,0.0,0,0,0.0,0,0,0.0,0,0,0.0,0,0,0.0,0,0,0.0,0,0,0.0,0,1,1.351,1,1,0
R_3jxnZEmj5o90W48,backward,backward,3,29,0,0.0,0,0,0.0,0,0,0.0,0,0,0.0,0,0,0.0,0,0,0.0,0,0,0.0,0,0,0.0,0,0,0.0,0,0,0
R_3jxnZEmj5o90W48,forward,forward,3,18,0,0.0,0,0,0.0,0,0,0.0,0,0,0.0,0,0,0.0,0,0,0.0,0,0,0.0,0,0,0.0,0,0,0.0,0,0,0
R_7FKe4yMSzPl3ay2,ranking,backward,1,33,0,0.0,0,0,0.0,0,0,0.0,0,0,0.0,0,0,0.0,0,0,0.0,0,1,3.03,1,0,0.0,0,1,3.03,1,0,0
R_7FKe4yMSzPl3ay2,backward,backward,1,36,1,2.778,1,0,0.0,0,0,0.0,0,0,0.0,0,0,0.0,0,0,0.0,0,0,0.0,0,1,2.778,1,0,0.0,0,1,0
R_7FKe4yMSzPl3ay2,forward,forward,1,22,1,4.545,1,0,0.0,0,0,0.0,0,0,0.0,0,0,0.0,0,0,0.0,0,0,0.0,0,0,0.0,0,0,0.0,0,1,0
R_1r2QU72hl8mdVDW,ranking,backward,3,59,1,1.695,1,0,0.0,0,0,0.0,0,0,0.0,0,1,1.695,1,0,0.0,0,0,0.0,0,0,0.0,0,1,1.695,1,1,1
R_1r2QU72hl8mdVDW,backward,backward,3,17,0,0.0,0,0,0.0,0,0,0.0,0,0,0.0,0,0,0.0,0,0,0.0,0,0,0.0,0,0,0.0,0,0,0.0,0,0,0
R_1r2QU72hl8mdVDW,forward,forward,3,8,0,0.0,0,0,0.0,0,0,0.0,0,0,0.0,0,0,0.0,0,0,0.0,0,0,0.0,0,0,0.0,0,0,0.0,0,0,0
R_3KflHXQDfThgotX,ranking,backward,1,16,0,0.0,0,0,0.0,0,0,0.0,0,0,0.0,0,0,0.0,0,0,0.0,0,0,0.0,0,1,6.25,1,0,0.0,0,0,0
R_3KflHXQDfThgotX,backward,backward,1,21,1,4.762,1,0,0.0,0,0,0.0,0,0,0.0,0,0,0.0,0,0,0.0,0,0,0.0,0,0,0.0,0,0,0.0,0,1,0
R_3KflHXQDfThgotX,forward,forward,1,8,0,0.0,0,0,0.0,0,0,0.0,0,0,0.0,0,0,0.0,0,0,0.0,0,0,0.0,0,0,0.0,0,0,0.0,0,0,0
R_5U0pfx7fVttDDiJ,ranking,backward,2,11,0,0.0,0,0,0.0,0,0,0.0,0,0,0.0,0,0,0.0,0,0,0.0,0,0,0.0,0,0,0.0,0,0,0.0,0,0,0
R_5U0pfx7fVttDDiJ,backward,backward,2,13,0,0.0,0,0,0.0,0,0,0.0,0,0,0.0,0,0,0.0,0,0,0.0,0,0,0.0,0,0,0.0,0,0,0.0,0,0,0
R_5U0pfx7fVttDDiJ,forward,forward,2,8,0,0.0,0,0,0.0,0,0,0.0,0,0,0.0,0,0,0.0,0,0,0.0,0,0,0.0,0,0,0.0,0,0,0.0,0,0,0
R_7AiONkEjtYvSkYV,ranking,backward,1,134,1,0.746,1,0,0.0,0,0,0.0,0,0,0.0,0,0,0.0,0,0,0.0,0,0,0.0,0,0,0.0,0,1,0.746,1,1,0
R_7AiONkEjtYvSkYV,backward,backward,1,60,0,0.0,0,0,0.0,0,0,0.0,0,0,0.0,0,0,0.0,0,0,0.0,0,0,0.0,0,0,0.0,0,0,0.0,0,0,0
R_7AiONkEjtYvSkYV,forward,forward,1,30,0,0.0,0,0,0.0,0,0,0.0,0,0,0.0,0,0,0.0,0,1,3.333,1,0,0.0,0,0,0.0,0,0,0.0,0,0,1
R_1jZzdDJGy4bLAU9,ranking,backward,2,16,0,0.0,0,0,0.0,0,0,0.0,0,0,0.0,0,0,0.0,0,0,0.0,0,0,0.0,0,0,0.0,0,0,0.0,0,0,0
R_1jZzdDJGy4bLAU9,backward,backward,2,25,0,0.0,0,0,0.0,0,0,0.0,0,0,0.0,0,0,0.0,0,1,4.0,1,0,0.0,0,0,0.0,0,0,0.0,0,0,1
R_1jZzdDJGy4bLAU9,forward,forward,2,5,0,0.0,0,0,0.0,0,0,0.0,0,0,0.0,0,0,0.0,0,0,0.0,0,0,0.0,0,0,0.0,0,0,0.0,0,0,0
R_69p2KYAWhGmLVOd,ranking,backward,3,240,2,0.833,2,0,0.0,0,0,0.0,0,0,0.0,0,0,0.0,0,0,0.0,0,1,0.417,1,0,0.0,0,1,0.417,1,1,0
R_69p2KYAWhGmLVOd,backward,backward,3,4,0,0.0,0,0,0.0,0,0,0.0,0,0,0.0,0,0,0.0,0,0,0.0,0,0,0.0,0,0,0.0,0,0,0.0,0,0,0
R_69p2KYAWhGmLVOd,forward,forward,3,11,0,0.0,0,0,0.0,0,0,0.0,0,0,0.0,0,0,0.0,0,0,0.0,0,0,0.0,0,1,9.091,1,0,0.0,0,0,0
R_1D7pcZGAdSbuTfe,ranking,backward,3,96,3,3.125,3,0,0.0,0,0,0.0,0,0,0.0,0,0,0.0,0,0,0.0,0,0,0.0,0,0,0.0,0,0,0.0,0,1,0
R_1D7pcZGAdSbuTfe,backward,backward,3,82,0,0.0,0,0,0.0,0,0,0.0,0,0,0.0,0,0,0.0,0,0,0.0,0,0,0.0,0,0,0.0,0,0,0.0,0,0,0
R_1D7pcZGAdSbuTfe,forward,forward,3,34,0,0.0,0,0,0.0,0,0,0.0,0,0,0.0,0,0,0.0,0,0,0.0,0,0,0.0,0,1,2.941,1,0,0.0,0,0,0
R_5HMiV82nim0YMpX,ranking,backward,1,57,0,0.0,0,0,0.0,0,0,0.0,0,0,0.0,0,0,0.0,0,0,0.0,0,0,0.0,0,0,0.0,0,1,1.754,1,0,0
R_5HMiV82nim0YMpX,backward,backward,1,28,1,3.571,1,0,0.0,0,0,0.0,0,0,0.0,0,0,0.0,0,0,0.0,0,0,0.0,0,0,0.0,0,0,0.0,0,1,0
R_5HMiV82nim0YMpX,forward,forward,1,32,0,0.0,0,0,0.0,0,0,0.0,0,0,0.0,0,0,0.0,0,0,0.0,0,0,0.0,0,0,0.0,0,0,0.0,0,0,0
R_1Ns1MsZbDGMANVv,ranking,backward,2,20,0,0.0,0,0,0.0,0,0,0.0,0,0,0.0,0,0,0.0,0,0,0.0,0,1,5.0,1,0,0.0,0,0,0.0,0,0,0
R_1Ns1MsZbDGMANVv,backward,backward,2,5,0,0.0,0,0,0.0,0,0,0.0,0,0,0.0,0,0,0.0,0,0,0.0,0,0,0.0,0,0,0.0,0,0,0.0,0,0,0
R_1Ns1MsZbDGMANVv,forward,forward,2,1,0,0.0,0,0,0.0,0,0,0.0,0,0,0.0,0,0,0.0,0,0,0.0,0,0,0.0,0,0,0.0,0,0,0.0,0,0,0
R_3lfrRx1M0FJAPks,ranking,backward,3,11,0,0.0,0,0,0.0,0,0,0.0,0,0,0.0,0,0,0.0,0,0,0.0,0,0,0.0,0,0,0.0,0,0,0.0,0,0,0
R_3lfrRx1M0FJAPks,backward,backward,3,9,0,0.0,0,0,0.0,0,0,0.0,0,0,0.0,0,0,0.0,0,0,0.0,0,0,0.0,0,0,0.0,0,0,0.0,0,0,0
R_3lfrRx1M0FJAPks,forward,forward,3,1,0,0.0,0,0,0.0,0,0,0.0,0,0,0.0,0,0,0.0,0,0,0.0,0,0,0.0,0,0,0.0,0,0,0.0,0,0,0
R_3uHw4h2fOdb4qdJ,ranking,backward,2,13,0,0.0,0,0,0.0,0,0,0.0,0,0,0.0,0,0,0.0,0,0,0.0,0,0,0.0,0,0,0.0,0,0,0.0,0,0,0
R_3uHw4h2fOdb4qdJ,backward,backward,2,6,0,0.0,0,0,0.0,0,0,0.0,0,0,0.0,0,0,0.0,0,0,0.0,0,0,0.0,0,0,0.0,0,0,0.0,0,0,0
R_3uHw4h2fOdb4qdJ,forward,forward,2,5,0,0.0,0,0,0.0,0,0,0.0,0,0,0.0,0,0,0.0,0,0,0.0,0,0,0.0,0,0,0.0,0,0,0.0,0,0,0
R_7ZU24DcuZ2LrsPI,ranking,backward,1,29,1,3.448,1,0,0.0,0,0,0.0,0,0,0.0,0,0,0.0,0,0,0.0,0,0,0.0,0,0,0.0,0,1,3.448,1,1,0
R_7ZU24DcuZ2LrsPI,backward,backward,1,21,0,0.0,0,0,0.0,0,0,0.0,0,0,0.0,0,0,0.0,0,0,0.0,0,0,0.0,0,0,0.0,0,0,0.0,0,0,0
R_7ZU24DcuZ2LrsPI,forward,forward,1,2,0,0.0,0,0,0.0,0,0,0.0,0,0,0.0,0,0,0.0,0,0,0.0,0,0,0.0,0,0,0.0,0,0,0.0,0,0,0
R_1OOyZaBNwAJFLQW,ranking,backward,1,41,1,2.439,1,0,0.0,0,0,0.0,0,0,0.0,0,0,0.0,0,0,0.0,0,0,0.0,0,0,0.0,0,1,2.439,1,1,0
R_1OOyZaBNwAJFLQW,backward,backward,1,38,0,0.0,0,0,0.0,0,0,0.0,0,0,0.0,0,0,0.0,0,0,0.0,0,0,0.0,0,0,0.0,0,0,0.0,0,0,0
R_1OOyZaBNwAJFLQW,forward,forward,1,10,1,10.0,1,0,0.0,0,0,0.0,0,0,0.0,0,0,0.0,0,0,0.0,0,0,0.0,0,0,0.0,0,0,0.0,0,1,0
R_5rqJnXz1tI737Fh,ranking,backward,2,50,1,2.0,1,0,0.0,0,0,0.0,0,0,0.0,0,0,0.0,0,0,0.0,0,1,2.0,1,0,0.0,0,1,2.0,1,1,0
R_5rqJnXz1tI737Fh,backward,backward,2,34,1,2.941,1,0,0.0,0,0,0.0,0,0,0.0,0,0,0.0,0,0,0.0,0,0,0.0,0,0,0.0,0,0,0.0,0,1,0
R_5rqJnXz1tI737Fh,forward,forward,2,24,0,0.0,0,0,0.0,0,0,0.0,0,0,0.0,0,0,0.0,0,0,0.0,0,0,0.0,0,0,0.0,0,0,0.0,0,0,0
R_6WWHx93j15BYl2N,ranking,backward,2,41,0,0.0,0,0,0.0,0,0,0.0,0,0,0.0,0,0,0.0,0,0,0.0,0,1,2.439,1,0,0.0,0,1,2.439,1,0,0
R_6WWHx93j15BYl2N,backward,backward,2,30,0,0.0,0,0,0.0,0,0,0.0,0,0,0.0,0,0,0.0,0,0,0.0,0,0,0.0,0,0,0.0,0,0,0.0,0,0,0
R_6WWHx93j15BYl2N,forward,forward,2,13,0,0.0,0,0,0.0,0,0,0.0,0,0,0.0,0,0,0.0,0,0,0.0,0,0,0.0,0,0,0.0,0,0,0.0,0,0,0
R_5sdxsVk0sTsj4VG,ranking,backward,3,23,0,0.0,0,0,0.0,0,0,0.0,0,0,0.0,0,0,0.0,0,0,0.0,0,0,0.0,0,0,0.0,0,1,4.348,1,0,0
R_5sdxsVk0sTsj4VG,backward,backward,3,35,0,0.0,0,0,0.0,0,0,0.0,0,0,0.0,0,0,0.0,0,0,0.0,0,0,0.0,0,0,0.0,0,1,2.857,1,0,0
R_5sdxsVk0sTsj4VG,forward,forward,3,6,0,0.0,0,0,0.0,0,0,0.0,0,0,0.0,0,0,0.0,0,0,0.0,0,0,0.0,0,0,0.0,0,1,16.667,1,0,0
R_1rBbNSfxz9HseWc,ranking,backward,1,109,1,0.917,1,0,0.0,0,0,0.0,0,0,0.0,0,0,0.0,0,0,0.0,0,1,0.917,1,1,0.917,1,1,0.917,1,1,0
R_1rBbNSfxz9HseWc,backward,backward,1,31,0,0.0,0,0,0.0,0,0,0.0,0,0,0.0,0,0,0.0,0,0,0.0,0,0,0.0,0,0,0.0,0,0,0.0,0,0,0
R_1rBbNSfxz9HseWc,forward,forward,1,24,0,0.0,0,0,0.0,0,1,4.167,1,0,0.0,0,0,0.0,0,0,0.0,0,0,0.0,0,0,0.0,0,0,0.0,0,1,0
R_6flnPNzhHL5nxp7,ranking,backward,3,11,0,0.0,0,0,0.0,0,0,0.0,0,0,0.0,0,0,0.0,0,0,0.0,0,0,0.0,0,0,0.0,0,0,0.0,0,0,0
R_6flnPNzhHL5nxp7,backward,backward,3,29,0,0.0,0,0,0.0,0,0,0.0,0,0,0.0,0,0,0.0,0,0,0.0,0,0,0.0,0,0,0.0,0,0,0.0,0,0,0
R_6flnPNzhHL5nxp7,forward,forward,3,20,0,0.0,0,0,0.0,0,0,0.0,0,0,0.0,0,0,0.0,0,0,0.0,0,2,10.0,2,0,0.0,0,0,0.0,0,0,0
R_7bVn4jcCvuz60GZ,ranking,backward,1,24,1,4.167,1,0,0.0,0,0,0.0,0,0,0.0,0,0,0.0,0,0,0.0,0,0,0.0,0,0,0.0,0,0,0.0,0,1,0
R_7bVn4jcCvuz60GZ,backward,backward,1,22,1,4.545,1,0,0.0,0,0,0.0,0,0,0.0,0,0,0.0,0,0,0.0,0,0,0.0,0,0,0.0,0,0,0.0,0,1,0
R_7bVn4jcCvuz60GZ,forward,forward,1,17,0,0.0,0,0,0.0,0,0,0.0,0,0,0.0,0,0,0.0,0,0,0.0,0,0,0.0,0,0,0.0,0,0,0.0,0,0,0
R_3gMmiIL5i2ibXlx,ranking,backward,3,51,1,1.961,1,0,0.0,0,0,0.0,0,0,0.0,0,0,0.0,0,0,0.0,0,1,1.961,1,0,0.0,0,0,0.0,0,1,0
R_3gMmiIL5i2ibXlx,backward,backward,3,5,0,0.0,0,0,0.0,0,0,0.0,0,0,0.0,0,0,0.0,0,0,0.0,0,0,0.0,0,0,0.0,0,0,0.0,0,0,0
R_3gMmiIL5i2ibXlx,forward,forward,3,65,0,0.0,0,0,0.0,0,0,0.0,0,0,0.0,0,0,0.0,0,0,0.0,0,0,0.0,0,0,0.0,0,0,0.0,0,0,0
R_6RdN0ZkPidrFHxg,ranking,backward,3,2,0,0.0,0,0,0.0,0,0,0.0,0,0,0.0,0,0,0.0,0,0,0.0,0,0,0.0,0,0,0.0,0,0,0.0,0,0,0
R_6RdN0ZkPidrFHxg,backward,backward,3,2,0,0.0,0,0,0.0,0,0,0.0,0,0,0.0,0,0,0.0,0,0,0.0,0,0,0.0,0,0,0.0,0,0,0.0,0,0,0
R_6RdN0ZkPidrFHxg,forward,forward,3,4,0,0.0,0,0,0.0,0,0,0.0,0,0,0.0,0,0,0.0,0,0,0.0,0,0,0.0,0,0,0.0,0,0,0.0,0,0,0
R_55hA2VxqYj37KSJ,ranking,backward,2,36,0,0.0,0,0,0.0,0,0,0.0,0,0,0.0,0,0,0.0,0,0,0.0,0,1,2.778,1,0,0.0,0,1,2.778,1,0,0
R_55hA2VxqYj37KSJ,backward,backward,2,26,0,0.0,0,0,0.0,0,0,0.0,0,0,0.0,0,0,0.0,0,0,0.0,0,0,0.0,0,1,3.846,1,0,0.0,0,0,0
R_55hA2VxqYj37KSJ,forward,forward,2,40,1,2.5,1,0,0.0,0,0,0.0,0,0,0.0,0,0,0.0,0,0,0.0,0,1,2.5,1,0,0.0,0,0,0.0,0,1,0
R_360u8rApa74rGCJ,ranking,backward,1,74,2,2.703,2,0,0.0,0,0,0.0,0,0,0.0,0,0,0.0,0,0,0.0,0,2,2.703,2,0,0.0,0,1,1.351,1,1,0
R_360u8rApa74rGCJ,backward,backward,1,60,1,1.667,1,0,0.0,0,0,0.0,0,0,0.0,0,0,0.0,0,0,0.0,0,1,1.667,1,1,1.667,1,0,0.0,0,1,0
R_360u8rApa74rGCJ,forward,forward,1,41,1,2.439,1,1,2.439,1,0,0.0,0,0,0.0,0,0,0.0,0,1,2.439,1,0,0.0,0,0,0.0,0,0,0.0,0,1,1
R_7U8XDTCkTbBStQr,ranking,backward,2,27,0,0.0,0,0,0.0,0,0,0.0,0,0,0.0,0,0,0.0,0,0,0.0,0,1,3.704,1,0,0.0,0,0,0.0,0,0,0
R_7U8XDTCkTbBStQr,backward,backward,2,20,0,0.0,0,0,0.0,0,0,0.0,0,0,0.0,0,0,0.0,0,0,0.0,0,0,0.0,0,0,0.0,0,0,0.0,0,0,0
R_7U8XDTCkTbBStQr,forward,forward,2,12,0,0.0,0,0,0.0,0,0,0.0,0,1,8.333,1,0,0.0,0,0,0.0,0,0,0.0,0,0,0.0,0,0,0.0,0,1,0
R_50HGmdtbsxOMVko,ranking,backward,3,51,0,0.0,0,0,0.0,0,0,0.0,0,0,0.0,0,1,1.961,1,0,0.0,0,0,0.0,0,0,0.0,0,1,1.961,1,0,1
R_50HGmdtbsxOMVko,backward,backward,3,27,0,0.0,0,0,0.0,0,0,0.0,0,0,0.0,0,0,0.0,0,0,0.0,0,0,0.0,0,0,0.0,0,0,0.0,0,0,0
R_50HGmdtbsxOMVko,forward,forward,3,13,0,0.0,0,0,0.0,0,0,0.0,0,0,0.0,0,0,0.0,0,1,7.692,1,0,0.0,0,0,0.0,0,0,0.0,0,0,1
R_1e8t0TBtd9l3jNc,ranking,backward,1,94,0,0.0,0,0,0.0,0,0,0.0,0,0,0.0,0,0,0.0,0,0,0.0,0,1,1.064,1,0,0.0,0,0,0.0,0,0,0
R_1e8t0TBtd9l3jNc,backward,backward,1,33,1,3.03,1,0,0.0,0,0,0.0,0,0,0.0,0,0,0.0,0,0,0.0,0,0,0.0,0,1,3.03,1,0,0.0,0,1,0
R_1e8t0TBtd9l3jNc,forward,forward,1,20,0,0.0,0,0,0.0,0,0,0.0,0,0,0.0,0,0,0.0,0,0,0.0,0,1,5.0,1,0,0.0,0,0,0.0,0,0,0
R_1soG2APuRg0a06d,ranking,backward,3,22,0,0.0,0,0,0.0,0,0,0.0,0,0,0.0,0,0,0.0,0,0,0.0,0,0,0.0,0,0,0.0,0,0,0.0,0,0,0
R_1soG2APuRg0a06d,backward,backward,3,12,0,0.0,0,0,0.0,0,0,0.0,0,0,0.0,0,0,0.0,0,0,0.0,0,0,0.0,0,0,0.0,0,0,0.0,0,0,0
R_1soG2APuRg0a06d,forward,forward,3,15,0,0.0,0,0,0.0,0,0,0.0,0,0,0.0,0,0,0.0,0,0,0.0,0,0,0.0,0,0,0.0,0,0,0.0,0,0,0
R_3r0yP88nVlP3IPD,ranking,backward,2,106,1,0.943,1,0,0.0,0,0,0.0,0,0,0.0,0,0,0.0,0,0,0.0,0,1,0.943,1,1,0.943,1,2,1.887,2,1,0
R_3r0yP88nVlP3IPD,backward,backward,2,28,0,0.0,0,0,0.0,0,0,0.0,0,0,0.0,0,0,0.0,0,0,0.0,0,0,0.0,0,0,0.0,0,0,0.0,0,0,0
R_3r0yP88nVlP3IPD,forward,forward,2,40,1,2.5,1,0,0.0,0,0,0.0,0,0,0.0,0,0,0.0,0,0,0.0,0,0,0.0,0,0,0.0,0,0,0.0,0,1,0
R_7XneWNl01C6LLe9,ranking,backward,2,24,0,0.0,0,0,0.0,0,0,0.0,0,0,0.0,0,0,0.0,0,0,0.0,0,0,0.0,0,0,0.0,0,1,4.167,1,0,0
R_7XneWNl01C6LLe9,backward,backward,2,29,0,0.0,0,0,0.0,0,0,0.0,0,0,0.0,0,0,0.0,0,0,0.0,0,0,0.0,0,0,0.0,0,0,0.0,0,0,0
R_7XneWNl01C6LLe9,forward,forward,2,18,0,0.0,0,0,0.0,0,0,0.0,0,0,0.0,0,0,0.0,0,0,0.0,0,0,0.0,0,0,0.0,0,0,0.0,0,0,0
R_6iLXL6nXc9uVZBL,ranking,backward,2,11,0,0.0,0,0,0.0,0,0,0.0,0,0,0.0,0,0,0.0,0,0,0.0,0,0,0.0,0,1,9.091,1,1,9.091,1,0,0
R_6iLXL6nXc9uVZBL,backward,backward,2,6,0,0.0,0,0,0.0,0,0,0.0,0,0,0.0,0,0,0.0,0,0,0.0,0,0,0.0,0,0,0.0,0,0,0.0,0,0,0
R_6iLXL6nXc9uVZBL,forward,forward,2,4,0,0.0,0,0,0.0,0,0,0.0,0,0,0.0,0,0,0.0,0,0,0.0,0,0,0.0,0,0,0.0,0,0,0.0,0,0,0
R_6QF6cJCvpVvpDaK,ranking,backward,3,6,0,0.0,0,0,0.0,0,0,0.0,0,0,0.0,0,0,0.0,0,0,0.0,0,0,0.0,0,0,0.0,0,1,16.667,1,0,0
R_6QF6cJCvpVvpDaK,backward,backward,3,5,0,0.0,0,0,0.0,0,0,0.0,0,0,0.0,0,0,0.0,0,0,0.0,0,0,0.0,0,0,0.0,0,0,0.0,0,0,0
R_6QF6cJCvpVvpDaK,forward,forward,3,6,0,0.0,0,0,0.0,0,0,0.0,0,0,0.0,0,0,0.0,0,0,0.0,0,0,0.0,0,0,0.0,0,0,0.0,0,0,0
R_3V4ofDUTfFlR4jN,ranking,backward,1,56,1,1.786,1,0,0.0,0,1,1.786,1,0,0.0,0,0,0.0,0,0,0.0,0,0,0.0,0,1,1.786,1,1,1.786,1,1,0
R_3V4ofDUTfFlR4jN,backward,backward,1,23,0,0.0,0,0,0.0,0,0,0.0,0,0,0.0,0,0,0.0,0,0,0.0,0,0,0.0,0,0,0.0,0,0,0.0,0,0,0
R_3V4ofDUTfFlR4jN,forward,forward,1,39,0,0.0,0,0,0.0,0,0,0.0,0,0,0.0,0,0,0.0,0,0,0.0,0,0,0.0,0,0,0.0,0,0,0.0,0,0,0
R_5F4KyH8pcPRWOZH,ranking,backward,1,25,0,0.0,0,0,0.0,0,0,0.0,0,0,0.0,0,0,0.0,0,0,0.0,0,0,0.0,0,0,0.0,0,1,4.0,1,0,0
R_5F4KyH8pcPRWOZH,backward,backward,1,33,0,0.0,0,0,0.0,0,0,0.0,0,0,0.0,0,0,0.0,0,0,0.0,0,0,0.0,0,0,0.0,0,0,0.0,0,0,0
R_5F4KyH8pcPRWOZH,forward,forward,1,10,0,0.0,0,0,0.0,0,0,0.0,0,0,0.0,0,0,0.0,0,0,0.0,0,0,0.0,0,0,0.0,0,0,0.0,0,0,0
R_6N47s2dJbbOp27R,ranking,backward,1,44,1,2.273,1,0,0.0,0,0,0.0,0,0,0.0,0,0,0.0,0,0,0.0,0,0,0.0,0,0,0.0,0,0,0.0,0,1,0
R_6N47s2dJbbOp27R,backward,backward,1,4,0,0.0,0,0,0.0,0,0,0.0,0,0,0.0,0,0,0.0,0,0,0.0,0,0,0.0,0,1,25.0,1,0,0.0,0,0,0
R_6N47s2dJbbOp27R,forward,forward,1,5,0,0.0,0,0,0.0,0,0,0.0,0,0,0.0,0,0,0.0,0,0,0.0,0,0,0.0,0,0,0.0,0,1,20.0,1,0,0
R_1zoUtOy7PDAKHBb,ranking,backward,2,16,0,0.0,0,0,0.0,0,0,0.0,0,0,0.0,0,0,0.0,0,0,0.0,0,0,0.0,0,0,0.0,0,0,0.0,0,0,0
R_1zoUtOy7PDAKHBb,backward,backward,2,99,1,1.01,1,0,0.0,0,0,0.0,0,0,0.0,0,0,0.0,0,0,0.0,0,1,1.01,1,0,0.0,0,0,0.0,0,1,0
R_1zoUtOy7PDAKHBb,forward,forward,2,33,0,0.0,0,0,0.0,0,0,0.0,0,0,0.0,0,0,0.0,0,0,0.0,0,0,0.0,0,0,0.0,0,0,0.0,0,0,0
R_6pVGTGhEhZI3M6v,ranking,backward,3,32,0,0.0,0,0,0.0,0,0,0.0,0,0,0.0,0,0,0.0,0,0,0.0,0,0,0.0,0,0,0.0,0,0,0.0,0,0,0
R_6pVGTGhEhZI3M6v,backward,backward,3,20,0,0.0,0,0,0.0,0,0,0.0,0,0,0.0,0,0,0.0,0,0,0.0,0,0,0.0,0,0,0.0,0,0,0.0,0,0,0
R_6pVGTGhEhZI3M6v,forward,forward,3,14,0,0.0,0,0,0.0,0,0,0.0,0,0,0.0,0,0,0.0,0,0,0.0,0,0,0.0,0,0,0.0,0,1,7.143,1,0,0
R_1lMu6FGPOflRaxw,ranking,backward,3,98,1,1.02,1,0,0.0,0,0,0.0,0,0,0.0,0,0,0.0,0,0,0.0,0,1,1.02,1,1,1.02,1,1,1.02,1,1,0
R_1lMu6FGPOflRaxw,backward,backward,3,67,0,0.0,0,1,1.493,1,0,0.0,0,0,0.0,0,0,0.0,0,0,0.0,0,0,0.0,0,1,1.493,1,1,1.493,1,1,0
R_1lMu6FGPOflRaxw,forward,forward,3,40,0,0.0,0,0,0.0,0,0,0.0,0,0,0.0,0,0,0.0,0,0,0.0,0,1,2.5,1,0,0.0,0,1,2.5,1,0,0
R_6uwUuZ11NmauhQv,ranking,backward,1,11,0,0.0,0,0,0.0,0,0,0.0,0,0,0.0,0,0,0.0,0,0,0.0,0,0,0.0,0,0,0.0,0,0,0.0,0,0,0
R_6uwUuZ11NmauhQv,backward,backward,1,8,0,0.0,0,0,0.0,0,0,0.0,0,0,0.0,0,0,0.0,0,0,0.0,0,0,0.0,0,0,0.0,0,0,0.0,0,0,0
R_6uwUuZ11NmauhQv,forward,forward,1,12,0,0.0,0,0,0.0,0,0,0.0,0,0,0.0,0,0,0.0,0,0,0.0,0,0,0.0,0,0,0.0,0,0,0.0,0,0,0
R_5x1HnoCQHDwnYad,ranking,backward,2,8,0,0.0,0,0,0.0,0,0,0.0,0,0,0.0,0,0,0.0,0,0,0.0,0,0,0.0,0,0,0.0,0,0,0.0,0,0,0
R_5x1HnoCQHDwnYad,backward,backward,2,17,0,0.0,0,0,0.0,0,0,0.0,0,0,0.0,0,0,0.0,0,0,0.0,0,0,0.0,0,0,0.0,0,0,0.0,0,0,0
R_5x1HnoCQHDwnYad,forward,forward,2,10,0,0.0,0,0,0.0,0,0,0.0,0,0,0.0,0,0,0.0,0,0,0.0,0,0,0.0,0,0,0.0,0,0,0.0,0,0,0
R_3pbzeYutgtedPIh,ranking,backward,3,16,0,0.0,0,0,0.0,0,0,0.0,0,0,0.0,0,0,0.0,0,0,0.0,0,0,0.0,0,1,6.25,1,0,0.0,0,0,0
R_3pbzeYutgtedPIh,backward,backward,3,10,0,0.0,0,0,0.0,0,0,0.0,0,0,0.0,0,0,0.0,0,0,0.0,0,0,0.0,0,0,0.0,0,0,0.0,0,0,0
R_3pbzeYutgtedPIh,forward,forward,3,14,0,0.0,0,0,0.0,0,0,0.0,0,0,0.0,0,0,0.0,0,0,0.0,0,0,0.0,0,0,0.0,0,0,0.0,0,0,0
R_5fJ1zPiGyJzi0W5,ranking,backward,2,13,0,0.0,0,0,0.0,0,0,0.0,0,0,0.0,0,0,0.0,0,0,0.0,0,0,0.0,0,0,0.0,0,0,0.0,0,0,0
R_5fJ1zPiGyJzi0W5,backward,backward,2,29,0,0.0,0,0,0.0,0,0,0.0,0,0,0.0,0,0,0.0,0,0,0.0,0,0,0.0,0,0,0.0,0,0,0.0,0,0,0
R_5fJ1zPiGyJzi0W5,forward,forward,2,12,0,0.0,0,0,0.0,0,0,0.0,0,0,0.0,0,0,0.0,0,0,0.0,0,0,0.0,0,1,8.333,1,0,0.0,0,0,0
R_7Cgs3odI9uD016X,ranking,backward,1,84,1,1.19,1,0,0.0,0,0,0.0,0,0,0.0,0,0,0.0,0,0,0.0,0,1,1.19,1,0,0.0,0,0,0.0,0,1,0
R_7Cgs3odI9uD016X,backward,backward,1,89,0,0.0,0,0,0.0,0,0,0.0,0,0,0.0,0,0,0.0,0,0,0.0,0,0,0.0,0,0,0.0,0,1,1.124,1,0,0
R_7Cgs3odI9uD016X,forward,forward,1,56,0,0.0,0,0,0.0,0,0,0.0,0,0,0.0,0,0,0.0,0,1,1.786,1,0,0.0,0,0,0.0,0,0,0.0,0,0,1
R_3ep9D2CbXmC9NWF,ranking,backward,2,30,1,3.333,1,0,0.0,0,0,0.0,0,0,0.0,0,0,0.0,0,0,0.0,0,0,0.0,0,0,0.0,0,0,0.0,0,1,0
R_3ep9D2CbXmC9NWF,backward,backward,2,5,0,0.0,0,0,0.0,0,0,0.0,0,0,0.0,0,0,0.0,0,0,0.0,0,0,0.0,0,0,0.0,0,0,0.0,0,0,0
R_3ep9D2CbXmC9NWF,forward,forward,2,2,0,0.0,0,0,0.0,0,0,0.0,0,0,0.0,0,0,0.0,0,0,0.0,0,0,0.0,0,0,0.0,0,0,0.0,0,0,0
R_7ZTthsN6I3B49k8,ranking,backward,1,59,1,1.695,1,0,0.0,0,0,0.0,0,0,0.0,0,0,0.0,0,0,0.0,0,0,0.0,0,1,1.695,1,0,0.0,0,1,0
R_7ZTthsN6I3B49k8,backward,backward,1,22,0,0.0,0,0,0.0,0,0,0.0,0,0,0.0,0,0,0.0,0,0,0.0,0,0,0.0,0,0,0.0,0,0,0.0,0,0,0
R_7ZTthsN6I3B49k8,forward,forward,1,18,1,5.556,1,0,0.0,0,0,0.0,0,0,0.0,0,0,0.0,0,0,0.0,0,0,0.0,0,0,0.0,0,0,0.0,0,1,0
R_7bbJW71poVsnN1D,ranking,backward,3,17,0,0.0,0,0,0.0,0,0,0.0,0,0,0.0,0,0,0.0,0,0,0.0,0,0,0.0,0,0,0.0,0,1,5.882,1,0,0
R_7bbJW71poVsnN1D,backward,backward,3,15,0,0.0,0,0,0.0,0,0,0.0,0,0,0.0,0,0,0.0,0,0,0.0,0,0,0.0,0,0,0.0,0,0,0.0,0,0,0
R_7bbJW71poVsnN1D,forward,forward,3,8,0,0.0,0,0,0.0,0,0,0.0,0,0,0.0,0,0,0.0,0,0,0.0,0,0,0.0,0,0,0.0,0,1,12.5,1,0,0
R_6FQaUKzy7Zn54FI,ranking,backward,3,0,0,0.0,0,0,0.0,0,0,0.0,0,0,0.0,0,0,0.0,0,0,0.0,0,0,0.0,0,0,0.0,0,0,0.0,0,0,0
R_6FQaUKzy7Zn54FI,backward,backward,3,32,0,0.0,0,0,0.0,0,0,0.0,0,0,0.0,0,0,0.0,0,0,0.0,0,0,0.0,0,1,3.125,1,0,0.0,0,0,0
R_6FQaUKzy7Zn54FI,forward,forward,3,24,0,0.0,0,0,0.0,0,0,0.0,0,0,0.0,0,0,0.0,0,0,0.0,0,0,0.0,0,0,0.0,0,0,0.0,0,0,0
R_111lIHmujn3clE8,ranking,backward,2,8,0,0.0,0,0,0.0,0,0,0.0,0,0,0.0,0,0,0.0,0,0,0.0,0,0,0.0,0,0,0.0,0,0,0.0,0,0,0
R_111lIHmujn3clE8,backward,backward,2,4,0,0.0,0,0,0.0,0,0,0.0,0,0,0.0,0,0,0.0,0,0,0.0,0,0,0.0,0,0,0.0,0,0,0.0,0,0,0
R_111lIHmujn3clE8,forward,forward,2,12,0,0.0,0,0,0.0,0,0,0.0,0,0,0.0,0,0,0.0,0,0,0.0,0,0,0.0,0,0,0.0,0,0,0.0,0,0,0
R_753iO3kuCpj2Q9j,ranking,backward,3,43,0,0.0,0,0,0.0,0,0,0.0,0,0,0.0,0,0,0.0,0,0,0.0,0,0,0.0,0,1,2.326,1,0,0.0,0,0,0
R_753iO3kuCpj2Q9j,backward,backward,3,17,1,5.882,1,0,0.0,0,0,0.0,0,0,0.0,0,0,0.0,0,0,0.0,0,0,0.0,0,0,0.0,0,0,0.0,0,1,0
R_753iO3kuCpj2Q9j,forward,forward,3,4,0,0.0,0,0,0.0,0,0,0.0,0,0,0.0,0,0,0.0,0,0,0.0,0,0,0.0,0,0,0.0,0,0,0.0,0,0,0
R_1wt99eyqfWDOOPp,ranking,backward,2,31,0,0.0,0,0,0.0,0,0,0.0,0,0,0.0,0,0,0.0,0,0,0.0,0,0,0.0,0,0,0.0,0,1,3.226,1,0,0
R_1wt99eyqfWDOOPp,backward,backward,2,25,1,4.0,1,0,0.0,0,0,0.0,0,0,0.0,0,0,0.0,0,0,0.0,0,0,0.0,0,0,0.0,0,0,0.0,0,1,0
R_1wt99eyqfWDOOPp,forward,forward,2,26,0,0.0,0,0,0.0,0,0,0.0,0,0,0.0,0,0,0.0,0,1,3.846,1,0,0.0,0,0,0.0,0,0,0.0,0,0,1
R_5TXmU4Be0zUyumh,ranking,backward,1,145,1,0.69,1,0,0.0,0,0,0.0,0,0,0.0,0,0,0.0,0,0,0.0,0,0,0.0,0,0,0.0,0,1,0.69,1,1,0
R_5TXmU4Be0zUyumh,backward,backward,1,24,0,0.0,0,0,0.0,0,0,0.0,0,0,0.0,0,0,0.0,0,0,0.0,0,0,0.0,0,0,0.0,0,0,0.0,0,0,0
R_5TXmU4Be0zUyumh,forward,forward,1,48,0,0.0,0,0,0.0,0,0,0.0,0,0,0.0,0,0,0.0,0,0,0.0,0,0,0.0,0,0,0.0,0,0,0.0,0,0,0
R_7bIBxxD7iF5sLQM,ranking,backward,3,7,0,0.0,0,0,0.0,0,0,0.0,0,0,0.0,0,0,0.0,0,0,0.0,0,0,0.0,0,0,0.0,0,0,0.0,0,0,0
R_7bIBxxD7iF5sLQM,backward,backward,3,16,0,0.0,0,0,0.0,0,0,0.0,0,0,0.0,0,0,0.0,0,0,0.0,0,0,0.0,0,0,0.0,0,0,0.0,0,0,0
R_7bIBxxD7iF5sLQM,forward,forward,3,10,0,0.0,0,1,10.0,1,0,0.0,0,0,0.0,0,0,0.0,0,0,0.0,0,0,0.0,0,0,0.0,0,0,0.0,0,1,0
R_5GylyRqi4i7CsGf,ranking,backward,1,21,0,0.0,0,0,0.0,0,0,0.0,0,0,0.0,0,0,0.0,0,0,0.0,0,0,0.0,0,0,0.0,0,1,4.762,1,0,0
R_5GylyRqi4i7CsGf,backward,backward,1,16,1,6.25,1,0,0.0,0,0,0.0,0,0,0.0,0,0,0.0,0,0,0.0,0,0,0.0,0,0,0.0,0,0,0.0,0,1,0
R_5GylyRqi4i7CsGf,forward,forward,1,18,0,0.0,0,0,0.0,0,0,0.0,0,0,0.0,0,0,0.0,0,0,0.0,0,0,0.0,0,0,0.0,0,0,0.0,0,0,0
R_5DvGDhM1Wn3whqd,ranking,backward,2,48,0,0.0,0,0,0.0,0,0,0.0,0,0,0.0,0,0,0.0,0,0,0.0,0,0,0.0,0,0,0.0,0,0,0.0,0,0,0
R_5DvGDhM1Wn3whqd,backward,backward,2,43,0,0.0,0,0,0.0,0,0,0.0,0,0,0.0,0,0,0.0,0,0,0.0,0,0,0.0,0,1,2.326,1,0,0.0,0,0,0
R_5DvGDhM1Wn3whqd,forward,forward,2,25,0,0.0,0,0,0.0,0,0,0.0,0,0,0.0,0,0,0.0,0,0,0.0,0,0,0.0,0,0,0.0,0,0,0.0,0,0,0
R_5dtBqSiFFai2Ycy,ranking,backward,2,90,0,0.0,0,0,0.0,0,0,0.0,0,0,0.0,0,0,0.0,0,0,0.0,0,0,0.0,0,0,0.0,0,0,0.0,0,0,0
R_5dtBqSiFFai2Ycy,backward,backward,2,53,2,3.774,2,0,0.0,0,0,0.0,0,0,0.0,0,0,0.0,0,0,0.0,0,0,0.0,0,0,0.0,0,0,0.0,0,1,0
R_5dtBqSiFFai2Ycy,forward,forward,2,30,2,6.667,2,0,0.0,0,0,0.0,0,0,0.0,0,0,0.0,0,0,0.0,0,0,0.0,0,0,0.0,0,0,0.0,0,1,0
R_3acmPBh4AONdg7T,ranking,backward,3,21,0,0.0,0,0,0.0,0,0,0.0,0,0,0.0,0,0,0.0,0,0,0.0,0,0,0.0,0,0,0.0,0,0,0.0,0,0,0
R_3acmPBh4AONdg7T,backward,backward,3,15,0,0.0,0,0,0.0,0,0,0.0,0,0,0.0,0,0,0.0,0,0,0.0,0,0,0.0,0,0,0.0,0,0,0.0,0,0,0
R_3acmPBh4AONdg7T,forward,forward,3,26,0,0.0,0,0,0.0,0,0,0.0,0,0,0.0,0,0,0.0,0,0,0.0,0,0,0.0,0,0,0.0,0,0,0.0,0,0,0
R_1XAinhRoIXUaLFn,ranking,backward,1,23,0,0.0,0,0,0.0,0,0,0.0,0,0,0.0,0,0,0.0,0,0,0.0,0,0,0.0,0,0,0.0,0,1,4.348,1,0,0
R_1XAinhRoIXUaLFn,backward,backward,1,16,0,0.0,0,0,0.0,0,0,0.0,0,0,0.0,0,0,0.0,0,0,0.0,0,0,0.0,0,0,0.0,0,0,0.0,0,0,0
R_1XAinhRoIXUaLFn,forward,forward,1,16,0,0.0,0,0,0.0,0,0,0.0,0,0,0.0,0,0,0.0,0,0,0.0,0,0,0.0,0,0,0.0,0,0,0.0,0,0,0
R_30r6JhUYXHpIyBp,ranking,backward,1,27,0,0.0,0,0,0.0,0,0,0.0,0,0,0.0,0,0,0.0,0,0,0.0,0,0,0.0,0,0,0.0,0,1,3.704,1,0,0
R_30r6JhUYXHpIyBp,backward,backward,1,36,0,0.0,0,0,0.0,0,0,0.0,0,0,0.0,0,0,0.0,0,0,0.0,0,0,0.0,0,0,0.0,0,0,0.0,0,0,0
R_30r6JhUYXHpIyBp,forward,forward,1,2,0,0.0,0,0,0.0,0,0,0.0,0,0,0.0,0,0,0.0,0,0,0.0,0,0,0.0,0,0,0.0,0,0,0.0,0,0,0
R_1qI26P7CxgXqOM9,ranking,backward,2,120,0,0.0,0,0,0.0,0,0,0.0,0,0,0.0,0,0,0.0,0,0,0.0,0,1,0.833,1,0,0.0,0,1,0.833,1,0,0
R_1qI26P7CxgXqOM9,backward,backward,2,59,0,0.0,0,0,0.0,0,0,0.0,0,0,0.0,0,0,0.0,0,0,0.0,0,0,0.0,0,0,0.0,0,0,0.0,0,0,0
R_1qI26P7CxgXqOM9,forward,forward,2,49,0,0.0,0,0,0.0,0,0,0.0,0,0,0.0,0,0,0.0,0,0,0.0,0,0,0.0,0,0,0.0,0,1,2.041,1,0,0
R_1q9O9dm460vOpiI,ranking,backward,3,3,0,0.0,0,0,0.0,0,0,0.0,0,0,0.0,0,0,0.0,0,0,0.0,0,0,0.0,0,0,0.0,0,0,0.0,0,0,0
R_1q9O9dm460vOpiI,backward,backward,3,4,0,0.0,0,0,0.0,0,0,0.0,0,0,0.0,0,0,0.0,0,0,0.0,0,0,0.0,0,0,0.0,0,0,0.0,0,0,0
R_1q9O9dm460vOpiI,forward,forward,3,5,0,0.0,0,0,0.0,0,0,0.0,0,0,0.0,0,0,0.0,0,0,0.0,0,0,0.0,0,0,0.0,0,0,0.0,0,0,0
R_5k7e6F6iaDuj5lC,ranking,backward,2,16,0,0.0,0,0,0.0,0,0,0.0,0,0,0.0,0,0,0.0,0,0,0.0,0,0,0.0,0,0,0.0,0,1,6.25,1,0,0
R_5k7e6F6iaDuj5lC,backward,backward,2,28,0,0.0,0,0,0.0,0,0,0.0,0,0,0.0,0,0,0.0,0,0,0.0,0,0,0.0,0,0,0.0,0,0,0.0,0,0,0
R_5k7e6F6iaDuj5lC,forward,forward,2,18,0,0.0,0,0,0.0,0,0,0.0,0,0,0.0,0,0,0.0,0,0,0.0,0,0,0.0,0,0,0.0,0,0,0.0,0,0,0
R_1mn8YHN1ys9qrD1,ranking,backward,3,111,2,1.802,2,0,0.0,0,0,0.0,0,0,0.0,0,0,0.0,0,0,0.0,0,2,1.802,2,0,0.0,0,1,0.901,1,1,0
R_1mn8YHN1ys9qrD1,backward,backward,3,27,1,3.704,1,0,0.0,0,0,0.0,0,0,0.0,0,0,0.0,0,0,0.0,0,0,0.0,0,0,0.0,0,0,0.0,0,1,0
R_1mn8YHN1ys9qrD1,forward,forward,3,18,0,0.0,0,0,0.0,0,0,0.0,0,0,0.0,0,0,0.0,0,0,0.0,0,0,0.0,0,0,0.0,0,0,0.0,0,0,0
R_5dHq8Ii2R9GWhCq,ranking,backward,1,7,0,0.0,0,0,0.0,0,0,0.0,0,0,0.0,0,0,0.0,0,0,0.0,0,0,0.0,0,0,0.0,0,0,0.0,0,0,0
R_5dHq8Ii2R9GWhCq,backward,backward,1,13,0,0.0,0,0,0.0,0,0,0.0,0,0,0.0,0,0,0.0,0,0,0.0,0,0,0.0,0,0,0.0,0,0,0.0,0,0,0
R_5dHq8Ii2R9GWhCq,forward,forward,1,16,2,12.5,2,0,0.0,0,0,0.0,0,0,0.0,0,0,0.0,0,0,0.0,0,0,0.0,0,0,0.0,0,0,0.0,0,1,0
R_1MPW2gf6Syy1Pwq,ranking,backward,2,28,0,0.0,0,0,0.0,0,0,0.0,0,0,0.0,0,0,0.0,0,0,0.0,0,1,3.571,1,0,0.0,0,1,3.571,1,0,0
R_1MPW2gf6Syy1Pwq,backward,backward,2,12,0,0.0,0,0,0.0,0,0,0.0,0,0,0.0,0,0,0.0,0,0,0.0,0,0,0.0,0,0,0.0,0,0,0.0,0,0,0
R_1MPW2gf6Syy1Pwq,forward,forward,2,14,0,0.0,0,0,0.0,0,0,0.0,0,0,0.0,0,0,0.0,0,0,0.0,0,0,0.0,0,0,0.0,0,0,0.0,0,0,0
R_7zNmQzwefThMlPX,ranking,backward,2,10,0,0.0,0,0,0.0,0,0,0.0,0,0,0.0,0,0,0.0,0,0,0.0,0,0,0.0,0,0,0.0,0,0,0.0,0,0,0
R_7zNmQzwefThMlPX,backward,backward,2,16,0,0.0,0,0,0.0,0,0,0.0,0,0,0.0,0,0,0.0,0,0,0.0,0,0,0.0,0,0,0.0,0,0,0.0,0,0,0
R_7zNmQzwefThMlPX,forward,forward,2,6,0,0.0,0,0,0.0,0,0,0.0,0,0,0.0,0,0,0.0,0,0,0.0,0,0,0.0,0,0,0.0,0,0,0.0,0,0,0
R_6qW4DJ8wwTr5pbm,ranking,backward,3,16,1,6.25,1,0,0.0,0,0,0.0,0,0,0.0,0,0,0.0,0,0,0.0,0,0,0.0,0,0,0.0,0,0,0.0,0,1,0
R_6qW4DJ8wwTr5pbm,backward,backward,3,5,0,0.0,0,0,0.0,0,0,0.0,0,0,0.0,0,0,0.0,0,0,0.0,0,0,0.0,0,0,0.0,0,0,0.0,0,0,0
R_6qW4DJ8wwTr5pbm,forward,forward,3,1,0,0.0,0,0,0.0,0,0,0.0,0,0,0.0,0,0,0.0,0,0,0.0,0,0,0.0,0,0,0.0,0,0,0.0,0,0,0
R_3YXaQRkiStxx6HD,ranking,backward,3,9,0,0.0,0,0,0.0,0,0,0.0,0,0,0.0,0,0,0.0,0,0,0.0,0,0,0.0,0,0,0.0,0,1,11.111,1,0,0
R_3YXaQRkiStxx6HD,backward,backward,3,14,0,0.0,0,0,0.0,0,0,0.0,0,0,0.0,0,0,0.0,0,0,0.0,0,0,0.0,0,0,0.0,0,0,0.0,0,0,0
R_3YXaQRkiStxx6HD,forward,forward,3,8,0,0.0,0,0,0.0,0,0,0.0,0,0,0.0,0,0,0.0,0,0,0.0,0,0,0.0,0,0,0.0,0,0,0.0,0,0,0
R_3Vmx0LexsNPPXI5,ranking,backward,1,33,0,0.0,0,0,0.0,0,0,0.0,0,0,0.0,0,0,0.0,0,0,0.0,0,0,0.0,0,0,0.0,0,0,0.0,0,0,0
R_3Vmx0LexsNPPXI5,backward,backward,1,23,0,0.0,0,0,0.0,0,0,0.0,0,0,0.0,0,0,0.0,0,0,0.0,0,0,0.0,0,1,4.348,1,0,0.0,0,0,0
R_3Vmx0LexsNPPXI5,forward,forward,1,6,0,0.0,0,0,0.0,0,0,0.0,0,0,0.0,0,0,0.0,0,0,0.0,0,0,0.0,0,0,0.0,0,1,16.667,1,0,0
R_5m4R9oHHGFRL4F6,ranking,backward,3,47,0,0.0,0,1,2.128,1,0,0.0,0,0,0.0,0,0,0.0,0,0,0.0,0,1,2.128,1,0,0.0,0,1,2.128,1,1,0
R_5m4R9oHHGFRL4F6,backward,backward,3,15,0,0.0,0,0,0.0,0,0,0.0,0,0,0.0,0,0,0.0,0,0,0.0,0,0,0.0,0,0,0.0,0,0,0.0,0,0,0
R_5m4R9oHHGFRL4F6,forward,forward,3,7,0,0.0,0,0,0.0,0,0,0.0,0,0,0.0,0,0,0.0,0,0,0.0,0,0,0.0,0,0,0.0,0,0,0.0,0,0,0
R_3sTEaoM823K9lqV,ranking,backward,3,32,0,0.0,0,0,0.0,0,0,0.0,0,0,0.0,0,0,0.0,0,0,0.0,0,0,0.0,0,0,0.0,0,0,0.0,0,0,0
R_3sTEaoM823K9lqV,backward,backward,3,14,0,0.0,0,0,0.0,0,0,0.0,0,0,0.0,0,0,0.0,0,0,0.0,0,0,0.0,0,0,0.0,0,0,0.0,0,0,0
R_3sTEaoM823K9lqV,forward,forward,3,37,1,2.703,1,0,0.0,0,0,0.0,0,0,0.0,0,0,0.0,0,0,0.0,0,0,0.0,0,0,0.0,0,0,0.0,0,1,0
R_7QMqnt5aurIYOSW,ranking,backward,2,13,0,0.0,0,0,0.0,0,0,0.0,0,0,0.0,0,0,0.0,0,0,0.0,0,0,0.0,0,0,0.0,0,0,0.0,0,0,0
R_7QMqnt5aurIYOSW,backward,backward,2,10,0,0.0,0,0,0.0,0,0,0.0,0,0,0.0,0,0,0.0,0,0,0.0,0,0,0.0,0,0,0.0,0,0,0.0,0,0,0
R_7QMqnt5aurIYOSW,forward,forward,2,8,0,0.0,0,0,0.0,0,0,0.0,0,0,0.0,0,0,0.0,0,0,0.0,0,0,0.0,0,0,0.0,0,0,0.0,0,0,0
R_58hsxEgreQFfqY9,ranking,backward,2,83,0,0.0,0,0,0.0,0,0,0.0,0,0,0.0,0,0,0.0,0,0,0.0,0,0,0.0,0,0,0.0,0,0,0.0,0,0,0
R_58hsxEgreQFfqY9,backward,backward,2,17,0,0.0,0,0,0.0,0,0,0.0,0,0,0.0,0,0,0.0,0,0,0.0,0,0,0.0,0,0,0.0,0,0,0.0,0,0,0
R_58hsxEgreQFfqY9,forward,forward,2,8,0,0.0,0,0,0.0,0,0,0.0,0,0,0.0,0,0,0.0,0,0,0.0,0,0,0.0,0,0,0.0,0,0,0.0,0,0,0
R_507eEPuGJC72UAi,ranking,backward,2,60,0,0.0,0,0,0.0,0,0,0.0,0,0,0.0,0,0,0.0,0,0,0.0,0,1,1.667,1,0,0.0,0,0,0.0,0,0,0
R_507eEPuGJC72UAi,backward,backward,2,27,0,0.0,0,0,0.0,0,0,0.0,0,0,0.0,0,0,0.0,0,0,0.0,0,0,0.0,0,1,3.704,1,0,0.0,0,0,0
R_507eEPuGJC72UAi,forward,forward,2,17,0,0.0,0,0,0.0,0,0,0.0,0,0,0.0,0,0,0.0,0,0,0.0,0,0,0.0,0,0,0.0,0,0,0.0,0,0,0
R_5qg379PeT74GbQn,ranking,backward,3,10,0,0.0,0,0,0.0,0,0,0.0,0,0,0.0,0,0,0.0,0,0,0.0,0,0,0.0,0,0,0.0,0,0,0.0,0,0,0
R_5qg379PeT74GbQn,backward,backward,3,0,0,0.0,0,0,0.0,0,0,0.0,0,0,0.0,0,0,0.0,0,0,0.0,0,0,0.0,0,0,0.0,0,0,0.0,0,0,0
R_5qg379PeT74GbQn,forward,forward,3,0,0,0.0,0,0,0.0,0,0,0.0,0,0,0.0,0,0,0.0,0,0,0.0,0,0,0.0,0,0,0.0,0,0,0.0,0,0,0
R_1gRMYk2a8MYPenJ,ranking,backward,1,24,0,0.0,0,0,0.0,0,0,0.0,0,0,0.0,0,0,0.0,0,0,0.0,0,0,0.0,0,0,0.0,0,1,4.167,1,0,0
R_1gRMYk2a8MYPenJ,backward,backward,1,94,0,0.0,0,0,0.0,0,0,0.0,0,0,0.0,0,0,0.0,0,0,0.0,0,0,0.0,0,0,0.0,0,0,0.0,0,0,0
R_1gRMYk2a8MYPenJ,forward,forward,1,76,1,1.316,1,0,0.0,0,0,0.0,0,0,0.0,0,0,0.0,0,0,0.0,0,0,0.0,0,0,0.0,0,2,2.632,2,1,0
R_5TLukPBTVT6xznb,ranking,backward,1,14,1,7.143,1,0,0.0,0,0,0.0,0,0,0.0,0,0,0.0,0,0,0.0,0,0,0.0,0,0,0.0,0,1,7.143,1,1,0
R_5TLukPBTVT6xznb,backward,backward,1,14,1,7.143,1,0,0.0,0,0,0.0,0,0,0.0,0,0,0.0,0,0,0.0,0,0,0.0,0,0,0.0,0,0,0.0,0,1,0
R_5TLukPBTVT6xznb,forward,forward,1,11,0,0.0,0,0,0.0,0,0,0.0,0,0,0.0,0,0,0.0,0,0,0.0,0,0,0.0,0,0,0.0,0,0,0.0,0,0,0
R_5xxrUeJsrTCwMr7,ranking,backward,3,23,0,0.0,0,0,0.0,0,0,0.0,0,0,0.0,0,0,0.0,0,0,0.0,0,0,0.0,0,0,0.0,0,0,0.0,0,0,0
R_5xxrUeJsrTCwMr7,backward,backward,3,29,0,0.0,0,0,0.0,0,0,0.0,0,0,0.0,0,0,0.0,0,0,0.0,0,0,0.0,0,0,0.0,0,0,0.0,0,0,0
R_5xxrUeJsrTCwMr7,forward,forward,3,16,0,0.0,0,0,0.0,0,0,0.0,0,0,0.0,0,0,0.0,0,0,0.0,0,0,0.0,0,0,0.0,0,0,0.0,0,0,0
R_5rMIXRhyUmaS8iE,ranking,backward,1,4,0,0.0,0,0,0.0,0,0,0.0,0,0,0.0,0,0,0.0,0,0,0.0,0,0,0.0,0,0,0.0,0,0,0.0,0,0,0
R_5rMIXRhyUmaS8iE,backward,backward,1,5,0,0.0,0,0,0.0,0,0,0.0,0,0,0.0,0,0,0.0,0,0,0.0,0,0,0.0,0,0,0.0,0,0,0.0,0,0,0
R_5rMIXRhyUmaS8iE,forward,forward,1,3,0,0.0,0,0,0.0,0,0,0.0,0,0,0.0,0,0,0.0,0,0,0.0,0,0,0.0,0,0,0.0,0,0,0.0,0,0,0
R_6h0zjJpjgSiw91L,ranking,backward,2,28,1,3.571,1,0,0.0,0,0,0.0,0,0,0.0,0,0,0.0,0,0,0.0,0,0,0.0,0,1,3.571,1,0,0.0,0,1,0
R_6h0zjJpjgSiw91L,backward,backward,2,18,0,0.0,0,0,0.0,0,0,0.0,0,0,0.0,0,0,0.0,0,0,0.0,0,0,0.0,0,0,0.0,0,0,0.0,0,0,0
R_6h0zjJpjgSiw91L,forward,forward,2,6,0,0.0,0,0,0.0,0,0,0.0,0,0,0.0,0,0,0.0,0,0,0.0,0,0,0.0,0,0,0.0,0,0,0.0,0,0,0
R_5I9O9UeH6sqjfKu,ranking,backward,3,72,1,1.389,1,0,0.0,0,0,0.0,0,0,0.0,0,0,0.0,0,0,0.0,0,1,1.389,1,0,0.0,0,0,0.0,0,1,0
R_5I9O9UeH6sqjfKu,backward,backward,3,4,0,0.0,0,0,0.0,0,0,0.0,0,0,0.0,0,0,0.0,0,0,0.0,0,0,0.0,0,0,0.0,0,0,0.0,0,0,0
R_5I9O9UeH6sqjfKu,forward,forward,3,1,0,0.0,0,0,0.0,0,0,0.0,0,0,0.0,0,0,0.0,0,0,0.0,0,0,0.0,0,0,0.0,0,0,0.0,0,0,0
R_6h6flV3qeFRHjpi,ranking,backward,1,18,0,0.0,0,0,0.0,0,0,0.0,0,0,0.0,0,0,0.0,0,0,0.0,0,0,0.0,0,0,0.0,0,0,0.0,0,0,0
R_6h6flV3qeFRHjpi,backward,backward,1,9,0,0.0,0,0,0.0,0,0,0.0,0,0,0.0,0,0,0.0,0,0,0.0,0,0,0.0,0,0,0.0,0,0,0.0,0,0,0
R_6h6flV3qeFRHjpi,forward,forward,1,19,1,5.263,1,0,0.0,0,0,0.0,0,0,0.0,0,0,0.0,0,0,0.0,0,0,0.0,0,0,0.0,0,0,0.0,0,1,0
R_6xLfe3POPRrHNyp,ranking,backward,2,8,0,0.0,0,0,0.0,0,0,0.0,0,0,0.0,0,0,0.0,0,0,0.0,0,1,12.5,1,0,0.0,0,1,12.5,1,0,0
R_6xLfe3POPRrHNyp,backward,backward,2,10,0,0.0,0,0,0.0,0,0,0.0,0,0,0.0,0,0,0.0,0,0,0.0,0,0,0.0,0,0,0.0,0,0,0.0,0,0,0
R_6xLfe3POPRrHNyp,forward,forward,2,7,0,0.0,0,0,0.0,0,0,0.0,0,0,0.0,0,0,0.0,0,0,0.0,0,0,0.0,0,0,0.0,0,0,0.0,0,0,0
R_5EnHCRa0AtYEniQ,ranking,backward,2,14,0,0.0,0,0,0.0,0,0,0.0,0,0,0.0,0,0,0.0,0,0,0.0,0,0,0.0,0,0,0.0,0,0,0.0,0,0,0
R_5EnHCRa0AtYEniQ,backward,backward,2,16,0,0.0,0,1,6.25,1,0,0.0,0,0,0.0,0,0,0.0,0,0,0.0,0,0,0.0,0,0,0.0,0,0,0.0,0,1,0
R_5EnHCRa0AtYEniQ,forward,forward,2,7,0,0.0,0,0,0.0,0,0,0.0,0,0,0.0,0,0,0.0,0,0,0.0,0,0,0.0,0,0,0.0,0,0,0.0,0,0,0
R_67WH9MAi60ADy8U,ranking,backward,1,65,0,0.0,0,0,0.0,0,0,0.0,0,0,0.0,0,0,0.0,0,0,0.0,0,1,1.538,1,1,1.538,1,1,1.538,1,0,0
R_67WH9MAi60ADy8U,backward,backward,1,44,0,0.0,0,0,0.0,0,0,0.0,0,0,0.0,0,0,0.0,0,0,0.0,0,0,0.0,0,0,0.0,0,0,0.0,0,0,0
R_67WH9MAi60ADy8U,forward,forward,1,22,0,0.0,0,0,0.0,0,0,0.0,0,0,0.0,0,0,0.0,0,0,0.0,0,0,0.0,0,0,0.0,0,0,0.0,0,0,0
R_12qLu1xs5dU849h,ranking,backward,3,28,0,0.0,0,0,0.0,0,0,0.0,0,0,0.0,0,0,0.0,0,0,0.0,0,0,0.0,0,0,0.0,0,0,0.0,0,0,0
R_12qLu1xs5dU849h,backward,backward,3,11,0,0.0,0,0,0.0,0,0,0.0,0,0,0.0,0,0,0.0,0,0,0.0,0,0,0.0,0,0,0.0,0,0,0.0,0,0,0
R_12qLu1xs5dU849h,forward,forward,3,3,0,0.0,0,0,0.0,0,0,0.0,0,0,0.0,0,0,0.0,0,0,0.0,0,0,0.0,0,0,0.0,0,0,0.0,0,0,0
R_1dnlEsI0dFAxsS1,ranking,backward,3,20,0,0.0,0,0,0.0,0,0,0.0,0,0,0.0,0,0,0.0,0,0,0.0,0,0,0.0,0,0,0.0,0,1,5.0,1,0,0
R_1dnlEsI0dFAxsS1,backward,backward,3,17,0,0.0,0,0,0.0,0,0,0.0,0,0,0.0,0,0,0.0,0,0,0.0,0,0,0.0,0,0,0.0,0,0,0.0,0,0,0
R_1dnlEsI0dFAxsS1,forward,forward,3,15,0,0.0,0,0,0.0,0,0,0.0,0,0,0.0,0,0,0.0,0,0,0.0,0,0,0.0,0,0,0.0,0,0,0.0,0,0,0
R_7k5p26JU2i9tjN4,ranking,backward,2,26,0,0.0,0,0,0.0,0,0,0.0,0,0,0.0,0,0,0.0,0,0,0.0,0,1,3.846,1,0,0.0,0,1,3.846,1,0,0
R_7k5p26JU2i9tjN4,backward,backward,2,28,0,0.0,0,0,0.0,0,0,0.0,0,0,0.0,0,0,0.0,0,0,0.0,0,0,0.0,0,0,0.0,0,0,0.0,0,0,0
R_7k5p26JU2i9tjN4,forward,forward,2,15,0,0.0,0,0,0.0,0,0,0.0,0,0,0.0,0,0,0.0,0,0,0.0,0,0,0.0,0,0,0.0,0,0,0.0,0,0,0
R_6G32ViiV4cPGDYz,ranking,backward,1,39,0,0.0,0,0,0.0,0,0,0.0,0,0,0.0,0,0,0.0,0,0,0.0,0,0,0.0,0,1,2.564,1,0,0.0,0,0,0
R_6G32ViiV4cPGDYz,backward,backward,1,20,0,0.0,0,0,0.0,0,0,0.0,0,0,0.0,0,0,0.0,0,0,0.0,0,0,0.0,0,0,0.0,0,0,0.0,0,0,0
R_6G32ViiV4cPGDYz,forward,forward,1,10,0,0.0,0,0,0.0,0,0,0.0,0,0,0.0,0,0,0.0,0,0,0.0,0,0,0.0,0,1,10.0,1,0,0.0,0,0,0
R_71ACGQMeQ1mqFAW,ranking,backward,2,48,1,2.083,1,0,0.0,0,0,0.0,0,0,0.0,0,0,0.0,0,0,0.0,0,0,0.0,0,0,0.0,0,0,0.0,0,1,0
R_71ACGQMeQ1mqFAW,backward,backward,2,113,0,0.0,0,0,0.0,0,0,0.0,0,0,0.0,0,0,0.0,0,0,0.0,0,0,0.0,0,1,0.885,1,0,0.0,0,0,0
R_71ACGQMeQ1mqFAW,forward,forward,2,21,0,0.0,0,0,0.0,0,0,0.0,0,0,0.0,0,0,0.0,0,0,0.0,0,1,4.762,1,0,0.0,0,0,0.0,0,0,0
R_6QHJ482VWkdYeAN,ranking,backward,3,42,0,0.0,0,0,0.0,0,0,0.0,0,0,0.0,0,0,0.0,0,0,0.0,0,1,2.381,1,0,0.0,0,1,2.381,1,0,0
R_6QHJ482VWkdYeAN,backward,backward,3,36,0,0.0,0,0,0.0,0,0,0.0,0,0,0.0,0,0,0.0,0,0,0.0,0,0,0.0,0,1,2.778,1,0,0.0,0,0,0
R_6QHJ482VWkdYeAN,forward,forward,3,26,0,0.0,0,0,0.0,0,0,0.0,0,0,0.0,0,0,0.0,0,0,0.0,0,0,0.0,0,0,0.0,0,0,0.0,0,0,0
R_5PH7rUihm71cYYx,ranking,backward,1,15,0,0.0,0,0,0.0,0,0,0.0,0,0,0.0,0,0,0.0,0,0,0.0,0,0,0.0,0,0,0.0,0,0,0.0,0,0,0
R_5PH7rUihm71cYYx,backward,backward,1,21,0,0.0,0,0,0.0,0,0,0.0,0,0,0.0,0,0,0.0,0,0,0.0,0,0,0.0,0,0,0.0,0,0,0.0,0,0,0
R_5PH7rUihm71cYYx,forward,forward,1,10,0,0.0,0,0,0.0,0,0,0.0,0,0,0.0,0,0,0.0,0,0,0.0,0,0,0.0,0,0,0.0,0,0,0.0,0,0,0
R_5HpiFimDL33fAsu,ranking,backward,2,6,0,0.0,0,0,0.0,0,0,0.0,0,0,0.0,0,0,0.0,0,0,0.0,0,0,0.0,0,0,0.0,0,0,0.0,0,0,0
R_5HpiFimDL33fAsu,backward,backward,2,12,0,0.0,0,0,0.0,0,0,0.0,0,0,0.0,0,0,0.0,0,0,0.0,0,0,0.0,0,0,0.0,0,0,0.0,0,0,0
R_5HpiFimDL33fAsu,forward,forward,2,8,0,0.0,0,0,0.0,0,0,0.0,0,0,0.0,0,0,0.0,0,0,0.0,0,0,0.0,0,0,0.0,0,0,0.0,0,0,0
R_6dTr5Fq5DmNM1MN,ranking,backward,3,64,0,0.0,0,0,0.0,0,0,0.0,0,0,0.0,0,0,0.0,0,0,0.0,0,0,0.0,0,0,0.0,0,1,1.562,1,0,0
R_6dTr5Fq5DmNM1MN,backward,backward,3,14,0,0.0,0,0,0.0,0,0,0.0,0,0,0.0,0,0,0.0,0,0,0.0,0,0,0.0,0,0,0.0,0,0,0.0,0,0,0
R_6dTr5Fq5DmNM1MN,forward,forward,3,14,1,7.143,1,0,0.0,0,0,0.0,0,0,0.0,0,0,0.0,0,0,0.0,0,0,0.0,0,0,0.0,0,1,7.143,1,1,0
