StartDate,EndDate,Status,IPAddress,Progress,Duration (in seconds),Finished,RecordedDate,ResponseId,RecipientLastName,RecipientFirstName,RecipientEmail,ExternalReference,LocationLatitude,LocationLongitude,DistributionChannel,UserLanguage,Q_RecaptchaScore,Prolific_ID,Retribution_1,Retribution_2,Retribution_3,Retribution_4,Retribution_5,Retribution_6,Retribution_7,Deterrence_1,Deterrence_2,Deterrence_3,Incapacitation_1,Incapacitation_2,Rehabilitation_1,Rehabilitation_2,Solidarity_1,Solidarity_2,Solidarity_3,Prioritization_1,Prioritization_2,Prioritization_3,Prioritization_4,Priorit_Explain,punishmore_1,punishmore_2,parsimony_1,parsimony_2,threestrikes_1,threestrikes_2,LWOP,deathpenalty,AttnCheck1,revenge_1,revenge_2,revenge_3,revenge_4,proportionality,severity_1,severity_2,exclusion_1,exclusion_2,exclusion_3,essential_1,essential_2,essential_3,essential_4,Society_1,Society_2,Society_3,choice_1,choice_2,AttnCheck2,dueprocess_1,dueprocess_2,dueprocess_3,uncertain_1,uncertain_2,uncertain_3,uncertain_4,rates_1,rates_2,fear_1,fear_2,fear_3,hate_1,hate_2,hate_3,anger_1,anger_2,degrad_1,degrad_2,degrad_3,suffer_1,suffer_2,prisonvi_1,prisonvi_2,harsh_1,harsh_2,harsh_3,rwa_1,rwa_2,rwa_3,rwa_4,rwa_5,sdo_1,sdo_2,sdo_3,sdo_4,sdo_5,sdo_6,sdo_7,sdo_8,vprone_1,vprone_2,vprone_3,vprone_4,Raceresent_1,Raceresent_2,Raceresent_3,Raceresent_4,CRT_1_1,CRT_2_1,CRT_3_1,Sentence1_V1_1,Sentence2_V1_1,Sentence_OpenEnd1_V1,Sentence_OpenEnd2_V1,Sentence1_V2_1,Sentence2_V2_1,Sentence_OpenEnd1_V2,Sentence_OpenEnd2_V2,Sentence1_V3_1,Sentence2_V3_1,Sentence_OpenEnd1_V3,Sentence_OpenEnd2_V3,Shark_1,Shark_2,Shark_3,age_1,gender,race,education,lib/conserv,PoliticalID,leanPros_1,leanPros_2,feedback,Vignette
Start Date,End Date,Response Type,IP Address,Progress,Duration (in seconds),Finished,Recorded Date,Response ID,Recipient Last Name,Recipient First Name,Recipient Email,External Data Reference,Location Latitude,Location Longitude,Distribution Channel,User Language,Q_RecaptchaScore,Please enter your Prolific ID here:,Society has a moral right to punish criminals,Justice requires that crimes be punished,Justice is restored when criminals are punished,Punishment is justified because criminals deserve to be punished,The state has a duty to punish its criminals,Criminal punishment is a good way to get criminals to repay their debt to society,Punishment negates the unfair advantage that criminals gain over law-abiding citizens,Punishment is justified because it deters others from committing crimes,Punishment makes it clear that crime does not pay,"Without a serious threat of punishment, crime rates would skyrocket",Society is safest when criminals are locked behind bars,Imprisonment is justified because it removes criminals off the streets,Imprisonment is justified because it prepares prisoners for their eventual release back into society,Prison programs can make prisoners become productive members of society,Removing criminals from society helps society cleanse itself,Punishing criminals brings the law-abiding society closer together,Punishing criminals expresses society's norms,"Please read the list of four reasons that are often used to justify criminal punishment:

 

	Criminals deserve to be punished
	Punishment deters others from committing crimes
	While they are locked up, prisoners cannot commit other crimes 
	Prisoners get rehabilitated in prison



Please rank (drag to rank the position) how you prioritize these reasons in descending order (rank the best reason first and the weakest reason last). 



My ranked order of reasons for punishment is -- - Criminals deserve to be punished","Please read the list of four reasons that are often used to justify criminal punishment:

 

	Criminals deserve to be punished
	Punishment deters others from committing crimes
	While they are locked up, prisoners cannot commit other crimes 
	Prisoners get rehabilitated in prison



Please rank (drag to rank the position) how you prioritize these reasons in descending order (rank the best reason first and the weakest reason last). 



My ranked order of reasons for punishment is -- - Punishment deters others from committing crimes","Please read the list of four reasons that are often used to justify criminal punishment:

 

	Criminals deserve to be punished
	Punishment deters others from committing crimes
	While they are locked up, prisoners cannot commit other crimes 
	Prisoners get rehabilitated in prison



Please rank (drag to rank the position) how you prioritize these reasons in descending order (rank the best reason first and the weakest reason last). 



My ranked order of reasons for punishment is -- - While they are locked up, prisoners cannot commit other crimes","Please read the list of four reasons that are often used to justify criminal punishment:

 

	Criminals deserve to be punished
	Punishment deters others from committing crimes
	While they are locked up, prisoners cannot commit other crimes 
	Prisoners get rehabilitated in prison



Please rank (drag to rank the position) how you prioritize these reasons in descending order (rank the best reason first and the weakest reason last). 



My ranked order of reasons for punishment is -- - Prisoners get rehabilitated in prison",Please explain why you ranked the reasons for punishment in that order,The current level of punishment in the United States is too high.,The solution to crime is more punishment.,Criminal punishments should be as light as possible.,The state should not punish more than is absolutely necessary.,People convicted three times for a felony should be imprisoned for life.,People convicted three times for shoplifting should serve at least 25 years in prison.,Convicted murderers should never be allowed out of prison.,How much do you support or oppose the use of the death penalty to punish people convicted of first-degree murder?,"To make sure that the experiment is running correctly, please select the ""strongly agree"" option.",Society has the right to take revenge on criminal offenders.,Society should punish to get back at criminal offenders.,A father should not be prosecuted for killing the man who sexually assaulted his 9-year old daughter.,"Rather than showing criminals so much tolerance, we should be punishing them more severely.","Punishment should be proportionate to the severity of the crime, no more and no less.",Punishment should be greater than the seriousness of the crime.,Punishment should be less severe than the harmfulness of the crime.,"By breaking society’s laws, criminals exclude themselves from membership in society.","Having chosen to break the law, criminals do not deserve to enjoy the benefits that society provides its members.",Punishment communicates to criminals that they have no place in society.,"Once a criminal, always a criminal.",The people who commit crimes do so because criminal behavior is in their nature.,The people who commit crimes do so because of their tough life circumstances.,Criminals have only themselves to blame for their punishment.,"When a person breaks the law, it is not just a personal failure but also society's failure",The state should take better care of people so that they will choose not to commit crimes,"Society should embrace all of its members, including those who break its laws",People sitting in prison are there because they chose to live a life of crime.,Committing a crime is always a choice.,What is 8+7 equal to?,The legal system’s loopholes and technicalities makes it too difficult to convict criminals for their crimes.,"No matter how abhorrent the crime is, every defendant deserves the protection of due process of law.",People charged with committing violent crimes should be convicted even if police investigators cut some corners.,Jailhouse informants can be trusted when they testify that a cell-mate had confessed to committing a crime.,"Generally, the police make an arrest only when they are sure who committed the crime.","When it is the suspect’s word against the police officer’s word, we should believe the police.","If police officers know that a defendant is guilty, it is okay for them to lie when testifying in court to help obtain a conviction.",How serious is the problem of crime in the United States?,Do you feel that violent crime just keeps Rising?,How safe do you feel walking at night in the vicinity of your home?,How much do you fear that you will be a victim of a serious crime?,How much do you fear that someone will break into your home in the next 12 months?,I feel hatred towards criminals.,I am sympathetic towards criminals.,I feel that criminals are detestable human beings.,I feel anger towards criminals.,The crime problem makes me feel angry.,"Regardless of their wrongdoing, prisoners deserve to be treated with dignity and respect.",Punishment communicates to criminals that society has low regard for them.,Punishment should humiliate the criminal.,Infliction of suffering is a permissible goal of criminal punishment.,Punishment without suffering is not punishment.,I feel bad when a prisoner is assaulted in prison.,Sexual assault of prisoners is a serious societal problem.,The conditions in prisons should be extremely harsh.,Prisoners deserve decent living conditions.,Our prisons are too comfortable.,"What our country needs most is discipline, with everyone following our leaders in unity.","God’s laws about abortion, pornography, and marriage must be strictly followed before it is too late.",There is nothing wrong with premarital sexual intercourse.,Our society needs tougher government and stricter laws.,"To preserve law and order, we should crack down harder on troublemakers.",An ideal society requires some groups to be on top and others to be on the bottom.,Some groups of people are simply inferior to other groups.,No one group should dominate in society.,Groups at the bottom of the social order are just as deserving as groups at the top.,Group equality should not be our primary goal.,It is unjust to try to make groups equal.,We should do what we can to equalize conditions for different social groups.,We should work to give all groups an equal chance to succeed.,A person has the right to kill to defend their property.,Physical punishment is necessary for raising children.,There is nothing wrong in torturing terrorists to obtain information about the threat they may pose to society.,"Imagine that the United States is at war with a foreign country.



After months of heavy losses, the US ground invasion has ground to a halt, with experts estimating an additional 20,000 US military fatalities. One suggestion to end the war is to drop a nuclear weapon on the enemy’s capital, which could kill up to 200,000 civilians.



To what extent do you agree with dropping the nuclear weapon on the enemy's capitol?",Generations of slavery and discrimination have created conditions that make it difficult for blacks to work their way out of the lower class.,It’s really a matter of some people not trying hard enough; if Blacks would only try harder they could be as well off as Whites.,"Irish, Italian, Jewish, and many other minorities overcame prejudice and worked their way up. Blacks should do the same without any special favors.","Over the past few years, Blacks have gotten less than they deserve.","A bat and a ball cost $1.10 in total. The bat costs a dollar more than
the ball. How much does the ball cost? 

The ball costs: - cents","If it takes 5 machines 5 minutes to make 5 widgets, how long would it
take 100 machines to make 100 widgets?

It would take: - Minutes","In a lake, there is a patch of lily pads. Every day, the patch doubles in
size. If it takes 48 days for the patch to cover the entire lake, how long would it take for the patch to cover half of the lake?

Covering half of the lake would take: - Minutes","What sentence would you give Darryl Smith for killing Frankie Williams? 

I would sentence Darryl to this number of years in prison:



(for a life sentence, mark 50 years) - Years","What sentence would you give Darryl under these conditions? 

I would sentence Darryl to this number of years in prison:



(for a life sentence, mark 50 years) - Years",Please explain why you recommended this sentence for Darryl.,What do you hope this sentence will accomplish?,"What sentence would you give Darryl Smith for killing Frankie Williams? 

I would sentence Darryl to this number of years in prison:



(for a life sentence, mark 50 years) - Years","What sentence would you give Darryl under these conditions? 

I would sentence Darryl to this number of years in prison:



(for a life sentence, mark 50 years) - Years",Please explain why you recommended this sentence for Darryl.,What do you hope this sentence will accomplish?,"What sentence would you give Darryl Smith for killing Frankie Williams? 

I would sentence Darryl to this number of years in prison:



(for a life sentence, mark 50 years) - Years","What sentence would you give Darryl under these conditions? 

I would sentence Darryl to this number of years in prison:



(for a life sentence, mark 50 years) - Years",Please explain why you recommended this sentence for Darryl.,What do you hope this sentence will accomplish?,"At dusk one evening, Melissa, a 10-year old star gymnast, was swimming with her family at a popular beach. The beach was known to be very safe for swimmers even though it was fairly close to a breeding grounds for a particular breed of sharks. Without warning, Melissa was attacked by a large shark and was severely bitten in her abdomen and neck. Within minutes of the attack, Melissa was dead. 

Two days later, local fishermen found a live shark whose fin was tangled in their net. The shark was believed to be of the same species as the one that killed Melissa. The authorities must now decide what to do with the captured shark. 


Do you support putting the shark to death?",How confident are you in your response?,"Assuming that the authorities decided to put the shark to death, how painful should the death be?",What is your age? - Years,What is your gender?,What is your race/ethnicity?,What is your level of education?,Do you describe yourself as more liberal or more conservative?,"How do you describe yourself politically? 

I identify mostly as a:","When you think of a criminal trial in real life, with whom do you identify more?

 

I identify more with (mark one):","Imagine that you worked as a lawyer in the criminal justice system. Which role would you rather serve?

 

I would rather work as a (mark one):","But before you submit your response, we would appreciate it if you were willing to share any comments or suggestions regarding this study.",Vignette
"{""ImportId"":""startDate"",""timeZone"":""America/Denver""}","{""ImportId"":""endDate"",""timeZone"":""America/Denver""}","{""ImportId"":""status""}","{""ImportId"":""ipAddress""}","{""ImportId"":""progress""}","{""ImportId"":""duration""}","{""ImportId"":""finished""}","{""ImportId"":""recordedDate"",""timeZone"":""America/Denver""}","{""ImportId"":""_recordId""}","{""ImportId"":""recipientLastName""}","{""ImportId"":""recipientFirstName""}","{""ImportId"":""recipientEmail""}","{""ImportId"":""externalDataReference""}","{""ImportId"":""locationLatitude""}","{""ImportId"":""locationLongitude""}","{""ImportId"":""distributionChannel""}","{""ImportId"":""userLanguage""}","{""ImportId"":""Q_RecaptchaScore""}","{""ImportId"":""QID335_TEXT""}","{""ImportId"":""QID363""}","{""ImportId"":""QID366""}","{""ImportId"":""QID365""}","{""ImportId"":""QID364""}","{""ImportId"":""QID390""}","{""ImportId"":""QID401""}","{""ImportId"":""QID403""}","{""ImportId"":""QID368""}","{""ImportId"":""QID369""}","{""ImportId"":""QID370""}","{""ImportId"":""QID374""}","{""ImportId"":""QID375""}","{""ImportId"":""QID376""}","{""ImportId"":""QID377""}","{""ImportId"":""QID371""}","{""ImportId"":""QID372""}","{""ImportId"":""QID373""}","{""ImportId"":""QID367_1""}","{""ImportId"":""QID367_2""}","{""ImportId"":""QID367_3""}","{""ImportId"":""QID367_4""}","{""ImportId"":""QID407_TEXT""}","{""ImportId"":""QID21""}","{""ImportId"":""QID22""}","{""ImportId"":""QID14""}","{""ImportId"":""QID15""}","{""ImportId"":""QID16""}","{""ImportId"":""QID17""}","{""ImportId"":""QID24""}","{""ImportId"":""QID25""}","{""ImportId"":""QID336""}","{""ImportId"":""QID340""}","{""ImportId"":""QID341""}","{""ImportId"":""QID342""}","{""ImportId"":""QID343""}","{""ImportId"":""QID344""}","{""ImportId"":""QID345""}","{""ImportId"":""QID346""}","{""ImportId"":""QID78""}","{""ImportId"":""QID79""}","{""ImportId"":""QID81""}","{""ImportId"":""QID357""}","{""ImportId"":""QID358""}","{""ImportId"":""QID359""}","{""ImportId"":""QID360""}","{""ImportId"":""QID381""}","{""ImportId"":""QID382""}","{""ImportId"":""QID383""}","{""ImportId"":""QID361""}","{""ImportId"":""QID362""}","{""ImportId"":""QID337""}","{""ImportId"":""QID57""}","{""ImportId"":""QID58""}","{""ImportId"":""QID59""}","{""ImportId"":""QID61""}","{""ImportId"":""QID62""}","{""ImportId"":""QID63""}","{""ImportId"":""QID60""}","{""ImportId"":""QID64""}","{""ImportId"":""QID65""}","{""ImportId"":""QID147""}","{""ImportId"":""QID148""}","{""ImportId"":""QID149""}","{""ImportId"":""QID71""}","{""ImportId"":""QID72""}","{""ImportId"":""QID73""}","{""ImportId"":""QID74""}","{""ImportId"":""QID75""}","{""ImportId"":""QID82""}","{""ImportId"":""QID83""}","{""ImportId"":""QID84""}","{""ImportId"":""QID85""}","{""ImportId"":""QID86""}","{""ImportId"":""QID87""}","{""ImportId"":""QID88""}","{""ImportId"":""QID89""}","{""ImportId"":""QID90""}","{""ImportId"":""QID91""}","{""ImportId"":""QID150""}","{""ImportId"":""QID97""}","{""ImportId"":""QID96""}","{""ImportId"":""QID95""}","{""ImportId"":""QID94""}","{""ImportId"":""QID200""}","{""ImportId"":""QID201""}","{""ImportId"":""QID202""}","{""ImportId"":""QID203""}","{""ImportId"":""QID204""}","{""ImportId"":""QID205""}","{""ImportId"":""QID206""}","{""ImportId"":""QID207""}","{""ImportId"":""QID269""}","{""ImportId"":""QID270""}","{""ImportId"":""QID271""}","{""ImportId"":""QID272""}","{""ImportId"":""QID301""}","{""ImportId"":""QID302""}","{""ImportId"":""QID303""}","{""ImportId"":""QID304""}","{""ImportId"":""QID394_1""}","{""ImportId"":""QID395_1""}","{""ImportId"":""QID396_1""}","{""ImportId"":""QID142_1""}","{""ImportId"":""QID406_1""}","{""ImportId"":""QID192_TEXT""}","{""ImportId"":""QID193_TEXT""}","{""ImportId"":""QID414_1""}","{""ImportId"":""QID416_1""}","{""ImportId"":""QID417_TEXT""}","{""ImportId"":""QID418_TEXT""}","{""ImportId"":""QID425_1""}","{""ImportId"":""QID427_1""}","{""ImportId"":""QID428_TEXT""}","{""ImportId"":""QID429_TEXT""}","{""ImportId"":""QID387""}","{""ImportId"":""QID388""}","{""ImportId"":""QID391""}","{""ImportId"":""QID11_1""}","{""ImportId"":""QID12""}","{""ImportId"":""QID13""}","{""ImportId"":""QID40""}","{""ImportId"":""QID9""}","{""ImportId"":""QID397""}","{""ImportId"":""QID399""}","{""ImportId"":""QID400""}","{""ImportId"":""QID4_TEXT""}","{""ImportId"":""Vignette""}"
2026-07-02 12:11:33,2026-07-02 12:19:44,0,,100,490,1,2026-07-02 12:19:45,R_6zFmDHUnWzyvmXD,,,,,,,anonymous,EN,1,P000423,1,1,1,1,1,1,1,1,1,1,1,1,4,7,1,1,1,3,2,4,1,you made me choose from just these 3 choices,7,1,7,7,1,1,1,1,9,1,1,1,1,4,1,7,1,1,1,1,1,7,1,7,7,7,1,1,4,1,7,1,1,1,1,1,1,1,7,1,1,1,7,1,1,1,7,4,1,1,1,7,7,1,7,1,1,1,7,1,1,1,1,7,7,1,1,7,7,1,1,1,1,7,1,1,7,1,5,47,,,,,20,0,He can't do anything now,I don't think about accomplishments,,,,,2,7,1,65,1,1,6,1,1,2,2,,2
2026-07-02 12:11:49,2026-07-02 12:19:45,0,,100,475,1,2026-07-02 12:19:45,R_6EKM6PN9xTmWMV0,,,,,,,anonymous,EN,0.6000000238418579,P000454,4,4,4,4,4,4,4,4,4,4,4,4,1,7,4,4,4,4,2,3,1,"I am hopeful that we can move from a carceral state to one of accountability, rehabilitation, and common sense restrictions and limitations on those who commit dangerous crimes",7,1,1,7,4,1,7,1,9,4,1,6,1,7,1,1,4,4,7,4,4,4,3,5,7,4,4,5,4,1,7,1,1,1,1,1,5,4,6,2,2,5,3,4,5,4,5,4,4,4,4,6,7,1,6,1,1,1,7,1,1,1,1,7,7,1,1,7,7,1,1,4,1,7,1,1,7,5,100,24,50,50,he still chose to commit that crime the way he did,"make him miserable for the rest of his life because he stole a woman's life for no good reason ",,,,,,,,,1,7,1,35,2,1,6,1,1,3,3,,1
2026-07-02 12:08:59,2026-07-02 12:21:10,0,,100,731,1,2026-07-02 12:21:11,R_5IY8U2LsOKs3MYZ,,,,,,,anonymous,EN,1,P001422,6,6,4,6,6,4,5,6,6,6,6,6,2,4,6,6,6,3,1,2,4,"1 if people know they will be punished they may think twice.  If they are locked up they can't commit crimes, If they do the crime they deserve the punishment.  I don't believe rehabilitation works in most cases.",3,4,1,2,4,1,6,6,9,6,4,7,6,7,4,2,6,2,3,4,4,2,5,5,4,2,2,3,4,5,5,5,2,2,4,1,5,5,5,3,3,4,2,4,5,2,2,6,2,4,4,4,5,4,4,4,4,5,6,4,6,1,1,6,6,4,4,4,6,4,1,5,1,2,4,5,4,10,5,24,,,,,,,,,50,50,it was premeditated,"he took a life viciously and knowingly - this sentence needs to be across the board - and all over the fact he wanted to steal cars.  ",1,7,1,63,2,1,3,6,2,3,1,,3
2026-07-02 12:11:44,2026-07-02 12:22:13,0,,100,629,1,2026-07-02 12:22:14,R_3oqysjixGy9AoFj,,,,,,,anonymous,EN,1,P001407,4,5,4,4,5,5,2,4,2,4,3,5,1,3,2,3,4,2,3,1,4,I do think that crimes should be punished and certainly violent crimes deserve prison.  I do think that we need to work better to rehabilitate prisoners while they are in prison and make sure that they make better choices when they are released.  I don't think what we do now helps anyone.,6,1,4,5,2,3,2,1,9,1,3,2,2,5,3,4,1,3,3,1,2,5,1,6,7,5,2,3,4,1,7,1,5,1,2,1,3,2,7,3,2,1,5,1,1,1,7,1,1,1,3,5,6,1,7,1,1,1,6,2,2,1,1,7,7,1,1,7,7,2,1,1,1,7,1,1,7,10,100,24,,,,,,,,,40,5,"If Darryl can no longer care for himself in a normal fashion, he needs to be moved to a place where he can be helped","I hope that he will be treated with compassion, which he didn't show for the victim.",1,7,1,45,2,1,4,1,1,3,3,,3
2026-07-02 12:11:42,2026-07-02 12:22:27,0,,100,644,1,2026-07-02 12:22:28,R_1iyTntLbOmxMPIJ,,,,,,,anonymous,EN,1,P001064,4,4,4,4,4,4,4,4,4,3,3,4,4,4,4,4,4,4,2,3,1,Rehabilitation is the best reason to put criminals in prison because it's less tortorous and inhumane and makes the prisoners better members of society.,7,2,4,6,2,1,4,1,9,3,3,4,2,4,1,4,2,2,2,2,2,7,2,7,7,6,2,3,4,2,7,1,1,7,1,1,2,2,6,2,2,2,3,2,2,2,7,6,1,1,2,5,6,1,6,1,1,1,7,1,1,1,1,7,7,1,1,7,7,3,1,1,1,7,1,2,7,10,100,24,25,20,He should still face consequences for what he did but his difficulties in life are also a punishment.,He should still reflect on what he did and hope to be a better person.,,,,,,,,,1,6,1,39,1,1,4,1,1,3,3,,1
2026-07-02 12:11:06,2026-07-02 12:22:39,0,,100,692,1,2026-07-02 12:22:40,R_1YExfMDQjZUMW8L,,,,,,,anonymous,EN,1,P001143,6,7,6,6,7,6,4,6,7,7,7,6,5,4,6,5,5,1,3,2,4,"Well it just made sense no? My ranking? ",4,5,4,4,4,4,7,5,9,6,6,6,6,7,4,4,4,4,4,6,4,5,4,4,5,4,5,6,4,4,7,2,5,1,4,1,5,4,4,4,2,4,2,4,4,4,5,4,4,4,4,4,4,4,4,4,4,2,7,2,4,1,1,7,7,1,7,7,7,6,1,6,2,4,4,4,2,10,100,48,,,,,,,,,20,15,Because that's how I feel.,Justice,1,6,1,55,1,1,4,4,3,3,3,,3
2026-07-02 12:10:51,2026-07-02 12:22:44,0,,100,712,1,2026-07-02 12:22:44,R_3l6JGh2Vgfkr4di,,,,,,,anonymous,EN,1,P001836,7,7,7,7,7,7,7,7,7,7,7,7,6,6,7,7,7,2,3,1,4,"The criminals need to get off the streets to protect law abiding citizens most of all. Justice is necessary, therefore punishment of crime is necessarey.",1,6,1,3,5,6,6,6,9,4,4,4,6,6,4,2,6,6,4,3,3,2,5,5,3,4,5,5,4,6,6,6,4,4,5,2,7,6,5,3,4,2,1,1,5,6,6,3,3,5,4,4,6,4,5,4,7,7,1,7,7,4,3,4,4,7,7,1,4,4,4,6,5,3,4,5,3,10,5,24,,,,,25,25,His crime still deserves the punishment even though he has a disease.,It will send a message to others contemplating similar crimes.,,,,,2,7,1,63,2,1,4,7,2,1,1,nothing to comment on,2
2026-07-02 12:10:17,2026-07-02 12:23:02,0,,100,765,1,2026-07-02 12:23:03,R_5DZFKhv3bXw8q1j,,,,,,,anonymous,EN,1,P001943,6,6,6,6,6,6,5,6,6,6,6,6,5,5,5,5,6,2,3,1,4,"From my perspective, protecting citizens from career criminals is the most important reason to incarcerate them.  ",2,6,1,2,7,4,7,5,9,2,3,4,6,3,4,2,5,5,3,3,5,3,5,3,2,3,6,5,4,5,5,3,4,3,5,2,5,4,4,4,4,3,3,4,5,4,5,3,3,4,4,4,5,4,5,5,4,3,5,5,5,4,3,4,4,5,5,3,5,5,3,3,3,3,5,5,3,10,5,24,,,,,50,50,"Despite his age and health problems, he deserves a significant sentence.  ","Punishment for causing Frankie’s death.   ",,,,,1,5,2,56,2,1,4,4,3,1,1,,2
2026-07-02 12:10:06,2026-07-02 12:23:11,0,,100,785,1,2026-07-02 12:23:12,R_1I5h4tFmat7ueoq,,,,,,,anonymous,EN,1,P000254,5,5,5,5,5,6,6,5,6,4,5,5,4,4,4,4,6,1,3,2,4,"Not all punishment acts as a deterrent, but it may help. I am not sure if rehabilitation programs are really effective. Therefore, I put it last.",5,3,4,7,1,1,3,1,9,4,3,4,4,6,4,3,3,3,2,4,4,4,5,4,5,5,5,6,4,4,7,1,3,4,5,1,4,4,7,3,1,3,4,4,3,3,7,5,2,3,4,6,4,3,6,4,1,1,4,3,2,4,4,5,4,3,6,7,7,4,1,1,1,5,5,5,4,1,5,47,20,5,"He is no longer a threat to society, and while in prison, he will cost tax payers money for his medical bills, etc.","It would still be a punishment, but someone so young and sick should not get a life sentence.",,,,,,,,,1,6,1,65,2,1,6,4,1,3,3,,1
2026-07-02 12:10:06,2026-07-02 12:23:14,0,,100,788,1,2026-07-02 12:23:15,R_5OiRx59rM96Yg1P,,,,,,,anonymous,EN,1,P001124,6,6,5,7,6,4,6,7,7,7,7,7,3,6,5,5,6,1,3,2,4,"If there is no threat of punishment, then people will commit crimes all the time. And if you do something like hurt someone, you need to be punished. ",5,3,2,5,5,1,6,6,9,3,5,5,3,6,3,2,5,6,5,3,3,5,6,3,6,4,5,5,4,5,6,6,3,5,3,2,5,5,7,5,3,4,2,5,5,5,5,3,3,3,3,3,5,5,4,3,4,3,7,2,5,3,3,6,5,3,2,5,6,5,3,5,2,3,5,5,3,10,5,24,,,,,25,25,Just because he is not a threat doesn't mean he shouldn't be punished.,Allow him to think about what he did and become a better person.,,,,,1,6,1,55,1,1,4,5,2,1,1,,2
2026-07-02 12:11:50,2026-07-02 12:23:28,0,,100,697,1,2026-07-02 12:23:29,R_7mekN9GC1fk33li,,,,,,,anonymous,EN,1,P001366,7,7,7,7,7,7,7,7,7,7,7,7,3,4,7,7,7,1,3,2,4,"I don't necessarily think that prison rehabilitates criminals nor deters them from doing it again, but it is a punishment which is justified for their behavior.",1,5,1,3,7,7,7,7,9,2,2,4,6,7,2,1,7,7,5,5,6,2,7,2,2,4,7,6,4,7,7,1,4,5,6,1,6,7,4,4,5,4,2,4,5,5,6,7,4,2,3,6,7,4,6,3,5,7,1,6,5,5,3,4,5,5,7,4,5,7,7,6,2,2,5,7,2,10,5,47,,,,,,,,,50,50,"because he fully knew what he was doing when he choose to beat up Frankie, and having a disease doesn't make him less culpable.","Deliver the message that when you kill someone you suffer the consequences.  ",1,3,1,48,2,1,4,6,2,1,1,,3
2026-07-02 12:11:51,2026-07-02 12:23:41,0,,100,710,1,2026-07-02 12:23:41,R_37pERk7YMXWU3ct,,,,,,,anonymous,EN,1,P001429,4,6,2,4,5,4,4,4,2,1,5,4,2,6,3,3,4,1,4,2,3,"If you commit a crime then you deserve some sort of punishment. Repeat offenders, while locked up can not commit other crimes. If the prison rehabilitation is done well then it can change the minds and lives of prisoners. I do not think that seeing others commit crimes stops other criminals, because everyone thinks they will get away with it. ",2,3,1,4,6,1,4,5,9,4,4,7,4,5,3,1,4,3,4,1,3,4,4,6,7,6,5,7,4,6,7,1,4,1,1,1,6,7,4,4,3,2,3,2,4,5,5,4,3,4,2,5,6,2,6,2,1,1,7,5,6,1,1,7,7,1,1,7,7,4,1,2,1,7,1,1,7,10,100,24,,,,,50,50,"because he still killed someone ","it is a punishment he deserves for murder, and will keep him locked up ",,,,,1,7,1,40,2,1,5,2,3,3,3,,2
2026-07-02 12:10:06,2026-07-02 12:23:51,0,,100,825,1,2026-07-02 12:23:52,R_1S7gxHDqAH6iTdw,,,,,,,anonymous,EN,1,P001511,7,7,5,7,7,7,1,7,7,5,7,7,5,7,7,7,7,3,4,2,1,I think it is highly important that criminals are rehabilitated,7,3,2,7,1,1,7,5,9,1,1,7,3,7,1,7,1,5,7,1,3,5,5,7,7,7,5,5,4,7,7,1,1,7,5,1,7,7,7,1,1,4,4,1,7,7,7,1,1,1,1,7,7,1,7,1,7,7,1,5,7,1,1,7,7,1,1,7,7,7,1,1,1,1,1,1,1,10,50,24,20,0,He isn't a threat anymore,He is paralyzed he has paid,,,,,,,,,1,7,1,60,2,1,3,7,2,3,3,,1
2026-07-02 12:12:33,2026-07-02 12:24:17,0,,100,704,1,2026-07-02 12:24:17,R_5uK38w74t1M7MZz,,,,,,,anonymous,EN,1,P000900,5,6,5,5,6,5,4,5,6,5,6,7,3,5,4,6,6,2,3,1,4,I believe the number one reason to lock up criminals is so they cannot commit other crimes against society.,3,4,3,4,3,2,5,2,9,3,3,5,4,5,4,3,5,5,5,5,4,4,4,5,4,4,4,5,4,4,6,2,3,3,4,2,4,4,5,3,2,3,2,3,4,5,6,4,3,3,4,5,4,4,6,4,3,1,7,4,5,5,5,3,4,5,4,3,4,3,1,2,2,3,4,4,3,5,1,47,35,15,The fact that he was minor makes me think that maybe he still has a chance to rehabilitate,I still think he needs to be punished but maybe he can rehabilitate in prison and then become a productive member of society upon his release,,,,,,,,,1,7,1,51,2,1,5,3,1,1,1,,1
2026-07-02 12:10:39,2026-07-02 12:24:44,0,,100,845,1,2026-07-02 12:24:46,R_3mxDp5vNOub0Dhi,,,,,,,anonymous,EN,1,P000393,5,2,2,2,2,2,2,5,5,3,5,5,5,5,3,2,3,4,3,2,1,I don't think it's true that criminals deserve to be punished and I believe prison should be more about rehabilitation than anything else,5,3,2,6,2,2,5,2,9,2,1,3,2,7,2,4,2,6,3,2,1,6,3,6,5,6,4,2,4,2,7,2,6,3,6,1,4,4,5,2,2,1,5,1,2,1,7,3,2,1,2,6,6,1,7,2,1,1,6,2,2,1,1,6,7,1,1,6,6,5,1,3,2,6,1,2,6,5,5,47,30,15,I think he still needs to serve many years in prison due to the loss of life that he caused. I lowered the amount of years by a bit because he no longer poses a threat to society,"I hope it will make him think about what he did, try to make amends, and be better in the future.",,,,,,,,,1,6,1,31,2,1,6,1,1,3,2,,1
2026-07-02 12:10:53,2026-07-02 12:24:47,0,,100,834,1,2026-07-02 12:24:48,R_51yVhsL0ZiP86Zf,,,,,,,anonymous,EN,1,P000380,5,5,5,5,5,6,6,6,5,4,6,6,4,7,5,5,5,4,1,2,3,"this is roughly the way i view it while not perfect its acceptable ",2,3,2,3,5,2,5,7,9,2,3,5,5,6,5,2,6,4,2,1,3,6,6,6,7,4,7,2,4,5,7,1,3,1,4,1,5,4,6,2,1,3,2,3,3,4,5,5,4,2,2,2,2,3,3,3,5,1,7,3,5,5,2,6,7,7,3,5,6,6,3,5,1,1,7,7,1,5,100,47,,,,,,,,,50,50,he knew what he was doing he planned on hurting that man and went back for more. it seems like second degree but he already had it out for him ahead of time,i hope this sentence makes people see what happens when you harm people the other person lost his life so he loses his,1,6,1,35,1,1,2,5,2,1,1,,3
2026-07-02 12:11:23,2026-07-02 12:25:13,0,,100,829,1,2026-07-02 12:25:13,R_5pLxudtSu1p0sah,,,,,,,anonymous,EN,1,P001164,5,5,5,5,5,6,3,5,5,5,5,5,5,6,5,5,5,4,2,1,3,the most important is removing dangerous persons from society while trying to rehabilitate them back into society after their sentence is served,3,5,2,6,4,2,6,6,9,4,4,6,3,6,5,3,5,5,3,2,3,5,3,6,6,5,3,7,4,5,7,1,1,1,1,1,5,3,7,1,1,2,4,4,3,3,6,3,2,3,2,4,6,3,6,2,2,1,7,3,3,1,1,7,7,7,1,7,7,3,3,1,1,7,1,1,7,10,5,47,,,,,,,,,30,30,"He continued to beat the victim even after he was unconscious.  He has a low regard for life. ",get him to think about his anger problem and learn to control himself,1,6,1,65,2,1,2,2,1,3,2,,3
2026-07-02 12:12:21,2026-07-02 12:25:16,0,,100,774,1,2026-07-02 12:25:17,R_3pSAlHyALk9eEzo,,,,,,,anonymous,EN,0.8999999761581421,P001065,7,7,7,7,7,7,7,7,7,7,7,7,7,6,7,7,7,1,3,2,4,"Because the number one reason to send them to prison is to punish them and make them think long and hard about what they did (and they can't hurt anyone when locked up). Hopefully their family members and friends will realize it could happen to them, too. I don't think they get too rehabilitated in prison, though",1,7,1,1,7,1,7,7,9,7,7,2,7,1,7,1,7,7,5,4,3,2,7,1,1,3,6,7,4,7,7,7,4,2,6,1,6,2,4,5,1,7,1,7,7,7,6,7,7,6,7,4,3,7,6,7,2,1,6,7,1,1,1,7,2,5,1,5,7,6,5,7,1,7,1,1,7,5,5,35,,,,,50,50,"It doesn't matter that he contracted a disease and became paralyzed. He killed someone and I think it it should have been FIRST DEGREE murder, not second because he had no business being in her house and punching and chasing her. What did he think was going to happen when he did that?  He did that to hurt her and it was premeditated so he can rot in jail, paralyzed.",Keep him away from me and my family and all the other women on the planet that he apparently thinks he rules over. Let some felons rule over him instead and see how he likes it.,,,,,2,7,1,58,2,1,6,3,1,1,1,"The shark is not to blame so it doesn't need to be ""punished"" but if it's in an area where there are humans it will probably kill again, so best to take it down",2
2026-07-02 12:11:47,2026-07-02 12:25:19,0,,100,811,1,2026-07-02 12:25:20,R_599HQbVOKVbZukp,,,,,,,anonymous,EN,1,P000223,1,1,1,1,1,1,1,1,1,1,1,1,1,1,1,1,4,4,2,3,1,"I do not believe that punishment is effective. So answering the above is already counter to my beliefs. I believe in rehabilitation or if not possible because of mental concerns, then, in that case, trying help the individual with mental services.",7,1,4,7,1,1,1,1,9,1,1,3,1,1,1,1,4,1,1,1,3,5,1,7,7,7,1,1,4,2,7,1,1,1,1,1,3,1,7,1,1,1,7,1,1,4,7,1,1,1,1,7,7,1,7,1,1,1,7,1,1,1,1,7,7,1,1,7,7,1,1,1,1,7,1,1,7,5,5,47,,,,,,,,,10,10,"First of all, as mentioned I do not agree with the prison state this country has become. But, in the case of murder, and this was not intentional. I feel like 10 years is appropriate whether he has a disorder or not.",With this current system? Not much. MAYBE they would rethink what they did. But we need a major overhaul of the current system so we can help people become better and more productive. WE ARE NOT DOING THAT.,1,7,1,60,1,1,4,2,1,3,2,I think my comments were clear already. Have a great night!,3
2026-07-02 12:11:03,2026-07-02 12:25:27,0,,100,863,1,2026-07-02 12:25:28,R_5qenq19PCdUiKth,,,,,,,anonymous,EN,1,P001238,6,6,6,6,6,6,5,6,6,6,6,6,5,5,6,6,6,3,2,1,4,I am not sure how much rehabilitation takes place because of so many prisoners returning.,3,4,2,4,5,3,5,5,9,5,5,4,4,5,3,3,4,5,4,2,5,3,5,4,2,4,4,5,4,3,5,4,3,3,4,3,5,5,3,4,4,4,4,3,5,5,4,4,3,4,4,5,5,3,5,4,4,6,2,4,5,4,4,6,6,3,4,4,6,4,4,3,1,4,3,4,3,5,5,47,,,,,25,20,"I am not sure, it just seems like he should still serve time",Help him to repent,,,,,2,7,7,71,1,1,4,6,2,1,2,,2
2026-07-02 12:11:54,2026-07-02 12:25:34,0,,100,820,1,2026-07-02 12:25:35,R_1ruNUCEB7DiBJlK,,,,,,,anonymous,EN,1,P000323,5,5,4,3,3,3,3,5,5,3,4,3,3,5,2,2,5,4,1,2,3,"I believe in rehabilitation, but believe our current prison system does not do that. ",7,1,4,7,1,1,5,1,9,1,2,7,1,5,1,3,3,3,3,1,1,5,2,7,7,5,2,3,4,3,7,2,2,2,1,1,4,2,5,2,2,2,3,2,5,3,7,3,1,1,1,7,7,1,7,1,1,1,7,1,1,1,1,7,7,1,1,7,7,5,1,1,1,7,1,1,7,5,5,47,30,30,He assaulted and killed a teenage girl,getting him off the streets,,,,,,,,,1,6,1,52,2,1,6,1,3,2,2,none,1
2026-07-02 12:11:23,2026-07-02 12:25:34,0,,100,850,1,2026-07-02 12:25:35,R_5AYwGQA1UEhk1Bs,,,,,,,anonymous,EN,1,P000262,5,6,5,5,7,4,7,5,6,6,5,6,3,5,6,5,7,2,3,1,4,the main thing is if they are locked up it prevents the person from committing more crimes,4,5,3,7,5,3,6,1,9,5,5,5,3,7,5,5,6,6,7,4,5,6,6,7,7,6,5,5,4,3,7,5,5,6,5,1,6,6,6,5,3,6,2,4,6,5,7,6,5,3,5,5,7,3,7,3,5,5,3,5,5,7,1,7,7,7,1,7,7,3,3,3,1,5,3,3,5,5,5,47,,,,,50,40,he is responsible for a death and causing suffering before the death,this will keep him off the streets until he is very old.,,,,,2,4,1,66,1,1,4,4,3,3,2,,2
2026-07-02 12:11:45,2026-07-02 12:25:37,0,,100,831,1,2026-07-02 12:25:37,R_7JCP5joUZcvXQ5n,,,,,,,anonymous,EN,1,P001667,7,7,7,7,7,7,7,7,7,7,7,7,4,5,5,4,7,1,3,2,4,i ranked them this way because I think it is moral to punish criminals and it is also protective of others.,1,5,1,5,6,3,6,6,9,7,6,6,6,7,4,1,5,6,4,5,4,4,7,1,3,4,7,7,4,7,3,6,1,5,6,1,4,4,6,2,2,1,1,2,1,1,3,4,5,4,7,4,1,7,3,7,2,7,4,5,5,1,1,7,7,1,1,7,7,7,3,6,2,1,7,7,1,10,100,24,,,,,,,,,50,50,He is still a criminal that commited several different crimes so he should be punished for what he did.,I hope it will keep him from doing anything else wrong or convincing others to do wrong.,1,7,1,55,2,1,3,5,2,1,1,"no comments ",3
2026-07-02 12:11:02,2026-07-02 12:25:41,0,,100,878,1,2026-07-02 12:25:42,R_7S96BBBlccTP8bX,,,,,,,anonymous,EN,1,P001245,3,4,4,4,5,3,5,5,7,5,5,6,2,5,5,1,6,4,2,1,3,"Punishment can be severe and unwarranted and detrimental to society at some levels.  But on balance, protecting others takes a higher priority.",7,2,4,7,1,1,3,1,9,3,1,5,1,6,1,4,3,5,4,1,2,5,5,6,7,7,4,6,4,2,7,1,1,1,2,1,4,3,7,1,1,1,6,1,3,3,7,5,4,1,1,7,7,1,7,1,2,4,3,3,4,2,1,7,7,3,3,5,7,1,1,1,1,7,2,3,6,5,5,47,,,,,,,,,20,5,"Daryl was a youth, who will no longer be capable of committing violent crimes, and will also need special care which is costly for the state. ","It will keep him off the streets long enough to avoid retaliation, and the family of the victim deserves some form of justice. ",1,7,1,47,1,1,6,4,3,2,2,,3
2026-07-02 12:14:50,2026-07-02 12:25:45,0,,100,655,1,2026-07-02 12:25:46,R_7LizMoSqiPxB27i,,,,,,,anonymous,EN,1,P000452,7,7,7,7,7,7,5,7,7,7,7,7,4,1,7,6,7,2,1,3,4,It's more important to isolate criminals than to rehabilitate them,1,7,1,1,7,4,7,7,9,7,7,7,7,4,7,1,7,7,1,5,7,4,7,1,1,1,7,7,4,6,2,5,4,2,5,2,7,7,4,5,3,7,1,7,7,7,1,4,7,5,3,1,1,7,1,7,5,4,6,7,7,5,7,1,1,7,7,1,1,7,1,5,1,1,6,7,1,5,100,47,,,,,50,50,"he committed the crime.  ",Keep him off the streets.,,,,,1,5,1,50,1,1,6,7,2,1,1,,2
2026-07-02 12:11:39,2026-07-02 12:25:52,0,,100,852,1,2026-07-02 12:25:52,R_67WixwAfLe3T5qV,,,,,,,anonymous,EN,1,P000961,5,5,4,5,5,4,5,4,5,5,5,4,4,4,4,4,5,3,2,1,4,"I ranked them from what I thought was best to worst. ",5,4,4,6,4,1,5,4,9,4,4,4,3,5,3,3,5,4,5,4,4,6,5,4,6,5,4,5,4,4,6,2,4,2,3,1,4,4,7,1,1,1,4,2,1,1,7,4,1,1,1,6,6,1,7,1,1,1,7,1,1,1,1,7,7,1,1,7,7,4,1,2,2,7,1,1,7,10,5,47,25,27,"What he did was wrong and violent and should be punished ","Keeping him from doing it again ",,,,,,,,,1,7,1,37,1,1,2,4,1,3,1,,1
2026-07-02 12:12:55,2026-07-02 12:25:54,0,,100,778,1,2026-07-02 12:25:54,R_5xjvlRoVVzBD8oF,,,,,,,anonymous,EN,1,P000653,5,2,2,2,2,4,4,6,3,6,6,2,2,3,1,2,4,2,3,1,4,I don't think prisoners receive adequate rehabilitation in prison,7,1,3,6,1,2,5,1,9,2,2,4,1,5,4,4,1,1,7,1,1,6,2,7,7,7,1,2,4,2,7,6,7,2,1,1,6,7,3,3,3,1,7,1,3,5,6,7,2,1,1,4,6,2,7,1,1,1,7,1,1,1,1,7,7,7,1,7,7,1,1,1,1,7,1,1,7,10,100,24,,,,,,,,,10,5,He deserves to serve time to realize his mistake,teaching him not to be so violent,2,3,1,21,2,1,2,2,1,2,2,,3
2026-07-02 12:11:57,2026-07-02 12:26:00,0,,100,842,1,2026-07-02 12:26:00,R_6tbaibbl7CUmn13,,,,,,,anonymous,EN,0.699999988079071,P001470,7,7,7,7,7,7,7,7,7,7,7,7,1,1,7,7,7,1,3,2,4,"Nobody goes to prison for doing what's right.  Society gives everyone the benefit of the doubt to start.  You have to LOSE your freedom, not earn it.  Prison is for punishment, one was given the opportunity for ""habilitation"", we do not need to REhabilitate them, we need to punish them.",1,7,1,1,7,7,7,7,9,7,7,7,7,7,1,1,7,7,7,4,4,1,7,1,1,1,7,7,4,6,7,4,1,3,4,1,7,7,7,4,4,7,1,7,7,7,1,4,4,7,7,1,1,4,4,7,5,6,7,1,7,7,7,1,7,7,7,1,7,4,6,5,5,1,7,7,1,10,5,47,,,,,,,,,50,50,"First off, that was 1st degree murder.  Just because he has a disease is no reason to lighten his sentence.  He still killed a man","Keeps him off the streets for good and punishes him for murder.  Actually, I would have sought the death penalty",2,7,1,59,1,1,4,7,2,1,1,,3
2026-07-02 12:11:11,2026-07-02 12:26:03,0,,100,892,1,2026-07-02 12:26:04,R_3P4Jj1mMSeAVAec,,,,,,,anonymous,EN,1,P000870,5,6,4,4,5,4,2,5,6,5,5,6,3,5,5,4,6,2,3,1,4,"I think my most significant pull towards imprisonment is the safety aspect and preventing that person from being free to commit other crimes. I have a strong justice thread in my personality, so I do believe that some sort of justice must take place for wrongdoing, so that is why I ranked #2 next. I don't know how much punishment truly deters others from committing crimes and I don't really believe that much meaningful rehab takes place in prison, so those are towards the bottom. ",5,4,5,7,4,2,4,2,9,2,4,5,3,6,2,2,4,4,5,2,4,4,4,4,5,3,5,6,4,3,6,3,4,2,4,1,5,4,5,3,2,2,5,3,4,3,7,3,1,1,1,6,5,1,7,4,3,7,2,3,3,1,1,7,7,1,1,7,7,6,1,2,3,6,1,1,5,10,20,24,,,,,50,50,"For me, it isn't really about the autoimmune condition, it is more about justice for the crime committed. He killed a person and he did it intentionally, so whether or not we ""assume"" he isn't a threat to society anymore, the justice is still to be served.","I hope it will accomplish 100% certainty of safety for people, knowing that he is not able to harm anyone because he is confined.",,,,,1,6,1,36,2,1,6,3,3,1,1,This study was very thought provoking. Thank you.,2
2026-07-02 12:16:10,2026-07-02 12:26:04,0,,100,594,1,2026-07-02 12:26:04,R_6rTQDeKCvU1ur6t,,,,,,,anonymous,EN,1,P000916,7,6,7,7,7,6,3,7,3,7,7,7,3,3,7,7,6,1,3,2,4,It's important to get criminals off the street to start with and then make an example of them to deter others from behaving the same way.,1,7,1,1,7,7,7,7,9,7,7,5,7,1,7,1,7,7,7,7,4,1,7,1,1,1,7,7,4,7,4,6,6,3,6,1,7,7,4,4,2,6,1,7,7,7,1,4,7,5,7,1,1,7,1,7,7,7,1,7,7,7,7,1,1,7,7,1,1,7,5,7,5,1,7,7,1,10,100,24,,,,,50,50,He shouldn't be let off easy because he now has other health issues. He still committed a crime.,That he will learn his lesson and suffer like the person he killed did.,,,,,1,7,1,37,2,1,4,7,2,1,1,,2
2026-07-02 12:11:37,2026-07-02 12:26:05,0,,100,867,1,2026-07-02 12:26:05,R_37cScPc73JUzAoF,,,,,,,anonymous,EN,1,P000546,4,5,3,5,5,5,5,5,5,5,5,5,2,4,5,4,5,3,2,1,4,"I don't think traditional prison do a good job of rehabilitation. In fact, it's clear that's not the purpose. The other choices feel obvious. I am more concerned with crie deterrent than people getting what they deserve. ",5,4,4,4,3,3,4,3,9,4,3,2,3,3,3,5,6,5,5,3,4,5,4,5,6,3,4,4,4,4,7,2,4,1,1,1,5,5,6,1,1,4,4,5,4,5,4,5,2,4,2,5,5,3,4,2,2,1,7,3,4,1,1,7,7,1,1,7,7,2,1,1,1,7,1,1,6,5,5,47,,,,,45,45,no  risk of further threat is nice but it doesnt move the needle on murder for me.,Proper justice for what was done,,,,,1,7,1,29,1,1,3,2,1,3,3,,2
2026-07-02 12:10:05,2026-07-02 12:26:13,0,,100,967,1,2026-07-02 12:26:13,R_7M5xxKMdUul1t91,,,,,,,anonymous,EN,1,P001944,6,6,6,6,6,6,6,6,6,6,5,6,6,6,6,6,6,4,1,2,3,"I ranked deterrence first because preventing future crime seems like the strongest reason for punishment, especially if it discourages others from causing harm. I ranked incapacitation second because keeping dangerous offenders away from the public can protect people in the short term",6,6,6,6,6,6,6,6,9,6,6,6,6,6,6,6,5,6,6,2,6,6,7,6,6,6,6,6,4,6,5,6,6,5,5,6,5,5,5,5,6,5,3,5,6,6,3,4,4,5,4,4,5,4,4,4,5,5,5,5,6,5,5,5,6,5,6,6,5,5,3,6,3,5,6,5,5,5,5,47,30,20,"I would still recommend a serious prison sentence because Frankie died as a direct result of Darryl’s violent actions, and the harm done cannot be undone. However, I would reduce the sentence from 30 years to 20 years because he no longer poses a threat to society ","I hope the sentence would still acknowledge the seriousness of Frankie’s death, provide accountability, and reflect that taking a life deserves a meaningful consequence.

",,,,,,,,,1,4,2,56,2,1,4,6,2,3,3,,1
2026-07-02 12:11:52,2026-07-02 12:26:22,0,,100,869,1,2026-07-02 12:26:23,R_7KACMrap9qEXt9z,,,,,,,anonymous,EN,1,P000514,6,6,5,5,5,5,4,6,6,4,4,6,4,6,3,3,6,4,3,1,2,Specific deterrence works best with criminals who cannot be rehabilitated.  Then try to rehabilitate those who can be.  Deterrence as a general matter next.  Then the last one because something has to be last.,4,2,3,7,2,1,2,3,9,2,2,6,2,6,2,3,3,4,2,1,3,4,2,6,6,6,3,4,4,1,7,1,2,3,4,1,3,2,7,2,2,1,4,1,1,2,7,4,1,2,2,7,7,1,7,2,1,1,7,1,1,1,1,7,7,1,1,7,7,5,2,2,1,7,2,2,6,5,100,47,25,0,He's not a threat to society.  Prison only serves as revenge and won't bring the victim back.  Prison would also require medical bills to be paid by the state.,Reducing the prison population.,,,,,,,,,1,7,1,70,1,1,6,4,3,3,1,"Typo in the lily pad question.  Should have been days, not minutes.",1
2026-07-02 12:10:43,2026-07-02 12:26:43,0,,100,960,1,2026-07-02 12:26:44,R_1Nk5sR2uPFVL7Z1,,,,,,,anonymous,EN,0.8999999761581421,P000524,5,4,4,5,6,2,4,5,5,4,6,6,6,7,5,5,5,4,3,2,1,"My primary values are less focused on the ""punishment"" process, and is more attuned to rehabilitation and skill building to make inmates better able to transition to society.",6,3,3,6,3,1,6,2,9,2,4,6,2,5,3,5,3,4,3,2,3,5,3,5,6,5,2,2,4,2,7,3,1,2,4,1,5,4,3,6,5,1,4,3,2,4,5,5,5,2,2,5,6,6,4,1,1,1,7,1,2,1,2,7,6,5,1,5,6,6,2,5,1,5,2,4,5,5,5,47,35,15,"At this point, Darryl will no longer pose a threat to the rest of society, and my even likely need extensive care.  In addition, being under 18 often results in lighter sentences.",I hope that Darryl can spend his time reflecting on the damage he caused with the death of another person.  He will be able to also relate his own disease in relation to that.,,,,,,,,,2,7,1,47,1,1,6,3,3,3,2,Thank you!,1
2026-07-02 12:13:10,2026-07-02 12:27:04,0,,100,834,1,2026-07-02 12:27:05,R_7scw68DaWGuO87V,,,,,,,anonymous,EN,1,P000281,6,5,4,1,4,1,1,4,4,1,6,6,3,7,6,1,1,4,3,2,1,"Prison should be about rehabilitation and removing criminals from the public, but the only punishment should be removal from society.",4,4,4,6,4,1,6,1,9,4,4,4,2,7,4,4,4,3,3,3,2,5,4,5,6,6,4,4,4,1,7,3,2,2,2,1,3,3,7,1,1,1,4,2,1,1,5,4,1,2,1,6,7,1,5,3,1,1,7,2,4,4,1,7,7,2,1,4,7,4,1,4,1,5,4,4,4,5,5,47,50,50,"Although he didn't attempt to murder somebody, he still did. Murder can not be taken lightly.",Removal of a violent criminal from society.,,,,,,,,,1,7,1,32,1,1,3,2,3,3,1,,1
2026-07-02 12:11:38,2026-07-02 12:27:09,0,,100,931,1,2026-07-02 12:27:09,R_5wNphI7v7bLxYFT,,,,,,,anonymous,EN,1,P001460,6,6,6,6,6,6,4,5,3,6,5,5,5,3,5,5,5,1,3,4,2,If they do the crime they do deserve to be punished however there needs to be programs available in jail to help rehabilitate these criminals to help guide them to a better life.,2,5,1,3,2,2,4,7,9,2,5,7,5,5,3,3,7,6,4,2,1,2,7,1,1,7,3,7,4,5,5,4,3,5,4,1,6,5,5,4,1,3,3,3,5,5,6,3,3,3,3,6,5,4,4,3,5,5,7,4,5,1,2,4,6,4,4,5,5,7,2,3,5,1,6,6,1,10,100,24,50,50,No matter the condition he still committed the crime and his actions led to Frankie losing her life.,He will be punished for taking a life and will not be on the streets.,,,,,,,,,1,4,1,43,2,1,3,4,3,1,1,,1
2026-07-02 12:11:37,2026-07-02 12:27:09,0,,100,932,1,2026-07-02 12:27:10,R_1iyYvGHDnmcybG9,,,,,,,anonymous,EN,1,P001735,4,5,5,3,5,3,4,5,5,5,5,5,3,5,4,5,4,1,4,2,3,I felt it was fair,5,3,5,3,5,1,3,5,7,5,3,4,3,5,3,4,3,5,4,5,3,5,5,5,5,5,4,3,4,3,3,4,5,5,5,5,4,3,5,5,5,5,4,4,4,4,3,5,5,5,5,5,5,5,5,3,3,3,5,5,5,5,4,5,5,3,5,5,4,5,5,5,5,5,4,5,5,5,5,47,50,24,I thought it was fair,Justice served!!!,,,,,,,,,2,5,4,59,1,1,6,4,3,1,1,very interesting,1
2026-07-02 12:16:59,2026-07-02 12:27:49,0,,100,649,1,2026-07-02 12:27:50,R_5DtPjnmaseHuMbN,,,,,,,anonymous,EN,1,P001484,7,7,7,7,7,7,7,7,7,7,7,7,7,7,7,7,7,1,2,4,3,"1st they deserve to be punished for their actions. ",7,7,7,7,7,7,7,7,9,7,7,7,7,7,7,7,1,1,1,1,1,1,1,1,1,1,1,1,4,7,7,7,7,7,7,7,7,3,7,1,1,7,1,7,7,7,7,7,7,7,7,7,7,7,7,7,4,4,4,4,4,4,4,4,4,4,4,4,4,1,5,4,4,4,4,4,4,5,100,39,,,,,,,,,50,50,he committed murder,protect other people,1,7,6,31,2,2,6,1,1,1,1,,3
2026-07-02 12:13:21,2026-07-02 12:27:53,0,,100,871,1,2026-07-02 12:27:54,R_6Lu4zAp8vuCMKkX,,,,,,,anonymous,EN,0.8999999761581421,P000026,4,4,1,5,5,1,5,5,4,4,1,1,1,1,1,1,4,2,3,1,4,It is factually correct that if someone is in jail that can't be out committing crimes so that reason makes the most sense and criminals do deserve to be punished otherwise they will keep committing crimes.  I don't think items three and four are true.,7,1,1,7,6,1,4,1,9,5,1,3,1,7,1,1,1,5,1,1,4,4,4,5,7,7,4,7,4,1,7,1,1,1,1,1,1,1,7,1,1,4,1,1,4,1,7,7,1,1,1,7,7,1,7,1,1,1,7,1,1,1,1,7,7,1,1,7,7,4,1,1,1,7,1,1,7,5,5,47,,,,,,,,,30,1,"Even though Darryl cannot harm anyone now, he did harm Frankie and Darryl should serve time for the assault on Frankie.",To make sure Darryl serves some prison time in connection with the crime he committed.,1,7,1,55,2,1,4,1,1,3,1,,3
2026-07-02 12:12:10,2026-07-02 12:27:58,0,,100,947,1,2026-07-02 12:27:58,R_1RmQVeySLYRgObf,,,,,,,anonymous,EN,1,P000624,6,3,3,2,5,3,3,5,5,5,5,5,3,5,2,3,5,4,1,3,2,"Some individuals will be deterred by punishment. In a good system, individuals can work on rehabilitation. When removed from society, individuals are unable to commit crimes. Deserving punishment is the weakest reason because it does not take into account the circumstances around the crime.",6,1,3,5,1,2,3,2,9,1,1,2,1,6,1,3,3,3,3,1,1,5,2,5,6,7,2,3,4,3,7,1,5,4,1,1,5,2,6,5,3,1,5,1,3,4,7,5,1,1,1,7,7,1,7,3,1,5,6,1,1,1,1,7,7,1,1,7,7,1,1,2,1,7,1,1,7,10,20,24,23,15,I lowered the sentence due to Darryl's physical condition.,Darryl will receive medical care while completing his sentence.,,,,,,,,,1,7,1,52,2,1,5,3,3,1,1,,1
2026-07-02 12:11:25,2026-07-02 12:28:07,0,,100,1001,1,2026-07-02 12:28:08,R_5R35vwemG0f4YoU,,,,,,,anonymous,EN,1,P000600,5,5,2,4,5,3,5,5,5,5,5,5,4,4,4,3,5,2,1,3,4,"I don't know of a better way or system ",7,1,3,7,1,1,7,5,9,1,1,2,1,4,1,4,1,3,1,1,1,5,4,5,5,7,1,1,4,4,7,1,2,1,1,1,4,4,6,2,2,4,5,1,4,4,6,5,1,1,2,6,5,2,6,1,4,2,7,1,3,1,1,7,1,1,1,1,7,6,2,5,2,6,5,3,6,5,1,47,,,,,,,,,20,15,He's not a threat. But it was a child,"It will gives justice to the parents ",1,6,3,52,1,1,3,3,1,3,1,,3
2026-07-02 12:10:01,2026-07-02 12:28:13,0,,100,1092,1,2026-07-02 12:28:13,R_5uKbm3cpuLnsypY,,,,,,,anonymous,EN,1," P000846",5,5,4,5,5,4,4,3,5,4,4,5,4,5,3,4,5,1,2,3,4,"I think the entire prison system is ineffective in both punishment and rehabilitation. So, yes punishment is justified but criminals can be involved in crimes behind bars and it does not deter returning to crime upon release. Additionally, the corporate, for profit prison system is not designed to provide real rehabiliitation. ",4,4,2,4,5,3,5,5,9,3,2,4,2,5,3,3,4,5,5,5,4,3,5,4,3,4,4,4,4,4,6,2,3,2,2,2,4,3,2,3,3,2,3,3,4,4,3,5,4,2,3,3,4,2,4,4,1,1,7,2,1,1,1,7,7,1,1,7,7,3,1,1,3,3,2,2,2,10,5,47,,,,,,,,,30,30,"Disease or not, age or not, same crime, same punishment. ","Clearly state my viewpoint. ",1,5,1,65,2,1,4,2,1,1,1,N/A,3
2026-07-02 12:11:48,2026-07-02 12:28:13,0,,100,984,1,2026-07-02 12:28:14,R_751wvcOom5YUIVP,,,,,,,anonymous,EN,1,P000578,5,4,3,5,6,5,4,3,5,4,6,5,3,7,3,5,5,3,4,1,2,"I feel rehab is the most important thing that should be addressed ",4,3,2,5,5,3,6,5,9,1,3,6,3,5,3,4,5,5,5,3,3,5,4,3,2,4,5,5,4,3,5,5,2,2,3,2,5,5,5,3,2,2,2,1,4,4,6,5,3,2,3,2,7,4,6,4,4,1,7,4,4,4,3,6,6,4,2,5,6,5,1,1,1,5,1,1,5,10,100,24,50,50,He still committed the crime and someone died as a result,Punish them for their crime,,,,,,,,,1,6,1,53,2,1,3,3,3,1,1,,1
2026-07-02 12:14:31,2026-07-02 12:28:18,0,,100,826,1,2026-07-02 12:28:18,R_6l0HLKGtHX6kjqo,,,,,,,anonymous,EN,1,P000637,5,5,2,5,5,2,5,1,5,4,4,3,1,1,2,2,3,3,1,2,4,"Punishment can be used as a deterrent depending on the crime and the person, and it is true criminals can't commit a crime while locked up. But sometimes people are punished for a crime that is not serious and should be more of a fine then jail time, and prisons have consistently been proven to not help criminals but make it harder for them when they get it out making it useless for anything besides containment.",5,1,4,6,4,3,7,3,9,1,1,3,1,7,1,3,1,3,1,1,1,5,1,5,6,5,1,2,4,5,7,6,2,1,2,1,5,4,4,2,2,2,4,1,1,2,7,5,1,1,1,5,6,1,7,1,2,2,3,2,3,1,1,7,7,6,1,6,7,2,1,2,1,6,1,1,5,10,5,24,,,,,,,,,50,50,"He made a conscious effort to keep beating him up, showing intent. Even with a disease, that came after and he still had the intent. ",Justice to Frankie's family,1,7,1,23,2,1,4,4,3,3,1,n/a,3
2026-07-02 12:10:41,2026-07-02 12:28:28,0,,100,1066,1,2026-07-02 12:28:28,R_73f2h2lGwLSb2jr,,,,,,,anonymous,EN,1,P000892,6,7,6,7,7,4,4,7,7,7,7,7,1,6,4,7,4,1,3,2,4,"Not punishing criminals contributes to a lawless society.  If there are no consequences to causing harm to others, physically or otherwise, criminals will continue on their path.",1,6,1,7,6,2,2,6,9,2,6,3,7,7,1,1,7,7,6,5,3,4,7,2,1,2,4,6,4,7,7,4,2,1,2,1,6,4,3,4,4,1,1,1,7,7,6,4,1,1,4,6,6,2,6,6,2,4,4,7,6,4,2,7,6,7,7,1,7,7,2,2,1,4,4,5,1,5,5,47,,,,,50,50,"Darryl committed a series of crimes related to the death of his girlfriend.  This was not a one-off event for him.  He had already been involved in prior domestic violence incidents, violated a restraining order, committed another domestic violence crime, and then the final blow, resulting in the death of his girlfriend.  A repentant person would have changed their ways after the first domestic violence incident.","Whether Darryl can physically commit another crime is irrelevant.  A person lost their life due to his actions, one of the most serious crimes one can commit.  ",,,,,1,6,1,62,2,1,4,4,3,1,1,Good luck with your research!,2
2026-07-02 12:14:06,2026-07-02 12:28:42,0,,100,875,1,2026-07-02 12:28:42,R_7Eiga2GRUfOC8FK,,,,,,,anonymous,EN,1,P001788,7,7,7,7,7,6,7,7,7,7,7,7,4,6,6,4,7,2,3,1,4,I think most criminals are recidivist.  They are often the same person who gets out and does it again.  Patterns are formed.  Rehabilitation for people like this is hard.,3,5,1,4,5,5,7,6,9,6,5,7,6,7,5,1,4,7,5,5,4,4,7,4,4,3,5,5,4,6,6,4,5,6,5,1,5,5,6,1,1,2,1,4,5,5,5,7,4,4,7,4,6,4,5,5,4,4,4,4,6,4,5,6,5,5,5,4,6,7,1,1,1,3,4,4,4,10,100,24,,,,,30,25,His actions are still heinous.  I'm sorry he's sick but he needs to pay the price and I think he will understand that.,Not much.  Perhaps an example to others who are violent to their partners.,,,,,2,5,1,70,1,1,5,4,3,1,3,It's sad that this sort of thing has to be discussed.  But violent crime is on the increase in cities now because of unchecked migration.,2
2026-07-02 12:11:11,2026-07-02 12:28:54,0,,100,1063,1,2026-07-02 12:28:55,R_3qw0E5uszeCuYrR,,,,,,,anonymous,EN,1,P000502,5,6,6,6,6,5,4,5,5,6,6,5,6,5,6,6,6,1,3,2,4,Do the crime pay the time,4,5,3,5,6,3,7,4,9,6,5,5,5,6,4,4,5,6,6,3,4,3,6,5,3,3,4,6,4,6,5,6,5,4,4,4,5,5,5,4,2,5,4,5,4,5,4,5,3,4,3,4,5,4,5,3,4,3,7,4,4,4,2,4,3,7,5,2,4,3,3,2,1,2,5,4,3,5,100,24,50,50,Murder shouldnt be tolerated,LIfe in prison,,,,,,,,,1,7,1,38,1,1,4,4,3,3,1,,1
2026-07-02 12:16:08,2026-07-02 12:28:56,0,,100,767,1,2026-07-02 12:28:57,R_5I6lvtQTnSJPOaX,,,,,,,anonymous,EN,1,P000834,6,5,6,6,6,6,6,5,4,7,6,7,4,5,5,4,6,1,3,2,4,"I believe that everyone should have consequences for their actions, therefore it is number 1. It is very important that these criminals cannot commit more acts, and that they are deterring other individuals from committing crimes, leading to a safer place overall. The last would be rehabilitation, because it is never guaranteed that someone is rehabilitated. Some people just come out institutionalized. ",1,6,1,7,3,3,6,5,9,4,6,7,5,7,7,1,6,6,6,3,3,2,5,5,3,5,6,5,4,5,7,3,3,3,1,1,7,7,5,2,2,5,4,5,5,5,6,6,4,3,5,5,5,2,6,3,3,2,7,3,4,1,1,7,7,1,1,7,7,7,3,2,1,4,6,6,3,10,100,24,25,25,"To me, the facts of the case are way more overpowering than his current or future risk to society. He committed a heinous crime, killing a young girl who was still technically a minor. He still deserves a punishment aligned with that of people who have committed similar acts of violence. ","I hope it will show that you do not get an easy pass because of extraneous circumstances. If you commit a crime, you do the time. ",,,,,,,,,1,7,1,28,2,1,3,4,3,1,1,,1
2026-07-02 12:20:11,2026-07-02 12:28:56,0,,100,525,1,2026-07-02 12:28:57,R_5mZXSfd5pvwaLBD,,,,,,,anonymous,EN,1,P000460,5,4,5,3,4,3,4,3,3,3,4,5,4,4,3,5,5,1,2,3,4,seems like the right order,4,3,4,4,4,5,4,5,6,4,4,1,4,4,5,5,5,5,3,3,3,5,5,3,4,5,5,5,4,3,4,3,4,5,3,5,3,5,4,4,5,3,3,4,4,4,5,4,4,5,4,5,5,4,4,5,5,5,5,4,6,4,4,4,2,3,4,4,3,6,3,4,4,5,5,3,7,10,100,24,,,,,25,15,some sypathy for his condition,closure for victims family,,,,,2,6,1,40,1,2,3,4,3,3,2,,2
2026-07-02 12:12:18,2026-07-02 12:29:06,0,,100,1007,1,2026-07-02 12:29:07,R_6arEKOInRki4VHB,,,,,,,anonymous,EN,1,P001307,6,6,5,6,6,6,4,6,6,6,7,7,3,4,3,4,6,1,2,3,4,"I can't say specifically, I just based on what I considered to be the most important reasons for me.",2,3,2,6,4,4,6,5,9,2,2,3,5,7,4,1,6,5,5,2,4,4,6,2,3,4,5,6,4,3,7,1,4,5,4,1,4,3,7,1,1,1,1,1,1,1,7,4,1,1,2,3,4,1,7,3,3,1,7,3,5,1,1,7,7,4,3,5,5,6,2,3,2,4,4,4,3,5,5,47,,,,,50,50,He still committed murder and deserves imprisonment.,i don't hope for anything except that it might send a message to others regarding the consequences of their behavior.,,,,,2,7,1,70,1,1,5,6,2,1,1,everything was fine,2
2026-07-02 12:14:14,2026-07-02 12:29:08,0,,100,893,1,2026-07-02 12:29:08,R_5DqmzlUa44iDWEm,,,,,,,anonymous,EN,1,P000619,3,5,3,3,3,3,3,3,2,3,3,5,1,5,5,3,5,4,2,1,3,"I think that it is true that prisoners cannot commit other crimes while in prison, and they also get food, shelter, and healthcare. Sometimes people commit crimes out of desperation, so it can be good for them, material-wise. 
I don't necessarily believe that punishment deters others from committing crimes, because again, crimes are often committed out of desperation or the heat of the moment. I don't think normal people commit crimes, so I don't know that punishment is necessarily a deterrant for those who do chose to commit crimes. 
Prisoners do not get rehabilitated in prison, they usually leave unprepared for the real world and end up back in prison relatively quickly. That's why I ranked it low. 
I don't think they deserve to be punished, except in certain circumstances. For the most part I think criminals need serious mental, physical, and financial help. Like I said, normal people don't commit crimes, and for those who do, they aren't quite right mentally (most of the time). ",5,3,5,5,6,3,6,1,9,3,3,7,2,5,3,3,3,3,5,2,2,5,3,6,6,4,3,3,4,5,7,4,4,4,3,1,4,3,4,4,1,2,4,2,2,3,7,5,3,3,5,5,6,2,7,2,2,5,2,3,2,1,1,7,1,1,1,7,7,5,1,2,3,7,1,3,5,5,100,47,,,,,,,,,10,5,"I chose 5 years because that is long enough for a punishment, but it isn't too long for him to waste his life in prison","I hope he will understand what he did was wrong, but it was short enough that he can reintegrate successfully into society again. ",1,5,1,21,2,1,5,2,1,3,1,,3
2026-07-02 12:10:03,2026-07-02 12:29:10,0,,100,1147,1,2026-07-02 12:29:11,R_377oDQegmYd1SGW,,,,,,,anonymous,EN,1,P001813,4,4,4,4,5,3,5,2,4,3,5,5,2,5,3,4,5,3,2,1,4,"This is difficult to rank as I'm not sure any of these things are entirely true. If prisoners are locked up they can't commit other crimes, that's the only one you can't really arguing with. Punishment deters others, probably not all of the time, but most of the time. Criminals deserve to be punished, well they should probably receive some sort of punishment, but I don't believe that prisoners are rehabilitated in prison unless that prison emphasizes some rehabilitation programs.",5,2,4,5,3,3,3,3,9,3,4,3,3,6,3,3,3,4,5,2,4,5,3,6,7,4,2,2,4,3,6,3,3,2,4,2,4,4,5,3,2,2,4,2,3,4,5,5,3,2,2,6,5,3,6,4,2,2,6,2,2,2,2,6,5,2,2,6,6,5,1,5,2,6,2,3,5,10,5,12,,,,,20,2,"Darryl did cause Frankie's death and should spend some time in prison. He will need to learn how to care for himself and reflect on what he's done. As he's no real threat to society anymore, 1 0r 2 years should be enough.","I hope this will give Darryl time to learn to care for himself and manage his anger issues. ",,,,,2,5,3,69,2,1,6,3,1,2,2,nothing to add,2
2026-07-02 12:13:34,2026-07-02 12:29:11,0,,100,936,1,2026-07-02 12:29:11,R_1Lch9oOJjhp2Ffw,,,,,,,anonymous,EN,1,P001042,6,7,7,6,7,6,4,7,4,7,6,6,6,3,5,3,6,3,2,1,4,i think the first one is most important because most of the time criminals will keep committing crimes if they arent punished for it,2,5,2,4,3,2,7,4,9,6,6,6,5,5,2,1,4,4,3,4,5,3,5,4,4,3,6,6,4,3,6,7,5,4,4,1,6,5,3,3,2,6,2,5,7,6,2,5,5,4,4,4,4,3,3,4,5,4,6,5,5,3,2,4,5,4,4,6,5,5,1,4,2,5,2,4,4,10,100,24,35,35,because he still committed the crime it doesn't change anyhting,he will learn you dont get away with stuff like that,,,,,,,,,2,3,1,30,2,1,2,5,2,1,1,,1
2026-07-02 12:10:50,2026-07-02 12:29:15,0,,100,1105,1,2026-07-02 12:29:16,R_3v2GxFXcJcaLePx,,,,,,,anonymous,EN,0.8999999761581421,P001157,7,7,4,7,7,6,1,7,5,7,7,7,1,5,4,2,7,1,4,3,2,Punishment is the real justification but rehabilitation is ok. IN etxreme cases where a person is life long dangerous then getting them out of society permanently serves a function.,2,4,1,7,2,3,4,5,9,4,7,7,5,7,1,1,4,4,2,1,7,1,7,3,1,1,7,7,4,2,7,1,4,3,4,1,4,3,7,1,1,1,1,3,2,2,4,1,4,4,6,4,4,4,4,5,1,2,5,4,5,7,7,2,2,7,7,1,1,7,4,3,1,1,4,7,1,5,5,47,50,50,"He's going to be socities ward somewhere , might as well be in prison.",Probably cheaper to keep jhim in prison . Maybe if there was an option I would consider it but you haven;t given me one. He still has to be accountable for what he did.,,,,,,,,,2,7,1,68,1,1,4,7,3,3,3,"Crime requires punishment. ",1
2026-07-02 12:12:12,2026-07-02 12:29:17,0,,100,1025,1,2026-07-02 12:29:17,R_3qX3zY4vm0K2rRS,,,,,,,anonymous,EN,1,P001571,6,7,5,6,7,6,4,6,7,7,6,6,5,5,5,6,6,1,3,2,4,Crimes need to be addressed with punishment and to get criminals off the street. There are questions about whether rehabilitation takes place.,3,5,3,4,5,1,6,6,9,4,5,5,6,6,5,3,5,5,4,4,5,4,6,4,4,5,5,6,4,5,7,4,4,6,5,1,5,5,6,3,2,4,4,3,4,5,6,5,3,3,3,5,4,3,6,4,6,4,4,5,5,5,4,6,6,5,5,7,7,4,2,4,4,3,5,6,4,10,5,47,,,,,50,50,"Darryl's actions killed Frankie, and he deserves life behind bars regardless.",Punishing Darryl.,,,,,1,6,1,60,2,1,4,6,2,1,1,No comments,2
2026-07-02 12:13:07,2026-07-02 12:29:29,0,,100,981,1,2026-07-02 12:29:29,R_5Xi7N8ZTwId4Fdn,,,,,,,anonymous,EN,0.8999999761581421,P001532,1,3,6,6,7,7,3,5,3,5,3,3,5,3,4,5,6,1,4,2,3,"while prisoners are still in the prison you still hear cases of the comiting other big felonies ",6,4,3,6,1,4,1,7,9,3,6,5,3,5,2,5,3,6,3,4,6,3,3,3,5,3,6,5,4,5,3,5,6,3,3,5,3,5,5,5,3,4,6,3,6,5,4,5,5,5,5,7,5,5,1,7,5,3,7,4,4,3,4,5,4,5,5,4,3,4,2,7,2,5,5,5,2,10,100,25,32,10,this is because he is still human and we believe that humanity still exist,the release of him or reduction of years to serve,,,,,,,,,1,5,5,23,2,1,4,2,2,1,1,it was good,1
2026-07-02 12:11:24,2026-07-02 12:29:35,0,,100,1090,1,2026-07-02 12:29:35,R_5iVDkBdt9PC3zas,,,,,,,anonymous,EN,1,P001739,7,6,5,6,6,5,2,2,2,3,6,7,2,5,4,4,6,2,3,1,4,"I don't think our prison system has a good rate of rehabilitation. I believe in imprisonment to get people who want to commit crimes off the street and keep the rest of us safer. I also think they deserve to be punished, and the family and friends of victims get some kind of relief from the effects of their crimes",3,2,1,3,5,1,6,7,9,6,6,6,6,6,3,3,7,7,5,3,3,2,6,2,1,3,4,6,4,5,7,1,1,3,3,1,5,3,3,2,2,3,2,4,4,5,3,5,5,5,3,4,3,3,5,6,1,1,7,1,5,5,1,6,2,6,6,3,6,5,1,5,5,3,3,5,5,10,100,24,,,,,50,50,He took Frankie's life so society needs to take his back in the manner of imprisoning him for the rest of his natural years. The fact that he is disabled has no bearing on my thoughts because I am not trying to keep society safer I believe his sentence is punishment for taking a life.,"I would hope that sentence bring some peace to Frankie's friends and family and in some way compensates them for Daryl killing her. If the death penalty cannot be used in this case, I think that it should, darryl needs to spend the rest of his natural life in prison",,,,,1,7,2,69,2,1,3,3,3,1,1,,2
2026-07-02 12:12:26,2026-07-02 12:29:41,0,,100,1035,1,2026-07-02 12:29:42,R_63xzse3rbJDREgd,,,,,,,anonymous,EN,1,P001174,7,6,6,6,6,4,4,5,5,6,5,5,4,6,5,3,6,1,3,2,4,the rank reflects the way I see society,4,4,1,5,1,1,5,1,9,1,4,5,1,5,1,1,5,5,5,1,1,4,5,1,4,4,4,1,4,1,7,1,1,1,1,1,3,2,7,2,2,2,3,2,3,3,5,4,2,1,2,2,4,2,5,3,2,1,7,4,5,2,2,6,6,2,2,5,5,7,2,1,1,6,2,2,6,9,6,47,,,,,25,26,it make no difference to me is he is sick now,punishment for breach of law,,,,,1,7,1,63,1,1,4,1,1,2,2,,2
2026-07-02 12:13:31,2026-07-02 12:29:46,0,,100,974,1,2026-07-02 12:29:46,R_6d9QmzjiwbRnvlr,,,,,,,anonymous,EN,0.699999988079071,P000946,5,5,4,5,5,5,5,4,4,4,5,5,3,5,5,3,4,1,3,2,4,"I ranked them in that order because those who commit crimes deserve to serve time for what they have done. Following that one, that seems like the best order.",4,4,4,5,4,3,5,5,9,4,5,6,4,7,7,5,5,5,5,4,3,3,4,6,6,4,3,6,4,4,5,3,2,3,4,3,5,4,4,4,3,4,3,4,4,4,4,5,3,3,3,5,4,3,5,4,5,5,3,5,5,4,5,3,5,4,4,4,5,5,5,5,5,5,3,3,4,10,5,24,,,,,,,,,30,20,He killed a man and should still be punished,This will make him think about his actions,1,6,4,19,2,1,3,5,2,2,1,,3
2026-07-02 12:13:23,2026-07-02 12:29:50,0,,100,986,1,2026-07-02 12:29:50,R_5Iat6OkhutCUQJ6,,,,,,,anonymous,EN,0.800000011920929,P000087,4,6,3,5,6,3,5,7,6,7,7,6,2,1,6,5,5,2,1,3,4,"Without the threat of punishment, criminals are more inclined to keep committing crimes",3,4,2,6,1,1,5,4,9,5,4,7,6,7,3,5,5,5,5,5,5,6,5,5,5,4,5,7,4,4,7,3,1,6,4,1,6,6,5,7,5,4,3,4,4,2,4,5,2,5,5,2,7,3,3,2,5,1,7,4,5,6,5,6,6,5,4,6,5,7,4,7,3,1,6,7,2,10,100,12,35,50,Because of the public pressure,That people will behave themselves,,,,,,,,,2,3,1,33,1,1,4,4,3,3,1,All good!,1
2026-07-02 12:10:30,2026-07-02 12:29:55,0,,100,1164,1,2026-07-02 12:29:55,R_3Hp4dTZbBPf6hjo,,,,,,,anonymous,EN,1,P000537,6,6,6,6,6,4,6,7,6,7,5,6,1,3,6,6,6,4,1,2,3,"Without the fear of punishment there would be a lot more people willing to commit crime which is the most important in my opinion. Next is while they are locked up prisoners can't commit other crimes which is also important because it lowers the chances for crime in the area. Prisoners get rehabilitated in prison is 3rd because I don't feel it's really the focus on the prisons here in the US but if it were it would be very helpful and last is Criminals deserved to be punished which is just kind of obvious and is similar to number 1 to me. ",7,2,1,7,1,1,5,4,9,2,2,5,2,5,4,2,3,1,2,1,3,4,5,6,6,7,5,7,4,2,7,1,4,1,4,1,7,5,6,4,3,4,5,2,4,6,7,5,2,4,1,2,7,3,5,1,1,1,7,3,3,1,1,7,7,1,1,7,7,4,1,2,1,7,1,1,7,5,5,47,,,,,,,,,50,20,"Because he's no longer a threat to society and with his condition is likely going to be suffering for the rest of his life. ",The hope that is it'll make Darryl a better person in the end.,1,7,1,43,1,1,2,2,3,1,1,Thank you,3
2026-07-02 12:12:16,2026-07-02 12:30:07,0,,100,1070,1,2026-07-02 12:30:08,R_3fUzOHiRCWBPdZv,,,,,,,anonymous,EN,1,P001272,4,7,6,7,6,5,1,6,7,6,7,7,1,3,6,2,7,1,3,2,4,"Breaking the law should bear the repercussions, so punishment is a deserved outcome. It stands to reason that if they are out of the public domain, they are significantly less likely to be able to commit a crime. I don't know how much punishment actually deters, but it is a higher reason that prisoners being rehabilitated in prison. Prison rehabilitation has been proven to be a failure.",7,1,2,7,2,1,3,6,9,1,1,7,2,7,2,2,3,4,1,1,1,3,7,1,1,4,1,6,4,1,7,6,1,1,3,1,6,5,4,2,2,2,3,1,3,4,7,7,1,1,1,6,6,1,7,1,1,4,5,2,5,7,7,1,5,7,7,5,5,7,2,5,3,6,2,6,1,5,5,47,,,,,,,,,30,1,"It would be extremely difficult to provide the physical care necessary to keep Darryl incarcerated. Darryl deserves punishment, however, there are other ways that he could pay this debt resulting from his crime that will not overburden the system, the staff, and the other incarcerated inmates.","Darryl will not cause exorbitant costs to the criminal justice system both financially and personnel wise. ",1,7,1,72,2,1,3,7,2,1,1,"There are no hard absolutes in the criminal justice system that seem to be fairly or uniformly applied. ",3
2026-07-02 12:11:07,2026-07-02 12:30:16,0,,100,1149,1,2026-07-02 12:30:17,R_5dzOS6Hpu2ssqce,,,,,,,anonymous,EN,1,P000242,7,6,4,6,6,3,4,5,4,7,6,6,3,6,5,5,7,1,3,2,4,"Overall I think everyone agrees that criminals deserve to be punished, second the next logical step is while they are locked up they cant commit any more crimes. Next i said punishment deters others which is very true and lastly they get rehabiliatted in jail",4,3,3,5,1,1,3,7,9,7,5,7,4,5,3,1,5,6,4,1,2,4,4,4,6,2,3,2,4,3,7,1,1,2,4,1,5,4,6,3,3,5,1,3,5,5,6,5,3,2,5,7,7,2,6,3,3,1,6,2,4,2,1,6,6,2,2,6,6,7,3,5,5,5,3,4,5,10,100,24,,,,,35,20,"I don't think his disease lets him get off without consequences, I gave him 20 instead of 35 because he is suffering and somewhat immobile",Shows him there are consequences to events that lead to taking a life no matter handicapped or not,,,,,1,7,1,35,1,1,4,4,3,3,1,Thanks! Can't imagine many peopl would want the shark to suffer,2
2026-07-02 12:10:36,2026-07-02 12:30:24,0,,100,1188,1,2026-07-02 12:30:25,R_3alUbr0miGGA13j,,,,,,,anonymous,EN,1,P001251,6,6,4,6,6,5,6,7,6,7,6,7,4,4,6,5,5,3,2,1,4,"Prisons, especially those with relatively lax supervision, often foster a relatively lawless internal structure and are relatively poor at rehabilitating offenders, so rehabilitation is number 4. While criminals often deserve punishment, by itself it is not the most persuasive reason, so it is number 3. There is somewhat conflicting evidence for the deterrence factor, so it is number 2. Society does clearly benefit from having the most persistent offenders incarcerated, so that becomes the top reason.",2,4,3,6,4,2,4,2,9,2,3,2,4,6,1,2,6,6,2,3,3,1,6,2,3,5,6,6,4,5,7,3,4,6,5,1,4,3,6,2,2,1,3,2,4,2,6,2,2,2,2,6,2,4,6,4,2,2,6,3,3,2,1,6,5,5,4,4,4,4,2,2,1,4,4,4,5,5,5,47,,,,,35,30,"He violently took a life and has had a demonstrably violent past, so I think 30 years is a fitting sentence.",The sentence will keep society safe from Darryl's penchant for violence.,,,,,1,6,1,65,1,4,4,4,3,3,3,,2
2026-07-02 12:12:03,2026-07-02 12:30:26,0,,100,1103,1,2026-07-02 12:30:27,R_1wEBCXXh3EAGjJL,,,,,,,anonymous,EN,1,P000080,7,7,7,6,7,6,4,7,6,7,7,6,5,6,7,5,5,4,2,3,1,I prioritized positive future societal outcomes over basic retributive justice.,4,5,4,4,3,4,5,5,9,6,5,5,5,5,6,5,6,6,6,6,6,6,6,6,6,6,6,6,4,5,6,4,4,5,4,5,4,4,6,4,4,4,4,4,4,4,4,4,5,4,5,4,4,4,5,4,6,6,4,6,6,1,7,7,7,1,1,7,7,4,4,7,5,4,4,4,4,5,5,47,,,,,,,,,33,15,14 years balance his permanent paralysis with necessary retribution for taking a young life,Provide accountability for the crime while acknowledging his mental reality.,1,7,7,66,1,1,6,4,2,3,2,,3
2026-07-02 12:12:43,2026-07-02 12:30:42,0,,100,1078,1,2026-07-02 12:30:42,R_6TnSKs1DEh9bMN2,,,,,,,anonymous,EN,1,P001271,7,6,6,7,7,6,5,5,5,7,7,6,7,5,5,6,7,1,3,2,4,They need to be punished and locked up  .,4,4,2,6,1,1,4,6,9,2,5,4,4,7,4,2,3,5,3,4,4,5,7,5,5,6,4,3,4,5,7,2,1,5,5,1,6,5,4,5,6,5,4,5,6,6,6,4,2,5,5,5,5,4,6,4,1,3,4,4,5,3,1,6,6,6,2,6,6,5,2,4,1,6,4,4,3,15,5,24,,,,,40,40,He  deserves to serve a long time.,To punish him for his crime.,,,,,1,4,1,80,1,1,3,3,1,3,3,,2
2026-07-02 12:12:33,2026-07-02 12:30:53,0,,100,1099,1,2026-07-02 12:30:53,R_7PPzU3McST0BBv3,,,,,,,anonymous,EN,0.8999999761581421,P000935,5,5,5,4,5,3,4,4,5,6,5,5,3,5,4,2,5,3,2,1,4,"I don't believe that number 4 is always true. ",5,3,4,4,4,1,5,3,9,1,1,4,3,6,2,2,3,3,4,3,4,3,5,4,5,5,3,4,4,4,5,2,4,2,3,2,5,4,6,4,4,1,3,2,1,4,5,1,1,2,4,6,6,1,6,3,3,4,2,3,3,1,1,7,7,4,1,5,7,1,1,1,1,7,1,1,7,10,100,24,,,,,,,,,25,25,"he still committed the crime ","punishment for the crime
",1,5,1,29,2,1,4,4,3,1,1,,3
2026-07-02 12:13:18,2026-07-02 12:31:01,0,,100,1062,1,2026-07-02 12:31:01,R_6WDPSL9mXUBtZeh,,,,,,,anonymous,EN,1,P000428,6,5,4,5,4,4,2,6,5,6,2,5,2,4,3,2,4,3,1,4,2,The fear of one deters another,4,2,3,7,4,1,2,5,9,3,2,7,2,7,5,3,3,2,4,1,1,5,2,7,7,5,2,1,4,5,7,3,2,4,1,1,5,5,7,1,1,2,5,2,2,4,6,3,1,3,4,4,6,3,5,2,3,1,7,1,1,4,2,7,7,1,7,4,7,6,1,5,1,5,3,4,5,5,5,24,,,,,,,,,25,2,"He still needs to reform, just because he is unable doesnt mean his mind is still negative ",For him to look on his actions and grow from his mistake,1,7,1,29,1,1,4,4,3,3,1,,3
2026-07-02 12:14:21,2026-07-02 12:31:01,0,,100,999,1,2026-07-02 12:31:02,R_62F7ZHGJFKUOcHp,,,,,,,anonymous,EN,1,P001543,7,7,6,7,7,4,4,4,7,7,7,7,4,5,7,4,6,1,3,2,4,"I don't think much rehabilitation actually happens, and punishment doesn't seem to deter others so much. But for sure criminals need to be punished, and they cannot commit crimes against society while in prison",1,4,1,5,6,2,6,2,9,4,4,6,6,6,2,1,7,6,5,5,5,1,6,3,3,2,7,6,4,5,7,2,2,1,2,1,5,5,4,4,3,3,2,6,5,5,6,3,2,2,2,5,6,4,6,3,3,2,6,2,6,5,5,4,4,5,3,3,5,2,2,3,1,2,5,6,2,5,5,47,20,10,"He killed a child, he needs to do the time. Reoffending may be a non factor, but he still needs to be punished",It will give Darryl plenty of time to reflect on his life choices and hopefully make better ones in the future,,,,,,,,,2,7,4,59,1,1,2,6,2,2,2,excellent study,1
2026-07-02 12:11:52,2026-07-02 12:31:09,0,,100,1156,1,2026-07-02 12:31:10,R_3A33EbWAu8bPP4R,,,,,,,anonymous,EN,1,P001601,6,6,4,6,6,5,2,6,5,7,6,6,6,4,4,4,6,3,2,1,4,"I think if a criminal commits a crime and isn't punished, they will do it again, and soon. If people can see that they are being held accountable, they may think twice about committing crimes. I think all bad behavior needs consequences, and there is.a chance that a criminal can be rehabilitated and do better if they get out of prison. ",4,4,1,3,4,4,4,6,9,2,4,3,5,6,3,2,5,6,3,2,4,4,6,6,6,3,6,7,4,5,7,3,4,4,5,1,7,6,7,3,2,3,4,4,5,5,5,4,3,3,6,3,4,3,4,5,6,7,3,5,5,5,4,5,4,5,4,4,5,6,3,4,2,3,5,5,3,1,100,47,,,,,30,30,I don't think his health condition should change his sentence,Keep others from doing the same,,,,,1,5,1,53,2,1,6,6,2,1,1,,2
2026-07-02 12:11:29,2026-07-02 12:31:23,0,,100,1194,1,2026-07-02 12:31:24,R_3erKatWfeBwJDJn,,,,,,,anonymous,EN,1,P001063,4,5,3,5,5,4,5,4,5,6,6,3,1,6,5,4,3,3,2,1,4,"Prisoners rarely get rehabilitated, the become institutionalized and they lose a part of themselves. I don't believe that a lot of criminals are violent, but once they go in to the system they have to become violent to protect themselves.",5,2,4,6,5,1,6,6,9,5,4,7,3,5,1,4,4,3,5,1,1,5,3,4,6,5,3,3,4,3,6,5,3,1,3,1,6,5,6,5,5,3,3,4,5,5,6,4,3,2,1,7,7,2,6,1,2,4,4,3,4,3,1,7,7,7,1,6,6,7,3,4,5,3,4,4,2,5,5,47,,,,,15,5,"He's incapacitated, and it will cost the state more money to take care of him in his condition.","Granted, it seems like a slap on the wrist, but life as he knew it is over.",,,,,2,6,1,53,1,1,3,3,3,3,3,It was a very interesting task.,2
2026-07-02 12:13:02,2026-07-02 12:31:25,0,,100,1102,1,2026-07-02 12:31:26,R_5QldweKJ37AKt7X,,,,,,,anonymous,EN,1,P001911,6,6,6,6,6,6,6,6,6,7,6,6,3,3,6,6,6,1,3,2,4,"Because it is the proper way, in my opinion, to deal with criminals.",1,6,2,5,4,4,4,6,9,1,6,6,6,6,5,3,6,6,5,5,6,4,7,2,4,4,6,6,4,6,5,5,4,5,6,1,5,4,2,2,2,4,1,4,4,6,4,3,6,4,6,5,3,6,6,4,6,6,3,5,5,1,1,7,6,3,2,4,6,6,3,4,2,1,7,7,1,10,100,24,,,,,,,,,30,30,Original sentence,rehabilitation of the mindset,1,3,1,61,1,1,2,7,2,3,3,I have no suggestions at this time.  Thank you for the study.,3
2026-07-02 12:10:37,2026-07-02 12:31:28,0,,100,1250,1,2026-07-02 12:31:28,R_7QRIfhycq6sOsMe,,,,,,,anonymous,EN,1,P001908,6,6,5,5,5,5,2,5,5,6,5,5,3,5,5,4,5,3,2,1,4,Unable to commit crimes while locked up seems obvious. I feel deterred from committing crimes by the thought of punishment. I don't think much rehabilitation happens in US prisons.,7,2,4,7,1,1,3,1,9,3,3,7,1,7,1,2,2,2,6,1,1,5,2,7,7,5,6,5,4,1,7,1,1,1,1,1,5,2,7,1,1,2,4,2,2,2,7,5,1,1,1,7,7,1,7,1,1,1,7,1,1,1,1,7,7,1,1,7,7,4,1,1,1,7,1,1,7,5,5,24,,,,,,,,,25,5,Darryl is no longer a threat to society. And the fact that he was involved in criminal activity at such a young age means that his parents/environment is partly to blame.,"Darryl has time to reflect on his actions, but will still be young enough when he leaves prison to turn his life around.",2,7,1,69,1,1,3,1,1,2,2,It was interesting to have to think about some of these things.,3
2026-07-02 12:10:38,2026-07-02 12:31:29,0,,100,1251,1,2026-07-02 12:31:30,R_7K3dz3sByxkDqdZ,,,,,,,anonymous,EN,1,P001344,7,7,5,6,5,6,5,5,6,5,5,5,5,6,5,5,6,2,1,3,4,"People who commit crimes have to be held accountable and face the consequences and should accept punishment. Off the streets, criminals are mostly unable to commit more crimes. For prisoners who want to turn their life around, they can attempt to rehabilitate themselves.",4,1,3,6,5,2,6,1,9,2,5,5,4,7,3,3,6,5,6,2,5,2,2,3,3,4,4,4,4,6,7,3,4,5,5,2,1,2,2,1,1,5,3,4,4,5,4,5,3,2,5,4,2,5,5,4,3,4,4,3,4,1,1,7,7,1,1,7,7,7,1,3,1,2,1,1,4,5,5,47,,,,,50,40,"Darryl should probably get a sentence of 50 years, but since he's paralyzed, he'll suffer more and 40 years seems like enough time. A 40 year sentence will give him plenty of time to reconsider his actions and will hopefully help him feel more guilt.",Darryl will realize the extreme affects of his actions and give him time to be remorseful. He made several wrong choices and needs to face judgment for them.,,,,,1,2,1,73,2,1,6,3,1,3,3,A good study to confirm personal priorities.,2
2026-07-02 12:19:25,2026-07-02 12:31:34,0,,100,728,1,2026-07-02 12:31:34,R_1IbJ8ZNpCEqZTeu,,,,,,,anonymous,EN,0.4000000059604645,P001329,6,6,5,5,5,6,6,5,6,5,6,5,5,5,6,6,5,1,3,2,4,Punishment is best way to learn not rehabilitation that can cause relapse,3,6,3,3,6,5,6,5,9,5,6,7,6,5,6,6,6,6,5,5,6,6,5,5,6,5,4,6,4,5,6,6,6,5,6,5,3,2,6,2,2,2,2,3,3,3,3,3,6,3,5,4,5,2,6,3,5,5,6,6,6,5,2,3,5,3,5,5,5,6,1,5,1,3,3,2,2,5,6,47,,,,,50,50,I don't care if he's ill he should still rot in prison,Get someone who is dangerous off the streets,,,,,2,5,5,21,1,2,4,5,2,3,2,,2
2026-07-02 12:11:45,2026-07-02 12:31:38,0,,100,1192,1,2026-07-02 12:31:39,R_1iWfmCHu0FQplwB,,,,,,,anonymous,EN,0.699999988079071,P000019,4,4,2,4,4,3,3,4,2,3,4,4,2,3,3,2,4,1,3,2,4,"There needs to be consequences for actions/choices is the bottom line and why that is number 1.  My second choice is also an important reason.  As for number 3, I am not sure if research proves punishment deters others from committing crimes. And I chose number 4 because I don't believe most prisoner et rehabilitated in the system - although they should",6,2,5,7,2,1,2,2,9,1,2,4,2,7,2,2,5,4,4,2,2,4,4,6,5,5,4,4,4,4,7,4,2,4,4,1,5,3,6,3,3,2,4,1,4,2,6,5,2,2,2,6,5,1,6,1,1,1,6,1,3,2,1,7,6,4,3,6,7,2,1,2,1,6,2,2,6,10,5,47,20,5,"I think he deserves some type of punishment, but he is no longer a threat to society, so keeping him in jail seems pointless",That Darryl learns from the experience and can be released with a better outlook on life.,,,,,,,,,1,6,1,61,2,1,6,2,1,3,3,,1
2026-07-02 12:09:58,2026-07-02 12:31:42,0,,100,1304,1,2026-07-02 12:31:43,R_3rTSsorEvHFuuwx,,,,,,,anonymous,EN,1,P001423,5,6,6,6,6,4,6,7,6,6,5,6,5,7,5,4,6,1,2,3,4,I believe that the first step is for them to be brought to justice and punished if that's the case.  When people see that others are punished then it will deter some.  I think rehabilitation is a great idea but that's not the highest priority in deterring crime.,4,3,2,6,4,1,4,4,9,3,5,6,4,6,3,2,3,3,4,1,2,2,4,3,5,4,2,5,4,4,7,1,3,2,4,1,5,5,6,2,2,1,2,1,1,2,6,5,4,4,6,6,6,1,5,3,2,1,6,4,5,2,4,6,7,5,3,5,6,4,1,4,1,3,3,4,4,8,20,12,,,,,50,50,I don't believe that getting a disease diminishes taking the life of another person for purposeful malicious reasons,It will remove him from society so that he is no longer is a threat to anyone else.,,,,,1,6,1,67,2,1,2,3,3,3,3,This survey gave me a lot to think about and how my feelings are regarding people who commit crimes.,2
2026-07-02 12:11:30,2026-07-02 12:31:50,0,,100,1219,1,2026-07-02 12:31:50,R_3FR96pNLGf6d4aU,,,,,,,anonymous,EN,1,P000316,6,6,6,7,6,6,7,6,7,7,6,7,6,7,6,6,6,2,4,3,1,"I think rehabilitation can help the prisoners, while criminals also deserve to be punished. Then when they are locked, they cannot commit other crimes, and finally I think the punishment can deter them from commiting further crimes.",3,5,1,5,6,1,2,5,9,5,5,7,6,5,7,1,5,5,5,5,5,6,6,5,5,5,6,7,4,1,7,2,5,7,4,1,6,6,4,4,4,4,3,4,5,5,5,5,5,4,4,3,5,3,5,3,1,1,7,5,3,1,1,7,7,1,1,6,6,7,3,5,4,3,3,5,3,5,5,47,25,10,"I chose a 10 year sentence because Darryl no longer poses a threat to society due to his medical condition, so long term is not necessary to protect the public. However, the crime still resulted in the death of another person during a violent incident, which is very serious and still requires punishment of some sort.","That he is aware of the consequences of his crime. ",,,,,,,,,1,5,5,45,1,1,4,2,1,3,1,Everything was easy to understand. No technical issues. Thanks,1
2026-07-02 12:11:00,2026-07-02 12:31:53,0,,100,1252,1,2026-07-02 12:31:53,R_5FLIhP5XoFqhEa6,,,,,,,anonymous,EN,1,P000890,4,7,4,5,6,7,4,7,7,7,7,6,5,7,5,7,4,4,2,1,3,This seemed like a logical placing. While in jail they can't commit any crimes in society anymore. Punishment possibly could deter other people from committing crimes. Prisoners who do go through the system and do the programs are likely to be rehabilitated. Someone who gets caught with a tiny amount of marijuana shouldn't face life in prison.,4,4,2,7,4,1,5,5,9,1,4,7,4,7,1,1,5,4,7,1,1,1,3,4,4,4,5,3,4,1,7,1,4,1,1,1,7,4,7,2,2,1,1,4,4,1,5,4,1,4,4,4,4,1,5,1,1,2,4,3,4,1,1,7,7,1,1,7,7,5,4,1,1,7,1,1,7,10,100,24,,,,,,,,,50,20,"I gave him 20 because he still killed someone. Even if he poses no threat, he should be able to get out in a shorter time if he does well. The family of the deceased still needs some justice for losing their son.",To give him time to understand what he did.,1,7,1,29,1,1,3,2,1,3,3,,3
2026-07-02 12:11:34,2026-07-02 12:32:02,0,,100,1227,1,2026-07-02 12:32:03,R_3MXYSJHbz9A57pL,,,,,,,anonymous,EN,1,P000532,6,6,5,7,6,6,5,6,6,6,7,7,4,4,7,4,6,2,3,1,4,"I ranked the other I did because criminals in jail cannot hurt the general public while locked up, they do deserve to be punished. I put they get rehabilitated while in prison as last because many do not, many become career criminals and prefer being in jail.",2,6,1,4,5,4,5,7,9,6,6,7,6,7,4,1,6,6,6,4,5,4,7,4,4,2,7,6,4,4,6,4,4,5,4,2,3,4,7,2,1,7,1,7,7,6,4,3,4,5,4,3,5,5,3,5,4,1,6,5,6,5,5,4,4,3,5,4,4,4,4,4,4,2,6,7,4,10,100,24,50,50,"He's a menace, I have no sympathy for him. Paralyzed or not, 18 years old or not, good riddance.  ",Punishes him for his crime and disturbing the peace and destroying someone's family by killing their daughter.,,,,,,,,,1,7,1,36,2,1,4,4,3,1,1,"Sharks live by instinct and survival. When we enter the water we enter their world, they do not abide by human law because they are not human and do not have the mental intelligence to know right from wrong. comparing an animal killing a human to a human killing a human is not possible.",1
2026-07-02 12:10:57,2026-07-02 12:32:04,0,,100,1266,1,2026-07-02 12:32:05,R_5DtppANNmBW7278,,,,,,,anonymous,EN,1,P001657,5,5,4,6,6,5,4,5,6,6,6,5,4,6,5,4,5,1,2,3,4,"If you do something illegal, you deserve the consequences ",3,4,3,5,6,3,6,5,9,4,4,4,5,4,5,3,4,6,3,3,3,3,5,5,5,5,5,5,4,5,6,3,3,2,3,1,5,5,4,4,3,3,4,2,2,6,4,4,2,5,5,5,5,3,5,4,3,4,7,6,6,2,2,7,7,3,3,5,6,5,2,3,3,3,4,4,4,5,5,47,30,30,Age doesn’t matter to me,Rehabilitation of his mind and body,,,,,,,,,2,5,2,66,2,1,4,5,3,1,3,"Thanks for the opportunity ",1
2026-07-02 12:12:07,2026-07-02 12:32:07,0,,100,1199,1,2026-07-02 12:32:08,R_1xTb6rv771MGVR7,,,,,,,anonymous,EN,1,P001009,4,6,2,4,6,1,2,3,1,3,1,3,4,5,1,3,6,1,2,3,4,"I'm not wholly convinced of any of the statements. Therefore, I picked that obviously they need to be punished, that's how all aspects of our society work. And, maybe there is some deterrence in there.",7,1,4,7,1,1,1,2,9,1,1,3,1,3,3,4,1,1,1,1,1,1,2,5,7,5,2,5,4,7,7,1,2,2,4,1,4,1,5,2,3,1,3,1,1,1,7,1,1,1,1,7,4,1,7,1,1,1,7,1,1,1,1,7,7,1,1,7,7,1,1,1,1,5,1,1,7,5,5,47,,,,,50,50,"He was directly responsible for taking a life. I'm almost sure his victim would choose a life without freedom over her death; she would have a glimmer of hope and would hold on to her existence. So, I think his freedom and future ought to be forfeited.","It won't accomplish anything. It will provide a consequence, and it will also mean that he has no freedom to choose his life, his life is permanently now on hold until he dies.",,,,,1,7,1,43,1,1,5,1,5,3,2,"All good thanks, not a simple subject!",2
2026-07-02 12:16:12,2026-07-02 12:32:11,0,,100,959,1,2026-07-02 12:32:12,R_7nU5XUBeC69bXcp,,,,,,,anonymous,EN,1,P000140,7,7,6,7,7,6,4,7,7,7,7,7,4,5,6,7,7,3,2,1,4,I think that the least important factor is for prisoners to get rehabilitated in prison since it doesn't always work but the other three factors are fairly close to each other.,1,4,2,5,5,6,7,5,9,7,7,7,4,6,2,1,6,7,5,4,4,4,7,2,6,2,5,7,4,6,7,3,2,1,4,1,6,5,4,4,3,6,4,5,6,4,4,5,6,5,5,4,4,3,4,4,4,4,4,4,6,5,4,7,6,3,4,4,6,5,3,3,2,4,4,4,5,5,100,47,,,,,50,50,Darryl still committed the crime and deserves to serves the punishment.,I hope that the people who commit crimes are treated as they should be,,,,,1,4,1,20,1,4,3,4,3,3,1,,2
2026-07-02 12:09:56,2026-07-02 12:32:12,0,,100,1335,1,2026-07-02 12:32:13,R_7OUzEipWUEblT9d,,,,,,,anonymous,EN,1,P000704,7,7,7,7,7,1,4,7,7,7,7,7,4,5,7,7,7,3,1,2,4,"I think it is important to use punishment from them commiting more crimes and to use as an example to others ",1,7,1,1,4,4,7,5,9,7,4,4,4,4,6,1,7,7,5,6,5,1,7,3,3,1,7,5,4,1,7,7,4,4,2,1,7,7,6,1,2,1,2,3,6,6,4,7,6,5,5,4,7,5,3,5,3,7,1,3,7,1,1,7,7,1,1,7,7,7,1,5,1,4,1,4,4,10,100,24,,,,,,,,,50,50,It doesnt matter the state of Daryll physical health he still committed a violent crime and needs to be punished,show others that violence will not be tolerated,1,7,1,31,2,1,6,4,3,1,1,,3
2026-07-02 12:13:41,2026-07-02 12:32:19,0,,100,1117,1,2026-07-02 12:32:20,R_1IauyRhlhBQQs5R,,,,,,,anonymous,EN,1,P001421,5,5,5,5,6,4,4,4,4,6,5,5,4,4,4,4,4,1,2,3,4,Criminals should be punished to keep a society functioning. The other reasons listed are not absolute in nature and would not rank any higher than they do.,4,5,1,5,4,4,5,5,9,3,4,3,5,5,3,3,4,4,4,4,4,4,5,4,4,4,4,5,4,4,5,2,3,3,4,1,5,5,5,3,3,3,3,3,4,4,5,4,5,3,3,3,5,4,5,4,4,5,3,4,5,4,2,5,5,4,4,4,4,4,4,4,1,4,4,4,4,10,100,24,50,50,"The law makes room for up to a life sentence, which in this case is warranted.","This sentence will punish him to the furthest of what the law will allow. He couldnt stop at taking her purse, he had to gain revenge on her by removing her life as well",,,,,,,,,2,5,3,57,1,1,6,5,2,1,3,This was an interesting study. it made me think about things differently.,1
2026-07-02 12:13:04,2026-07-02 12:32:28,0,,100,1164,1,2026-07-02 12:32:29,R_3kyBr5mLK0zCPbr,,,,,,,anonymous,EN,0.8999999761581421,P001330,7,7,7,7,7,6,4,7,7,7,7,7,7,6,7,7,7,1,2,3,4,I ranked it this way because that is the best way it should be ranked.,4,4,1,4,4,4,7,7,9,2,4,4,4,7,4,1,7,7,7,7,7,6,7,5,6,1,3,6,4,3,4,4,4,7,4,4,5,4,7,2,2,7,1,4,7,6,3,7,6,7,5,1,4,4,2,1,6,4,4,7,7,7,7,1,4,1,7,1,7,4,4,7,4,1,1,1,4,5,5,47,,,,,,,,,50,15,killing is enough,to deter others from doing same.,2,7,1,68,2,1,6,7,1,3,3,the study was good.,3
2026-07-02 12:21:38,2026-07-02 12:32:29,0,,100,651,1,2026-07-02 12:32:30,R_7sbULDu0EBwme79,,,,,,,anonymous,EN,1,P001827,6,6,6,6,6,6,6,6,5,5,6,6,6,6,6,6,6,4,2,1,3,"I ranked the list in this order because even though they are all important and true to my belief, imprisonment serves best when it is to stop others from committing the crimes again. Then, stopping them from committing again indirectly helps them rewire into a better person morally. ",5,4,4,5,5,3,6,4,9,5,6,3,4,4,5,5,5,5,5,4,5,5,4,5,5,5,5,5,4,4,4,4,5,4,4,3,7,5,1,6,5,5,5,4,6,6,5,4,4,4,4,6,4,3,6,4,5,3,5,3,5,4,4,4,4,4,4,4,4,3,4,2,3,5,3,3,5,5,5,24,,,,,50,50,"Even though he is physically incapable of committing a similar crime again, he still did it before and is capable of thinking about or plotting it again with others. ",He will reconsider his life choices and he will banish those thoughts and actions from his lifestyle.,,,,,1,6,1,18,2,4,3,3,1,3,3,,2
2026-07-02 12:12:12,2026-07-02 12:32:37,0,,100,1225,1,2026-07-02 12:32:38,R_5LXHS9lxhtfKZcl,,,,,,,anonymous,EN,1,P001520,7,7,7,7,7,7,7,7,7,7,7,7,7,6,7,7,7,1,3,2,4,"If you chose to break the law you deserve to get punished 
while prisoners are locked up they cannot continue to commit crimes ",2,7,1,7,5,2,7,7,9,7,7,6,7,7,3,2,6,7,7,4,5,2,7,6,7,3,7,7,4,6,5,6,5,4,5,2,5,6,4,4,4,4,2,4,4,4,2,6,4,6,6,2,4,6,2,7,5,4,5,5,5,4,5,5,6,4,4,4,5,1,1,1,1,2,4,5,2,10,5,47,,,,,50,50,"He  committed an awful crime regardless of age or health he must be punished period ","suffering for his violent behavior ",,,,,1,5,1,53,2,1,3,5,3,1,1,I believe regardless of age or health prisoners should be punished and I think we are way too easy on our prisoners Thank you for the study and have a lovely evening and holiday weekend :),2
2026-07-02 12:16:09,2026-07-02 12:32:43,0,,100,993,1,2026-07-02 12:32:43,R_72ScECcQ5DNZb73,,,,,,,anonymous,EN,1,P000956,4,5,4,5,5,4,3,7,4,6,5,6,4,5,5,5,6,3,1,2,4,"Rehabilitation is not usually the top priority of prisons, especially in America.",2,3,2,4,5,2,5,7,9,5,3,3,6,6,4,2,5,5,3,3,5,5,4,5,5,3,5,4,4,5,7,4,3,2,3,2,5,3,2,5,5,3,4,3,4,4,4,3,4,4,4,3,5,4,4,3,2,2,6,3,3,3,5,4,4,4,4,4,5,2,2,4,1,7,3,3,6,5,5,47,20,20,"The decisions were made that ultimately led to the loss of a young life. These actions need to be remedied. ",Answer the question asked.,,,,,,,,,1,7,2,23,1,4,3,3,1,1,3,,1
2026-07-02 12:14:38,2026-07-02 12:32:44,0,,100,1085,1,2026-07-02 12:32:44,R_6CPTgl4hykxRYfn,,,,,,,anonymous,EN,1,P000860,6,7,6,5,7,7,7,7,5,7,6,6,6,5,5,6,6,4,1,2,3,"Prison time among other various punishments can seriously mess up a persons life, and serve as a good deter from crime. Locking up prisoners also prevents more crime from happening, which is a very valuable asset. Being in prison also helps prisoners to learn and grow from their mistakes. Finally, its hard to say whether a criminal ""deserves"" to be punished. Someone could be convicted as a criminal, but be in a morally grey case.",3,4,3,7,5,2,3,3,9,6,4,3,2,6,5,3,5,2,2,2,2,5,5,4,5,6,3,5,4,3,7,3,3,3,3,2,6,6,5,5,3,3,6,2,3,6,6,3,3,3,3,5,5,3,6,3,5,6,1,5,3,5,2,3,6,3,3,6,6,6,5,3,1,3,2,4,5,10,100,47,22,20,"Minor or not, Darryl still committed a serious murder, and whilst he may not be a threat, there has to be just punishment, therefore, I only lowered the sentence by two years.","A realization of wrong and a strive to repentance. ",,,,,,,,,1,6,2,21,1,1,4,5,3,1,1,,1
2026-07-02 12:13:22,2026-07-02 12:32:51,0,,100,1169,1,2026-07-02 12:32:52,R_1tJg7215BsTWGkN,,,,,,,anonymous,EN,0,P000122,6,5,7,6,7,6,4,6,6,6,6,6,6,4,7,6,6,3,1,4,2,"I put deterrence at number one because it will prevent crime in the future, which will be good for the whole society. I put rehabilitation in second place because through rehabilitation, it will help to rehabilitate criminals so as to avoid committing crime in the future. Punishment because the offenders deserve to be punished was my third choice, although I think that punishment should also serve a purpose. Incapacitation was the last because it only serves to prevent crime temporarily.",4,6,6,5,5,6,6,6,9,6,6,6,6,6,6,6,6,6,5,1,6,6,2,6,6,6,6,6,4,5,6,6,4,6,4,6,6,6,5,6,5,6,2,2,6,7,6,2,2,6,6,2,6,4,2,6,5,6,3,5,5,5,5,6,5,6,2,2,6,6,6,6,1,5,6,6,4,5,5,47,,,,,40,35,"Since Darryl is not a threat to society anymore and the case will be treated in confidence, his behavior contributed to the death of Frankie in view of the past history of abuse and disregarding the restraining order issued against him. The punishment meted out must correspond to the gravity of the crime committed.","It is my hope that the sentence will bring accountability, that it will acknowledge the seriousness of the crime of death, and that there are serious consequences to committing such a serious violent crime.",,,,,1,6,6,22,1,1,2,7,2,3,3,Thanks,2
2026-07-02 12:11:59,2026-07-02 12:33:03,0,,100,1264,1,2026-07-02 12:33:04,R_3tJyt02ltFuLWDL,,,,,,,anonymous,EN,1,P000443,6,6,5,6,6,6,6,6,6,6,6,6,6,4,6,6,6,2,3,1,4,"Most prisoners reoffend so 90 percent will go back atleast they can't commit more crimes while there in jail. I put criminals deserved to be punished second because it's important. The last two im not so sure about. ",4,6,1,4,1,1,4,6,9,1,4,7,4,7,1,1,4,7,4,4,6,4,7,1,1,6,5,7,4,4,7,4,1,4,3,1,6,6,5,2,2,2,5,2,2,4,4,5,4,4,4,5,4,4,5,4,5,4,5,4,4,5,5,3,4,6,6,4,3,5,5,6,1,3,6,5,4,10,5,5,,,,,20,20,Because it was a crime of passion and she didn't handle it very good all she had to was talk to him she could of like called the police or something. She escalated the situation by telling him to get out. He wasn't it in his right mind 20 years is sufficient for me she could of atleast just talked to him that's how woman are though.,"I hope that he won't want nothing to do with woman after this and has learned his ,lesson and never drinks again.",,,,,2,7,1,37,1,1,2,5,2,2,2,"No comments ",2
2026-07-02 12:22:02,2026-07-02 12:33:06,0,,100,664,1,2026-07-02 12:33:07,R_1BV1YZYHlms1Uch,,,,,,,anonymous,EN,1,P000011,4,5,5,4,3,3,5,4,5,1,3,5,1,4,2,2,5,4,3,1,2,I think prevention of more crimes is the most important reason for punishment.,6,1,3,7,1,1,3,1,9,2,2,6,1,7,1,1,3,3,3,1,2,7,3,7,7,7,1,5,4,1,7,1,2,1,1,1,3,1,4,1,1,1,7,1,1,1,7,2,1,1,1,7,7,1,7,1,1,1,7,1,1,1,1,7,7,1,1,7,7,1,1,1,1,7,1,1,7,10,10,47,,,,,25,15,I think he is not an adult and shouldn't receive as long a sentence as an adult would.,I hope that it will rehabilitate the prisoner and accomplish some justice for Frankie's death.,,,,,1,7,1,69,1,5,4,1,1,2,2,You misspelled the word prosecutor.,2
2026-07-02 12:09:56,2026-07-02 12:33:25,0,,100,1409,1,2026-07-02 12:33:26,R_3aLxooZf8085akS,,,,,,,anonymous,EN,1,P001070,4,2,3,5,5,2,5,2,2,2,3,5,2,2,5,3,6,2,3,1,4,"I don't see any order that would please me, so this order is the least offensive, in my opinion. ""Criminals should be punished"" is a broad statement that cannot be agreed to or be against without know what the punishment entails. Are we talking about capital punishment? A few months in jail for rape or pedophilia? I need to know what the punishment entails and the alleged crime. Consequently, the order I put thise excuses in is the best I could do with what was offered.",4,1,1,4,6,1,7,2,9,2,1,4,4,6,5,2,1,1,3,1,1,1,2,3,6,5,1,6,4,7,7,1,1,3,1,1,7,7,1,7,7,3,2,3,5,6,7,4,1,1,1,6,7,1,7,4,1,1,7,1,3,1,1,7,7,1,1,7,7,3,1,1,1,7,1,1,3,10,10,24,50,20,"I don't think we should have to pay for Darryl's incarceration longer than necessary if he is no longer a threat to society. However, he still needs to be punished for what he did to the innocent victim because he was having a bad day.",Accomplish? It will signal to Darryl that what he did was wrong and give him 15 years to think about it with his useless limbs in an environment that doesn't give him an ounce of privacy or privilege.,,,,,,,,,1,7,1,76,2,1,4,1,1,3,1,"It was interesting, and I had to face the fact that I may be liberal in general but more conservative when it comes to looking at the actual crimes and the people who commit them.",1
2026-07-02 12:10:24,2026-07-02 12:33:26,0,,100,1381,1,2026-07-02 12:33:26,R_3y9koSebd8rWz4R,,,,,,,anonymous,EN,1,P001710,5,6,5,5,6,5,5,6,2,2,3,3,1,5,3,4,4,2,1,4,3,"Prisoners can still commit crimes in prison. Rehabilitation programs are good in theory but they are not used consistently or effectively. ",7,1,2,5,1,1,6,7,9,1,2,7,2,4,5,3,3,3,6,1,1,5,3,6,7,7,3,3,4,5,7,1,4,1,2,1,5,4,6,2,2,4,4,2,2,4,7,5,1,1,1,4,7,2,6,1,1,1,7,3,5,2,1,7,7,7,1,7,7,6,2,1,1,7,1,1,5,10,5,47,,,,,,,,,50,50,"Because he committed the crime with intent while able bodied, he will also most likely be on some type of assistance from tax payers. So, he should serve his sentence.","Unfortunately, there is no benefit to either option.",1,7,1,42,1,1,2,4,3,3,2,,3
2026-07-02 12:10:04,2026-07-02 12:33:27,0,,100,1402,1,2026-07-02 12:33:28,R_502EAhjxbMmjHtz,,,,,,,anonymous,EN,1,P000284,4,7,4,7,7,7,4,7,7,7,7,7,1,2,7,4,3,1,2,4,3,1. Criminals should be accountable for wrongs.  2. Punishment CAN deters others by making them think twice.  3. I think it's very rare prisoners truly get rehabilitated much in prison.  4. Prisoners are well known to commit crimes in prison.,1,7,1,2,5,5,7,7,9,6,5,7,7,7,1,4,7,7,4,5,6,5,6,7,7,7,6,7,4,7,7,1,3,6,4,1,7,7,7,3,3,4,5,4,5,7,4,1,4,6,7,5,6,2,5,6,1,1,7,1,7,1,2,7,6,1,1,6,7,7,7,4,7,1,4,7,1,10,100,24,50,50,"The brutality of the murder to an innocent, innocent by simply being out and about, is reason for a life sentence.","Simply that it sends a message of this type of brutal murder, this situation of the crime.  A message to those thinking twice about committing such an unprovoked crime.",,,,,,,,,1,7,1,63,1,1,2,5,3,3,3,"If people really pay attention to study and HONESTLY answer questions, especially about themselves, should be an interesting study result.  I enjoyed it!",1
2026-07-02 12:14:39,2026-07-02 12:33:31,0,,100,1132,1,2026-07-02 12:33:32,R_5Vc0ofnn9v4ykpz,,,,,,,anonymous,EN,1,P001289,7,7,7,7,7,6,3,5,7,7,7,7,4,4,5,4,7,1,3,2,4,"I ranked in the order I did because if you do something wrong there should be consequences, if prisoners are locked up the streets are safer for law abiding citizens. I think if prisoners are given severe enough punishment it might keep others from doing similar crimes. I believe that prisons can rehabilitate some prisoners.",2,5,1,3,5,4,7,5,9,3,5,5,5,6,2,1,6,6,6,4,4,2,7,3,3,1,4,7,4,5,6,3,2,2,4,1,7,7,3,4,4,3,2,4,4,4,4,6,3,4,5,4,5,4,4,2,5,7,1,6,7,5,4,5,5,4,4,5,6,4,4,5,1,2,4,6,2,5,5,47,,,,,50,25,Darryl still killed Frankie and should be punished for the crime. The fact that Darryl contracted a disease doesn't take away the actions that Darryl carried out against Frankie.,That crimes come with consequences regardless of other factors.,,,,,1,5,1,60,2,1,3,6,2,1,1,N/A,2
2026-07-02 12:22:10,2026-07-02 12:33:39,0,,100,689,1,2026-07-02 12:33:40,R_7oG76NA06dHWLqt,,,,,,,anonymous,EN,1,P000908,5,5,5,5,5,5,5,6,5,5,5,5,3,6,5,5,5,1,2,3,4,"I think people who commit certain levels of crime deserve the punishment they get most of the time. I put ""Prisoners gfet rehabilitated in prison"" last because I am not sure if that is true or not.",3,3,2,5,7,3,5,2,9,5,5,6,3,5,2,3,5,5,3,1,4,5,5,5,7,5,3,3,4,5,6,2,3,1,2,1,4,4,3,4,4,4,4,2,4,3,5,3,5,5,3,5,5,2,5,2,3,1,7,2,3,1,1,7,7,1,1,7,7,5,1,2,2,7,1,1,7,10,100,24,,,,,50,50,"He should still have to pay for the crime he committed, regardless of his current state.",He will pay for his crimes.,,,,,1,5,1,31,2,6,5,2,1,1,1,,2
2026-07-02 12:11:52,2026-07-02 12:33:47,0,,100,1314,1,2026-07-02 12:33:48,R_577t1ULlOCljPXx,,,,,,,anonymous,EN,1,P000774,7,6,6,7,6,7,7,6,7,7,6,7,7,5,6,7,7,2,3,1,4,"Because punishment first, its just common sense.  If they get some rehab than bonus",3,5,3,6,6,5,6,7,9,6,6,7,5,6,7,2,3,3,3,2,6,3,7,5,3,5,7,6,4,7,6,5,3,5,5,2,7,6,6,3,3,5,2,5,6,5,5,6,6,7,7,4,7,6,3,6,5,7,3,6,6,6,5,6,3,6,6,3,5,7,5,7,6,2,6,6,3,10,100,24,,,,,,,,,50,35,"I dont really care about his disease , he would still find a way to commit crimes",Send a message to the other criminals,2,7,1,66,1,4,4,6,2,1,1,,3
2026-07-02 12:10:23,2026-07-02 12:33:49,0,,100,1405,1,2026-07-02 12:33:49,R_7DD7Jxm1VL663Pr,,,,,,,anonymous,EN,1,P000154,6,6,5,6,6,3,4,5,5,4,6,6,2,3,4,3,6,2,3,1,4,"Number one was picked because it is HARDER for prisoners to commit crimes, at least to ordinary citizens.  Number 2 was picked because from a child onward you should find out that if you do something harmful, there are consequences.  Number 3 has more truth than #4.  I don't think there is much rehabilitation in prison.",2,3,2,2,4,2,5,7,9,5,3,6,4,6,4,2,3,5,3,3,3,4,3,4,4,4,4,5,4,4,5,3,4,5,5,2,6,5,5,3,2,4,3,4,4,6,4,4,3,3,5,5,4,4,5,4,2,1,7,4,4,5,4,3,6,6,5,5,6,5,3,3,3,3,3,5,6,5,5,47,,,,,,,,,50,25,I still think some punishment should be made.  Just because he is sick and he was 17.5 doesn't mean he didn't know what he was doing.,He gets punished.  He learns there are consequences to what you do.,1,6,1,77,2,1,4,4,3,1,1,"It was an interesting survey and the questions asked were put to me in a way that made me think harder.  ",3
2026-07-02 12:13:18,2026-07-02 12:34:00,0,,100,1241,1,2026-07-02 12:34:01,R_6fkjNwtzRDbmIAh,,,,,,,anonymous,EN,1,P000378,6,7,6,6,7,6,6,7,6,6,6,7,6,7,4,4,6,4,2,1,3,"the first one stops harm immediately the second one reduces future crimes the third one may reduce reoffending and the last one is more of a moral reason vs a direct effect ",1,5,1,5,5,4,3,4,9,1,1,3,4,5,3,1,3,5,3,2,3,4,5,2,4,5,6,7,4,4,5,3,4,4,4,1,4,4,5,3,1,3,3,3,3,2,5,3,3,3,1,3,5,3,4,3,4,1,4,4,5,4,4,4,4,4,4,5,5,7,4,4,4,2,5,4,2,10,5,24,,,,,40,30,"paralysis lowers risk to society so there's no need fora higher sentence ","to still punish him for a severe crime ",,,,,1,7,1,28,1,2,2,4,3,3,3,"Thanks for the survey ",2
2026-07-02 12:14:39,2026-07-02 12:34:04,0,,100,1165,1,2026-07-02 12:34:05,R_6kGjiXvbwpdSBXP,,,,,,,anonymous,EN,1,P000613,4,6,3,4,5,5,3,7,5,6,6,4,5,6,6,5,5,4,1,3,2,"Because crimes do happen and punishment does happy but not always. They do become different people. I do feel that crimes do need ramicfications however they can still commit in lock up ",2,2,5,5,3,2,5,3,9,5,2,5,3,5,4,4,6,3,2,2,3,3,5,6,5,5,6,7,4,2,7,3,2,4,4,1,5,5,3,3,3,3,6,3,5,4,5,2,1,5,4,7,4,2,7,2,3,2,6,4,5,3,2,7,7,2,2,7,6,3,2,5,3,2,1,3,2,10,100,22,,,,,,,,,50,22,"He took the life of someone. He can spend one year in jail for every year frankie was alive plus 5 years ","THat he will understand what he did was wrong despite his condition ",2,4,2,30,2,1,2,4,3,3,3,n/a,3
2026-07-02 12:11:29,2026-07-02 12:34:05,0,,100,1355,1,2026-07-02 12:34:05,R_54scDevtfBoh2F3,,,,,,,anonymous,EN,0.800000011920929,P000848,6,6,6,6,6,5,5,5,5,6,6,5,4,5,6,5,5,4,2,1,3,"We first need to protect the people. Second, it does set a standard, that crime does not pay. Third, some people do change as a result. And fourth, it is morally wrong to hurt other people.",3,3,5,6,4,4,5,4,9,4,4,5,5,6,2,6,4,4,5,2,2,4,6,4,4,4,4,6,4,4,6,4,4,5,3,1,7,6,6,2,2,3,4,4,5,5,4,4,4,4,4,5,5,4,5,4,3,7,1,4,6,1,1,7,7,4,1,6,6,5,6,1,1,3,1,5,3,10,100,24,,,,,,,,,30,15,He did not kill him. I am trying to go by somewhat similar sentencing to cases like this one.,Rehabilitation. He is still young.,1,5,1,50,2,1,2,7,2,1,1,,3
2026-07-02 12:16:34,2026-07-02 12:34:08,0,,100,1053,1,2026-07-02 12:34:08,R_5azZQ4kndnd9UrI,,,,,,,anonymous,EN,1,P000950,6,6,5,7,5,6,5,6,7,5,5,5,5,5,5,6,6,1,4,3,2,"because i strongly believe that it is a place to put people to be punished for their actions, while i put detering people last because that isnt the primary focus",3,4,2,4,4,2,6,6,9,4,5,6,5,6,5,3,5,6,5,4,5,3,6,4,5,5,5,6,4,4,5,5,4,5,3,3,5,4,5,2,2,6,5,4,5,4,5,3,3,5,5,5,4,3,5,4,5,4,2,5,4,4,5,4,4,7,3,3,3,4,4,3,1,3,3,3,3,5,5,47,,,,,,,,,50,50,Because he still killed someone and we dont need that in society,Making society safer,1,5,1,23,1,1,3,5,2,2,2,all good,3
2026-07-02 12:23:57,2026-07-02 12:34:25,0,,100,628,1,2026-07-02 12:34:26,R_6BtOo5kJrill7Z7,,,,,,,anonymous,EN,1,P000075,7,7,7,7,7,7,7,7,7,7,7,7,5,6,7,7,7,1,3,2,4,"The criminals deserve to get punished. I have no empathy for those who take advantage of others. We need to keep them off the free world to prevent more victims. Without punishment, people would commit more crimes. I ranked rehabilitation last because it's a waste of time to try to rehabilitate bad people.",1,5,1,2,7,3,7,7,9,7,7,7,6,7,3,4,7,7,7,7,7,3,7,3,5,1,7,7,4,6,6,3,1,3,4,1,7,7,3,5,2,7,1,7,7,7,3,7,5,5,5,3,6,3,3,3,3,1,7,5,5,3,5,5,5,3,3,5,5,7,2,5,4,6,3,3,6,5,5,47,50,50,A disease will not free him from punishment. The vast majority of 17 year old teenagers aren't murderers.,Make it clear that people who commit heinous crimes deserve no mercy.,,,,,,,,,2,7,7,21,1,3,4,3,1,1,1,The question about how long it would take to double in size had the slider in minutes rather than days.,1
2026-07-02 12:10:22,2026-07-02 12:34:27,0,,100,1445,1,2026-07-02 12:34:28,R_5TAxmPxoznubxBZ,,,,,,,anonymous,EN,1,P001537,4,7,4,6,5,6,5,5,7,7,7,7,6,6,7,6,4,4,2,1,3,"Because it is most important that the public is safe. It is also important that they get help if they can. Them deserving is the least important factor. ",3,3,2,4,4,4,6,5,9,4,4,6,3,7,5,2,5,6,3,2,1,4,5,5,5,3,5,3,4,6,5,4,3,1,2,4,7,5,4,3,4,5,2,4,5,6,3,2,5,3,4,5,6,4,1,2,2,1,7,4,5,1,1,7,7,1,1,7,7,4,4,5,1,3,4,5,2,10,5,47,,,,,50,50,Because he killed someone,That make others notice that murder doesn't pay,,,,,1,5,1,30,2,1,2,2,1,1,1,None,2
2026-07-02 12:18:43,2026-07-02 12:34:36,0,,100,953,1,2026-07-02 12:34:36,R_3anPOAPN5wmEA41,,,,,,,anonymous,EN,0.800000011920929,P001205,7,7,7,7,7,7,7,7,7,7,7,7,7,5,7,7,7,4,3,2,1,Criminals could use a second chance to make good for the community and also being monitored so they cannot harm others.,1,7,1,4,7,3,7,7,9,1,7,1,7,7,4,1,7,7,7,7,6,1,7,4,4,1,7,7,4,4,5,5,4,4,5,1,5,4,2,7,3,7,1,7,7,7,3,7,4,5,7,4,7,5,4,5,6,7,1,7,7,6,5,5,3,7,4,6,6,4,7,7,1,1,7,7,1,5,5,47,,,,,,,,,50,50,The age is not an excuses of killing other people. You pay for what you did.,"To warn the any crime will receives its punishment ",1,7,1,33,1,3,6,7,2,3,3,Very fun experience. I overall enjoyed this study.,3
2026-07-02 12:17:01,2026-07-02 12:34:47,0,,100,1065,1,2026-07-02 12:34:47,R_14w95b8s7ilcBi1,,,,,,,anonymous,EN,1,P000797,7,7,5,7,7,7,6,5,6,7,5,7,5,6,5,5,7,1,4,2,3,"First and foremost we need one needs to recognize that if they do wrong, they will be punished.  Keeping one who does a crime locked up deters them from doing other crimes and next I believe there are things in prison to help them to become better people than if they had remained on the streets.  Lastly, maybe they will think twice before committing a crime again.",2,4,3,6,2,2,5,6,9,4,5,6,3,7,4,4,3,6,3,1,3,3,5,4,3,6,4,2,4,4,4,2,5,3,4,1,7,7,5,5,6,2,4,1,2,6,6,2,3,4,2,7,5,4,6,4,6,7,1,5,7,1,1,7,7,1,1,7,7,5,6,5,1,7,1,1,7,4,5,47,,,,,,,,,25,0,Nothing because he does not pose a threat.  His disease is sentence enough.,That while he sits unable to do anything he will think about his crime.,2,6,2,62,2,2,3,5,1,3,3,No further comments.,3
2026-07-02 12:11:30,2026-07-02 12:34:48,0,,100,1398,1,2026-07-02 12:34:48,R_6eLWRHcwfE9IjNd,,,,,,,anonymous,EN,1,NONSTANDARD_1,6,6,6,6,7,6,6,7,7,7,4,7,3,6,5,6,7,2,1,3,4,"I believe that punishment does deter others, at the very least it makes them think twice about committing a crime.  That one kind of tied with the first one, yes, criminals do deserve to be punished, how ill they ever learn if there are no consequences.  The last two almost tied as well, I don't know to what extent prison rehabilitation programs work, but i do know there is an abundance of repeat offenders in jail, so it is probably not that effective.  And yes, everyone rests easier when criminals are locked up, but not completely because you never know who is going to commit the next crime.",1,6,1,7,2,1,7,6,9,2,2,7,7,7,4,1,5,6,3,2,1,1,7,5,3,5,5,7,4,7,7,1,2,3,4,1,5,5,6,3,2,2,2,2,7,7,7,4,1,2,7,6,7,6,3,4,1,1,7,2,5,6,2,7,7,5,2,2,7,7,1,7,1,1,4,7,1,10,5,1,10,10,"I think ten is long enough to drive the point home that he committed a crime with very serious ramifications, just because he did not intend for that particular outcome, doesn't negate the fact that it happened.  To me his current health did not affect my decision.","I would hope it would discourage the criminal from future criminal behavior, the face that he is sentenced despite his health should serve as a reminder to the rest of the population that it does not excuse you from your crimes.",,,,,,,,,1,7,1,67,2,1,3,4,2,1,1,"Interesting study, thank you for the opportunity!",1
2026-07-02 12:15:23,2026-07-02 12:34:58,0,,100,1175,1,2026-07-02 12:34:59,R_71afjFZcmOr3R3H,,,,,,,anonymous,EN,0.699999988079071,P000437,6,6,5,5,5,5,4,6,6,7,5,5,1,6,3,4,5,1,3,2,4,"I don't think most prisons actually get rehabilitated, or assist them to obtain necessities needed for life when they are released.",3,3,2,6,5,3,6,4,9,2,2,3,4,6,5,2,3,5,3,3,3,5,3,5,6,5,3,3,4,5,7,3,2,3,4,1,6,6,5,5,5,2,4,3,2,4,6,3,2,2,4,6,6,3,6,3,2,1,6,2,3,5,1,3,6,5,3,5,5,5,1,2,1,2,4,3,5,5,1,24,32,15,"He no longer posed a threat, but made the choice to steal and then got angry when she fought back. ","Allow him time to reflect on his actions, give justice to her family and hopefully address his anger ",,,,,,,,,1,7,1,52,2,1,2,3,3,3,1,,1
2026-07-02 12:10:22,2026-07-02 12:35:07,0,,100,1484,1,2026-07-02 12:35:08,R_7aZakPLJqnPScUN,,,,,,,anonymous,EN,1,P000427,6,6,3,5,6,3,2,5,4,6,6,6,1,2,4,4,5,3,2,1,4,First make the streets safer by removing bad acting people. If people think they are going to pay a price for a crime they are less likely to do it though punishment needs to be in context to the crime. I feel we fail society by NOT properly rehabilitating prisoners,4,3,2,5,2,1,4,3,9,2,5,3,3,7,4,1,3,4,3,2,3,5,4,4,6,5,3,4,4,3,7,3,2,3,5,1,4,3,3,4,3,3,1,2,3,4,5,5,2,5,5,7,7,3,6,3,1,1,7,4,5,1,1,1,1,1,1,5,6,4,1,1,1,6,1,1,6,5,5,47,25,30,It was not first degree so life would not be correct but max precedent is,Dangerous person of the streets.,,,,,,,,,1,7,1,58,1,1,4,2,1,3,1,,1
2026-07-02 12:12:10,2026-07-02 12:35:17,0,,100,1387,1,2026-07-02 12:35:17,R_3s4RB67ZHBRWDMR,,,,,,,anonymous,EN,1,P001178,7,7,7,7,7,7,4,6,7,7,7,7,1,4,7,2,7,1,3,2,4,"Anyone who commits a crime deserves some sort of punishment based on the severity of the crime. Otherwise, there is no justice for the innocent. I don't know nor care if punishment is a deterrent or not...but it definitely keeps the criminal from committing other crimes while locked up. I put the rehab statement last because I'm not sure. I'd have to see stats and hear both sides. I'm sure a few are and can be but some are too evil.",1,7,1,4,5,1,6,6,9,7,4,7,7,6,6,1,7,7,7,5,6,1,7,1,1,2,7,7,4,3,7,4,3,2,5,1,7,7,6,4,2,6,1,7,7,7,4,7,6,7,6,2,7,4,4,5,3,7,1,6,7,7,7,1,1,7,7,1,1,7,3,6,6,1,7,7,1,10,5,47,,,,,,,,,50,50,"The guy beat the crap out of another human being who was doing the right thing. To make it worse, he kick the guy in the head while he was down, killing him. He's a violent offender. ",Nothing other than getting and keeping a violent offender off the street and justice for an innocent person who was viciously beaten to death.,1,7,1,65,2,1,4,7,2,1,1,Very good survey. Interesting. Made me think.,3
2026-07-02 12:23:36,2026-07-02 12:35:19,0,,100,702,1,2026-07-02 12:35:19,R_7EFvezEwITifStC,,,,,,,anonymous,EN,1,P000795,7,7,7,7,7,7,7,7,1,7,6,7,1,7,6,7,7,1,2,4,3,"Criminals should be punished for what they do and punishment also deters others from doing that crime. Prisoners do not get the best rehabilitation but at the same time prisoners can commit other crimes if they really wanted to.  ",3,4,1,7,5,4,4,4,9,4,4,7,1,7,1,1,4,1,7,1,4,1,1,7,5,6,1,4,4,1,7,1,1,1,1,1,7,7,1,7,7,7,1,7,7,7,4,1,1,1,1,5,7,1,4,1,1,1,7,4,4,4,1,7,7,7,1,7,7,4,1,1,1,7,1,1,6,10,100,24,50,50,"Darryl still committed the crime no matter how karma got him in the end. He attacked a murdered someone. ","I hope he will learn from his mistakes and serve his time for his mistakes ",,,,,,,,,2,5,1,22,2,1,4,3,1,1,1,,1
2026-07-02 12:19:10,2026-07-02 12:35:22,0,,100,971,1,2026-07-02 12:35:22,R_1qaEfpZtec1EHYD,,,,,,,anonymous,EN,1,P001726,4,7,7,4,6,5,4,7,5,7,6,5,3,6,5,7,6,4,1,2,3,i feel that other's need to see that if you commit a crime your going to have to pay for it so that's why that option is number 1 and it also helps that while they're locked up other crimes can't be done so thats a second benefit. while in prison they can learn better ways to deal with outside pressures if prisons provide ways for rehabilitation but not all crimes deserve punishment so that's why that one is last,5,3,2,4,2,3,5,4,9,4,4,5,4,6,3,3,4,3,3,2,3,6,4,6,7,4,5,6,4,5,5,3,4,5,4,2,5,4,5,2,1,1,4,4,3,3,5,3,3,2,3,5,6,4,6,2,2,2,7,2,3,1,1,6,7,1,2,7,6,4,3,2,2,6,2,4,7,5,10,47,42,17,i feel like he still needs to pay for his crimes as it took an innocent life and a young life at that. so even though he's paralyzed he should serve the amount of years the girl was when he killed her,"that it gives him time to reflect on what he did, he needs to pay for that",,,,,,,,,1,5,1,32,2,2,2,3,1,1,1,n/a,1
2026-07-02 12:15:22,2026-07-02 12:35:25,0,,100,1202,1,2026-07-02 12:35:26,R_7geis1uzZkyBCcJ,,,,,,,anonymous,EN,1,P000462,7,7,7,7,7,7,7,7,7,7,7,7,7,5,5,7,7,3,1,2,4,"I ranked these in this order because locking up criminals does keep them off the street and they can not commit other crimes but I do not believe they are rehabilitated in jail. ",1,7,1,7,3,5,5,7,9,4,1,5,7,7,6,1,7,7,2,1,5,4,7,1,5,3,4,7,4,7,7,3,4,1,1,1,6,7,1,4,3,1,3,3,3,4,2,1,6,2,5,1,3,6,1,7,7,7,7,4,7,3,3,5,5,3,4,5,5,7,5,7,1,5,2,3,5,10,100,24,50,50,"He made a choice to take another persons life. No matter what or how, he caused this. He deserves to rot in prison , legs or no legs.",He feels his life is like death like Frankie did.,,,,,,,,,1,7,1,40,2,1,3,4,3,1,1,,1
2026-07-02 12:16:14,2026-07-02 12:35:42,0,,100,1168,1,2026-07-02 12:35:43,R_5YDEnoUn8tnTDLd,,,,,,,anonymous,EN,1,P001003,7,7,5,6,7,6,5,2,7,6,6,7,3,3,5,3,7,2,3,1,4,"If you are in prison, then you are not out harming or endangering anyone else. After that I believe that there should be a punishment for the crime. I don't believe prison actually deters or rehabilitates enough prisoners, though I am sure it does for some.",1,6,1,5,6,1,6,7,9,6,5,1,1,3,1,1,3,5,1,2,3,1,5,2,1,3,5,5,4,3,5,5,1,3,3,1,4,3,4,2,2,2,1,2,2,2,5,1,2,3,3,3,4,3,5,3,1,1,7,1,1,5,1,5,1,3,3,6,6,5,1,1,1,1,1,1,5,5,5,47,,,,,,,,,50,50,He intentionally beat a man to death. That's all it is for me.,Assure that he will never do it again.,1,3,1,56,1,1,4,1,1,1,1,,3
2026-07-02 12:17:46,2026-07-02 12:35:42,0,,100,1076,1,2026-07-02 12:35:43,R_7aeG5hlsH3ze7re,,,,,,,anonymous,EN,0.8999999761581421,P001674,5,6,4,4,7,4,4,7,7,7,7,5,1,6,7,4,5,1,3,2,4,"Criminals should be punished for the terrible things they done and by locking them up to prevent further issues to society; this is a great way to show how it should be done. At least in my view. Sometimes, criminals need to be locked up to think over their wrongdoings and when they feel it's time to make up for it; they can go through rehabilitation on how to function properly in society. Not all criminals are bad. Sometimes they steal and hurt others to survive. Because of our broken system, people do unbelievable things to live another day.",1,4,1,6,7,4,7,6,9,1,4,1,4,7,1,1,4,5,7,1,4,7,7,7,7,1,4,7,4,4,4,1,4,1,1,1,7,5,1,5,4,1,3,7,1,4,4,7,4,4,7,4,7,1,4,4,7,4,7,5,7,4,1,7,7,1,4,7,7,3,4,4,1,7,1,1,1,10,5,48,30,20,People with disabilities have already suffered enough by society already disregarding them as useless so giving Darryl 20 years in prison should be enough as it will further isolate him. Giving him time to think about his crimes and what to do with his life afterwards.,"By sentencing him for 20 years, I hope that this will give him time to think about his life choices from the past and now. And that he will get help for his problems through the system.",,,,,,,,,1,7,1,36,2,7,4,6,3,3,3,None. The study was fine.,1
2026-07-02 12:15:29,2026-07-02 12:35:54,0,,100,1225,1,2026-07-02 12:35:55,R_76dwF3nMDfpOYMx,,,,,,,anonymous,EN,1,P001954,4,5,3,4,4,5,2,4,4,5,4,4,2,6,4,4,5,4,3,2,1,Because prisons can become academies of crime if the sole purpose of them is to lock people up.,7,2,4,7,2,1,4,1,9,2,2,4,4,6,2,4,2,2,2,1,2,4,1,4,5,5,1,5,4,2,7,1,1,1,1,1,6,4,6,1,1,1,4,3,3,4,7,2,1,2,2,6,7,1,6,2,2,4,6,2,3,1,1,7,7,1,1,7,7,2,1,1,1,7,3,4,7,10,20,24,25,20,Mitigating circumstances having to do with intent to kill.,"Deference ",,,,,,,,,2,7,1,72,1,1,4,2,1,3,2,Good study.,1
2026-07-02 12:14:09,2026-07-02 12:35:55,0,,100,1305,1,2026-07-02 12:35:56,R_7OprbWkg076P5Nj,,,,,,,anonymous,EN,1,P001386,5,5,2,5,5,5,4,4,5,5,3,5,6,7,3,1,5,3,4,2,1,"I think the most important thing prison should be used for is to rehabilitate offenders so that the don't keep commiting crimes once they are releazed. Prison also serves the purpose of preventing other crimes being commited, though there is the caveat that a criminal could commit a crime inside prison (like assault or something). Next, I think if you commit a crime, you deserved to be punished, but that's not as much of a factor as the other two. Finally, I'm not really sure that punishment is as large of a deterant as people think, so I put that last.",4,3,2,7,6,2,5,5,9,1,5,2,1,7,1,2,3,2,4,1,3,6,3,7,6,5,2,3,4,1,7,1,4,3,4,1,4,3,6,1,2,2,3,3,4,2,6,5,1,1,1,5,7,1,7,4,1,1,7,1,1,1,1,7,7,1,1,7,7,3,1,1,1,6,1,1,7,10,5,47,,,,,,,,,30,20,"As much as I feel bad for Darryl's paralysis, he still commited this crime before that, so he deserves to be punished for it. Given the circumstances, I was a little lenient and lowered the sentence by 10 years.","Darryl deserves to be punished for beating someone to death. Hopefully, it will give him time to repent and rehabilitate. Also, it will have Frankie's family feel some sort of justice.",1,4,1,32,1,1,4,4,3,3,3,"In terms of the shark question, I chose not to put it to death because it wasn't 100 percent clear if that was the particular shark that carried out the attack. If it was, then I have no problem with it. But to just kill a shark that is the same species? What if something was wrong with the one that killed the girl? I don't know, seems irresponsible assume all memebers of a species are bad based on the actions of one.",3
2026-07-02 12:17:47,2026-07-02 12:36:01,0,,100,1093,1,2026-07-02 12:36:02,R_3GuCB6KW44SNx73,,,,,,,anonymous,EN,1,P000561,3,4,3,4,4,3,5,5,3,4,4,3,3,3,1,3,4,4,2,1,3,"There is some truth about negative reinforcement working. Prisons aren't made for rehabilitation and no one inherently deserves to be punished. ",5,2,5,6,1,1,4,4,9,2,2,4,3,7,2,4,2,1,6,2,5,5,2,6,6,6,1,3,4,2,7,1,1,1,1,1,3,5,5,4,1,1,3,2,3,5,7,6,1,1,1,6,7,1,7,1,1,1,7,1,1,1,1,7,7,1,1,7,7,4,1,1,1,7,1,1,7,5,5,47,36,36,"He killed someone with intent to steal and possibly harm. I think that deserves more than half of a life sentence. ","Hopefully in 36 years he will fell remorse. If he doesn't cause anymore violence until then then he will be free. If he does he gets another sentence. ",,,,,,,,,1,7,1,31,1,1,3,3,1,2,2,Thank you. I believe the lilypad would grow in much less in only 47 minutes but it definitely would be half the size in 47 days.,1
2026-07-02 12:18:24,2026-07-02 12:36:09,0,,100,1065,1,2026-07-02 12:36:10,R_7IWWpodn5tTXZfY,,,,,,,anonymous,EN,0.800000011920929,P001375,7,7,7,7,7,7,7,7,7,7,7,7,5,5,7,6,7,1,3,2,4,"I think that criminals not only deserve to be punished, but when incarcerated they don't have the ability to to commit again and can also think about their actions and repent for them, hopefully. I think that incarceration serves as a warning to those who might want to go down the same path. I don't really believe that the majority of prisoners actually get rehabilitated. ",2,7,2,7,3,1,5,5,9,6,5,7,5,3,3,3,7,5,6,5,6,5,7,6,6,5,7,7,4,2,7,3,1,5,2,1,6,6,5,5,1,1,3,5,5,6,6,3,2,3,5,2,5,5,6,3,2,1,7,3,5,1,1,7,7,1,1,7,7,5,1,2,1,7,1,1,7,10,5,47,30,30,"I don't care that he got an autoimmune disease, he killed an innocent person and deserves to be punished. ","I hope that it will provide peace and restitution to the victims family. ",,,,,,,,,2,5,1,45,2,1,4,2,1,3,1,Thank you! Have a great day!,1
2026-07-02 12:11:02,2026-07-02 12:36:12,0,,100,1510,1,2026-07-02 12:36:13,R_7d0lWiZeWt48zaK,,,,,,,anonymous,EN,1,P000167,5,5,4,5,5,3,5,5,5,5,5,5,2,2,4,4,5,3,1,2,4,This is first because I think punishment does deter some people from committing crimes. This is second because being locked up does prevent that individual from committing more crimes on the outside. This is third because if you commit a crime you deserve to be punished for that crime. I chose rehabilitation in prison as last since prison does not rehabilitate prisoners to be better citizens back outside.,5,4,2,5,3,1,5,4,9,2,2,3,3,5,3,2,5,5,3,2,3,3,5,5,5,5,4,5,4,5,7,2,2,2,3,1,5,3,7,1,1,1,3,1,1,3,7,3,1,2,2,2,5,1,7,3,1,1,7,1,1,1,1,7,7,1,1,7,7,4,1,2,1,4,4,4,6,10,5,24,,,,,,,,,35,35,He still committed the murder and it was pre-meditated.,Hopefully send the message that murder is wrong and you can't just murder someone without consequences.,1,7,1,61,1,1,4,3,1,1,1,,3
2026-07-02 12:11:28,2026-07-02 12:36:15,0,,100,1486,1,2026-07-02 12:36:16,R_57PEouWuChNy9W1,,,,,,,anonymous,EN,1,P000400,7,7,5,7,7,7,6,4,5,3,7,7,5,4,7,4,7,2,3,1,4,"I don't know the numbers on whether or not prison actually deters crime. But you can't just do nothing. What would you do to protect people from being victims of crime? Some people are pedophiles, predators, serial killers...maybe prison doesn't lead to rehabilitation but it could in some cases. The main thing is to get criminals away from everyone else.",1,5,1,6,3,1,4,1,9,7,5,1,4,6,1,1,7,7,3,3,4,4,7,1,1,3,7,7,4,2,7,1,4,5,4,1,5,3,7,1,1,3,1,4,6,5,7,5,1,3,4,2,5,3,7,1,2,5,7,5,3,3,1,7,7,3,5,4,6,6,1,2,2,1,4,5,1,5,5,47,,,,,25,0,"He's being diagnosed while already in prison? Or this is right after the verdict? If he can't use his limbs I don't know what he would do in prison. They can just release him. ",There's nothing to accomplish as he already can no longer commit crimes.,,,,,1,7,1,47,1,1,4,5,3,1,1,I listen to a lot of true crime. I can't see defending someone who's guilty and trying to get them set free. It's also often the case that a prosecutor advocates for an innocent person to go to jail. It's tough.,2
2026-07-02 12:11:24,2026-07-02 12:36:24,0,,100,1500,1,2026-07-02 12:36:24,R_3gSICIiGeQ8DCjN,,,,,,,anonymous,EN,1,P001765,7,7,6,7,7,6,6,5,7,7,7,7,2,3,7,6,7,1,3,2,4,"I think punishing criminals by locking them up are the two most important reasons. Criminals deserve to be punished because if they aren't, they will continue their lawless ways. They also deserve it because victims need to feel that someone pays for the harm done to them. Additionally, while the criminal is locked up, that is one less person on the street committing crimes so society is a little bit safer. I don't really believe that punishment will stop other criminals from committing crimes. It sometimes feels that when one criminal is locked up, another just steps in and continues it. I think the idea that criminals get rehabilitated in prison is not a punishment and I don't think it happens. If it does happen and it sticks, it is rare because it is so hard for someone with a criminal conviction to get a job.",1,5,1,4,7,2,7,7,9,7,6,7,6,7,6,1,3,4,3,2,5,3,6,2,3,3,5,5,4,2,7,1,3,1,4,1,5,3,7,2,2,2,1,5,6,6,5,6,2,2,3,4,6,3,6,1,1,5,5,2,5,5,3,5,4,7,7,1,3,6,1,2,2,1,5,6,1,5,5,47,,,,,,,,,40,40,"I think Darryl deserves to serve out his original sentence because he killed a kid. Since Frankie was only 17 and 1/2, he is considered a kid and Darryl deserves to serve the sentence given to him.","I hope the sentence gives Frankie's family peace and shows them that even though Frankie was a drug dealer (and therefore a criminal too), his life mattered and the person who took it will pay for doing so.",2,7,1,64,2,1,6,6,2,1,1,I liked the format of your study because it made it easy to read and answer the questions.,3
2026-07-02 12:11:41,2026-07-02 12:36:33,0,,100,1492,1,2026-07-02 12:36:33,R_7LOw73SxMUa7ece,,,,,,,anonymous,EN,1,P001720,7,7,7,7,7,5,7,7,5,7,7,7,6,6,5,4,6,1,2,3,4,Criminals must be in prison.,4,6,1,4,5,1,5,3,9,4,4,7,6,5,3,3,6,4,5,1,2,5,3,5,6,5,1,3,4,4,5,5,5,3,3,5,6,7,3,5,3,2,2,2,2,2,3,4,3,4,3,6,4,5,3,4,7,7,4,4,5,1,4,7,7,2,1,7,7,2,2,4,1,1,7,7,1,10,100,24,25,25,She deserves,To be a better person,,,,,,,,,2,7,2,60,1,1,2,4,2,3,2,None,1
2026-07-02 12:20:39,2026-07-02 12:36:52,0,,100,972,1,2026-07-02 12:36:52,R_8iliDBiZmWP9a78,,,,,,,anonymous,EN,0.800000011920929,P000941,6,6,4,5,4,4,7,5,6,7,6,5,5,6,7,5,4,4,2,3,1,Because rehabilitation is the main goal,3,5,6,4,7,6,5,4,9,7,2,4,1,3,6,5,3,4,2,2,5,4,7,6,3,5,1,6,4,7,4,2,3,6,5,1,6,7,3,5,4,4,7,5,3,6,5,2,4,4,6,2,7,3,3,1,3,1,2,5,4,6,4,2,3,5,1,7,2,4,6,7,5,4,5,6,7,10,100,24,,,,,30,31,I am not a government official but I think he deserved that.,Justice,,,,,1,7,6,22,2,2,6,2,2,2,2,,2
2026-07-02 12:23:36,2026-07-02 12:36:58,0,,100,802,1,2026-07-02 12:36:59,R_6jnHscxFuOuyRtD,,,,,,,anonymous,EN,1,P000267,6,5,4,6,6,5,4,6,5,7,5,6,3,3,5,3,3,1,2,3,4,"Because if you break the law depending on how severe, you should be punished it also deters people from commiting crimes knowing there is consequences.",4,4,4,7,3,3,6,5,9,5,3,1,3,2,2,4,4,3,4,2,3,3,4,3,6,3,4,6,3,2,7,3,1,2,1,2,3,3,6,1,3,1,1,2,2,1,5,5,1,4,1,3,4,2,4,1,1,1,7,1,2,1,1,7,7,7,1,7,7,6,2,5,1,5,2,1,5,10,100,24,,,,,,,,,30,25,"I feel that if he is paralzed it will cost the prison system most likley tax dollars to accomidate that therefore i would knock a couple years off his sentance,","nothing really its just punishment for the crime, in thirty years hell be a different person. ",1,7,1,35,1,1,3,4,3,3,1,nothing,3
2026-07-02 12:11:53,2026-07-02 12:37:03,0,,100,1509,1,2026-07-02 12:37:04,R_5pzIElLBxKDM80v,,,,,,,anonymous,EN,1,P000418,6,7,5,7,6,5,3,7,7,7,7,7,3,5,5,4,6,1,2,3,4,"i feel like there are rules for a reason, whether we like or agree with them. we have a duty to follow those laws. if criminals weren't to be punished, it would imply there are no consequences to actions. our justice system is broken, but criminals should absolutely receive punishment that aligns with their crime. i don't fully believe that criminals are reformed in prison, even when provided materials for betterment. ",3,5,2,6,5,4,5,5,9,3,3,3,5,6,2,1,5,5,5,5,4,5,5,5,7,3,5,6,4,5,7,3,3,4,4,1,5,5,5,3,2,5,4,5,5,7,5,5,5,4,4,6,7,4,5,4,4,3,5,4,5,4,3,7,7,2,3,6,7,5,3,5,2,4,4,4,4,10,100,24,25,25,"his disability is not related to the crime. he killed someone- whether intentional or not- and deserves to pay for his actions regardless. ","keeping someone capable of murder out of society. showing Darryl that murder wont be tolerated and punishment will fit the crime. if murder wasnt punished, some people would go kill their bosses because they had a bad day. i kept that in my thoughts through this survey ",,,,,,,,,1,7,1,38,2,1,3,5,3,1,1,,1
2026-07-02 12:11:22,2026-07-02 12:37:19,0,,100,1557,1,2026-07-02 12:37:20,R_5Dunkf4MBZdefZJ,,,,,,,anonymous,EN,1,P000645,7,7,7,6,7,7,4,7,7,7,6,7,4,5,6,5,7,1,2,3,4,"ranked # 4 becaus I am not sure crimainals always get rehabiliated in prison,
#1 shows law is to be enforced ,2 showed deter some from crime ,3 sending repeat offenders should reduce crime",1,5,1,6,4,5,7,7,9,4,4,3,5,7,5,3,4,5,5,3,4,5,6,5,5,4,6,7,4,4,3,4,4,5,4,1,6,6,7,1,1,1,7,4,1,4,4,5,3,2,5,4,7,2,4,4,6,7,1,4,6,1,4,7,7,1,1,5,7,5,4,1,4,1,1,1,1,5,5,47,,,,,,,,,50,40,I took off ten years for his ailments and age at time of the crime.,debt to society and am message to others,2,4,2,61,1,1,2,7,2,3,2,I believe from memory I have seem some of or simliar type questions other surveys.,3
2026-07-02 12:11:40,2026-07-02 12:37:29,0,,100,1549,1,2026-07-02 12:37:30,R_6Lqhu4uQOafg0Oh,,,,,,,anonymous,EN,0.8999999761581421,P001565,6,7,5,7,7,6,2,4,4,5,6,7,2,5,5,3,6,1,4,2,3,"There needs to be consequences for illegal actions. This is how it works in life in general. Victims deserve justice. ",4,5,2,4,3,1,6,6,9,4,5,2,5,7,5,1,5,4,1,1,1,2,7,1,1,2,5,6,4,4,7,3,4,5,4,1,5,5,3,5,2,4,3,4,5,5,5,1,2,5,3,5,4,3,6,4,3,4,6,5,4,1,1,5,7,5,5,3,7,3,1,5,2,5,4,4,3,10,100,15,,,,,,,,,40,40,"He took a life and Frankie has lost his. Actions have consequences. ","Darryl being removed from society so that he does not kill another person. ",1,7,6,60,2,1,3,6,2,1,1,,3
2026-07-02 12:13:52,2026-07-02 12:37:45,0,,100,1433,1,2026-07-02 12:37:46,R_7pFm6JRPJei143Z,,,,,,,anonymous,EN,0.20000000298023224,P001295,3,5,4,3,5,5,3,4,5,5,4,3,5,3,4,4,3,2,1,3,4,I think the physiological part of the most useful because it works as a natural deterrent for anyone who want to commit future crimes.,4,3,5,5,5,3,5,4,9,5,6,3,5,4,3,5,4,4,5,5,3,3,5,3,5,5,6,6,4,3,6,4,4,6,5,3,3,5,5,5,5,4,5,6,3,4,6,6,4,5,5,5,4,3,3,5,6,5,5,4,4,4,3,4,3,2,5,5,3,1,1,1,1,5,5,4,5,5,78,26,30,15,"I give him this sentence of 15 years and it may seem short on first sight but we need to account for the fact that he is a minor and hence has rest of his life. ",This sentence will give him a taste of prison and give me a symbol of what life can be if he ever commit crimes.,,,,,,,,,1,7,2,20,1,3,4,1,1,3,2,,1
2026-07-02 12:09:56,2026-07-02 12:37:46,0,,100,1669,1,2026-07-02 12:37:46,R_7K7Qifu4l8btus8,,,,,,,anonymous,EN,1,P000403,5,5,2,5,5,3,2,2,4,3,5,5,2,4,3,2,5,2,3,1,4,process of elimination....i don't think prisoners get rehabiitaed and i don;t think prison deters others from committing crimes. i was left with the first two and if a prisoner is in prison they cannot commit a crime...unless the crime is in the prison.,7,1,4,7,1,1,4,1,9,1,1,5,1,3,1,4,1,1,1,1,1,5,5,6,7,1,3,5,4,4,7,1,4,5,4,1,4,3,6,2,1,2,3,1,2,4,7,1,1,1,1,7,7,1,7,1,1,1,7,1,4,1,1,7,7,1,1,7,7,4,1,1,1,7,1,1,6,10,5,24,,,,,25,25,IF he's permanently paralyzed he'll end up being a ward of the state if he is out. he might as well stay in prison and be taken care of there.,Darryl will be taken care of in prison.,,,,,1,7,1,79,2,1,4,1,3,3,3,i wish you had distinguished between what is considered white collar crime. i think most of congress and our president are a risk to our society more than petty thieves or people trying to survive.,2
2026-07-02 12:20:05,2026-07-02 12:38:05,0,,100,1080,1,2026-07-02 12:38:06,R_7jcZj5K7zNVVLdr,,,,,,,anonymous,EN,1,P001254,7,7,6,7,7,6,6,7,6,6,6,6,6,7,5,5,6,1,2,3,4,"Because it holds criminal accountable,  protect society,  and may prevent future crime. ",3,3,2,6,5,1,6,6,9,2,3,3,5,7,1,2,5,4,2,1,2,5,6,4,5,5,5,2,4,4,7,2,2,5,5,1,6,5,5,4,3,3,3,2,5,6,7,5,1,3,2,7,7,2,6,2,5,5,4,5,6,1,1,7,7,4,2,6,6,2,2,4,2,4,2,4,3,5,5,47,,,,,40,30,He caused a death and should be held accountable even if he is no longer a threat.,"Justice, accountability, and respect for the victim.",,,,,1,6,7,25,1,1,5,6,2,1,1,The study was clear and easy to follow.  Thank you for allowing me to participate in this study.,2
2026-07-02 12:24:16,2026-07-02 12:38:06,0,,100,830,1,2026-07-02 12:38:07,R_3CTrCfiDTZ0KTb6,,,,,,,anonymous,EN,1,P000494,7,7,7,7,7,7,1,7,7,7,7,7,1,4,7,5,7,1,2,3,4,"You do something wrong, there should be a consequence and most people do not get rehabilitated in prison. That's not what our prisons do.",1,7,1,7,4,1,6,7,9,7,7,7,7,5,7,3,6,3,2,3,2,1,5,1,4,3,7,7,4,3,7,4,4,1,4,1,7,7,1,2,2,7,1,7,7,7,7,1,7,1,7,1,1,1,7,7,3,4,7,3,7,1,1,7,7,1,1,7,7,7,1,1,1,7,1,1,7,9,100,24,,,,,25,25,"The excuses don't matter...did the crime, take the 25 years",give him time to think about his actions and the consequences and the family,,,,,2,7,1,49,2,2,4,3,1,1,1,,2
2026-07-02 12:17:42,2026-07-02 12:38:24,0,,100,1241,1,2026-07-02 12:38:25,R_3DpecRwPmNbdBvi,,,,,,,anonymous,EN,1,P000862,5,6,3,5,5,4,3,5,4,5,4,5,5,5,4,5,5,1,2,4,3,"The main purpose of punishments are as an attempt to equalize the criminal actions taken by people, so that's why I put that first. One rung down I put how it deters others from committing crimes, as crime will and always will still happen, but punishment (like jail time) does have some effect on people taking certain types of actions. ",3,3,2,5,7,3,6,3,9,3,3,3,4,5,5,3,5,5,3,4,3,3,5,5,5,4,5,5,4,4,5,5,3,4,4,3,5,4,5,3,2,5,3,5,5,7,5,5,2,5,3,4,5,3,3,3,5,5,2,3,4,1,1,7,7,2,1,7,7,1,1,4,1,7,1,3,5,5,5,47,50,50,"He still killed someone. The fact that he is deemed ""no longer a threat to society"" is the main reason for sentencing, rather to hold him accountable for taking someone's life. ","I hope this sentence will go to uphold the weight of murder, reduce the number of murders that occur in the world. ",,,,,,,,,1,4,4,18,1,4,2,2,1,1,1,No! Thank you!,1
2026-07-02 12:12:17,2026-07-02 12:38:26,0,,100,1568,1,2026-07-02 12:38:26,R_5rqCE53FNqEGFks,,,,,,,anonymous,EN,1,P000735,7,7,7,7,7,6,7,7,7,7,7,7,6,7,5,5,7,1,2,3,4,"You have to show first that crime is punished then it shows others what happens. that in itself should prevent crime. Lock up is important to prevent a habitual criminal then while incarcerated, rehabilitate and offer help on release. ",2,6,2,3,3,3,6,6,9,6,5,6,5,6,3,3,5,5,2,2,3,2,6,2,2,3,5,5,4,3,5,2,3,5,6,2,5,5,4,4,3,4,2,5,5,3,3,2,3,5,3,3,3,3,5,3,5,7,2,2,5,3,5,5,5,5,5,2,3,5,3,6,5,3,3,5,2,10,100,24,30,30,"He could have stopped once he got cut above his eye but he continued to be continue to be aggressive and ended up killing the poor girl. His anger took a hold of him. Double karma for this man. I don't feel sorry for him at all. ",A person is responsible for his actions. He has to be held accountable for killing a girl.,,,,,,,,,2,6,2,66,2,1,4,6,2,1,1,,1
2026-07-02 12:22:51,2026-07-02 12:38:37,0,,100,946,1,2026-07-02 12:38:38,R_6RqlKmqaWSITzdn,,,,,,,anonymous,EN,1,P000955,6,7,5,6,6,6,6,6,7,4,7,7,6,6,7,7,7,2,3,4,1,Based on long term impact on society and the criminal.,1,1,1,7,5,7,7,6,9,5,5,7,1,7,1,1,7,7,1,1,4,1,7,1,7,5,3,7,4,1,7,1,4,7,4,1,5,3,2,1,1,4,1,5,7,7,7,4,7,1,7,7,7,1,7,7,1,1,5,1,6,1,1,7,7,1,1,7,7,7,1,7,1,6,6,6,7,10,100,24,,,,,,,,,50,15,Poses no real threat,THat there is a different way to live life,1,7,5,35,1,4,6,3,1,1,1,,3
2026-07-02 12:12:50,2026-07-02 12:38:38,0,,100,1547,1,2026-07-02 12:38:40,R_5RAeMOEQAX6bEWZ,,,,,,,anonymous,EN,0.699999988079071,P001655,6,6,6,6,6,6,3,6,6,6,7,6,4,4,5,6,6,3,1,2,4,"Deterring others from committing crimes in the first place would seem to be the most important reason for punishment of various crimes, then the second reason would be getting them off the streets as some of the crimes they commit are extraordinarily heinous, and furthermore they deserve it, and hopefully they will get rehabilitated.",4,2,7,6,1,1,5,1,9,3,6,2,4,6,5,3,6,6,3,3,3,3,5,5,3,5,4,6,4,2,7,2,2,3,3,1,7,7,1,6,7,1,2,2,5,7,6,2,1,1,2,6,7,2,6,4,2,2,2,3,5,1,1,7,7,1,1,7,7,2,1,2,1,7,1,1,7,10,100,24,,,,,,,,,50,25,"I would say in this case I would give half of what I consider the normal amount of time for this sentence, given that this act was premeditated, it was planned out and especially brutal.",I hope that this amount of time will bring justice to Frankie's family and that maybe Darryl will learn some lessons while he is there.,2,5,1,64,2,1,5,3,3,1,1,"Great study, I really enjoyed the court case!",3
2026-07-02 12:11:04,2026-07-02 12:38:43,0,,100,1659,1,2026-07-02 12:38:44,R_7fcUviD4M0slaVp,,,,,,,anonymous,EN,1,P001478,5,5,4,5,6,3,2,3,5,6,3,5,3,7,3,6,5,2,4,3,1,Punishment works best when it corrects behavior and rehabilitation attempts to correct criminal behavior. Deterrence is not effective for most criminals because most criminals assume they will not get caught.,7,1,5,7,1,1,1,1,9,3,1,2,1,7,4,4,5,5,6,1,1,1,6,5,3,5,1,7,4,1,7,1,4,5,1,1,4,2,7,2,2,1,5,1,2,5,7,6,1,2,2,5,2,2,6,2,6,1,7,3,3,7,5,3,3,6,6,1,4,3,3,4,3,3,7,6,3,5,5,24,,,,,10,10,"Regardless of his circumstances, he still deserves to be punished.","In this case the punishment, is slightly retribution, and mostly deterrence.",,,,,1,5,1,45,1,1,5,4,3,2,2,,2
2026-07-02 12:13:19,2026-07-02 12:38:51,0,,100,1531,1,2026-07-02 12:38:52,R_6pncnKiJGyR3l38,,,,,,,anonymous,EN,1,P000040,5,6,5,6,6,5,5,6,6,6,6,6,5,6,5,6,6,4,2,1,3,"I do believe that criminal acts must be punished for determent, making law-abiding citizens safer, but I also believe that rehabilitation is important,",2,4,3,3,6,3,4,6,9,3,4,3,4,5,3,2,5,6,4,3,3,3,6,4,3,2,5,6,4,4,5,3,4,5,4,2,5,5,5,4,4,5,4,4,5,6,4,3,4,3,3,4,3,4,5,5,3,4,7,4,5,4,3,5,5,4,4,4,5,6,4,5,3,3,4,5,3,10,100,24,,,,,47,35,"Although he has contracted the disease, he is still accountable for 2nd degree murder.",Serve as a deterrent for future domestic violence that can result in death.,,,,,1,6,1,64,2,1,4,5,2,1,3,"In one of the attention checks, the choices should be labeled ""days"" rather than ""minutes."" It is the one about the water lilies in the pond,",2
2026-07-02 12:23:37,2026-07-02 12:39:02,0,,100,925,1,2026-07-02 12:39:03,R_3ISOqSenuNi7Jql,,,,,,,anonymous,EN,0.8999999761581421,P001683,5,5,5,3,5,6,5,3,4,5,5,5,5,5,5,5,6,4,3,2,1,I ranked rehabilitation first because the goal should be toreduce  reoffending long-term .,6,5,5,5,5,5,6,5,9,5,3,1,5,5,5,5,4,4,5,7,6,6,6,5,6,5,6,6,4,6,5,5,5,6,5,5,5,6,6,6,6,6,2,5,5,5,6,5,6,5,5,6,7,6,5,4,5,5,1,5,6,4,4,5,5,4,4,5,4,4,6,5,5,5,6,5,5,5,5,47,,,,,,,,,30,19,"I recommend a substancial but reduced sentence ",I hope this acknowledges the serousness of the outcome.,1,5,5,40,2,2,6,6,2,1,2,no,3
2026-07-02 12:14:15,2026-07-02 12:39:09,0,,100,1494,1,2026-07-02 12:39:10,R_6R1RKoda26zrvKZ,,,,,,,anonymous,EN,1,P000447,3,3,5,3,3,3,6,5,6,6,4,5,1,1,4,2,4,3,1,2,4,"Punishment of criminals is primarily for show. The rest of society needs to see that breaking its laws results in consequences. The victims also get some satisfaction by seeing those who wronged them wronged in turn. It does little to actually solve the problem, it just makes the rest of us feel satisfied enough to not take that punishment into our own hands.",4,1,4,5,2,1,3,3,9,2,4,7,3,7,3,2,3,2,3,3,3,5,4,6,5,2,3,3,4,3,7,1,1,2,3,1,2,3,7,2,1,2,4,2,2,3,4,5,4,3,6,5,6,3,5,2,2,1,6,2,2,1,2,7,6,5,3,6,7,5,2,3,1,5,3,3,2,5,5,47,,,,,20,20,"The fact that he became paralyzed makes no difference. He took away many more than 20 years from Frankie. It is only fair that he also loses time from his life in a situation he doesn't want to be in. Even if only the family is aware of his punishment, it should still be carried out, because making exceptions behind closed doors will only further erode confidence in the justice system.","Maybe with time to reflect and regret, Darryl will understand the severity of his actions. Many people who come to regret their crimes later become advocates for some cause to try to make up for it. I would like to think that Darryl would try to do so.",,,,,1,7,1,38,1,1,4,5,3,3,1,The moral conundrum of Darryl was moderately interesting and well-framed. It gave me a chance to more thoroughly think through my position on punishment for its own sake.,2
2026-07-02 12:14:54,2026-07-02 12:39:12,0,,100,1457,1,2026-07-02 12:39:13,R_7eDAMJG6SmKplmH,,,,,,,anonymous,EN,1,P000157,2,4,4,4,4,4,4,4,4,4,4,4,4,4,4,4,4,3,2,1,4,I ranked it in that order because it provides most immediate protection for the public by preventing offenders from committing additional crimes.,4,4,4,4,4,4,4,4,9,5,5,5,4,5,5,3,4,4,4,4,4,4,4,4,4,4,4,4,4,4,4,4,4,4,4,4,4,5,5,5,5,5,5,4,5,5,4,4,4,6,4,4,6,4,5,4,4,7,1,6,4,4,4,4,4,4,4,4,4,4,4,4,4,4,4,4,4,5,5,47,,,,,30,25,I recommended this sentence because Darryl's actions led to Frankie's death after a prolonged assault that posed a physical threat.,I hope this sentence holds Darryl accountable for his actions and give the Frankie's family a sense of justice.,,,,,1,6,7,22,1,2,4,4,2,1,1,,2
2026-07-02 12:15:24,2026-07-02 12:39:18,0,,100,1434,1,2026-07-02 12:39:19,R_3s5FKEL4pdLyLSh,,,,,,,anonymous,EN,1,P000942,6,6,5,6,5,5,6,5,6,7,5,5,5,3,5,4,4,2,1,3,4,I do believe consequences do play a big deterrent for more crime. There should be consequences when rules/laws are broken. I do not believe prisons do enough to rehabilitate criminals.,2,5,1,6,4,1,7,1,9,2,2,1,2,6,2,3,2,5,4,1,3,3,6,1,3,4,4,6,4,5,7,1,4,4,4,1,4,4,2,3,4,2,4,2,3,2,6,1,2,1,1,3,4,2,7,2,2,1,7,1,1,3,3,6,2,3,2,6,6,2,1,1,1,1,1,1,1,10,5,47,,,,,50,50,"Regardless of what happened after the killing, if you murder someone then you should spend the rest of your life in prison.",Making a point to the rest of society that breaking the law has consequences.,,,,,1,7,1,31,1,7,3,2,3,3,3,,2
2026-07-02 12:15:46,2026-07-02 12:39:24,0,,100,1418,1,2026-07-02 12:39:25,R_317JU9az7WjAE8s,,,,,,,anonymous,EN,1,P000914,7,7,7,7,7,7,7,7,7,7,7,7,7,7,7,7,7,4,1,3,2,Prisons and its punishment should be shown so that others won't commit the same crimes and prison should be used as a way to help people get back into society.,1,6,1,4,4,3,7,4,9,7,7,7,6,7,5,1,6,5,5,1,4,4,7,5,3,4,7,6,4,7,7,1,4,7,4,1,7,7,3,4,2,4,1,1,4,7,4,3,4,6,7,2,7,6,3,4,6,7,4,6,7,4,1,7,4,4,1,7,4,7,2,4,4,4,7,7,4,5,20,47,30,30,"Doesn't matter if he poses a threat or not, his actions caused an innocent person to die and he should get at least 30 years.","The punishment fits the crime, whether his intentions at the beginning were cruel or not, he decided to do something that he knew would cause him a lot of trouble.",,,,,,,,,2,7,4,18,1,4,3,4,3,3,3,,1
2026-07-02 12:23:46,2026-07-02 12:39:32,0,,100,946,1,2026-07-02 12:39:33,R_7VwHCbU6n3Ip4Ye,,,,,,,anonymous,EN,1,P000020,5,6,5,5,5,3,5,6,5,6,5,5,3,4,5,5,6,3,2,1,4,"I think the most obvious reason is that when criminals are locked up they can't commit other crimes since they are removed from society. Also, being imprisoned means they don't have as many freedoms and can't do what they want so that is a good deterent for most people",3,4,2,7,3,1,5,3,9,5,3,3,4,6,2,1,6,6,5,3,4,5,5,5,5,4,6,6,4,3,7,3,3,1,4,2,6,7,1,6,6,6,3,6,6,7,6,6,3,3,3,6,6,3,4,4,2,1,7,3,6,2,2,6,4,3,2,6,6,1,1,1,1,7,2,1,5,5,5,47,,,,,,,,,35,35,"I wouldn't change his sentence because regardless of what's happened since then, he still committed the crime",I hope that it still brings justice for the other person's death,1,7,1,25,2,3,6,2,1,1,1,,3
2026-07-02 12:24:12,2026-07-02 12:39:40,0,,100,927,1,2026-07-02 12:39:40,R_5EJWGcNSUWxOwui,,,,,,,anonymous,EN,1,P001284,7,7,7,4,7,4,7,7,7,7,7,7,7,7,7,7,4,4,1,3,2,"I believe punishment deters them, as if you have police on every street (which deters crime) it will make the criminals realize there will be in fact criminal punishments. If they do get prison, they will change their mind in prison, and annot crime ASSUMING it is a good prison. And finalyl, i think they should be punished.",7,4,4,7,1,1,7,7,9,4,4,7,4,7,1,1,1,1,7,1,4,5,6,7,7,4,4,6,4,1,7,4,4,4,4,1,7,7,4,5,1,4,4,4,4,4,7,7,4,4,4,7,7,7,7,4,1,1,7,4,1,1,1,7,7,7,1,1,7,7,4,4,7,7,1,1,7,5,5,47,,,,,,,,,50,50,"I'd give him death penalty for killing a man, however any punishment is better than the rest. Regardless of what he has, he killed a man and is so worthy of death.","Showing others that killing doesn't go without punishment.  ",2,7,1,20,1,1,2,1,1,3,1,"I believe that the police sholuld be on every corner to help deter crime. Also, I have a very quick reading comprehension if the shark thing looked quick, I read it all. ",3
2026-07-02 12:11:45,2026-07-02 12:39:43,0,,100,1678,1,2026-07-02 12:39:44,R_11YifmNJShbcVde,,,,,,,anonymous,EN,1,P000781,7,7,6,6,7,6,6,5,6,7,7,7,2,6,7,7,7,1,2,3,4,"First a crime has to be committed before punishment is determined. Fear of lock up or death can deter most people from crime. Some criminals can still commit crimes from prison due to connections they may still have, like Mafia or drug rings.  Hopefully victims learn that crime is wrong and will commit themselves to being a responsible member of society.",3,7,3,3,5,3,7,5,9,6,1,3,5,7,2,1,7,7,7,2,4,5,7,3,5,5,6,7,4,2,7,4,5,3,5,1,7,5,4,3,1,3,3,5,7,7,6,3,3,4,6,5,6,3,6,3,4,7,3,6,6,1,1,7,7,1,1,7,7,1,4,5,2,4,5,5,5,5,5,47,,,,,50,50,"Regardless of his medical condition and the records being sealed Darryl still beat 
Frankie, broke a restraining order, chased her and hit her causing her to fall in front of a car that ran over her and ended her life.","He will attend anger management classes and resolve to be a better and more responsible citizen.
",,,,,1,7,1,67,2,1,4,1,1,3,2,n/a,2
2026-07-02 12:22:17,2026-07-02 12:40:02,0,,100,1064,1,2026-07-02 12:40:03,R_7z8Rld1QcyO9lrr,,,,,,,anonymous,EN,0.5,P001022,7,7,7,7,7,7,7,7,7,7,7,7,6,5,7,7,7,2,3,1,4,What's most important to me is that prisoners are not a threat to society when they are behind bars and that they must do their time before being freed.,1,7,1,1,7,7,7,5,9,5,7,5,7,4,6,2,7,7,7,6,7,3,7,3,3,1,7,7,4,5,7,4,3,6,6,1,5,5,3,4,4,7,1,7,7,7,6,4,5,3,5,3,2,5,3,5,5,2,7,7,7,6,5,7,4,6,5,3,3,7,1,4,6,3,6,7,2,10,100,24,50,50,His health problems doesn't change what happened. Somebody died while he was committing a felony so there must be accountability.,"There are consequences for his actions and someone like him shouldn't be free. ",,,,,,,,,2,7,4,38,1,2,4,5,3,1,1,,1
2026-07-02 12:15:43,2026-07-02 12:40:21,0,,100,1478,1,2026-07-02 12:40:22,R_5OJCo41k43Uvs6Y,,,,,,,anonymous,EN,1,P000533,5,4,4,3,5,5,3,5,5,5,4,4,3,6,3,3,4,4,3,2,1,I think prison should be used to rehabilitate the person rather than punish them. The majority of our inmates today suffer from some sort of mental illness. If they can get the help that they need and are able to be regulated then the risk of committing more crimes drops.,6,3,3,6,2,2,2,4,9,3,3,4,2,4,4,5,3,2,2,1,2,6,2,4,6,5,2,2,4,2,7,2,2,4,2,2,3,3,7,4,1,2,5,3,2,3,6,5,3,3,3,6,6,3,6,2,2,1,7,1,2,2,2,6,6,3,2,6,5,1,1,1,1,7,1,1,5,10,100,24,,,,,,,,,25,25,I think it should still be the same punishment.,He has the time to be rehabilitated.,1,6,1,38,2,1,3,2,1,1,2,,3
2026-07-02 12:25:00,2026-07-02 12:40:34,0,,100,933,1,2026-07-02 12:40:34,R_7ZR8lnKAA3By86t,,,,,,,anonymous,EN,1,P000824,7,7,6,7,7,7,2,6,2,7,6,7,6,7,5,6,7,1,3,2,4,"I think people who commit crimes should be held accountable for what they do. Keeping these dangerous people off the street also helps protect others. I've seen so many cases from NYC judges who release criminals so quickly and they re-commit worse crimes and even murder without serving real time. I think punishment can discourage some people from committing crimes, but not everyone. Rehab is important too, but I don't think it works in every case, so I ranked it last. ",3,6,1,5,6,3,7,1,9,5,5,4,4,4,4,4,6,6,2,5,3,3,6,5,3,3,6,7,4,3,7,6,4,3,5,2,6,5,3,4,3,4,3,5,6,5,4,4,6,5,5,4,4,5,4,4,5,6,4,4,5,2,1,5,4,4,4,4,6,6,4,4,2,3,4,4,3,5,5,24,,,,,50,50,"Darryl committed murder. I don't care if he's disabled, image him killing your daughter, son, mother, father, wife, husband. How would you feel letting him go early just because he's disabled? He needs to pay for his actions. ","Those close to him, friends, schoolmates, will know or get word of what he did and know the crime was serious. Also, it will never bring back Frankie, but Frankie's family will be a little more at peace knowing Darryl is paying his time. ",,,,,1,7,2,38,2,4,4,6,2,1,1,,2
2026-07-02 12:14:06,2026-07-02 12:40:46,0,,100,1599,1,2026-07-02 12:40:47,R_7SBk6YPctQGPVpP,,,,,,,anonymous,EN,1,P001858,6,6,5,6,6,5,5,6,6,7,5,6,5,5,4,5,6,2,3,1,4,"It would be great if criminals could just be verbally reminded that they should commit more crimes but that doesn't work. Society and law abiding people have a right to feel safe and one way of making people feel safe is to put criminals in prison so they can't harm more. I also think wrong actions and criminal behavior needs to be punished as a consequence of those actions and behavior. Obviously the punishment needs to fit the crime but some form needs to be in place. Lastly it would be helpful for prisoners to have a chance to improve and be ""rehabilitated"" in prison but some criminals never change and some crimes are too heinous making rehabilitation efforts unneeded.",1,5,1,4,7,3,5,3,9,5,5,3,5,6,5,3,6,5,4,3,3,2,6,2,2,3,6,6,4,3,6,3,3,5,5,2,4,3,6,3,3,4,2,4,6,5,4,5,4,5,5,4,3,5,3,3,3,2,3,3,6,3,3,4,5,7,7,1,2,5,1,3,2,3,6,6,1,5,5,47,,,,,40,45,"The person Darryl killed never had a chance to contract a disease later in life because Darryl had ALREADY KILLED her. Almost all18 year olds don't pound the crap out of their girlfriend to the point, but Darryl did. ",It will keep Darry from killing anyone else and maybe the family of Frankie will that at least justice was served and this animal didn't have the opportunity to kill anyone else.,,,,,2,7,1,67,1,1,5,6,2,1,1,Thank you for the opportunity to participate in this study and being able to express my opinions regarding crime and punishment.,2
2026-07-02 12:23:58,2026-07-02 12:40:53,0,,100,1014,1,2026-07-02 12:40:54,R_7V2vfczhki64TTT,,,,,,,anonymous,EN,1,P001602,3,2,2,1,2,3,2,2,2,2,2,3,6,6,1,2,4,4,3,2,1,"People can change, so rehab should be the goal. Keeping dangerous people off the streets protects everyone. Deterrence is shaky, so ""deserving"" punishment is just revenge, not a real solution.",5,1,5,6,1,1,2,1,9,1,1,2,1,5,1,4,2,2,1,1,1,6,2,6,6,6,2,3,4,2,7,1,1,3,2,1,5,4,5,2,2,1,5,1,2,3,7,1,1,1,1,6,7,1,7,1,2,1,6,2,2,1,1,7,7,1,1,7,7,1,1,1,1,7,1,2,6,5,5,47,,,,,,,,,25,20,"He still killed someone, so some prison time is needed. But hes paralyzed and no longer a threat, so the sentence should be shorter. The lack of public record doesn't change that a person died.",Acknowledges the harm done to Frankie and his family. Keeps  Darryl accountable without being excessive given his condition.,1,6,1,32,1,1,4,2,1,2,2,no issues,3
2026-07-02 12:24:10,2026-07-02 12:40:56,0,,100,1005,1,2026-07-02 12:40:56,R_70vm1xpQlRxHl1s,,,,,,,anonymous,EN,1,P001087,6,6,5,5,6,6,6,6,6,6,6,6,5,5,5,5,6,2,4,1,3,Keeping citizens from being victims is the ideal reason why punishment is important. They should pay a reasonable amount of time away from society to match their crime. The other two options are hypothetical and are based on how effective the prison is and the criminal's mindset going forward.,5,3,4,7,2,1,6,1,9,1,1,2,1,7,1,2,5,5,5,4,2,4,4,5,5,6,4,6,4,2,7,1,4,2,2,1,5,3,6,2,1,1,4,4,1,1,7,5,2,1,1,4,6,1,6,2,1,1,7,1,2,1,1,7,7,1,1,7,7,1,1,1,1,6,2,2,6,10,100,24,30,15,The rest of his life will be full of hardship to balance out his crime.,"This sentence will be sufficient for paying for the death he caused, and to allow him to adjust to the circumstances surrounding his health.",,,,,,,,,1,7,1,45,1,2,4,1,1,3,3,NA,1
2026-07-02 12:22:44,2026-07-02 12:40:56,0,,100,1092,1,2026-07-02 12:40:57,R_1OemtcoyjWouzbj,,,,,,,anonymous,EN,1,P000416,4,6,4,3,4,3,3,5,2,4,4,5,2,4,3,5,5,4,2,1,3,"alot of violent criminals should be put away from society to not continue but i dont think its that black and white. it could deter people and has in some cases. some criminals are criminals because they dont have a choice, if we fixed the society, then crime would go down, rehabilitation has been shown to be traumatic for some cases especially not violent crimes. ",7,7,5,6,3,1,3,6,9,3,3,4,1,7,2,4,2,2,5,1,2,5,3,5,7,6,2,4,4,6,6,4,2,1,3,1,6,4,5,5,5,3,4,2,4,5,6,3,1,1,5,6,7,1,7,1,1,1,7,1,1,1,1,7,7,2,1,7,7,2,1,2,1,7,1,1,7,10,100,24,30,26,"how his health is now doesnt relate to the crime he is paying for. a person still died at his hand. ","that he pays for the murder of someone who shoudnt have died over a purse. ",,,,,,,,,1,7,1,35,2,1,2,1,1,3,3,"no suggestions. was a thought provoking study,  thank you.",1
2026-07-02 12:16:13,2026-07-02 12:41:16,0,,100,1502,1,2026-07-02 12:41:16,R_55SbU8bBR6bZAX9,,,,,,,anonymous,EN,0.699999988079071,P000351,6,7,7,5,7,6,7,7,7,7,7,7,3,5,6,5,7,4,2,1,3,"I have unfortunately seen that some people have criminal minds, them being locked up keeps them from committing further crimes, which should be a priority in any society. I also strongly feel that punisment does deter others from committing crimes, which is why having others locked up helps to prevent their influence on others. I put prinsoners getting rehabilitated in prison third because unfortunately I have seen many get institutionalized rather than rehabilitated and then repeat the same actions once they are released from prison. I put criminals deserve to be punished last because for me yes crime should have consequences, but it is more important to me that criminals not be able to keep committing crimes than the punishment itself.",2,5,1,5,5,3,6,3,9,3,3,5,5,7,5,5,5,5,3,3,3,5,5,6,1,5,5,6,4,7,6,5,5,2,1,1,7,7,2,7,7,3,4,3,5,5,5,3,5,3,3,3,5,3,5,5,2,3,4,5,5,5,3,7,5,6,6,5,6,5,5,2,2,5,3,3,4,10,100,47,,,,,50,50,"Darryl should be sentenced according to his condition at the time he committed the crime. The sentence is punishment for the crime he committed, not just for him being or not being a threat to society.",It should be a deter others from committing similar crimes and not give reason for others to commit crimes under the pretense that they can be released later once a decision has been made with no new evidence in the case.,,,,,1,7,1,42,2,2,4,3,3,1,1,"As a domestic violence survivor, I feel thier consequences should be stonger. Not only was the person who harmed me released before he completed his sentence, he also did not complete his court mandated courses (anger, abuse, etc.), and probation was still dropped. I also found out after he had been sentenced that he should have been originally charged with a felony since it was his third offense, and he was charged with a misdomeanor.",2
2026-07-02 12:12:10,2026-07-02 12:41:41,0,,100,1770,1,2026-07-02 12:41:42,R_5B8xKkI2XBjdKbD,,,,,,,anonymous,EN,1,P000297,6,6,5,6,6,5,4,5,5,5,6,6,4,4,6,4,6,2,4,1,3,"My top tier answers address the problem itself first and that is those committing crimes should be punished or locked up. Whether rehabilitation or deterring others works, I am not totally sure.",3,5,2,6,7,4,6,6,9,6,3,4,6,6,6,1,6,6,4,3,4,2,7,2,4,3,6,6,4,5,6,4,4,5,4,2,5,5,2,3,4,4,4,5,5,6,3,6,5,3,3,4,3,3,5,4,3,3,4,5,6,3,2,6,6,3,3,5,5,6,3,4,1,2,5,6,2,5,5,24,,,,,,,,,50,50,The crime is still the same and I feel the punishment should be the same.,Actions have consequences.,1,5,1,64,1,1,5,4,3,3,1,Very interesting study. It did make me think about how I might truly feel.,3
2026-07-02 12:12:59,2026-07-02 12:41:43,0,,100,1724,1,2026-07-02 12:41:44,R_7Ap99TkAdzJJVPb,,,,,,,anonymous,EN,1,P001109,4,5,4,4,4,5,4,6,4,4,4,5,4,5,4,4,4,1,4,2,3,"I believe if you are willing to commit a crime then you deserve to be punished in some way. I’m not really sure punishment will actually deter others from committing crimes, it may decrease somewhat but not fully.",4,4,1,7,3,2,4,4,9,4,4,3,4,7,1,1,4,4,4,1,3,4,4,4,5,5,4,4,4,4,4,4,4,4,2,1,5,5,6,5,5,4,4,4,4,5,4,4,4,4,4,4,4,4,4,4,3,4,4,4,4,4,4,4,5,4,3,5,5,4,1,4,1,3,4,4,3,10,5,47,,,,,50,50,"I think he is deserving of a life sentence regardless of his current situation, there was no excuse for his actions.",Hopefully he will be accepting of his punishment and realize that taking someone else’s life means that his life was taken also.,,,,,1,5,1,36,2,1,5,4,3,1,1,,2
2026-07-02 12:24:16,2026-07-02 12:41:44,0,,100,1047,1,2026-07-02 12:41:45,R_5Q8IW431JFBRrod,,,,,,,anonymous,EN,1,P001270,6,6,2,6,7,6,3,5,5,5,7,6,4,4,6,4,5,3,2,1,4,"I think it is important to keep proven dangerous individuals, especially repeat offenders, off the streets as long as possible",1,4,1,1,7,1,6,5,9,5,6,5,6,5,6,1,5,4,3,2,4,5,5,5,7,2,4,5,4,5,5,6,2,5,4,1,5,5,3,3,2,6,3,7,6,6,3,5,5,5,6,4,2,5,2,5,6,5,7,5,6,3,5,5,5,3,2,4,6,7,2,7,5,6,1,1,7,5,5,47,50,50,He is a clear threat to society and tried to kill someone,I hope he will rot in prison forever,,,,,,,,,1,7,1,27,1,1,4,5,3,3,3,,1
2026-07-02 12:11:10,2026-07-02 12:41:45,0,,100,1834,1,2026-07-02 12:41:45,R_3TB0asMOVm2nuE6,,,,,,,anonymous,EN,1,P000282,6,6,5,5,6,5,5,5,5,6,6,5,3,3,5,6,5,1,3,2,4,"The reason why I ranked the reasons for punishment this way is as follows: first off, crime has consequences and punishment is a part of that. You can't commit bad deeds without any retribution. Second, it keeps them from potentially causing more harm because they are not out in society which is vital for safety of civilians. Third, other people will see that it is not acceptable and will be less likely to commit crimes, which again, is important for safety. For my last point, I ranked it fourth because I actually do not agree that criminals are rehabilitated in prison. From my understanding, they aren't properly rehabilitated or integrated back into society and are more likely to offend again. That is something that should be addressed.",3,4,3,6,5,3,4,4,9,4,4,6,4,6,3,3,5,3,4,3,4,5,5,6,6,5,4,4,4,5,6,3,4,3,4,2,7,6,1,7,5,5,4,5,6,6,6,5,3,4,3,4,3,2,6,2,4,1,7,4,5,1,1,7,7,1,1,7,7,5,1,3,1,6,1,3,6,10,5,24,50,50,He killed someone over money instead of just looking for a new job. He doesn't deserve to be out in society. He should atone in prison.,Keeping a dangerous man off the streets. His current health issues do not negate the harm he caused another person.,,,,,,,,,2,5,2,30,2,1,3,1,3,3,3,Everything was fine. Thank you.,1
2026-07-02 12:10:36,2026-07-02 12:41:54,0,,100,1877,1,2026-07-02 12:41:55,R_7Ubbqbnmkj9sxex,,,,,,,anonymous,EN,1,P001526,6,6,6,6,6,6,6,7,7,6,6,6,6,5,6,6,6,1,3,2,4,Because its most important that criminals face the consequences of the crime they committed and they stay behind bars so they wont do it again or commit a more severe crime. Next its important to have the consequences so people will think of them before committing them and makes them change their mind and prevent them. And i rated that one last because a lot of times prison just make people mentally worse and the end up committing more crimes after they are out.,4,6,3,5,5,2,7,6,9,4,6,4,5,7,4,3,6,6,5,4,5,4,6,4,5,4,6,6,4,4,3,5,5,3,4,3,5,5,4,5,4,5,3,4,5,4,4,5,6,5,5,4,4,6,3,3,4,2,7,3,6,4,4,6,6,2,2,6,6,4,1,4,2,4,4,5,4,5,5,47,,,,,20,10,Because if no longer poses a threat to society then i don't think he should serve the full amount originally so the prison can have space sooner for a criminal that does pose a threat but i still think he should serve some time for his crimes because he's still the one that committed it.,I hope it will still show people no matter your condition you will still face consequences for your crime.,,,,,2,5,1,22,1,1,1,3,1,1,1,It was simple and not too time consuming.,2
2026-07-02 12:11:26,2026-07-02 12:42:18,0,,100,1851,1,2026-07-02 12:42:18,R_5iKaZuZ4qdXpOwO,,,,,,,anonymous,EN,0.699999988079071,P001707,6,6,5,5,6,5,5,6,6,6,4,6,4,6,3,4,5,2,4,3,1,I ranked rehabilitation first because helping prisoners change is the best outcome. I ranked punishment second because criminals should be held accountable. I ranked keeping prisoners locked up third because it protects society for a while. I ranked deterrence last because punishment does not always stop people from committing crimes.,5,2,3,6,3,1,4,4,9,2,2,2,2,7,1,3,2,2,2,1,2,5,4,6,6,6,3,5,4,4,7,1,2,4,2,1,6,4,5,3,3,2,5,2,4,4,7,3,1,2,2,7,7,1,7,2,2,1,4,3,2,1,1,7,7,2,1,6,7,3,3,3,1,7,1,2,6,5,5,47,30,20,"I recommended 20 years because Darryl caused Frankie’s death and should be held accountable. I also considered that he is now paralyzed, no longer a threat to society, and the case will not be public.",I hope this sentence recognizes the seriousness of Frankie’s death. I also hope it gives a fair punishment without adding more suffering than necessary.,,,,,,,,,1,7,1,28,2,1,4,4,1,3,2,None,1
2026-07-02 12:21:42,2026-07-02 12:42:24,0,,100,1241,1,2026-07-02 12:42:24,R_18ofIbyrz3CPWgx,,,,,,,anonymous,EN,1,P000768,5,4,4,5,5,4,5,5,6,6,5,4,3,5,4,4,6,1,2,3,4,"I believe if you do commit a crime, justice and a punishment should be given. I believe holding up punishments will give people incentive to not commit crimes. ",6,3,3,4,4,3,4,6,9,2,2,3,3,4,4,4,3,4,3,2,3,3,4,5,5,4,4,4,4,5,5,5,4,3,3,4,5,4,6,4,2,2,4,3,2,4,4,5,2,2,4,4,5,4,5,4,1,2,4,3,5,2,1,7,5,5,2,6,6,5,1,3,2,5,3,4,6,5,20,47,,,,,,,,,30,25,"Even though he poses no threat, he should still be punished based on the crime with maybe a little less. ","Justice for Frankie and punishment for murder. ",1,4,1,42,1,3,5,3,1,3,1,,3
2026-07-02 12:16:38,2026-07-02 12:42:28,0,,100,1549,1,2026-07-02 12:42:28,R_5J3mNY0fOawhLsF,,,,,,,anonymous,EN,1,P000995,4,5,3,5,5,7,4,5,4,7,7,5,3,5,6,4,4,4,1,2,3,I rank these statements the way i did because i feel like prevention should be first then retention then rehabilitate. Deserving is a personal opinion so its last,4,4,1,7,7,2,7,4,9,1,4,5,4,7,5,3,6,5,5,3,1,4,7,5,1,2,7,7,4,2,7,1,1,1,1,1,7,6,4,4,4,3,4,3,3,6,4,2,3,1,4,3,6,2,5,2,4,1,7,1,4,1,1,7,7,3,1,7,7,1,1,4,4,5,3,4,7,10,100,24,,,,,,,,,50,50,He took a life he should give his life,That he will have to forever think about what he did,2,7,4,36,2,2,3,4,3,1,1,,3
2026-07-02 12:10:27,2026-07-02 12:42:33,0,,100,1926,1,2026-07-02 12:42:34,R_7P7xIkYxeAWHQgX,,,,,,,anonymous,EN,1,P000713,6,6,4,5,5,5,6,3,4,5,5,5,4,3,4,4,6,3,1,2,4,well i know for a fact that prisoners dont get rehabbed in prison because our system is screwed,4,5,3,5,3,1,3,4,9,5,4,7,4,6,3,2,3,3,4,2,2,5,2,6,5,5,4,3,4,1,5,4,4,1,1,1,6,4,5,3,3,3,5,2,2,5,5,4,3,2,3,5,6,2,6,2,1,1,7,4,3,1,1,7,7,1,1,7,7,5,1,5,4,7,1,1,7,5,5,47,,,,,,,,,20,10,honestly im not a judge and this is really hard for me to decide. to throw someone who isnt able to move in prison is such a wild moral dilemma and i dont know what im doing here,"rehabilitation ",1,7,1,28,2,1,2,3,1,3,2,"that was all over the place, to be honest",3
2026-07-02 12:20:56,2026-07-02 12:42:54,0,,100,1317,1,2026-07-02 12:42:55,R_732mg1S5ULj0brc,,,,,,,anonymous,EN,0.8999999761581421,P000649,7,6,3,6,7,6,6,7,7,7,7,7,2,7,7,6,7,4,3,2,1,"I believe prisons are more of rehabilitation centers for many. In prisons there are courses inmates can take and maybe when their time is done they can engage in productive activities. At the same time, the act of taking criminals to prisons makes sure the criminals can't commit crimes to the society any more as they will be monitored in prisons. Similarly, when they are locked up, it serves as an example to other criminals out in the society and might influence them to change. All in all criminals deserve imprisonment punishment but it is the least in list.",4,1,2,6,5,2,7,4,9,1,2,5,2,7,2,1,1,1,1,1,1,1,6,6,3,3,1,1,4,5,7,1,1,1,1,1,6,6,2,5,5,4,2,4,4,5,6,6,2,3,2,6,7,2,5,2,6,7,2,1,1,2,1,7,1,2,1,7,7,1,1,1,1,7,1,1,7,5,5,47,,,,,35,30,"Even though Darryl does not pose a threat to the society due to his paralysis, he knowingly violated a restraining order and brutally attacked Frankie causing her death. The sentencing should always reflect the seriousness of the crime committed and should be held accountable.",I hope that the sentencing will provide justice and accountability for causing death and acknowledge the suffering caused to the victim and the family.,,,,,1,6,1,46,1,2,6,7,2,1,1,,2
2026-07-02 12:19:13,2026-07-02 12:43:02,0,,100,1429,1,2026-07-02 12:43:03,R_3QojG2eRqTYuBUQ,,,,,,,anonymous,EN,0.800000011920929,P001074,7,7,7,6,7,7,5,6,7,6,7,7,3,6,7,7,7,2,3,1,4,The order seemed the most logical to me.,1,2,2,2,4,1,6,7,9,6,5,3,5,6,3,1,7,3,3,4,4,4,5,5,6,2,6,7,4,6,6,4,4,1,4,1,7,7,1,2,1,3,3,4,5,5,5,5,4,5,4,3,7,2,5,2,3,4,7,4,5,1,1,7,7,1,1,7,7,1,1,6,1,5,1,3,7,10,5,24,,,,,,,,,50,25,Darryl committed a crime that resulted in death and should be given a long sentence.,"Hopefully, young people will think twice before committing serious crimes.",2,7,4,69,2,1,3,1,1,1,1,None.,3
2026-07-02 12:09:23,2026-07-02 12:43:07,0,,100,2024,1,2026-07-02 12:43:08,R_10Mmap7NptSmAow,,,,,,,anonymous,EN,1,P001034,7,7,7,7,7,7,7,7,7,7,7,7,2,4,7,7,7,2,1,3,4,"Any normal person in normal circumstances would see any form of being in jail or prison as a deterrent enough to not commit a crime. In most cases, criminals do need to be punished, except in cases of perhaps children that are hungry and have no money for food or self defense situations. Without law and order with punishment society would act like bigger animals than they already do. Rehab is laughable as I don't think they offer too much for too many.",1,7,1,4,7,4,6,7,9,5,5,7,7,3,3,1,7,7,7,5,6,2,7,2,1,1,7,7,4,6,7,7,1,7,6,5,6,7,3,3,3,7,2,7,7,7,4,7,7,4,6,1,1,3,5,6,5,7,1,7,7,7,7,7,1,7,7,2,3,7,1,7,4,1,6,7,1,10,100,24,,,,,,,,,30,40,"I don't care about his autoimmune disease. That doesn't change what he did and despite them both being wrong, the one that died was a minor and may have cleaned his life up.","To remind him of the fact that he took a minor's life and they will never get that time back, nor will their family. Plus, it should serve to others as a deterrent. ",2,7,1,58,2,1,3,7,2,1,1,Thank you for letting me participate.,3
2026-07-02 12:22:39,2026-07-02 12:43:22,0,,100,1242,1,2026-07-02 12:43:22,R_1LS6VLj0CbrmvzW,,,,,,,anonymous,EN,1,P001922,5,5,5,5,5,5,5,4,5,5,5,5,4,5,5,5,5,2,4,3,1,"I believe it's important to try to rehabilitate all prisoners, crime must have some punishment, when criminals are locked up its hard to commit new crimes out in their community, punishment is a deterrent maybe not the best one but it is somewhat effective. ",3,4,4,6,2,2,5,4,9,5,5,5,3,5,3,3,5,3,4,2,3,5,5,5,5,5,4,4,4,1,7,1,2,1,1,1,3,3,6,2,2,4,5,4,4,5,5,3,4,5,2,6,5,4,5,3,2,2,6,3,2,2,2,6,5,3,3,5,5,2,3,1,1,6,2,2,6,5,5,47,,,,,,,,,15,10,"He still committed murder, I reduced the sentence due to the circumstances. ","That he will get some help controlling his anger. ",2,7,1,61,1,6,4,4,3,3,2,,3
2026-07-02 12:16:19,2026-07-02 12:43:22,0,,100,1623,1,2026-07-02 12:43:23,R_6Gktq5cf4jBKrdO,,,,,,,anonymous,EN,1,P001100,7,7,6,7,7,6,6,6,7,7,7,7,6,5,6,6,6,1,2,3,4,"One I believe that criminals deserve punishment equivalent to the crime committed. For two I believe that crimes being punished shows others what happens if they do it too.  For three it makes sense that keeping criminals locked up removes their ability to do more crime. The last one is rehabilitation because its just the least important of the four to me. ",4,4,3,6,6,2,7,5,9,3,4,5,3,7,1,2,4,5,6,1,4,4,6,4,4,4,7,6,4,2,4,2,2,4,3,2,4,3,2,3,2,3,2,4,4,3,4,6,5,5,5,6,5,3,5,2,4,2,7,2,4,1,1,7,7,2,1,6,7,6,3,4,1,6,3,2,6,10,5,24,,,,,,,,,33,25,"I would recommend this sentence because Darryl still did the crime and the family would want justice for what occurred. ","I hope this sentence will bring the family some peace to know the criminal has been punished for what was done. ",2,5,2,32,1,2,3,3,1,1,1,,3
2026-07-02 12:13:58,2026-07-02 12:43:25,0,,100,1767,1,2026-07-02 12:43:26,R_5Qt14h6iydnvS8w,,,,,,,anonymous,EN,1,P000522,6,5,5,5,6,5,4,6,4,6,6,5,3,4,5,6,5,1,3,2,4,"This my order of priority for punishing/deterring people who break societies laws and unlawfully wrong or hurt others. ",4,4,2,6,2,1,3,5,9,4,4,4,4,5,4,4,4,4,3,4,3,4,5,4,3,4,4,2,4,4,4,4,4,3,4,3,6,4,6,4,3,4,3,4,4,4,4,4,5,4,4,4,4,4,3,3,5,5,4,5,5,5,5,3,4,5,5,4,4,4,4,5,4,4,5,5,3,5,5,47,,,,,25,25,"Why change it due to his new condition, his violation remans the same.",Justice for ending the life of the 17.5 year old woman.,,,,,2,5,1,62,1,1,6,5,2,1,1,"A lot depends on each situation individually,  generalizations seem to be somewhat irrelevant.",2
2026-07-02 12:24:37,2026-07-02 12:43:32,0,,100,1134,1,2026-07-02 12:43:32,R_6alC50nQLJpBNtU,,,,,,,anonymous,EN,1,P000458,6,6,6,6,6,6,3,6,6,6,7,6,5,4,5,6,6,2,1,4,3,I ranked them that way because that's the way I feel towards them,3,4,2,5,3,4,3,5,9,4,3,6,5,6,3,2,3,3,4,3,3,5,6,5,6,5,3,5,4,5,6,3,3,6,5,2,5,5,5,3,3,5,3,5,5,5,6,5,3,3,3,3,6,3,5,5,6,4,6,5,5,2,2,5,3,2,3,6,6,5,2,3,4,6,4,4,5,10,100,24,,,,,30,30,I don't think it matter if he has a disease,That he regrets what he did and work on his mental health,,,,,2,5,3,42,1,4,5,4,1,1,1,,2
2026-07-02 12:12:19,2026-07-02 12:43:35,0,,100,1875,1,2026-07-02 12:43:35,R_6VqFhSPGwZDiVGh,,,,,,,anonymous,EN,1,P001081,5,6,5,3,5,3,2,3,4,5,4,4,5,5,4,3,5,3,1,4,2,"I think that punishment deters others from committing crimes is the best reason for criminal punishment, because many people will view going to jail as a limit on their freedom and place in society. Prisoners can be rehabilitated in prison, and I think that is a worthwhile goal that America could do better at, because there is a lot of recidivism in this country. I feel like criminals deserve to be punished is a pretty weak reason, because I feel like punishing someone isn't going to undo the harm they caused and could cause more harm in their life going forward. The reason about prisoners not committing other crimes while they are locked up is just inaccurate, while it could be less likely, it is still possible to get new charges while in jail from fighting, property damage, and other things.",6,1,3,5,4,2,6,1,9,2,3,1,2,5,2,5,3,5,5,3,1,5,3,7,7,5,2,2,4,3,7,1,4,2,2,1,5,3,5,1,1,2,6,2,3,5,7,6,2,1,1,6,7,1,6,2,1,1,7,1,2,2,1,7,7,2,1,6,7,3,1,1,1,6,1,2,6,5,5,47,,,,,20,10,"This number was lower than what judges usually recommend for this type of crime, and just because he is incapacitated and no one would know doesn't mean he didn't commit a crime.","I hope that Darryl is able to receive counseling while in prison and work through what happened regarding his alcohol abuse, his domestic violence against Frankie, and Frankie's death. Removing his access to substances could help him in the long term.",,,,,1,7,1,37,2,1,6,1,1,3,3,,2
2026-07-02 12:21:16,2026-07-02 12:43:40,0,,100,1344,1,2026-07-02 12:43:41,R_7DTqopnczdpTKQF,,,,,,,anonymous,EN,0.8999999761581421,P001641,7,7,7,7,7,7,4,7,7,7,7,7,5,6,7,7,7,1,3,2,4,It starts with crimes should be punished and then the other items will fall in line.,1,7,1,1,6,3,7,7,9,6,6,6,6,7,6,1,7,7,4,3,6,2,7,5,2,5,7,7,4,5,5,3,5,6,6,2,7,6,5,5,5,5,1,5,6,6,4,3,6,5,6,5,2,6,3,7,5,2,6,6,7,5,5,6,6,4,3,6,7,7,2,5,4,1,7,7,1,5,5,24,50,50,This was a very violent crime that in my opinion deserves the maximum penalty possible.,That he never gets out of prison.,,,,,,,,,2,5,2,57,1,6,2,4,3,1,1,None,1
2026-07-02 12:16:22,2026-07-02 12:43:51,0,,100,1649,1,2026-07-02 12:43:52,R_3sisTwYexKNQbvd,,,,,,,anonymous,EN,1,P001660,6,7,2,7,7,6,3,6,7,7,7,6,3,5,5,5,5,1,2,3,4,"I think the number one motivator for punishing criminals is that they deserve it. There has to be consequences to a crime or crime would run rampant. 2nd is that it deters other criminals and the 3rd being they can't commit more crimes is purely for the benefit of the general law-abiding public. 4th is that they are rehabilitated, and I put it 4th because I don't really believe they are rehabilitated in jail at all.",3,6,1,3,7,3,7,3,9,6,5,7,6,6,6,2,5,5,6,3,4,3,6,5,5,3,5,5,4,5,4,5,4,5,5,5,4,4,3,4,2,6,3,4,6,7,4,5,5,5,5,5,5,4,4,4,5,7,2,2,5,5,6,6,6,5,6,3,3,5,1,6,2,1,5,5,1,5,5,47,50,50,"His actions took an innocent woman's life. Regardless of his physical abilities, he should be in prison for as long as possible. ","I'm not sure what it will accomplish but there needs to be an appropriate consequence to causing the death of another human being, especially while committing the additional crime of robbery. An eye for an eye in a sense.",,,,,,,,,1,7,1,27,2,1,2,6,2,1,1,Took a little longer that initally described but it was interesting,1
2026-07-02 12:17:40,2026-07-02 12:44:08,0,,100,1588,1,2026-07-02 12:44:09,R_1I5Y3HZpKtw5BzQ,,,,,,,anonymous,EN,1,P001937,3,4,4,6,5,5,4,6,5,4,4,4,4,4,5,4,4,4,3,2,1,I ranked them in order by my personal opinion of how important each is in relation to this topic and purpose.,4,6,4,5,5,4,5,4,9,6,4,5,5,6,3,4,5,6,5,4,4,4,5,6,4,5,4,5,4,6,5,4,5,4,4,4,5,3,3,4,4,5,4,4,4,3,5,5,4,5,4,6,4,4,5,5,5,7,4,5,5,6,5,4,4,4,4,5,6,5,4,4,5,3,4,4,3,10,5,24,50,16,I recommend this because it make sense in the time frame of the situation,"It will create time for things to simmer down and be well thought about, in regards to future actions.",,,,,,,,,1,6,2,26,1,2,2,4,3,3,2,This Survey worked correctly and was engaging.,1
2026-07-02 12:12:54,2026-07-02 12:44:14,0,,100,1880,1,2026-07-02 12:44:14,R_5dWK4e2NRTMXSFD,,,,,,,anonymous,EN,1,P000725,5,7,7,7,7,6,7,7,7,7,7,7,5,4,7,6,5,1,2,3,4,"Because if criminals are not punished they will have a green light on committing other crimes. And number 4, Is because I don't really believe prisoners get rehabilitated in prison.",4,2,3,5,1,1,7,6,9,3,5,6,3,7,2,1,7,4,2,2,6,5,5,5,7,1,2,7,4,6,5,1,6,1,2,3,6,6,5,2,3,4,2,2,4,5,3,2,1,1,3,3,5,1,3,1,1,1,7,1,4,1,1,7,7,1,3,7,7,2,1,1,1,7,1,2,7,10,100,24,41,20,"He deserves to be punished for his crime regardless of his physical affliction. ",Make him understand the severity of what he did. He is in prison but she is dead at no fault of her own.,,,,,,,,,1,7,1,55,2,4,5,2,1,3,1,"it was an interesting study, I would be curious to know the results.",1
2026-07-02 12:29:30,2026-07-02 12:44:20,0,,100,889,1,2026-07-02 12:44:20,R_7DBy27CDAc2wfN6,,,,,,,anonymous,EN,0.8999999761581421,P001315,4,4,1,4,3,3,1,2,1,5,2,2,2,5,2,2,6,3,1,4,2,"I believe deterence is the top priority. Prisoners are occasionally rehabilitated in prison which I think is ideal. Criminals deserve consequences that will deter future crimes and bring justice to victims, but I don't believe punishment is always the answer. Lastly, prisoners often commit other crimes while incarcerated.",5,1,4,7,1,1,1,1,9,1,1,1,1,7,1,1,4,1,1,1,1,7,1,7,7,5,1,4,4,1,7,1,4,1,1,1,6,5,5,4,2,1,7,1,2,1,7,6,1,1,1,7,7,1,7,1,1,1,7,1,1,1,1,7,7,1,1,7,7,1,1,1,1,7,1,1,7,10,5,12,,,,,,,,,30,0,He is permanently paralyzed and no longer a threat.,I don't think a sentence would accomplish anything in this situation.,1,7,1,56,3,1,4,1,1,2,2,,3
2026-07-02 12:25:14,2026-07-02 12:44:21,0,,100,1146,1,2026-07-02 12:44:21,R_62diV1N8J9ANcHv,,,,,,,anonymous,EN,1,P001871,7,7,7,7,7,6,4,7,6,7,7,7,5,7,7,7,6,1,2,3,4,"I feel like the main reason is to punish so that would be number one. Deterring others from committing crimes would be a close second, as it shows what happens if you decide to partake in a crime. Third, I put these same criminals can’t continue to commit crimes because that is very important in stopping the criminal. Lastly, it would be to rehabilitate these criminals as they process their jail experience.",7,6,1,7,1,1,6,7,9,1,1,4,4,7,1,1,5,3,4,1,5,5,5,7,7,4,1,7,4,4,7,1,5,3,1,1,7,7,1,4,4,2,4,2,2,2,7,2,1,3,3,5,7,1,7,1,5,1,7,1,4,1,4,7,6,7,1,7,7,1,4,6,1,7,1,1,7,10,100,24,,,,,50,50,"He still needs to be punished for being the reason why Frankie was killed. ",This is simply for justice.,,,,,2,7,1,27,2,4,2,1,1,1,1,,2
2026-07-02 12:09:51,2026-07-02 12:44:21,0,,100,2070,1,2026-07-02 12:44:22,R_53n0gmiXmx62OQ1,,,,,,,anonymous,EN,1,P000052,7,7,7,6,7,6,6,7,7,7,7,7,6,2,7,7,7,1,3,2,4,"Absolute justice for a terrible crime.  ",1,6,1,1,7,2,7,7,9,2,6,4,7,4,7,6,6,7,6,3,3,3,6,6,1,1,4,7,4,1,6,4,4,1,4,4,7,3,7,2,2,5,1,4,6,7,1,5,7,4,7,1,4,7,1,7,5,7,1,4,6,5,6,7,2,7,1,4,3,7,4,7,2,1,1,7,1,10,20,24,,,,,,,,,50,47,"He still committed murder. A man lost his life. ","Justice for the victims family ",1,7,1,60,2,1,3,4,3,3,3,"Politics should not play a part in how you value life. ",3
2026-07-02 12:11:07,2026-07-02 12:44:22,0,,100,1995,1,2026-07-02 12:44:23,R_3unC6NNgnVNxozf,,,,,,,anonymous,EN,1,P000602,5,5,4,5,5,4,2,6,5,6,4,5,1,5,2,5,5,2,4,1,3,"Prisoners can't do crimes in the outside world while in prison.  But when they get out, there is no where for them to go, in general, as they have had no real mental health care, drug rehab care, and they have been honing their criminality hanging with people who can teach them new skills of crime.",6,4,1,6,1,1,5,1,9,4,4,7,1,6,2,4,2,1,4,3,5,5,4,7,6,5,4,4,4,2,7,1,4,1,3,1,5,3,5,2,3,2,3,2,4,5,7,6,1,2,1,7,6,1,7,1,2,2,7,2,2,4,1,5,7,5,1,5,7,5,1,4,1,5,1,3,4,5,100,24,,,,,,,,,20,20,"Sorry for his health condition, but his crime is what it is and the sentence stands.",That it will deter others from committing the same crime,2,7,1,55,1,1,6,2,1,3,1,Interesting exploration of criminal topics.,3
2026-07-02 12:18:31,2026-07-02 12:44:33,0,,100,1561,1,2026-07-02 12:44:33,R_2L25SFUCWNT9yLv,,,,,,,anonymous,EN,1,P001013,7,7,5,7,7,7,7,6,7,7,7,7,7,6,3,5,6,1,3,2,4,"Crime must be punishable and if criminals are locked up, they cannot commit similar crimes out there. Punishment makes people fear being punished too.",3,7,1,5,7,2,7,5,9,7,7,6,5,7,5,1,7,7,6,4,6,1,6,3,3,2,7,6,2,5,2,6,5,6,4,2,7,7,3,7,6,7,1,7,7,7,2,6,6,7,6,1,7,6,5,5,5,5,6,5,6,5,3,2,5,5,3,6,7,7,6,7,7,5,6,5,3,5,5,47,,,,,40,30,"Darryl is still getting punished for the crime committed while at the same time, he is no longer a threat to the society.",He will be held accountable for his actions proportionate to what he did and the severeness of his illness.,,,,,2,7,1,25,1,2,6,5,2,1,1,,2
2026-07-02 12:18:44,2026-07-02 12:44:33,0,,100,1549,1,2026-07-02 12:44:34,R_6JrxcTATdQWWUPn,,,,,,,anonymous,EN,1,P001562,7,6,3,6,5,4,4,5,5,7,6,6,4,6,7,4,6,2,1,4,3,"Wide question in a lock answer. Its all 50/50 . ",2,4,4,4,1,1,4,5,9,6,4,7,5,6,4,3,2,3,3,2,2,4,4,4,3,2,1,6,4,4,6,5,5,1,3,4,6,5,3,2,1,1,1,1,1,1,6,3,4,5,6,1,4,4,6,6,4,5,5,4,5,5,4,5,5,5,4,4,5,7,2,4,1,1,1,6,1,10,100,24,50,50,"He done it. According to the content. ","No more of this person, to do it again. ",,,,,,,,,2,7,1,60,1,1,5,5,3,3,2,"Hard choices. No issues with loading. 
All clear. Thank you, and have a good day.",1
2026-07-02 12:13:49,2026-07-02 12:45:02,0,,100,1873,1,2026-07-02 12:45:03,R_2h5CKKmjetxUEhs,,,,,,,anonymous,EN,0.8999999761581421,P000997,6,6,6,6,6,6,5,6,5,6,5,6,6,5,6,6,6,4,2,1,3,,6,5,5,6,6,5,6,6,9,6,6,6,6,6,5,5,7,6,7,5,7,6,7,6,7,1,4,7,4,6,7,5,6,4,7,6,7,1,7,2,4,1,1,1,5,7,7,7,6,4,1,1,7,4,4,7,7,7,1,4,7,4,1,4,7,1,1,7,7,7,7,1,1,1,7,7,7,3,80,39,31,25,it was simply not intentional,only to bring closure,,,,,,,,,1,7,3,27,2,1,5,7,2,1,1,,1
2026-07-02 12:30:32,2026-07-02 12:45:05,0,,100,872,1,2026-07-02 12:45:05,R_1KykGbVy8Dr8Hm1,,,,,,,anonymous,EN,1,P001021,7,7,7,7,7,7,4,7,6,6,7,7,6,5,7,7,7,2,3,1,4,The scum needs to be taken off the street immediately before they harm other people. They sign up for the punishment they get. Harsher sentences deter others hopefully.,1,7,1,2,7,6,7,7,9,6,7,7,7,6,7,1,7,7,6,4,1,1,7,1,1,1,7,7,4,7,6,4,4,3,5,2,5,6,6,3,3,7,1,7,4,3,2,6,7,7,7,1,1,7,1,7,5,4,4,7,6,5,5,5,4,4,4,4,4,7,4,6,5,1,7,7,1,10,100,47,,,,,50,50,"You murder someone, you in effect should also be murdered.",That he dies a miserable death,,,,,1,7,1,51,1,3,2,5,2,1,1,"Great study, hope the data you gather is valuable. Thank you!",2
2026-07-02 12:20:47,2026-07-02 12:45:16,0,,100,1468,1,2026-07-02 12:45:16,R_1VCuGG6uXiiDza1,,,,,,,anonymous,EN,0.8999999761581421,P001599,5,7,5,5,7,5,1,7,1,7,7,6,7,7,6,7,5,4,1,3,2,I think preventing others from committing crimes  is very important than punishing existing criminals.,2,5,1,7,1,1,6,2,9,5,1,7,5,7,7,1,7,5,7,1,1,4,7,6,7,5,2,6,4,3,7,1,4,1,6,3,7,4,7,1,2,6,1,6,7,5,5,6,4,7,6,5,3,2,5,1,7,6,1,5,5,1,1,7,4,1,1,7,7,2,3,1,2,6,2,3,6,10,100,47,,,,,40,40,I think  because he did not intend to kill Frankie but still he has to pay for his actions.,Make people understand why criminals should serve their time even if they are sick or have medical conditions.,,,,,1,7,1,23,1,2,2,2,1,2,2,N/A,2
2026-07-02 12:11:13,2026-07-02 12:45:16,0,,100,2042,1,2026-07-02 12:45:16,R_3WZPXxajah230BE,,,,,,,anonymous,EN,1,P000309,6,6,6,7,6,6,5,6,6,6,6,6,5,4,7,6,5,1,3,2,4,"I doubt prisoners get rehabilitated, so I ranked that last. I don't believe prisons do enough TO rehab anyone. But the most important thing to me is that criminals cannot continue to hurt people.",1,6,1,2,6,2,7,3,9,6,6,6,6,5,5,3,5,6,5,5,5,5,6,5,6,3,5,7,4,4,5,5,4,5,3,4,6,5,3,6,4,5,2,5,6,5,3,6,3,4,4,5,6,5,5,3,2,1,7,4,5,1,1,6,6,2,1,5,5,5,1,3,1,2,4,5,2,10,5,24,20,0,"Honestly, with paralysis like that..  he's suffering/is punished enough.","Probably nothing. He's not being punished for what he did directly, but is being punished anyway.",,,,,,,,,1,6,1,36,2,1,2,4,3,1,1,,1
2026-07-02 12:23:42,2026-07-02 12:45:26,0,,100,1304,1,2026-07-02 12:45:27,R_6JsYWDZxbNxAxny,,,,,,,anonymous,EN,1,P000765,6,7,6,7,7,7,4,6,7,7,5,7,6,7,6,5,6,1,4,2,3,"I ranked the reasons the way I did because the top priority is that if you do something wrong, you need to be punished. I also feel that rehabilitation is important. ",2,4,1,2,6,6,7,1,9,1,3,4,6,6,2,1,6,5,2,4,5,4,5,2,4,6,6,5,4,2,6,2,3,2,4,1,6,6,3,4,3,1,2,2,7,7,6,1,1,1,5,5,7,3,6,1,6,7,4,6,6,2,1,7,7,1,1,7,7,5,5,3,5,7,2,2,7,10,100,24,,,,,,,,,41,41,"Regardless of his disease it is important that individuals serve time for committing crimes ",Show other people that they won't get off easy,1,5,2,47,2,2,4,6,2,1,1,,3
2026-07-02 12:24:42,2026-07-02 12:45:32,0,,100,1249,1,2026-07-02 12:45:32,R_17aoiPyoHYw3TSf,,,,,,,anonymous,EN,1,P000972,5,3,3,3,6,5,3,2,5,2,2,5,1,6,1,1,5,3,1,2,4,"I prioritized deterrence as my top choice because seeing peers face consequences for their actions often discourages others from committing similar crimes. My second choice, incapacitation, is effective because locking up repeat offenders prevents them from causing further harm in the community. I ranked ""criminals deserve to be punished"" third because, while I believe there should be a penalty for wrongdoing, it is a matter of basic accountability. Finally, I placed rehabilitation last because I am skeptical of its effectiveness; I do not believe prisoners are consistently rehabilitated in the current system unless they are placed in reputable facilities with proven, successful programs.",7,1,3,6,1,1,5,4,9,1,1,3,1,5,1,5,3,1,3,1,1,5,2,7,7,5,2,1,4,1,7,1,3,2,1,1,1,1,7,1,1,1,4,1,1,1,7,1,1,1,1,5,7,1,7,1,1,1,7,1,1,1,1,7,7,1,1,7,7,2,1,1,1,7,1,1,7,5,5,47,,,,,25,25,I would still give him what I would in the previous qestion I feel this is an amount that would serve his debt to society despite his age.,I hope it will give some peace to the family and hope it would give time for him to think about what hes done and take advantage of any programs to better himself,,,,,1,7,1,50,2,1,4,3,1,3,1,,2
2026-07-02 12:18:27,2026-07-02 12:45:35,0,,100,1627,1,2026-07-02 12:45:35,R_50Slv8EA39U8G09,,,,,,,anonymous,EN,0.800000011920929,P001371,5,7,7,7,7,7,7,7,7,7,7,7,7,7,7,7,7,2,3,1,4,Because hat is how i feel on matters involving criminals.,4,7,1,6,7,4,6,2,9,5,6,6,4,7,3,1,6,5,2,2,1,4,7,3,6,2,6,6,4,2,6,2,4,4,2,1,6,6,4,4,3,4,2,6,6,6,6,6,2,6,2,4,5,6,4,2,4,2,4,3,7,1,1,7,7,1,1,7,7,1,2,7,1,7,1,1,7,5,5,47,30,25,"He caused a person's death during a violent crime and should be held accountable, even though he nolonger poses a threat",Provide justice and enure accountability,,,,,,,,,1,5,1,55,1,2,6,1,1,3,1,,1
2026-07-02 12:23:34,2026-07-02 12:45:36,0,,100,1322,1,2026-07-02 12:45:37,R_6ESyVvuIAAhWGOe,,,,,,,anonymous,EN,1,P001873,7,7,7,7,7,7,7,7,7,7,7,7,3,4,7,7,7,2,1,3,4,"I ranked this in the order that I did, because I believe more in the punitive theory of punishment and the rehabilitation part as secondary. ",1,7,1,7,1,1,3,7,9,7,7,5,7,7,1,1,6,7,7,3,4,1,5,2,5,3,3,6,4,1,7,1,7,3,1,1,4,3,7,5,3,7,1,7,7,7,3,7,1,7,7,6,7,3,1,1,1,1,7,5,4,3,5,6,5,3,5,3,5,1,5,1,1,2,3,4,1,10,5,24,,,,,20,10,"I am willing to reduce the sentence by 10 years because Darryl was a minor, and he is no longer a threat to society. ","I am hoping the sentence above provides adequate justification for my reduction in his prison sentence.  ",,,,,2,7,1,56,1,3,6,4,3,2,2,"As a suggestion, I would also include other crime models of punishment in the questions. ",2
2026-07-02 12:26:14,2026-07-02 12:45:57,0,,100,1182,1,2026-07-02 12:45:58,R_32SIDDEyFi1tnRM,,,,,,,anonymous,EN,1,P001435,6,6,4,4,6,5,5,6,4,5,5,6,3,6,4,6,5,4,2,1,3,"As a society, we cannot be permissible when it comes to crime. However, at the same time, rehabilitation efforts and programs are integral to the long-term outcome of the prisoner. ",2,4,3,5,5,1,4,6,9,2,1,7,3,7,2,2,5,3,3,1,2,5,4,6,7,3,3,4,4,3,7,4,1,3,5,2,6,3,4,1,2,1,4,1,2,3,6,5,2,3,2,4,7,5,5,2,4,3,4,5,2,1,1,7,7,2,2,7,7,4,1,2,1,3,2,3,4,5,5,47,,,,,,,,,35,35,"The sentence is reflective of the crime's severity. Darryl having a disease that limits mobility does not exclude him from the consequence of his crime. He took another person's life, the law must be followed in his case. ","I hope it will be both a deterrent to others and also provide closure to the family of Franky. ",1,7,1,49,2,4,5,5,2,1,2,"This was an interesting and thought-provoking study. I do believe that punishment should be used as a deterrence, but also we should not de-humanize the criminal. Rather, we should look to how we can alter society in a way that stops crime from even occurring. ",3
2026-07-02 12:22:31,2026-07-02 12:46:09,0,,100,1418,1,2026-07-02 12:46:10,R_62Ql5stw5SusI6f,,,,,,,anonymous,EN,1,P000328,5,6,3,6,6,3,4,5,4,7,5,7,2,6,7,3,6,1,2,3,4,"Many people who go to prison and serve their time still commit more crimes, so that's why it's 4. Prisoners can still commit crimes in prison, but they are less likely to do so, which makes it 3. Seeing others get time for their crimes make some people less likely to do the crime as well, making it 2. Finally, people who have done the crime deserve punishment to stop them from doing it again and again.",3,4,1,3,7,3,4,5,9,3,4,6,4,6,4,3,5,6,5,4,4,2,4,4,5,4,3,4,4,1,7,4,4,4,4,1,3,2,6,2,2,5,3,2,5,4,4,5,2,2,1,2,5,3,5,3,5,3,6,4,5,5,5,4,6,7,5,3,3,5,3,5,2,3,6,7,2,5,5,47,30,0,I chose zero because it would be waste of space and resources in prison to accommodate a prisoner who now has permanently paralyzed limbs while also being testified as a minor.,I hope to accomplish not wasting resources on a prisoner that won't have the ability to physically commit a crime again.,,,,,,,,,2,5,3,20,1,3,4,5,2,3,3,,1
2026-07-02 12:11:06,2026-07-02 12:46:11,0,,100,2105,1,2026-07-02 12:46:11,R_5ArRO2jhk7Cyny9,,,,,,,anonymous,EN,1,P001093,7,7,6,7,6,6,6,6,6,7,6,6,5,5,5,6,7,2,3,1,4,"I believe in justice and in imprisonment, but I am convinced that many criminals will never be rehabilitated. The justice system needs to improve its rehabilitation programs.",3,5,2,3,7,5,7,6,9,4,4,5,5,7,6,2,6,6,3,5,5,2,5,2,6,6,6,3,4,6,7,3,3,6,4,1,5,5,4,5,3,5,3,4,5,6,5,4,3,5,5,5,5,6,3,3,5,4,6,5,6,5,3,6,6,3,3,5,5,5,5,6,2,4,5,6,3,9,5,24,,,,,20,20,I would uphold the sentence. Just because he cannot move freely does not mean he cannot act differently.,uphold the sentence,,,,,1,7,4,33,1,4,6,4,1,3,1,,2
2026-07-02 12:15:29,2026-07-02 12:46:12,0,,100,1843,1,2026-07-02 12:46:13,R_77tp3RXMgnxlR4Z,,,,,,,anonymous,EN,1,P000043,7,7,6,7,7,6,4,7,6,7,7,7,5,6,7,5,5,1,3,2,4,i felt my ranking was just common sense. strictest to least strict in my ranking,1,7,1,4,4,1,7,7,9,4,7,5,7,7,7,1,4,7,7,4,5,2,7,2,2,3,7,7,4,4,7,4,4,6,4,1,7,5,7,4,3,5,1,5,5,5,4,7,4,5,2,2,5,6,4,6,4,7,2,4,7,5,5,5,4,3,3,4,5,4,5,7,2,4,5,5,3,10,5,24,50,50,even under these circumstances i feel no leniency for him..when a crime is committed and the victem is killed i feel a maximum penalty needs implemented and never changed.,it will make the person have a very minimal life fo as long as possible because the victims life was taken during the crime...eye for an eye is what i beleave in.,,,,,,,,,2,7,1,52,1,1,2,5,2,1,1,no comments,1
2026-07-02 12:09:57,2026-07-02 12:46:16,0,,100,2179,1,2026-07-02 12:46:17,R_7FIGZXhQBO5cb2Q,,,,,,,anonymous,EN,1,P001843,6,6,5,6,6,5,5,6,6,6,6,6,6,6,6,6,6,2,1,4,3,criminals need to be punished. It takes them off the street and gives them a chance at rehab,4,5,5,6,6,3,6,1,9,5,5,4,4,5,4,4,3,3,3,1,2,4,4,4,4,6,4,5,4,5,7,1,4,5,6,1,5,5,6,6,2,4,4,4,6,6,7,3,3,1,3,5,6,2,6,3,2,4,4,3,4,1,1,7,7,1,1,7,7,5,1,1,1,5,3,3,5,5,5,24,,,,,41,34,it was very serious,keeping a dangerous criminal off the street,,,,,2,7,1,72,1,1,6,3,1,2,3,none,2
2026-07-02 12:22:22,2026-07-02 12:46:26,0,,100,1444,1,2026-07-02 12:46:27,R_3N50P03S9e4dap3,,,,,,,anonymous,EN,1,P000575,7,7,7,7,7,7,7,7,7,7,6,7,5,6,7,7,7,2,1,3,4,it follows the order of arrangement,7,7,7,7,7,6,7,6,9,7,7,1,7,6,7,1,1,6,7,7,6,7,7,7,7,7,1,7,4,6,7,7,7,6,6,7,7,6,6,7,7,7,1,7,7,7,5,7,6,6,7,6,7,7,7,5,7,6,7,6,7,5,1,1,7,1,1,6,7,7,6,1,7,7,5,5,2,15,100,48,,,,,,,,,50,50,due to paralysed limb,how to take care of disability,1,7,7,25,2,2,6,7,2,1,2,,3
2026-07-02 12:19:07,2026-07-02 12:46:40,0,,100,1653,1,2026-07-02 12:46:41,R_3IQ39NgPQSAyxj0,,,,,,,anonymous,EN,1,P001086,3,4,4,3,3,4,4,4,4,4,4,4,3,5,4,3,4,4,3,1,2,"I am a criminal justice student and we learn a lot about the golden mean between punishment and discipline, I do not believe that punishing people cruelly and locking them up for long periods of time is wrong, regardless of who they may be, but in some cases it is necessary to ensure the safety of the greater public. ",7,2,4,7,4,1,4,4,9,2,3,7,2,6,1,4,4,3,4,1,3,4,3,4,4,4,4,3,4,3,7,4,4,1,3,1,7,5,4,4,2,3,5,3,4,4,5,5,2,4,2,5,6,2,6,3,1,1,7,1,3,4,3,5,4,4,4,4,5,5,1,1,1,4,4,4,5,10,5,37,,,,,,,,,20,15,"Since he is permanently paralyzed and not a risk to the public, there is no reason he should stay locked up for too long. ","I don't think it'll accomplish much since what's done is done, and the person has already lost their life, but I hope that other people are able to stay safe. ",1,7,1,19,2,1,3,3,3,2,2,I hope my answers aren't too biased since I am a pre-law student studying to be a lawyer,3
2026-07-02 12:22:52,2026-07-02 12:47:01,0,,100,1449,1,2026-07-02 12:47:01,R_10VQzgWlWuo3Bdo,,,,,,,anonymous,EN,0.8999999761581421,P001154,4,4,4,4,4,4,4,4,4,4,4,4,4,4,4,4,4,2,1,3,4,None of these I feel help reform. Crime is not stopped by punishments',7,1,4,7,1,1,4,1,9,4,4,4,1,7,4,4,1,4,7,1,1,7,4,7,7,7,1,4,4,7,7,1,1,1,1,1,4,1,7,4,4,1,7,1,1,7,7,7,1,1,1,7,7,1,7,1,1,1,7,1,1,1,1,7,7,1,1,7,7,4,1,1,1,7,1,1,7,5,5,47,,,,,30,20,I am unsure I understand. But Daryl still committed a crime,Nothing,,,,,1,1,1,38,1,3,3,1,3,3,3,,2
2026-07-02 12:11:03,2026-07-02 12:47:02,0,,100,2158,1,2026-07-02 12:47:02,R_1gUek0iw7WTmXYV,,,,,,,anonymous,EN,1,P001682,7,7,5,6,6,4,5,6,5,7,5,6,4,4,6,5,6,2,3,1,4,"First, the criminal justice system is slow to move. Criminals are generally repeat offenders. Getting them off the street keeps them from  committing any other
 crimes. Second, criminals need to be punished to keep order in society. Third, punishment can deter other crimes, depending on the severity. Fourth, it is just hopeful that rehab in prison, depending on the charge, brings citizens back into the fold by paying their debt to society.",3,3,2,7,1,3,2,1,9,6,6,5,4,6,5,3,6,6,6,3,1,3,6,5,5,4,6,6,4,5,7,1,2,5,6,1,5,5,6,3,2,5,2,6,5,5,7,6,2,1,5,4,5,1,5,4,3,3,4,3,5,6,4,7,4,6,6,4,7,7,2,2,1,5,3,3,2,5,5,47,25,15,"It doesn't change the fact that Daryl committed the crime. His disease is unfortunate but has no being on the judgement. By law, unless tried as an adult, Daryl has an time to still be a member of society. Justice is still for the family and the victim.",Justice is for the family and the victim. This keeps society fro falling into chaos.,,,,,,,,,1,4,1,66,1,1,5,5,2,1,3,This was very interesting and contemplative.,1
2026-07-02 12:23:38,2026-07-02 12:47:03,0,,100,1405,1,2026-07-02 12:47:04,R_74pfOwUiXLHTooU,,,,,,,anonymous,EN,1,P000492,7,7,7,7,7,7,7,7,7,7,7,7,4,4,7,7,7,1,2,3,4,"I believe criminals needs to punished, because that's the reason to have laws. The secondary reason is that the punishment deters other criminals, because other people would think twice before acting. Third reason is they can not commit other crimes while they are imprisoned, since a lot of times criminals would commit the crimes again if they are not caught. Lastly, prisoners get rehabilitated. This reason is the weakest because not all prisoners get rehabilitated. Many of them commit crimes again when they are released.",1,5,1,5,4,5,7,6,9,4,5,2,5,6,7,1,7,7,5,3,3,5,7,5,3,3,7,7,4,7,5,3,4,3,4,1,7,6,6,3,3,6,4,6,6,7,4,5,3,5,3,2,7,5,4,6,4,4,5,5,6,5,3,5,6,1,1,7,7,4,5,6,1,1,6,6,1,5,5,47,,,,,,,,,30,30,"He still committed the crime and still deserved to be punished. He may not be a physical threat to the society, but that doesn't mean he can't have other people do his dirty work.","I hope it can stop the crimes he directly or indirectly involved, and also serves as a reminder to other people that you will need to pay for your crime.",2,7,3,46,1,3,4,4,3,1,1,none,3
2026-07-02 12:34:10,2026-07-02 12:47:06,0,,100,775,1,2026-07-02 12:47:06,R_1qqA7AWzb0Z2r05,,,,,,,anonymous,EN,1,P000455,5,6,4,5,6,4,4,6,5,2,6,5,2,4,4,4,5,2,4,3,1,"It's more of what I'd like to happen honestly. The justice system isn't exactly favorable towards some, but I would hope that there's a day where rehabilitation is truly an option and that they should repay their crimes in some manner of way be it their time or some other means.",4,2,3,7,1,1,5,3,9,2,3,6,1,5,2,6,2,1,2,1,1,6,2,5,7,7,3,3,4,2,6,1,2,1,3,1,5,5,7,5,1,3,5,2,2,4,6,1,1,2,2,6,7,1,7,2,1,1,7,1,1,1,1,7,7,1,1,7,7,6,1,1,1,7,1,1,7,4,5,47,30,30,"Him being disabled now does not excuse the crime he had committed. Darryl had willingly chose to assault Frankie, a minor, and even if it was an accident he directly led to her death. That befits the maximum sentence given in my previous choice.","Bring some manner of closure to the family, but also ensure he pays for the crime resulting in her death.",,,,,,,,,1,5,1,30,1,4,3,1,1,3,2,,1
2026-07-02 12:13:31,2026-07-02 12:47:13,0,,100,2022,1,2026-07-02 12:47:14,R_1xgqYdXMyTa04OB,,,,,,,anonymous,EN,1,P000928,5,5,5,5,6,6,5,5,4,6,5,5,5,6,5,5,4,3,4,2,1,"I believe the most important thing is them getting rehabilitation. And that everything else follows for criminals. ",4,5,4,4,5,1,4,6,9,2,3,7,5,6,5,1,5,5,5,4,4,4,3,4,6,5,4,4,4,5,5,3,2,3,3,1,7,5,2,2,2,7,5,6,5,3,7,6,5,4,4,4,6,4,6,3,2,2,5,4,5,3,3,3,4,6,6,5,4,6,3,4,1,7,1,1,7,5,100,24,9,5,"He was 17 at the time and how he’s doing now. ","To better his mindset ",,,,,,,,,2,5,4,33,1,2,2,4,3,1,1,N/A,1
2026-07-02 12:18:31,2026-07-02 12:47:51,0,,100,1759,1,2026-07-02 12:47:52,R_6F2Q7gTbfH1Y52b,,,,,,,anonymous,EN,1,P001716,7,6,7,7,7,5,7,7,7,6,7,7,7,7,7,5,7,4,1,2,3,"It was tough but I took into consideration that some criminals do not deserve punishment per se, just they need to learn right from wrong.",4,2,2,7,1,1,4,6,9,1,1,1,1,5,3,1,6,7,5,2,5,5,4,2,1,4,4,7,4,3,7,2,1,7,6,1,3,1,7,1,1,4,6,5,6,5,7,7,2,4,5,4,6,1,7,4,7,7,1,4,7,5,5,7,4,1,1,7,7,4,2,1,1,6,5,5,2,10,5,24,50,20,"Due to the changing circumstances, I lowered the sentence to 20 years. It is only fair that he receives punishment.","Rehabilitation ",,,,,,,,,1,7,1,45,1,1,2,4,3,2,2,"Yes, I believe many people in our prisons have been wrongfully convicted.",1
2026-07-02 12:31:13,2026-07-02 12:48:18,0,,100,1025,1,2026-07-02 12:48:19,R_3mOvqIAlYxZ1ny4,,,,,,,anonymous,EN,1,P000607,5,5,5,5,5,5,4,6,5,4,5,5,2,4,5,4,5,4,2,3,1,"rehabilitation is the most important part. stopping others form committing crimes is also important. keeping them from repeating crimes matters. some criminals deserve to be punished. ",6,3,4,5,4,4,5,1,9,4,4,5,2,6,4,4,5,4,4,2,2,4,5,5,6,5,4,5,4,2,6,4,2,2,4,2,4,2,6,2,2,1,4,2,4,4,6,5,2,2,2,5,6,2,5,2,2,2,5,2,2,1,1,6,7,2,2,6,7,4,2,3,2,5,2,2,5,10,5,24,20,12,He was under age and didn't mean to commit murder,Teach him that what he did was wrong.,,,,,,,,,1,7,1,67,2,1,4,2,1,3,3,,1
2026-07-02 12:31:43,2026-07-02 12:48:27,0,,100,1004,1,2026-07-02 12:48:28,R_3mVNAWyX2u7zItY,,,,,,,anonymous,EN,1,P001242,5,6,5,5,6,6,5,6,6,6,6,6,6,5,6,6,6,1,3,2,4,"I believe in consequences of our actions.  Punishment is a consequence of an action.  This will also show other people that committing a crime has consequences, and therefore think twice before committing it.  I also believe that people can change and prison might be the place for people to rethink about their actions.",3,3,3,6,6,3,3,3,9,3,5,6,3,6,3,3,5,5,5,2,3,3,6,3,3,5,5,5,4,5,5,6,1,5,6,1,6,6,5,4,2,3,5,3,4,3,5,5,6,5,5,5,5,4,5,4,6,7,1,5,5,6,5,5,6,7,7,5,5,5,2,5,1,3,6,6,3,5,5,47,,,,,,,,,20,10,"Darryl still needs to answer to the crime he committed, but he is no longer a threat so I will go easy on the punishment.",Darryl needs to learn that actions have consequences.,1,3,1,51,2,3,4,6,2,3,1,,3
2026-07-02 12:16:33,2026-07-02 12:49:12,0,,100,1959,1,2026-07-02 12:49:13,R_6uoTKYFugiS9SIV,,,,,,,anonymous,EN,1,P000926,6,6,6,6,6,6,6,6,6,6,6,6,5,6,2,5,5,1,3,2,4,I put punishment first because people should be responsible for their actions. I ranked keeping criminals off the streets second because it helps keep people safe. I put deterrence third because punishment can stop some people from committing crimes. I ranked rehabilitation last because it does not always work for everyone.,5,6,1,5,6,6,6,4,9,4,4,6,6,5,6,2,3,5,6,6,4,5,5,2,5,2,3,6,4,4,4,4,4,5,4,1,7,7,2,1,5,7,2,5,7,6,4,6,6,5,6,4,6,6,2,4,6,6,1,5,6,6,5,6,5,2,2,6,6,2,2,2,1,6,7,6,6,5,5,47,,,,,30,30,"Even though Darryl is no longer a danger to society and the case will remain private, he still caused Frankie's death through his violent actions. The seriousness of the crime has not changed, so I think a long prison sentence is still appropriate.",It holds Darryl accountable for what he did and helps provide justice for the victim and her family.,,,,,1,5,7,29,1,1,4,1,2,1,2,the study was clear and easy to follow,2
2026-07-02 12:28:23,2026-07-02 12:49:17,0,,100,1253,1,2026-07-02 12:49:17,R_5m1wc30h2TkoTAs,,,,,,,anonymous,EN,0.8999999761581421,P000554,5,6,5,5,5,5,4,4,5,4,4,6,4,5,5,5,5,2,3,1,4,"It's pretty self-explanatory. If they're locked up, they can't cause any further harm. They do deserve to be punished for what they've done. Theoretically it deters others from committing crimes, but that' s not 100% proven. I do disagree with the last point though. They do not necessarily 'get rehabilitated' in prison. That's not a given.",3,2,2,5,4,4,5,3,9,4,5,6,4,6,3,2,5,4,5,2,4,4,4,5,6,4,4,4,4,3,7,3,1,2,3,2,3,2,6,2,2,3,3,4,4,4,6,3,3,4,5,4,4,2,5,2,2,1,7,2,3,1,1,7,7,2,1,7,7,5,1,3,2,6,1,4,6,10,20,24,,,,,50,50,I have zero sympathy for Darryl. He still deserves to be punished fully for being the reason Frankie was killed.,That he dies in prison.,,,,,1,6,1,53,2,1,4,2,3,3,3,,2
2026-07-02 12:27:50,2026-07-02 12:49:18,0,,100,1288,1,2026-07-02 12:49:19,R_6E29WaUtVg5QMGR,,,,,,,anonymous,EN,1,P001760,5,5,5,4,5,5,4,4,5,5,6,5,3,6,5,5,5,3,1,2,4,It there are real consequences for ceratin crimes then maybe other people would think twice to do them,4,4,3,5,3,2,4,4,9,4,4,7,3,7,2,2,2,3,4,1,3,5,4,3,6,3,1,5,4,3,1,1,4,1,4,1,4,4,4,3,3,1,3,1,3,4,5,4,3,4,3,3,5,2,6,3,3,4,1,2,4,1,1,7,7,2,2,7,7,4,4,3,1,6,1,1,7,10,100,24,,,,,,,,,16,0,He needs care not a cell. He can't harm anyone he is a prisoner in his own body.,To take compassion on those even if they have done wrong,1,4,2,48,2,2,6,4,3,3,3,,3
2026-07-02 12:24:06,2026-07-02 12:49:25,0,,100,1519,1,2026-07-02 12:49:26,R_196BRX1KnFVm56D,,,,,,,anonymous,EN,1,P000105,7,7,7,7,7,7,4,7,1,7,7,7,7,7,7,7,7,1,3,2,4,"I ranked these reasons because I believe people who commit crimes should be held accountable for their actions first. Keepings offenders incarcerated also protects the public by preventing them from committing additional crimes, although it is not always effective. I ranked rehabilitation last because while it is important i do not believe every prisoner is rehabilitated during incarceration.",7,7,1,4,7,7,7,7,9,7,7,1,1,7,1,4,7,7,7,7,7,4,7,7,7,1,7,7,4,7,7,1,2,7,4,1,7,7,1,7,7,7,1,7,7,7,4,4,4,7,4,4,4,4,4,4,4,5,3,7,7,4,4,4,4,4,4,4,4,7,3,7,4,1,7,7,1,10,5,47,50,50,Darryl killed that innocent girl all because he lost his job and wanted to rob that girl for her money. Even if he's sick I rather he be locked up instead of being free on the street.,Making him an example for others.,,,,,,,,,1,7,1,23,2,3,3,4,3,3,3,Very enriching study.,1
2026-07-02 12:23:00,2026-07-02 12:49:29,0,,100,1589,1,2026-07-02 12:49:30,R_55uNCr4pb7pxJLg,,,,,,,anonymous,EN,1,P000990,2,5,4,3,4,1,5,5,3,2,4,5,2,4,4,3,5,3,4,1,2,"I don't agree outright with all of these points. While I think it is important to remove an immediate threat from society, I must also acknowledge how broken our prison systems are.",7,1,3,4,1,1,1,3,9,1,3,5,3,3,1,3,2,3,1,1,1,5,2,7,6,7,1,1,4,1,7,1,1,4,1,1,7,7,4,4,7,3,5,1,2,7,7,1,1,1,1,7,7,1,7,1,1,1,7,1,3,1,1,7,7,1,1,7,7,6,1,4,1,7,1,1,7,10,50,24,,,,,,,,,20,15,"If he was technically a minor, I would take that into consideration. I will not take the autoimmune disorder into consideration.","It will not accomplish anything except keeping a potentially life-long, violent offender off of the streets. Prison will not help him face restitution or prepare him to be a productive member of society once he is released.",1,4,1,35,2,6,4,2,1,2,2,n/a,3
2026-07-02 12:11:44,2026-07-02 12:49:33,0,,100,2268,1,2026-07-02 12:49:34,R_7HSsFUmQnMPSI7G,,,,,,,anonymous,EN,1,P000840,5,6,5,6,6,4,3,5,6,6,6,6,4,2,6,3,4,1,3,2,4,"In days gone by, Punishment was a good deterent to keep others from committing crimes, but not anymore.  Criminals definitely deserve punishment and while they are locked up they can't commit other crimes against law abiding citizens",1,5,1,2,6,6,7,7,9,7,6,1,6,6,6,1,6,6,4,4,3,1,7,4,4,1,7,6,4,6,6,2,3,5,3,1,6,6,6,6,2,1,1,1,1,1,4,4,4,6,7,2,2,6,5,6,2,1,7,2,4,1,2,7,7,4,4,6,7,6,5,6,2,2,5,5,3,5,5,47,,,,,50,50,"Irregardless of his own problems, He committed Second Degree Murder.  The family of the victim, and the victim deserve justice.  It is of no relevence what his health is at the time of sentencing.  He was in good enough health to cause another person's death at the time of the crime being committed","This sentence is to show that if you commit a crime, you will do the time, regardless of what happens in your life after the crime is committed",,,,,1,7,4,61,1,1,3,2,1,3,3,"I believe you tried to justify some things in the study, by using different circumstances in another part.  I would say that not being equal, it's hard to try to compare one case with another",2
2026-07-02 12:30:35,2026-07-02 12:49:36,0,,100,1140,1,2026-07-02 12:49:36,R_1bIOWiSY0OOj7iR,,,,,,,anonymous,EN,1,P000904,7,5,5,6,6,7,4,7,6,7,7,7,5,4,7,5,7,3,2,1,4,"I believe that prisoners cannot commit crimes while locked up because it takes them out of society, making it safer. I put prisoners can get rehabilitated last because there is no guarantee they will stay rehabilitated, they can still go on the streets and meet another person who will lure them to commit crimes. ",3,5,2,5,3,3,7,7,9,4,4,5,5,6,4,5,6,6,5,4,5,5,7,5,6,1,7,7,4,4,4,4,6,4,4,3,7,6,3,6,7,7,2,6,7,5,4,7,5,4,5,3,4,5,3,6,4,3,7,4,6,6,6,4,5,4,3,5,4,6,3,5,5,4,3,4,5,5,5,47,,,,,50,50,"Darryl can still abuse people verbally, and he would not accomplish anything good in society with his disability. He may need to rely on others for help","society willbeable to have one less abuser walking among them ",,,,,1,3,3,23,2,4,2,3,1,3,2,the study went well no bugs,2
2026-07-02 12:21:55,2026-07-02 12:49:42,0,,100,1666,1,2026-07-02 12:49:43,R_5TdlV9MulBravtf,,,,,,,anonymous,EN,0.800000011920929,P000858,6,7,7,6,6,7,7,6,6,7,7,7,6,7,7,5,6,1,2,3,4,"Criminals deserve to be punished so justice is served.
The fact they are being punished serves as a deterrent to would be criminals.
Being behind bars restricts their freedom, thus preventing them from committing other crimes.
Some prison offer programs to help prisoners on their journey back but it is the least important that is why it is ranked last.
",6,4,3,7,4,1,2,4,9,5,5,4,4,7,5,1,3,4,4,1,1,4,6,6,6,5,2,7,4,5,6,6,1,6,4,1,5,5,7,2,2,3,4,2,5,5,3,2,2,3,4,5,6,2,6,2,6,7,4,6,7,1,1,7,7,6,1,7,7,2,2,2,1,7,2,2,6,10,5,24,35,0,"If his limbs are paralyzed, he no longer poses a threat to anyone and would likely be killed in jail very early",He wont serve any sentence because he is no longer a threat to society,,,,,,,,,2,7,1,19,2,2,3,5,2,3,3,Great study with no errors whatsoever. Really fascinating and eye opening.,1
2026-07-02 12:11:08,2026-07-02 12:50:03,0,,100,2334,1,2026-07-02 12:50:03,R_1fC1yGKqJesIQf7,,,,,,,anonymous,EN,1,P000313,6,6,5,6,6,6,4,6,6,6,6,6,4,5,4,5,5,3,2,1,4,"Not sure  Just went with my gut ",3,5,1,6,4,3,7,7,9,4,3,3,4,6,3,2,3,6,3,2,4,3,5,5,5,5,4,3,4,3,6,2,5,6,4,1,6,5,4,3,3,1,3,1,3,3,6,3,3,5,5,4,7,2,6,4,4,1,6,5,5,4,2,5,6,5,3,7,7,5,2,2,1,5,2,3,5,10,100,44,24,24,"Im sorry for his situation but he took a life ",Not sure it will accomplish anything  Hope he wakes up and says wow   really not worth it,,,,,,,,,1,7,1,56,2,1,3,5,3,3,1,,1
2026-07-02 12:12:38,2026-07-02 12:50:08,0,,100,2249,1,2026-07-02 12:50:08,R_5X73OTXeV2hSEfG,,,,,,,anonymous,EN,1,P001665,3,3,6,3,5,2,5,5,6,6,3,5,2,7,5,2,3,4,2,1,3,"First, I would rather see most criminals in counseling as opposed to prison unless their crime was aggressive.
For my order - I placed so not to commit other crimes 1st because of if aggressive. For 2nd, punishment does deter others from committing some crimes but not all. 3rd, most prisoners do not get rehabilited in prison (I don't think). And lastly, all criminals do not deserve to be punished, many act out inward issues into crime making and counseling would be a better choice.",7,1,6,5,1,1,1,1,9,1,1,3,2,3,1,4,4,3,5,1,2,5,5,5,7,7,2,5,4,2,7,1,1,1,1,1,5,4,3,4,2,1,6,1,1,1,7,6,1,2,1,7,7,2,5,2,2,3,7,2,2,1,1,7,7,7,1,7,7,2,1,1,1,6,2,3,5,10,100,24,,,,,,,,,20,10,"Those with debilitating/chronic illness is serving a silent sentence already and people tend to relate an illness, especially a debilitating one with what they have done. Because of this and how extra hard it would be in prison, a lower sentence is fair. ","The sentence of 10 years I feel is ""justified"" due to the act being premeditated - even if the last kick was not. He should receive time in prison but he should also receive counseling for both his action and now having to be in prison with a severe condition.",1,7,1,61,2,1,4,2,1,2,2,I already shared some comments in other sections. Thank you.,3
2026-07-02 12:12:08,2026-07-02 12:50:13,0,,100,2284,1,2026-07-02 12:50:13,R_3isPqtjU76eGkIa,,,,,,,anonymous,EN,1,P001950,6,6,5,6,6,6,6,5,5,7,7,5,5,7,5,6,6,4,3,1,2,When prisoners are locked up it drastically reduces the chances of criminal activity and at the same time most prisoner's get a chance of changing their ways through rehab and come out better people.,5,6,5,7,5,5,7,6,9,5,6,7,4,6,5,5,5,5,5,4,4,4,5,5,6,4,5,4,4,4,5,5,5,6,5,5,5,3,3,1,1,4,5,5,5,5,5,4,5,4,6,3,4,5,4,6,6,7,5,5,5,4,4,7,6,2,2,7,7,6,2,6,4,5,5,4,5,5,5,47,25,16,At the end of the day murder is murder no matter in what degree and possibly considering his circumstances a slightly less term behind bars is passable I suppose.,He learns and values life is very precious and karma always comes around. They have to live with the fact they took someone's life for the rest of there's.,,,,,,,,,1,4,4,37,1,1,6,4,2,3,1,,1
2026-07-02 12:15:55,2026-07-02 12:50:17,0,,100,2062,1,2026-07-02 12:50:18,R_6DpD71R1gnIJCZj,,,,,,,anonymous,EN,0.4000000059604645,P001609,7,7,7,7,7,5,1,7,7,1,7,7,7,7,7,7,6,3,2,4,1,"I have ranked the punishment in this order because rehabilitation, is most important for the person who is imprisoned.",7,6,6,7,7,3,7,3,9,3,5,1,7,7,1,7,7,7,7,7,1,5,7,6,7,1,2,6,4,5,7,3,7,1,1,1,7,7,7,5,5,7,3,5,6,6,6,7,2,5,3,7,6,3,5,3,7,6,6,7,7,5,6,7,7,1,1,6,7,7,2,5,1,7,6,7,7,10,100,24,,,,,,,,,41,30,"For the crime he committed, the sentence is good for him to rehabilitate him from such kind of behaviors.",The sentence will shape Darryl behaviors,2,6,7,32,1,1,5,4,2,2,2,,3
2026-07-02 12:21:28,2026-07-02 12:50:24,0,,100,1736,1,2026-07-02 12:50:25,R_7HM6O835PRwPxXU,,,,,,,anonymous,EN,1,P000756,7,7,7,7,7,7,4,7,7,7,7,7,4,4,7,7,7,1,2,3,4,"Because criminals need to be in prison ",4,7,1,4,7,7,7,7,9,7,7,7,7,4,4,4,7,7,7,7,7,1,7,4,4,4,7,7,4,4,4,4,4,7,4,4,7,7,4,7,7,7,4,7,7,7,1,7,4,4,7,1,4,7,1,4,4,7,4,7,7,4,4,4,4,4,4,4,4,4,1,7,4,1,4,7,1,10,100,24,,,,,50,50,He still committed the crime,"Make others not commit crimes ",,,,,2,7,1,32,1,4,2,5,3,1,1,"Great survey ",2
2026-07-02 12:30:11,2026-07-02 12:50:48,0,,100,1236,1,2026-07-02 12:50:49,R_1QWzmUE0ssK40Ol,,,,,,,anonymous,EN,1,P001533,6,6,5,6,6,5,4,6,5,6,5,5,4,2,5,4,5,2,1,3,4,Deterrance is the number one priority,5,3,2,7,6,2,1,1,9,4,5,5,2,6,2,6,4,4,5,3,4,4,4,5,5,5,3,4,4,3,7,1,4,3,4,1,3,3,7,2,1,3,3,4,4,4,5,5,2,5,2,3,4,2,6,4,3,1,7,4,5,5,4,7,6,2,2,6,6,6,1,3,1,5,2,5,5,10,5,47,,,,,25,0,I don`t feel that a prison would have the capability to handle Darryl given his disability,Nothing,,,,,1,7,1,56,1,3,4,1,1,3,1,,2
2026-07-02 12:27:05,2026-07-02 12:51:21,0,,100,1456,1,2026-07-02 12:51:22,R_7tmRdtXvOsTBdFZ,,,,,,,anonymous,EN,1,P000016,6,6,6,5,6,6,6,6,5,5,5,6,6,7,4,5,4,1,3,2,4,"First, criminals deserve to be punished. I think prisoners rehabilitation in prison is important but not as much as 1, 2 and 3 reasons above stated.",4,4,3,6,4,3,5,5,9,5,4,5,3,6,5,4,3,4,3,3,5,5,4,5,5,5,4,4,4,5,6,1,4,3,2,1,5,5,5,4,4,3,6,3,5,5,6,2,5,5,6,4,6,3,5,4,4,4,6,6,4,3,3,6,6,6,6,6,6,3,3,2,2,6,2,2,6,10,100,24,,,,,36,30,"He still has to be held liable of his action, killing Frankie (not directly but he causes that)",Darryl will have some time and think about what he did to Frankie and her loved ones.,,,,,1,5,4,49,2,3,4,2,1,3,3,,2
2026-07-02 12:35:55,2026-07-02 12:51:27,0,,100,931,1,2026-07-02 12:51:27,R_1Nfuui0FZ7sDcNr,,,,,,,anonymous,EN,1,P000778,6,6,6,6,7,6,7,7,5,6,6,5,5,6,6,7,7,3,1,2,4,"I got it this way ranked on belief system. I think that's the way society shoud be setup. ",6,3,7,6,6,6,6,7,9,6,7,6,7,6,6,7,5,6,5,5,7,7,6,6,6,7,6,6,4,5,6,7,7,6,6,7,7,5,7,7,5,6,7,6,7,6,6,6,5,5,6,7,6,7,7,6,5,6,6,4,5,6,6,7,7,7,6,6,6,5,6,6,7,6,6,7,6,10,78,24,25,20,He is incapable of committing more crimes,Mercy,,,,,,,,,2,7,1,48,1,2,3,4,3,2,2,,1
2026-07-02 12:36:35,2026-07-02 12:51:31,0,,100,895,1,2026-07-02 12:51:31,R_7JXjiJGkt91lvrB,,,,,,,anonymous,EN,1,P001592,5,6,3,2,6,5,6,6,6,6,5,2,2,6,3,5,5,4,2,3,1,I believe the primary goal of prison is to rehabilitate offenders. I don't believe that I can make the decision that criminals deserve to be punished because that is not a role that one person should assume. Prison is secondly a deterant so thats why choices 2 and 3 are ranked as such.,5,1,3,7,2,2,2,1,9,1,2,3,2,5,2,6,2,2,1,1,1,6,2,7,7,7,2,5,4,5,7,1,2,2,1,1,5,5,3,3,4,1,6,1,1,5,7,6,2,1,2,7,6,1,7,2,1,5,1,2,1,1,1,7,7,1,1,7,6,5,5,1,1,5,2,2,6,10,5,24,,,,,20,6,I think 6 years in prison with a dehabilitating condition is a long enough price to pay for an awful crime comitted. He no longer poses a threat to society and I would probably make the sentence contingent on AA while in Prison.,I hope it will cause some reflection and calm.,,,,,1,7,1,23,1,3,5,5,1,2,2,,2
2026-07-02 12:18:47,2026-07-02 12:51:35,0,,100,1967,1,2026-07-02 12:51:36,R_3cjUGKrHyIQGOum,,,,,,,anonymous,EN,1,P001385,7,7,7,7,7,7,7,7,1,7,7,7,7,4,7,4,7,2,3,1,4,1 is because in my opinion the most important thing is reducing crimes committed. 2 is because whoever committed the crime needs to face consequences. 3 is because deterring people from committing crimes = LESS crime. 4 is because that does not actively reduce crime.,6,4,6,7,1,1,7,4,9,7,7,7,2,7,2,2,7,7,7,4,4,6,7,7,7,7,3,7,4,1,7,1,1,1,2,1,7,7,1,7,7,6,1,7,7,7,4,7,4,4,7,4,4,1,4,1,1,1,7,1,6,1,1,7,7,7,1,7,7,4,1,4,1,7,1,1,7,10,100,24,50,50,he took a life so he should serve life,punish a person for killing a person,,,,,,,,,1,7,1,25,2,2,3,2,1,3,3,,1
2026-07-02 12:10:33,2026-07-02 12:51:36,0,,100,2462,1,2026-07-02 12:51:36,R_7JFenSIczJKl3sA,,,,,,,anonymous,EN,1,P000118,7,7,7,7,7,4,7,7,7,7,7,7,4,4,7,7,7,1,2,3,4,"More often than not, the most hardened and stubborn criminals do not repent of their actions.",4,4,2,4,4,4,7,4,9,4,4,7,7,7,2,4,7,7,7,4,6,6,7,6,7,1,7,4,4,7,4,6,6,6,4,4,7,7,4,7,7,4,1,7,7,7,3,7,6,4,4,4,4,4,4,4,6,7,1,4,7,4,2,7,6,4,4,4,4,7,4,6,4,4,4,6,4,10,100,24,,,,,,,,,50,50,Darryl would still need to pay for his crime.,Justice for the person who snitched on him as well as the investigation and dismantling of the car theft operation.,2,7,1,33,1,4,6,6,3,3,3,,3
2026-07-02 12:15:35,2026-07-02 12:51:52,0,,100,2177,1,2026-07-02 12:51:53,R_7h6CbxY7YaJee2Z,,,,,,,anonymous,EN,0.8999999761581421,P000915,7,7,7,7,7,7,3,7,7,7,7,7,4,7,7,7,7,3,1,2,4,"I ranked punishment deters other from crime because as the first because I see it as a very important factor. When criminals see their fellow criminals behind bars, confined and without freedom, they might rethink their ways. My second choice was criminals cannot commit crimes if they are locked up. This is because some people are repeat offenders and constantly get into crime. My third choice was criminals deserve to be punished and this is because they should pay for the damage and loss of property/life they caused. My last choice was prisoners get rehabilitated. Some actually learn new skills and change their ways. ",2,3,1,4,6,5,7,5,9,7,7,5,7,7,3,1,6,6,7,1,4,4,7,4,7,6,3,7,4,5,7,7,7,5,1,1,7,7,2,6,5,7,2,7,7,7,7,7,1,5,7,5,7,1,7,7,4,7,3,7,7,6,3,6,7,1,1,6,5,7,5,7,2,4,5,6,3,5,5,47,,,,,25,20,Because it is not a matter of his health although unfortunate but a matter of paying for the crime of taking the life of a minor.,Give an example of the consequences of crime such as this to the society.,,,,,2,7,1,36,2,1,3,6,2,2,3,,2
2026-07-02 12:21:53,2026-07-02 12:51:56,0,,100,1802,1,2026-07-02 12:51:56,R_6wnMIM70jmp9YoU,,,,,,,anonymous,EN,1,P001486,4,5,5,5,6,5,4,6,6,7,5,5,5,7,5,4,5,3,2,4,1,Because some people commit a crime one time and learn there lesson and do not go back into the system.  Some get rehabilitated there first time and do commit more crimes.  While other may continue to commit crimes and go back over and over.,3,4,2,4,2,1,4,4,9,4,5,6,4,5,4,4,5,2,4,1,5,3,5,6,4,6,4,7,4,2,5,3,3,4,3,1,6,5,6,3,2,3,2,4,3,5,6,4,5,4,3,5,6,3,5,3,5,4,4,3,4,1,4,7,7,1,4,6,7,6,4,4,3,4,1,4,6,10,100,24,,,,,50,50,Because he killed Frankie he then ran her down even after punching her in the face.  Her life is over so he should continue to pay for the crime he committed.,That others will see this and decide to not do this type of crime,,,,,2,7,5,40,2,2,4,4,1,2,2,,2
2026-07-02 12:21:02,2026-07-02 12:52:10,0,,100,1868,1,2026-07-02 12:52:10,R_7QlK0bGDdgH7pcn,,,,,,,anonymous,EN,1,P000674,6,6,6,6,7,6,5,7,6,7,6,6,6,7,6,6,6,1,2,3,4,"I ranked deserved punishment first because people should be held accountable for breaking the law. I ranked deterrence second because punishment can discourage others from committing crimes. I ranked incapacitation third because keeping offenders incarcerated can temporarily protect the public, but only while they are in prison. I ranked rehabilitation last because, while it is valuable when successful, it is less certain and should not be the primary reason for punishment.",6,2,2,6,2,1,2,2,9,5,5,6,3,7,1,2,2,2,2,2,2,6,2,6,6,6,2,2,4,4,7,1,2,6,2,1,7,5,5,2,2,2,4,2,5,6,7,3,1,3,3,6,6,2,6,3,2,3,6,2,5,1,1,7,7,2,1,6,7,1,2,3,2,7,1,1,6,5,5,47,,,,,,,,,30,25,"Darryl intentionally committed a brutal assault that resulted in a person's death, so a substantial prison sentence is warranted. However, because he no longer poses a danger to society and the case will remain confidential, the need for incapacitation and general sentence is reduced.","Hold Darryl accountable for taking a life, provide a proportionate punishment, and reinforce respect for the law while recognizing the changed circumstances. Killing is still punishable to all members of society including darryl.",1,5,5,42,1,2,6,3,1,2,2,,3
2026-07-02 12:33:42,2026-07-02 12:52:12,0,,100,1110,1,2026-07-02 12:52:13,R_573U15mnkcpetF0,,,,,,,anonymous,EN,1,P001686,5,6,6,5,6,5,5,7,6,7,6,6,3,7,6,5,6,4,1,2,3,"I think that punishing for crimes does deter people from doing things that they shouldn't be doing.  I also know there are a lot of programs available for the people in prison to help them learn and grow that way when they leave they are better people to be out in society.  ",4,4,2,7,3,7,2,2,9,4,4,6,2,6,3,3,4,3,2,1,2,1,5,3,6,5,1,6,4,3,6,5,3,3,3,1,4,5,6,1,1,2,4,3,5,5,6,2,2,4,1,6,5,1,6,3,5,1,7,1,1,2,2,6,6,2,1,4,6,6,1,1,1,5,1,3,6,10,100,47,,,,,,,,,25,25,"He would still have to pay for his crime that he commited.  Just because he is sick doesn't mean he can get away with murder.  ",Show others that there is never a reason to get out of trouble.,1,7,1,39,2,6,4,4,3,2,2,,3
2026-07-02 12:13:38,2026-07-02 12:52:14,0,,100,2316,1,2026-07-02 12:52:15,R_3JjSXSWcTAu1sGg,,,,,,,anonymous,EN,1,P000008,4,5,4,5,5,3,5,6,5,7,5,5,3,5,5,5,5,2,1,3,4,"The major reason is that punishment prevents a lot of people from committing crimes. If there was no punishment literally everyone would commit crime because they know they'll get away with it. 
The second rating is because it will be unfair for criminals to get away and that increases the chances of them doing it again.  
The third is simple, it definitely prevents them from committing another crime. The first two ranking aimed at preventing crimes whiles this one aims at preventing further crime from happening after one has already occurred.",4,4,2,4,6,4,5,3,9,3,5,5,5,7,4,3,5,5,4,3,4,1,7,4,4,4,4,7,4,4,4,2,5,3,1,1,4,4,5,3,3,4,3,3,4,4,4,4,4,5,5,5,6,3,5,3,6,4,4,3,5,4,1,4,5,2,2,6,6,4,4,5,3,4,2,5,4,1,5,47,,,,,,,,,20,10,He no longer poses a threat to the society but he still have to pay for what he did.,It will help him reflect on the decision he made and the consequence.,2,4,4,27,2,2,5,4,3,3,1,No,3
2026-07-02 12:27:20,2026-07-02 12:52:54,0,,100,1533,1,2026-07-02 12:52:55,R_3wc4McB5njDoUnc,,,,,,,anonymous,EN,1,P001803,5,6,6,5,5,4,4,5,6,7,6,6,6,7,5,4,5,2,4,1,3,"I ranked it this way because I feel like criminal punishment is needed the most so that they cannot commit these crimes in society, which are often dangerous. They need to be imprisoned also to be punished for the crime they committed. I think it's also a way to get rehabilitated. I ranked punishment deterring others from committing crimes as last because I usually don't think of that as one of the main reasons for criminal punishment.",4,3,3,6,2,1,7,1,9,4,4,3,4,6,2,1,6,5,4,2,4,4,4,6,7,3,4,4,4,3,6,4,4,4,2,1,5,5,5,4,2,4,4,3,4,5,4,5,5,4,4,5,6,4,4,2,1,1,6,3,4,1,1,7,7,1,1,7,7,5,1,3,1,7,1,1,7,5,100,47,,,,,,,,,25,20,"I felt like Darryl still needed to be punished for his crime despite his age and autoimmune disease. However, I did lessen the sentence to 20 years because of these conditions.",I hope this sentence will allow Darryl to reflect on his actions and understand why it was wrong.,1,5,1,22,2,5,3,2,1,1,1,,3
2026-07-02 12:23:44,2026-07-02 12:53:27,0,,100,1783,1,2026-07-02 12:53:27,R_6hgbs1p95Xi9UQs,,,,,,,anonymous,EN,1,P000989,7,7,7,7,7,7,7,7,7,7,7,7,5,7,7,7,7,1,3,2,4,it is a common and logical consistent hierarchy,3,7,1,7,7,4,7,7,9,7,7,7,7,7,5,1,4,7,7,2,2,1,7,7,7,2,5,7,4,7,7,7,1,2,2,7,7,7,5,5,2,7,1,5,5,4,1,1,6,7,7,3,7,4,5,3,5,7,7,5,7,7,7,5,7,1,7,7,7,7,6,7,1,7,7,7,7,5,5,24,,,,,30,20,murder should still be punished and it servers as a lesson to others that age dosen't mean absense of punishment,to make him know that there is always consequence for murder,,,,,1,7,5,25,1,2,4,3,1,3,1,,2
2026-07-02 12:19:00,2026-07-02 12:53:29,0,,100,2068,1,2026-07-02 12:53:30,R_1atvutO175V2cZO,,,,,,,anonymous,EN,1,P000921,5,5,2,3,6,3,6,5,7,5,3,5,1,3,4,3,5,1,3,2,4,"I believe that if you commit a crime, you should be punished. That’s what prison is, a punishment. It does get criminals off the streets but it doesn’t prevent crime from happening. I wish prisons focused more on rehabilitation instead of punishment because I feel like it would lower crime rate. ",3,1,3,5,5,2,3,6,9,3,4,5,3,7,3,1,3,5,6,1,1,5,5,3,7,7,2,3,4,3,7,3,5,3,3,5,7,5,3,2,2,5,4,3,2,6,1,3,2,3,3,2,2,2,3,1,1,3,5,1,7,1,1,7,7,3,3,7,7,6,5,5,5,5,3,3,3,10,5,47,50,50,"I feel like he deserves to be punished still. Even if he isn’t a threat to society, if he wasn’t a good guy when he was healthy, how would he be one after?","For him to serve at least 20-30 years before being applied for parole, then if he shows genuine improvement, then release him with life on parole.",,,,,,,,,1,5,1,20,1,3,3,5,5,3,2,,1
2026-07-02 12:16:56,2026-07-02 12:53:31,0,,100,2194,1,2026-07-02 12:53:32,R_5bOfEbG5RaHiq1r,,,,,,,anonymous,EN,1,P000661,5,5,4,5,5,5,6,4,6,5,4,5,4,6,4,4,5,4,2,3,1,Some  people in prison are there for nonviolent crimes and they should be rehabilitated.,6,2,4,7,1,1,5,4,9,1,5,5,4,5,1,4,2,4,3,1,4,4,5,1,6,4,3,4,4,4,7,5,2,3,4,1,7,6,7,1,1,1,3,4,4,6,5,6,4,2,4,6,5,3,6,2,4,6,1,5,5,1,1,7,7,1,1,7,7,3,3,4,1,5,3,5,7,10,25,24,,,,,,,,,15,3,"He still committed the crime, maybe he should not be imprisoned but he should maybe serve his time in another way.",If he is paralyzed  he would not be able to hurt anyone else.,2,7,2,69,2,2,1,2,1,3,2,,3
2026-07-02 12:18:36,2026-07-02 12:54:25,0,,100,2149,1,2026-07-02 12:54:26,R_3a9mRMKyC0FsDns,,,,,,,anonymous,EN,1,P000991,7,7,7,7,7,5,5,5,6,6,6,5,3,5,6,6,6,4,1,3,2,"I believe in punishing wrongdoing as a deterrent for people who are considering committing a crime, so they might reconsider their behavior while in prison. Not always, but sometimes., ",6,6,3,5,5,5,7,4,9,3,6,5,5,7,3,2,3,6,4,2,1,3,3,5,4,5,3,5,4,5,7,3,3,5,4,2,5,5,7,5,1,3,5,4,5,6,6,5,3,3,3,7,5,4,6,5,6,6,2,7,6,1,1,7,5,2,4,5,7,4,3,3,1,7,1,3,6,5,5,47,26,25,The fact that he was a minor when committing the crime does not change his guilt.,Teach a lesson and deterrence.,,,,,,,,,2,5,5,43,1,2,6,4,1,1,1,none,1
2026-07-02 12:13:14,2026-07-02 12:54:35,0,,100,2481,1,2026-07-02 12:54:35,R_5qDvVTqPfOUqhxJ,,,,,,,anonymous,EN,1,P000391,7,7,7,7,7,7,7,7,7,7,7,7,7,1,7,7,7,1,3,2,4,"I do not believe rehabilitation is a widely accessible and useful plan. Although some people turn their lives around after prison, it is rarely the case. People get put up against the system, leave, and reoffend. So punishing is the way to go. ",1,7,1,7,7,4,7,7,9,7,7,7,7,4,7,1,7,7,1,7,7,4,7,7,4,1,7,7,4,1,7,7,4,1,7,7,7,5,7,4,1,7,1,7,7,7,7,7,7,7,7,7,7,4,7,1,4,7,1,4,7,1,1,7,7,7,4,7,1,7,1,1,1,7,1,1,4,10,100,47,,,,,50,50,"I believe he deserves to get a life sentence for targeting someone, harming them, and causing their ultimate death. ","I hope he rots in prison. Feels the punishment, and one day feels remorse for his actions.",,,,,1,7,7,23,1,5,6,5,3,1,1,"This was very fun and interesting, thank you!",2
2026-07-02 12:35:02,2026-07-02 12:55:46,0,,100,1243,1,2026-07-02 12:55:46,R_7G0S57V0DSFbmLA,,,,,,,anonymous,EN,0.5,P001094,7,7,7,6,7,7,6,6,7,7,7,7,7,7,6,6,6,2,1,4,3,"I ranked it in such a way that it could sound like a whole sentence. When a person reads the first ranking, they might be interested in the next one. ",5,4,1,6,7,3,7,3,9,2,6,3,5,4,7,1,2,5,6,1,5,7,3,5,7,4,2,5,4,6,7,3,5,5,4,1,7,6,7,3,3,5,2,7,5,6,7,5,5,6,3,7,7,2,7,5,7,7,7,6,6,4,6,4,6,1,1,7,7,2,2,5,1,7,5,3,7,1,20,24,40,14,"He is not a threat to the society anymore although he still deserves the punishment. ","I don't know. ",,,,,,,,,1,6,5,57,2,2,3,6,2,1,2,"I wish you all the best in your study. ",1
2026-07-02 12:35:12,2026-07-02 12:55:56,0,,100,1244,1,2026-07-02 12:55:57,R_3Lthmot2Dt7iwvt,,,,,,,anonymous,EN,1,P001865,7,6,7,7,7,7,3,7,7,7,7,7,7,4,7,6,7,3,1,4,2,"I feel its most important that people know what the punishment is it will deter them from committing future crimes which will slow down the crime rates, ",3,7,1,7,2,1,7,5,9,6,7,6,7,7,6,5,7,7,7,1,1,1,7,1,1,1,6,7,4,6,6,4,2,4,5,2,6,5,5,6,1,7,1,7,7,7,1,4,4,4,4,4,7,3,4,3,4,2,6,3,5,3,3,5,4,5,3,5,6,7,1,2,1,2,2,6,1,10,100,24,50,50,"Darryl deserves full punishment for the murder he committed. ",I hope that this sentence deters other people from committing heinous crimes.,,,,,,,,,1,7,1,40,1,4,2,6,2,1,1,thank you,1
2026-07-02 12:14:54,2026-07-02 12:56:06,0,,100,2472,1,2026-07-02 12:56:06,R_6JmYO3KrNmjcPfi,,,,,,,anonymous,EN,1,P000878,7,7,7,7,7,7,5,7,4,7,7,7,4,4,7,7,7,1,2,3,4,"This order best aligns with the way I view criminal punishment, given the choices available.",1,7,2,4,6,2,6,6,9,6,7,7,4,6,1,1,7,7,7,3,4,2,6,4,1,3,5,6,4,4,7,1,4,4,1,1,6,6,7,3,1,5,2,5,5,5,4,7,6,4,4,1,2,4,3,5,4,4,7,5,7,7,7,4,1,4,7,4,7,7,4,4,1,1,4,7,1,10,5,47,,,,,50,50,This was a violent crime that resulted in the loss of life.,"Punish the assailant, help provide some sense of justice to those affected by the death of the victim, and help deter that behavior in others moving forward.",,,,,1,7,1,47,1,1,2,6,2,3,3,,2
2026-07-02 12:21:35,2026-07-02 12:56:18,0,,100,2082,1,2026-07-02 12:56:19,R_108K1MQVgqm5jUZ,,,,,,,anonymous,EN,1,P000985,7,7,7,7,7,7,5,7,7,7,7,7,6,4,5,7,7,2,1,3,4,"They're ranked to explain the importance of punishment and the process. ",2,6,1,2,7,6,7,4,9,7,7,4,6,7,4,1,7,4,7,2,7,7,7,6,6,7,7,7,4,1,7,7,7,7,6,1,7,7,7,6,1,5,1,6,7,7,7,7,7,5,4,1,7,4,7,1,5,7,1,7,7,2,1,7,7,7,1,7,7,7,1,2,1,7,2,1,7,10,5,24,,,,,,,,,50,50,"Regardless of his condition, he murdered a man. ","Justice for Frankie. ",2,7,1,56,1,2,3,1,1,1,1,,3
2026-07-02 12:31:51,2026-07-02 12:57:04,0,,100,1512,1,2026-07-02 12:57:04,R_3jEw1gLMUBrjaZH,,,,,,,anonymous,EN,1,P000551,6,7,6,5,6,6,4,7,7,7,6,7,6,5,5,5,6,1,4,2,3,"Criminals deserve punishment because it gives the individuals and families justice and closure that the crime can't be committed again. While in prison many can get rehabilitated, but during that time they need to be punished for the crimes that have been committed.",2,3,2,5,5,2,6,6,9,2,2,6,6,6,3,3,6,6,3,4,4,4,6,4,4,4,4,6,4,3,7,5,4,1,3,1,6,5,4,2,2,5,2,5,5,5,6,6,5,6,6,4,7,4,6,6,7,7,1,6,6,3,2,6,5,4,4,4,5,4,2,6,1,3,5,6,3,5,5,47,,,,,50,50,He caused Frankie to lose her life.,Justice for Frankie and her family.,,,,,1,5,4,48,2,2,4,6,3,1,1,No comments or suggestions,2
2026-07-02 12:21:53,2026-07-02 12:57:10,0,,100,2117,1,2026-07-02 12:57:11,R_1FQf3HrsI6c1EvK,,,,,,,anonymous,EN,1,P001362,6,7,7,6,6,6,3,7,4,7,6,5,5,6,5,5,5,1,2,3,4,I ranked them that way because usually the first thing that comes to mind as to why you should punish criminal is because they usually deserve it due to their horrible actions and it usually deters others from doing the same. The rehabilitate in prison is lowest because sometimes it may not be successful at changing the person for good and sometimes they may do other crimes in prison too.,3,6,4,5,5,3,7,6,9,3,4,4,4,7,2,1,7,4,5,4,4,5,4,4,6,3,4,6,4,5,5,6,4,4,3,1,7,5,4,3,2,5,2,6,5,7,4,7,7,6,4,5,6,4,5,5,5,4,3,5,7,4,2,5,6,3,1,6,7,4,4,5,1,7,2,2,4,10,100,24,,,,,,,,,30,15,"Since Darryl might not be a threat anymore, he would have a shorter time but he has enough time in prison to justify the killing of Frankie.",Being in prison should help him learn from his errors and teach him not to do that ever again.,1,3,3,20,2,4,4,3,1,1,2,,3
2026-07-02 12:18:12,2026-07-02 12:57:28,0,,100,2356,1,2026-07-02 12:57:29,R_7zZpOR41Q8A32IO,,,,,,,anonymous,EN,1,P000517,7,7,7,7,7,7,7,7,7,7,7,7,7,6,7,7,7,1,3,2,4,"I think the most important reason is that criminals should be punished, so I put that first. It is safer for society when criminals are put in prison so they can't harm others or commit more crimes, so I put that second. Number 3 is important because without laws, society would be in chaos. I put rehabilitation last because it doesn't always work for some criminals, some criminals resort back to the criminal lifestyle once released from prison.",2,5,2,6,4,1,7,3,9,2,4,5,6,7,3,2,5,5,3,1,4,4,5,4,5,4,4,5,4,4,4,3,4,3,4,3,7,7,6,5,3,2,5,3,6,6,5,2,1,1,5,5,4,3,5,4,5,7,1,4,7,4,1,7,7,4,1,7,7,6,1,2,2,3,6,6,1,10,100,24,,,,,,,,,50,40,"I fee like since he has the disease and he won't be able to do any physical crimes, his punishment should be somewhat lessened, but not completely since he still deserves to be punished for his crime, which was murder. ","I hope he will use his time to reflect on his crime, and that he learns to feel truly sorry for what he did.",1,7,1,22,2,1,2,5,3,3,3,"I don't have much to say other than thank you for this survey opportunity! Maybe you could extend the time for slower readers? ",3
2026-07-02 12:29:09,2026-07-02 12:57:34,0,,100,1705,1,2026-07-02 12:57:35,R_6BkkhFUGHH1l9M5,,,,,,,anonymous,EN,1,P001555,7,7,6,6,6,6,5,6,6,7,6,5,3,7,4,3,5,4,1,2,3,"I believe that without the standard of punishment, criminals are emboldened to continue committing crimes. When dangerous individuals are locked up that truly cannot commit more crimes and this may provide safety for potential and previous victims. I do believe that prisoners can be rehabilitated in some situations. Lastly, I while I do believe violent criminals deserve punishment, nonviolent crimes I feel could be better mitigated with other practices. ",4,5,2,5,2,1,7,6,9,2,5,7,5,7,3,4,5,4,3,2,3,5,6,5,7,4,4,6,4,6,6,2,5,5,4,1,7,6,7,5,7,5,3,4,6,6,5,4,4,5,5,4,5,4,5,4,2,5,3,5,4,2,1,7,7,3,2,5,7,5,1,2,1,5,5,3,4,5,5,47,,,,,,,,,50,30,"I believe if he is no longer a threat to society, and literally paralyzed, he is already suffering. I do believe that he should still do significant time for taking someone's life though.","Rehabilitation and an understanding by him of what he had done ",1,6,1,28,2,1,3,4,3,1,1,"One of the logic questions had the incorrect value for the answer. The question was about days but the answer was in minutes. ",3
2026-07-02 12:24:36,2026-07-02 12:58:04,0,,100,2008,1,2026-07-02 12:58:04,R_3GDMcKNoIOoEx4T,,,,,,,anonymous,EN,1,P000222,6,6,7,6,6,6,6,7,6,6,7,6,6,6,7,7,7,1,2,4,3,"The first is because if you commit a crime you should be held accountable. SEcond because seeing others get punished will prevent others from committing crimes. Third, prisoners need to get rehabilitated in prison to be fit for society again. Fourth, prisoners that are locked up are under control and won't be committing crimes out in the world.",2,7,1,6,7,1,7,3,9,5,5,7,6,4,5,2,5,5,6,2,5,5,7,5,5,5,6,7,4,5,4,5,5,6,5,5,3,5,7,2,5,5,1,7,7,7,4,5,2,4,5,3,5,5,3,5,5,2,6,5,6,5,5,7,5,6,5,5,5,7,4,6,2,3,5,3,3,10,10,47,,,,,50,10,"He already can't move, he is in his own prison now.",To rehabilitate his brain,,,,,1,7,1,30,1,4,6,5,2,1,1,n/a,2
2026-07-02 12:24:47,2026-07-02 12:58:05,0,,100,1997,1,2026-07-02 12:58:06,R_6IlYhv1koPDiLOp,,,,,,,anonymous,EN,1,P001754,6,7,6,7,6,5,4,6,6,7,6,7,4,5,6,6,6,1,2,4,3,Im thinking of real life. While i agree with all of these. I ranked it based on what's realistic. Reform and not committing crimes in person for prisoners is very difficult and wouldn't be a strong reason due to how our system is set up.,3,5,3,4,3,2,4,5,9,5,5,6,3,4,3,1,6,6,5,3,3,5,3,6,7,3,6,5,4,5,6,5,4,3,3,1,6,5,3,5,4,5,3,5,5,5,3,7,3,5,6,3,5,5,5,4,2,1,7,4,5,1,1,7,7,1,1,7,7,5,4,4,1,6,1,2,7,2,5,47,45,30,I took off 20 years because he still needs to do time but also has suffered from his illness. So he does the time and everyday of his life he is paralyzed.,Accomplish the severity of the crime but with reasonable punishment.,,,,,,,,,1,7,1,25,1,3,4,3,1,1,1,,1
2026-07-02 12:33:19,2026-07-02 12:58:11,0,,100,1492,1,2026-07-02 12:58:12,R_7CszMc8y0g2f6Kh,,,,,,,anonymous,EN,1,P001017,7,7,6,7,7,7,6,7,7,7,6,7,4,6,5,4,6,1,2,3,4,"I believe that individual punishment is the most relevant to the crime. Deterrence is an important societal value so it's second. An added bonus is that incarcerated prisoners cannot commit other crimes so that is third. Finally, while it's last, rehabilitation should be a goal of imprisonment.",3,3,1,3,2,1,3,4,9,4,6,3,4,6,3,3,5,5,5,4,4,4,5,4,4,3,5,5,4,5,6,2,4,4,5,2,5,5,3,5,2,4,2,6,6,5,4,5,3,3,3,5,5,3,5,4,2,2,5,3,5,2,2,6,4,5,3,5,6,3,3,5,2,5,3,3,4,5,5,47,,,,,40,25,"Since Darryl no longer poses a threat to society, the average sentence for this type of crime seem appropriate.",I hope this sentence will serve as punishment for the loss of Frankie.,,,,,1,7,6,60,2,3,6,4,1,3,1,n/a,2
2026-07-02 12:26:50,2026-07-02 12:58:20,0,,100,1889,1,2026-07-02 12:58:20,R_5KvGp5TiRFr3jKg,,,,,,,anonymous,EN,0.8999999761581421,P001378,7,7,6,7,7,6,7,7,7,7,7,7,3,4,7,6,7,1,3,2,4,"Rehabilitation mostly does not work. Studies after studies have shown that recidivism rate is high no matter what. Criminals are criminals because they like it. They don't want to be rehabilitated.  Not punishing guarantees and rewards more crime. Liberal judges letting assholes off end up killing or raping someone else. That has happened way too many times. Liberals need to get off this softhearted empathy bullshit. Long sentences, keep them off the streets.",1,7,1,4,7,7,7,7,9,7,7,7,7,4,5,1,7,7,7,7,7,1,7,1,1,1,7,7,4,6,7,5,4,5,5,1,2,3,3,2,1,7,1,7,6,7,1,7,7,6,7,1,1,6,1,7,5,1,1,7,7,6,7,1,1,7,7,1,1,7,1,7,1,1,7,7,1,5,5,47,50,50,"Liberal academic making a scenario to garner sympathy for murderer but wants to drop nuclear weapon on another country, killing 200,000. Liberals are crazy. I recommend you strap Darryl on top of your nuclear weapon then drop it. ","So society won't have to house and feed a murderer. Paralysis from autoimmune disease will require treatment. Just execute him. ",,,,,,,,,1,7,1,62,1,3,4,7,2,1,1,"You are mentally ill. Comparing murdering a girl with a shark biting a girl is stupid. You don't know the difference? Maybe you should drop your nuclear weapon on a school of sharks :D Leave college. It's making you crazy and stupid. ",1
2026-07-02 12:20:20,2026-07-02 12:58:22,0,,100,2281,1,2026-07-02 12:58:23,R_5jJq9n7xDV6CHPr,,,,,,,anonymous,EN,1,P000486,6,6,5,6,6,6,4,6,6,5,7,6,6,6,6,5,7,1,4,3,2,I think this is how and what I believe in terms of how criminals should be handled.,5,5,4,5,5,3,5,1,9,5,4,4,4,6,4,4,5,4,4,4,4,4,5,5,5,4,4,4,4,5,4,5,4,4,3,1,6,6,5,1,4,1,1,4,5,6,5,5,1,4,2,6,6,1,6,4,5,7,2,7,5,4,4,7,7,1,1,7,7,1,1,2,1,4,4,7,4,5,5,47,,,,,,,,,35,0,Darryl was paralyzed. I think he should be given a chance for mercy.,"Extent for mercy and Darryl wont e in prison. ",1,5,5,28,2,2,5,4,3,3,3,The study was amazing,3
2026-07-02 12:28:22,2026-07-02 12:58:32,0,,100,1809,1,2026-07-02 12:58:33,R_50wbjcEvw8wTcHL,,,,,,,anonymous,EN,1,P001128,7,7,7,7,6,7,6,6,7,2,6,6,7,6,7,7,6,3,2,1,4,Because I feel this is the right ranking,5,4,3,3,2,2,6,6,9,2,2,5,6,5,3,5,6,6,6,2,6,4,7,5,5,5,6,6,4,6,5,6,2,5,5,2,6,6,6,6,3,4,4,3,6,6,5,5,3,4,5,2,5,6,6,3,6,7,6,6,6,5,5,5,5,5,6,5,6,2,6,3,5,6,6,5,6,1,5,47,,,,,,,,,22,4,because of the diseases,for him to change,2,7,2,27,2,1,4,5,2,2,1,,3
2026-07-02 12:21:55,2026-07-02 12:59:58,0,,100,2283,1,2026-07-02 12:59:59,R_53dgIeKEWvsT86t,,,,,,,anonymous,EN,1,P000835,2,3,2,3,1,1,2,1,2,4,3,2,1,2,1,1,7,3,4,2,1,"I believe that should there must be prisons, the best reason ideally would be for actual bad people (those who hurt others) to get rehabilitated in a fair, equitable, and compassionate way, without trying to destroy the person or torture them and help them change for the better, should they be okay with it or otherwise willing; it'd have to be enforced in a way that doesn't hurt anyone. For bad parties, it'd ideally also be important that for their crime they can't commit it or any other one which would keep people safe. The weakest reasons (criminals deserving to be punished/punishment deters others from committing crimes) to me are just subjective and doesn't apply to all prisoners as some prisoners committed something that society thinks is wrong and are otherwise good people who don't deserve punishment or what they did that was unethical wasn't that bad and that prisoner could just use some help. Not only this, but punishment while it can deter some from committing a crime, doesn't guarantee it. Those weaker reasons in my eyes only really matter if the prisoner is a person who genuinely illogically hurt someone or an animal etc and deserves it.",7,1,6,7,4,2,4,4,9,4,4,2,1,4,1,4,2,2,4,4,4,1,4,4,4,5,4,4,4,1,6,1,4,3,1,1,4,1,4,2,2,2,5,3,3,2,5,7,2,1,1,2,4,1,6,1,1,1,7,1,1,4,4,2,7,1,2,6,7,4,1,4,2,4,5,4,5,10,5,24,5,5,"5 years, to me, assuming prisons were necessary and had an enforced and good rehabilitation program, is reasonable because he can get the help he needs to become a better version of himself, should he be willing to try. If not, he could get punished if he does not understand that what he did was wrong. ","I hope that, assuming prisons had a compassionate rehabilitation program, he could spend his time reflecting on what he did, realizing he hurt someone who did nothing wrong and that he made a mistake, and that he can potentially change for the better.",,,,,,,,,2,4,2,19,2,1,1,1,3,2,2,,1
2026-07-02 12:43:13,2026-07-02 13:02:02,0,,100,1128,1,2026-07-02 13:02:02,R_5EGdwl9KHRQ8MTm,,,,,,,anonymous,EN,1,P001727,6,7,6,7,7,2,6,7,7,7,7,7,4,5,7,6,6,1,3,2,4,Commiting crime needs to be punished and keeping them locked up they can not commit other crimes to the innocent people.  Also locking people up deters others to do the same crime.  Rehabilitation is required i feel before you get back to society.,1,6,1,4,4,4,5,7,9,6,5,4,6,5,4,1,6,6,6,3,3,2,4,2,3,1,4,5,4,6,5,4,4,5,4,3,6,6,3,4,4,6,1,6,6,6,3,6,5,5,5,2,2,5,4,5,4,2,6,6,6,6,6,2,3,6,6,1,3,6,5,6,2,2,7,7,2,10,5,47,35,35,"I don't really care if they are under 18 years old.  If you do the crime you do the time.  It was not an accidental death. ",It will punish the criminal and keep him away from doing the crime again to society.,,,,,,,,,2,6,3,45,1,3,4,5,2,3,1,,1
2026-07-02 12:24:51,2026-07-02 13:02:57,0,,100,2286,1,2026-07-02 13:02:58,R_1eXa4qqp6v414In,,,,,,,anonymous,EN,0.8999999761581421,P001104,7,7,7,6,7,7,6,4,6,7,6,7,5,6,5,5,5,2,3,1,4,"When someone commits a crime, and breaks the Law.
There should be punishment.",3,5,1,2,4,7,5,5,9,1,3,2,5,7,1,4,2,4,4,3,4,4,3,7,5,3,3,5,4,2,7,4,4,7,5,1,7,5,4,5,4,4,3,3,6,7,4,5,5,5,5,5,6,2,7,3,5,4,4,5,5,2,2,2,6,1,3,5,7,4,6,1,4,5,2,1,5,10,50,30,,,,,40,30,"I would reduce the sentence.
However, the defendant commit a serious crime, and has to serve time. ",I' am not sure if this person can be helped.,,,,,1,5,4,66,1,2,6,3,3,3,3,Thanks For the Opportunity!,2
2026-07-02 12:29:20,2026-07-02 13:04:24,0,,100,2103,1,2026-07-02 13:04:24,R_67JxASqYagoT6fk,,,,,,,anonymous,EN,1,P001976,4,3,5,2,6,4,2,6,2,4,5,5,1,7,1,4,1,4,3,1,2,"It is not clear how many people are actually rehabilitated in prison.  If the person truly committed a crime, they can no longer do that when they are in prison.",6,1,4,6,1,1,6,1,9,1,1,4,1,4,1,3,5,2,1,1,2,4,1,7,6,7,1,1,4,1,7,1,1,4,1,1,6,3,2,4,2,2,4,2,6,4,7,7,1,1,1,7,7,1,7,1,1,1,4,1,1,1,1,7,7,1,1,7,7,2,1,1,1,7,1,1,4,10,1,24,,,,,40,40,"It is unfortunate that Darryl contracted the disease.  However, he committed a crime against a minor and that should not be discounted.  It would seem like her family would feel like it is a miscarriage of justice if he did not serve a sentence. ","The sentence would be a deterrent to others who are in situations of domestic violence.  The fact that Darryl's actions are what directly lead to the death of the young woman should not be discounted.  The family would be made to feel that the life of their daughter mattered. ",,,,,2,4,1,56,2,2,4,2,3,1,1,,2
2026-07-02 12:27:15,2026-07-02 13:04:26,0,,100,2230,1,2026-07-02 13:04:26,R_517vZRgZU5ms16S,,,,,,,anonymous,EN,1,P000843,7,7,7,7,7,7,4,7,7,7,7,7,4,4,6,7,7,1,3,2,4,"I ranked them like that because when one commits a crime, then need to be punished. Imprisonment is one of the punishments and while they are locked up they cannot commit other crimes. Them being punished will prevent other from committing crimes since some of them won't want to receive the same punishment. When prisoners are locked up, they can receive the rehabilitation they need so that once they are released after serving their sentence they won't commit the same crime and they wont want to go back to prison. That is why I arranged them in that order.",4,6,1,4,7,3,7,7,9,7,7,7,7,7,4,1,2,5,2,4,4,4,7,4,7,2,6,7,4,4,5,6,4,7,3,1,5,5,6,5,5,5,2,4,6,7,1,2,6,6,7,2,7,4,2,4,7,7,7,6,7,7,7,3,6,7,7,4,4,1,1,7,4,2,4,6,6,10,5,47,50,50,This is because he killed someone and made Frankie's family to live with trauma for losing their loved one who was still legally underage.,It will cause pain and suffering to Darryl because as he was committing the crime he did not stop and think of the consequences he might face.,,,,,,,,,2,7,7,21,1,2,3,6,2,1,1,All the instructions in the study were clear.,1
2026-07-02 12:36:53,2026-07-02 13:04:41,0,,100,1668,1,2026-07-02 13:04:42,R_1mEuHJq6alynXqh,,,,,,,anonymous,EN,1,P001748,7,6,6,6,6,5,6,7,7,7,6,7,4,6,4,5,7,3,1,2,4,Deterrence is ranked number one because it has a wide and strong effect on crime reduction in society in general. Locking up prisoners is number two because this helps to protect the safety of citizens. My third is that criminals deserve to be punished because it helps to vindicate the victim. The fourth is rehabilitation because prison seems like a poor place to accomplish this task.,5,2,5,6,4,1,3,3,9,3,4,2,3,6,3,2,4,4,3,2,2,4,4,5,6,5,5,5,4,2,7,1,1,4,2,1,5,2,5,3,2,2,5,3,2,4,6,5,3,3,4,5,5,2,7,3,2,1,7,2,3,1,1,6,7,3,2,6,7,2,1,1,1,7,2,2,5,5,5,47,,,,,,,,,35,15,"Because of the paralysis, Darryl no longer is a threat to society. The confidentiality means that there is no real deterrence effect for a long sentence. 15 years is enough for someone to Darryl to turn his life around and live as a law-abiding adult.",Darryl will be punished by a 15 year sentence. Hopefully with time there will be rehabilitation. Darryl may be able to live a reasonable life as an adult outside of prison.,1,6,2,48,1,3,6,4,1,3,3,none,3
2026-07-02 12:28:51,2026-07-02 13:06:00,0,,100,2229,1,2026-07-02 13:06:01,R_3esKQHUXUBfghOZ,,,,,,,anonymous,EN,1,P001615,5,5,5,4,5,4,3,5,3,5,5,5,5,5,5,5,5,4,2,1,3,Crimes should be locked up and get learn from rehabilitation program to prevent further wrong doing action,4,5,4,4,4,3,3,6,9,3,4,5,3,4,4,4,4,4,3,3,5,6,6,6,7,4,4,1,4,5,5,5,4,5,4,5,6,6,3,5,5,4,5,3,3,3,5,5,4,5,3,5,5,4,5,3,5,5,3,5,5,4,5,5,3,5,5,5,5,3,3,4,5,5,4,3,3,10,100,33,17,10,because he is a minor,he will getting better as a adult,,,,,,,,,1,4,4,41,2,3,6,3,3,3,3,,1
2026-07-02 12:38:05,2026-07-02 13:06:22,0,,100,1696,1,2026-07-02 13:06:23,R_1lFAvByyuvumMvt,,,,,,,anonymous,EN,1,P000106,7,7,7,7,7,5,6,7,7,6,6,7,4,4,7,6,6,1,3,2,4,"I believe the main point of criminal punishment is because criminals should be punished and secondarily, prevents them from committing further crimes to the public. Deterring others from committing crimes is also important, but I put it as 3rd because I think punishing those who already committed crimes is more important. As for the 4th one, I don't really know the efficacy of prisoner rehabilitation, so that's why I put it last.",3,5,2,6,4,4,4,7,9,6,6,4,4,5,3,2,7,5,7,4,5,2,6,1,4,4,4,6,4,4,6,3,4,3,2,1,5,6,4,5,4,5,4,6,6,6,4,3,4,4,4,4,5,3,5,4,3,1,7,4,5,2,4,7,5,3,4,4,4,5,1,4,1,2,4,6,2,10,5,47,,,,,50,50,Darryl committed a heinous crime intent on causing severe damage to his partner who died because of him. Darryl now being paralyzed doesn't change the fact that he still committed the crime. He deserves life imprisonment for his criminal actions.,That Darryl and other criminals know their actions have consequences and will be punished.,,,,,1,6,1,33,2,3,5,4,5,3,1,"""Prosecutor"" in the last question was misspelled on the previous page.",2
2026-07-02 12:31:44,2026-07-02 13:07:11,0,,100,2126,1,2026-07-02 13:07:12,R_5CrIYwtOrnELkIC,,,,,,,anonymous,EN,1,P000687,1,1,1,1,1,1,1,1,1,1,1,1,1,1,1,1,1,4,2,3,1,"In a white supremacist society that has created an entire new Jim Crow system of slavery against African Americans in the United States, I don't abscribe to any of these white supremacist talking points about crime.  The majority of crimes are non-violent offenses revolving around drugs, and instead of providing rehabilitation, which would be the only reason that someone should receive any form of minor loss of freedom, these prisons serve as warehouses to deprive African Americans of their rights as a citizen in the same manner that the racist country America deprived their ancestors through the original forms of slavery and Jim Crow.  Therefore, the fact that in a majority white country that has at least 65% of its 300 million plus population as white citizens who commit the majority of drug crimes and other nonviolent crimes but the majority of people in prison are the minority 13% of the population who are African American is a design of the criminal injustice system, which only serves as the form of the new Jim Crow in the United States.  All of the other white supremacist talking points offered in this thread are false as the selective enforcement of the so-called law in a racist country with a 400 year history of slavery against African Americans is exactly selective enforcement of laws against one group of people, the same group who have always been targeted for racist, unjust, and slavery tactics.  The new Jim Crow doesn't exist to punish criminals, deter future crimes, or prevent future crimes, it exists solely to enslave and control the same population of people who have been viciously and violently targeted by white supremacy policies of barbarity for over 400 years.  ",7,1,7,7,1,1,6,1,9,1,1,7,1,7,1,7,1,1,4,1,1,4,1,7,7,7,1,4,4,1,7,1,1,1,1,1,1,1,7,1,1,1,7,1,1,1,7,7,1,1,1,7,4,7,7,1,1,1,7,1,1,1,1,7,7,1,1,7,7,4,4,1,1,7,1,1,7,10,100,24,,,,,50,50,"Before the war on drugs occurred, the majority of prisoners in prison were in for violent crimes, and violent crimes deserve long prison sentences.  Therefore, Darryl would receive this long prison sentence regardless of his race, which is not the case for nonviolent offenses under the new Jim Crow, wherein mostly the small minority of African Americans receive life sentences for nonviolent offenses that whites commit 1000% more, but are not arrested, prosecuted, or imprisoned for.  Therefore, for violent crimes, white or Black offenders typically receive long justified sentences for their violence.",Punishment for the evil violence committed against the innocent woman.,,,,,2,4,1,46,1,2,6,4,3,2,2,"The racist criminal injustice system in the United States is the worst form of racist slavery ever created in human history, the United States has more prisoners than all other countries combined on earth, and it's not surprising with the racist, violent, and anti-Black 400 year history of the country that the majority of these prisoners are African Americans who are enslaved under the New Jim Crow for nonviolent drug offenses while their real offense is being born Black in a racist society that enslaved their ancestors under the original slavery, the original Jim Crow, and currently the new Jim Crow that was established through the so-called war on drugs beginning in 1970 after the advances of the Civil Rights Movement in the 1960s.  This was really a war on Blacks that saw America's prison population increase for 300,000 total to over 3 MIllion today with the majority of that increase being African Americans under the New Jim Crow for the racist criminal injustice system that operates as the worst form of slavery created in human history.",2
2026-07-02 12:28:34,2026-07-02 13:07:25,0,,100,2331,1,2026-07-02 13:07:26,R_69mDO73P8P5Bouq,,,,,,,anonymous,EN,0.699999988079071,P001352,5,6,6,6,6,6,4,6,3,6,6,6,5,6,6,5,6,1,2,3,4,"This order reveals morality first. , the criminals deserves to be punished, this brings justice to the victim .And because of that it will deter other criminals to commit a crime . Then there will be safety in the community. Although change in the lives of the crininals is valuable it will not be the foundation of justice . ",3,6,1,4,6,4,5,6,9,4,4,7,7,5,6,1,4,6,4,4,1,1,6,4,1,1,6,7,4,4,4,6,4,6,4,1,5,4,1,3,5,2,1,5,5,5,4,5,5,5,6,1,6,6,1,6,6,7,1,5,6,6,5,3,2,6,6,3,5,6,5,5,2,1,7,7,1,10,5,47,35,26,Since its an intentional killing but not premeditated and it Frankie was a minor is a grave act and fankie is considered vulnerable that has higher moral gravity.,"It will accomplish accountability and deterrence. ",,,,,,,,,1,5,4,47,2,3,4,4,3,3,3,,1
2026-07-02 12:41:59,2026-07-02 13:07:25,0,,100,1526,1,2026-07-02 13:07:26,R_3SGSNNCNGQv9W25,,,,,,,anonymous,EN,1,P001208,7,7,6,7,7,6,5,7,6,7,7,7,4,6,7,4,6,1,4,2,3,"We cannot let criminals walk free. They must be punished severely for their crime. And while they are locked up, they don't have the opportunity to commit more crimes. ",1,4,1,5,3,2,5,6,9,4,6,4,7,6,6,1,6,6,5,6,5,4,7,2,5,2,6,7,4,4,7,6,4,3,1,1,7,7,3,5,3,6,1,6,6,5,1,6,6,4,6,1,1,7,1,7,5,7,1,4,6,4,5,7,7,4,5,4,7,7,4,5,5,1,7,7,1,10,100,24,,,,,,,,,50,50,"Darryl committed a crime and must be punished. He took a life and must repay with his life. It doesn't matter if the victim is a minor, etc.","It will make him suffer and force him to think that he could've handled it differently. ",1,7,4,57,2,3,4,7,3,3,3,,3
2026-07-02 12:10:34,2026-07-02 13:07:52,0,,100,3437,1,2026-07-02 13:07:52,R_3J2VREDOzVpCBI4,,,,,,,anonymous,EN,1,P000656,7,7,7,7,7,7,7,7,7,7,7,7,7,7,7,7,7,1,2,3,4,,1,7,1,7,6,2,7,7,9,1,4,5,7,7,1,1,7,5,3,1,3,5,5,3,1,3,6,3,4,1,7,1,5,7,5,1,7,5,1,1,1,1,2,2,1,1,6,7,1,7,7,6,6,6,5,7,4,7,1,7,5,1,1,7,7,1,1,7,7,1,5,3,7,6,1,1,7,15,5,24,,,,,,,,,30,30,Murder is murder,Keep Darryl locked up,2,7,4,81,2,1,4,6,2,1,1,,3
2026-07-02 12:35:47,2026-07-02 13:08:11,0,,100,1944,1,2026-07-02 13:08:12,R_1ttWKhMWl6hNzb2,,,,,,,anonymous,EN,1,P000590,4,7,4,4,7,4,5,5,7,7,4,7,4,4,4,1,7,1,3,2,4,"I believe the most important 2 reasons is that violent criminals need to be put away from society to keep everyone else safe. I believe that seeing how other criminals may have to pay for their crimes, sometimes the death penalty or life in prison serves as a great deterrent. Lastly, I believe many people can be rehabilitated and get their lives on track after a stint in prison.",4,1,1,7,4,1,4,1,9,1,1,7,4,7,1,4,4,7,1,1,5,1,4,1,4,1,4,7,4,6,2,1,1,1,1,1,7,7,6,1,1,1,1,4,4,6,1,6,4,4,4,4,7,4,4,4,1,4,1,4,6,1,1,7,4,6,4,3,4,1,4,7,1,7,1,1,7,5,5,47,50,25,"Because he still took a life and needs to pay for that. ","I hope it will show that if you kill someone, you have to pay for it no matter what.",,,,,,,,,2,7,1,61,2,2,3,6,2,3,3,This was a good survey.,1
2026-07-02 12:29:00,2026-07-02 13:08:17,0,,100,2357,1,2026-07-02 13:08:18,R_3170Z6UJxdRkU4Z,,,,,,,anonymous,EN,1,P001152,6,6,5,6,6,6,6,6,3,6,5,5,4,6,6,6,6,1,4,2,3,"First and foremost, they must pay for what they have done. secondly, the society is kept safer. Rehabilitation is not a guarantee but we go hope for it",4,3,1,3,6,2,2,1,9,5,6,7,6,6,3,1,3,5,6,4,4,1,7,4,5,4,6,6,4,2,6,1,1,2,3,1,7,5,3,4,4,7,1,6,7,6,5,2,5,6,7,6,7,5,5,4,6,6,3,5,5,2,5,6,6,2,3,6,6,6,6,6,1,6,2,2,7,5,5,5,,,,,26,26,he is the same person,him paying for what he did,,,,,1,7,1,58,2,3,6,2,1,3,3,,2
2026-07-02 12:52:55,2026-07-02 13:08:18,0,,100,923,1,2026-07-02 13:08:19,R_5SBIjqbVbMaKNdT,,,,,,,anonymous,EN,1,P000390,7,7,7,7,7,7,7,7,7,7,7,7,7,4,7,7,7,1,2,3,4,This ranking sounds fair to me,4,4,4,7,7,4,7,1,9,7,7,1,4,7,4,1,7,7,7,4,4,6,6,6,4,2,6,6,4,4,7,7,4,4,4,1,4,4,6,4,4,6,2,6,6,6,4,7,4,4,7,7,4,4,4,4,6,1,7,4,7,4,4,4,4,7,7,4,4,1,1,1,1,2,6,6,2,5,5,47,,,,,50,50,"He's still the same person ",Crime is crime,,,,,1,7,7,57,2,5,4,4,3,3,3,"All good, best of luck!",2
2026-07-02 12:23:54,2026-07-02 13:09:31,0,,100,2737,1,2026-07-02 13:09:32,R_7y2vlIUU0QrC1mG,,,,,,,anonymous,EN,0.5,P001207,6,7,6,6,7,7,7,7,7,7,6,6,5,6,6,4,6,3,1,2,4,"Because to me, the number one goal is to let other criminals know that if they commit this crime, they’re going to be punished. It’s too often and society that people get a slap on the wrist and people wonder why they immediately go back and commit the same time or worse again. It’s because you’re teaching them. I’m just gonna quick release you with mild punishment or some kind of reprimand or not even that just gets released without even any punishment. At that point it’s like why was the criminal even arrested if you’re just gonna have a revolving door back onto the street was little to no repercussions for the crime they committed. So to me that’s number one demonstrating that you’re going to face punishment if you commit a crime. Next, you want criminals off the street. For this, I’m gonna use the examples of assault and murder. You definitely don’t wanna murderer being released back onto the street to commute the same crime again you want them removed for the safety and protection of law abiding citizens. It’s a necessity. Then it’s just the fact criminals deserve to face consequences for the crimes they do. It’s not time for a debate on what their childhood was like and how they grew up and what drove them to murder someone. It’s time to recognize that if someone commits a crime they must face consequences for that crime. They must understand that if they’re doing something that’s utterly detrimental to society then the people in that society are not going to standby and treat them with kid gloves, like “poor baby you committed this crime you didn’t mean it. It’s OK.” Rather society is going to let them know that this is the price you pay for the crime you committed. Law abiding citizens don’t deserve to have random strangers commit crimes against them and the people who commit those crimes deserve punishment. They deserve to face what they did and receive consequences for what they did. Lastly I don’t know if prisoners actually can truly be rehabilitated in prison, but I know that it’s our job as a society to attempt to bring someone around to get them to understand the gravity of their crimes and to bring them around to being law abiding citizens if we can. There are criminals who are parents, criminals who are concerned about not being there for their families, criminals who do self-reflect (I would hope). For people like these and anyone else who sincerely takes it upon themselves to change their life we as a society have to try and give them an opportunity to learn new skills., to come out out of prison to get a job, to put themselves in a better position to operate as functional law, abiding citizens when they have finished serving their sentences. 

That being said, I believe that they should be watched and monitored. They should be well trained and feels that they are interested in with skills that they can actually use not just sitting in bending coat hangers in a factory, but educated and trained in ways that they feel their position is meaningful in life that can bring them enough income to sustain themselves and their families. Without giving criminals a chance to redeem themselves will just be letting the wild animals out of the zoo with no direction and the crime is likely to be repeated again or worse.",1,5,1,3,5,3,5,6,9,2,3,6,6,5,6,1,5,7,3,3,4,2,5,3,7,2,5,5,4,7,5,3,4,4,4,4,7,6,5,4,3,1,1,4,2,4,5,3,2,4,5,4,5,5,6,4,3,3,4,5,6,2,1,7,6,2,1,6,6,4,2,2,1,3,5,5,2,10,10,24,50,50,I would actually recommend the death penalty if it was available. Frankie is gone for the rest of her life. He deserves life in prison.,"Keeping him off the streets so he doesn’t murder anyone else. Punishing him for the life he took. Punishment does not have to achieve a goal of rehabilitation in situations like this. The goal is to let the punishment fit the crime. That girl is gone… for the rest of her life her family will be without her. Life in prison is what he should face. No sad stories about how he hurt himself, nor how his illness is making himself and how he doesn’t deserve his punishment any longer. We just recently had a case of a quadriplegic committing a murder. That crime seemed near impossible to commit, but it happened. It’s unfortunate that he has a new condition but nothing changes. He’s in prison for life. He should serve his time.",,,,,,,,,2,7,1,60,2,6,5,5,3,3,1,"I have to tell you this study to give thorough answers takes time. I think it should be considered how much time you expect people to put into this study to give thoughtful answers instead of timing them out and not paying for the work they do.

I always give honest thorough answers, but for some reason researchers don’t always want to pay for the time people to give those answers. I truly hope that you guys are not one of those researchers.

Thank you for the opportunity to participate in your research.",1
2026-07-02 12:18:24,2026-07-02 13:09:58,0,,100,3094,1,2026-07-02 13:09:59,R_7RyZ6UXi5WTt0Fr,,,,,,,anonymous,EN,1,P000207,4,4,3,3,5,5,4,3,3,4,3,5,4,5,4,3,5,4,2,1,3,"I think my first foremost reason for punishment justification is to stop their future crimes. This is close to punishment determent but both are important to allow prisoner rehabilitation back into society ",5,3,4,7,3,1,4,3,9,3,3,3,3,7,1,7,4,1,4,1,5,7,3,7,7,7,3,3,4,4,7,3,4,3,4,1,7,7,1,7,7,3,5,3,3,4,7,4,1,1,3,7,5,1,7,4,3,3,4,3,4,1,1,7,7,1,1,7,7,4,1,1,1,7,1,1,7,10,5,47,,,,,,,,,25,10,"I think a lower sentence should be given to Darryl because of his severe paralysis. ","A decade would be enough time served but make sure he contributes back into society ",1,4,1,39,3,4,4,4,3,3,2,,3
2026-07-02 12:41:50,2026-07-02 13:12:05,0,,100,1814,1,2026-07-02 13:12:05,R_7hKBWKKN1QdKbDr,,,,,,,anonymous,EN,0.8999999761581421,P000234,6,6,6,6,6,5,4,6,6,6,6,6,5,6,6,6,5,1,2,4,3,Justice served for crimes and if they can be rehabilitated back to society,2,4,2,5,5,3,6,5,9,4,4,5,4,5,4,4,4,5,4,4,4,4,4,4,5,4,4,6,4,5,6,4,4,6,2,1,7,7,1,6,4,4,4,4,5,5,4,4,4,4,4,5,5,4,4,5,5,5,3,5,6,4,4,4,4,4,4,4,4,3,4,4,3,2,6,7,2,5,5,46,35,30,"Around the same amount of time regardless of his health be sure another life was lost because of his criminal actions ",justice and for others to know you can't get a way from committing crimes,,,,,,,,,1,6,1,41,2,3,4,6,2,3,3,Thanks!,1
2026-07-02 12:32:21,2026-07-02 13:12:13,0,,100,2391,1,2026-07-02 13:12:13,R_5gMZEbNrmnxOz6I,,,,,,,anonymous,EN,0.10000000149011612,P001673,5,6,7,7,7,6,6,7,7,6,6,5,7,7,5,6,6,1,2,4,3,Because first by being guilty they deserve to be punished as its the main reason secondly core reason is punishment deters other from committing such a crime the third reason is prisoners gets rehabilitated in prison and they cant commit other crimes,4,3,3,2,3,2,3,3,9,1,3,4,1,5,1,3,2,1,7,1,2,3,7,5,5,5,3,7,4,5,7,3,5,7,2,2,5,5,6,4,4,3,2,6,5,5,7,1,1,2,1,7,7,1,7,2,2,2,7,2,6,1,1,6,7,3,4,7,6,3,2,2,2,6,1,5,5,10,100,24,,,,,50,15,it would be more morally just considering his condition,rehabilitation for Darryl,,,,,1,7,1,52,1,2,4,2,1,3,3,,2
2026-07-02 12:42:06,2026-07-02 13:13:52,0,,100,1906,1,2026-07-02 13:13:53,R_1knrjQhjAjNobCB,,,,,,,anonymous,EN,1,P000747,6,7,6,7,7,6,6,7,6,7,4,6,3,7,2,4,4,2,1,3,4,"Because if there is no punishment for crimes, then crime would get much worse without any fear that they will pay for the crimes that they do. ",2,3,1,1,2,3,3,7,9,1,4,4,5,7,1,5,1,1,1,1,1,4,1,7,6,5,2,7,4,5,7,1,4,2,2,1,7,7,1,7,5,1,1,1,7,6,6,1,1,4,6,7,7,1,7,5,4,7,1,7,2,1,1,7,7,1,1,7,7,7,4,1,1,3,2,3,5,10,5,24,,,,,,,,,25,25,Because a crime is a crime regardless of his health condition.,He did the crime and should pay for that to deter him.,1,7,7,56,2,6,2,6,2,3,1,Nothing further,3
2026-07-02 12:40:23,2026-07-02 13:15:50,0,,100,2126,1,2026-07-02 13:15:51,R_1mV5V7y3a9Aieac,,,,,,,anonymous,EN,0.5,"P000813
",5,6,5,5,6,4,5,6,5,6,4,7,5,6,6,6,5,2,3,1,4,"I prioritized incapacitation first because it's the only function that instantly and certainly protects society. Retribution comes second as it upholds moral justice, but it only addresses past wrongs. Deterrence ranks third since it's unreliable and depends on rational behavior. Rehabilitation is last because, while ideal, it's rarely achieved effectively in practice.",5,5,3,6,5,3,7,7,9,4,5,6,6,5,5,3,6,3,6,7,5,4,5,5,6,5,4,5,4,5,4,4,4,3,4,5,5,6,5,4,5,5,3,4,6,5,4,5,6,5,5,4,6,5,4,5,4,5,2,6,5,6,4,5,5,6,4,6,6,5,5,6,4,4,4,6,4,5,5,47,22,10," He's permanently paralyzed and no threat,"," It honors the victim's life with a consequence, avoids cruel and pointless imprisonment, and saves public resources",,,,,,,,,1,6,3,27,2,1,4,6,2,3,1,,1
2026-07-02 12:24:00,2026-07-02 13:17:11,0,,100,3191,1,2026-07-02 13:17:12,R_7iFr2BfWudy78r8,,,,,,,anonymous,EN,1,P000017,6,6,6,6,6,2,2,5,2,7,5,7,3,6,6,3,6,1,2,3,4,"I ranked in this order because there are consequences and should be for negative actions. Not always, but a lot of the time if somoene is punished harshly, others will refrain from acting in the same manner. Although crimes can be committed behind bars, it is less likely to affect the outside world like it would if they were free. In a perfect world, prisons would be equipped to properly rehabilitate people. Unfortunately, they aren't able to do so very well.",2,4,1,1,1,1,7,5,9,3,4,6,3,6,2,1,2,5,4,3,1,3,5,5,5,4,5,6,4,3,7,1,3,5,4,1,6,6,5,2,2,3,1,2,3,4,6,1,1,2,2,5,7,2,5,4,6,3,4,5,4,6,2,2,7,7,6,4,4,7,1,2,1,3,4,4,1,5,5,47,30,30,"Although I believe his intent was not to kill, he did, and he was of age in most states to be tried as an adult and was old enough to know right from wrong.",I hope he will learn his solution to a temporary problem permanently took someone's life.,,,,,,,,,1,7,1,46,1,1,3,5,2,3,2,"I don't have any comments, but it was an interesting study.",1
2026-07-02 12:55:43,2026-07-02 13:18:16,0,,100,1352,1,2026-07-02 13:18:17,R_3xZfVcvnHRJUfUl,,,,,,,anonymous,EN,1,P001049,6,6,6,5,6,5,5,6,6,6,6,6,5,6,3,4,5,2,3,1,4,"I ranked incapacitation first because it directly prevents further harm, followed by retribution because it reflects fairness, then deterrence because its effect is uncertain, and rehabilitation last because its success varies.",3,5,2,5,5,3,5,4,9,3,2,2,5,7,3,3,4,5,3,3,2,6,4,6,6,5,5,5,4,5,7,4,3,4,5,1,5,5,5,4,4,4,5,3,5,5,7,4,2,3,5,6,7,3,6,4,4,3,6,5,5,1,1,5,6,2,1,7,7,5,4,1,2,6,1,2,5,5,5,47,,,,,,,,,32,26,"Because incapacitation is no longer relevant due to his medical condition, the sentence is reduced while still reflecting the seriousness of second-degree murder and maintaining proportional punishment.",It is meant to ensure accountability for taking a life and reinforce that severe violence carries serious consequences even when public safety is not at risk.,1,7,1,37,2,1,4,5,2,3,2,,3
2026-07-02 13:03:43,2026-07-02 13:19:38,0,,100,954,1,2026-07-02 13:19:39,R_35P6PNywolpNtUB,,,,,,,anonymous,EN,1,P000168,5,6,6,5,6,4,4,6,7,6,5,5,3,5,5,4,4,2,1,4,3,"If you have some sort of punishment for doing crimes, the crime rate would lower and there would be no need for prisons.",1,5,1,4,4,2,6,6,9,6,5,6,6,5,4,1,6,6,6,2,4,4,5,6,4,2,2,7,4,6,4,4,3,4,4,1,6,6,5,1,1,4,3,4,4,5,4,4,4,4,5,4,6,7,4,4,4,4,1,5,5,4,5,5,4,6,6,4,5,4,3,4,4,2,4,4,2,10,100,24,,,,,,,,,50,25,He's dying anyway,There is grace in this world.,1,6,1,55,2,1,3,5,3,1,1,,3
2026-07-02 12:56:08,2026-07-02 13:20:06,0,,100,1438,1,2026-07-02 13:20:07,R_5RWyeZaY2kY9O0F,,,,,,,anonymous,EN,1,P000394,7,7,7,7,7,7,7,7,6,6,7,7,2,4,7,7,7,1,3,2,4,"I believe punishment and fear of punishment is the best for deterring crime. For violent crimes especially. Violent criminals deserve the harshest punishments and shouldn't be let back into society at all. It's better for the general public if these animals are kept locked up in cages where they belong. ",2,6,1,1,4,2,7,7,9,7,7,7,6,5,7,1,7,6,7,6,4,2,6,1,6,1,6,7,4,4,2,1,2,1,2,1,6,4,2,5,2,7,2,6,6,4,1,6,6,7,5,2,6,3,3,3,2,1,7,2,7,1,1,7,6,2,2,5,7,7,4,7,1,6,2,2,6,5,5,47,,,,,50,50,"Doesn't matter if he is no longer a threat to society. It doesn't excuse what he did. He should be locked up for the rest of his life. Really, I think he should have gotten the death penalty in the first place.",Punishment is the most important thing. He shouldn't get out early just because he just happened to develop an auto-immune disease that paralyzed him. He may not be a threat to society anymore but that's just because of things outside of his control. He still killed someone and deserved to be punished for that. If the auto-immune disease makes his life in prison worse then that's all the better. Murderers and rapists deserve no mercy.,,,,,1,7,1,33,1,1,3,3,3,3,1,"The shark story isn't equivalent because animals do not understand human laws or values. They do not live under human laws. People that commit crimes do live under human laws and values and can consciously make the decision to break society's laws. Animals are inherently innocent because of their lack of understanding of human laws. If we assume that ""innocent until proven guilty"" is the standard (which, let's be real here, it really isn't for most people) then animals would always be innocent if they cannot undergo a fair trial. Since putting an animal on trial would be impossible since it cannot defend itself, we assume that the animal is innocent. Now any animal that is infected with rabies or incredibly, consistently violent towards humans probably should be killed for the safety of everyone, and to put the poor thing out it's misery. But a one off attack should not result in the animal being killed.",2
2026-07-02 13:02:30,2026-07-02 13:22:06,0,,100,1175,1,2026-07-02 13:22:06,R_3DT0DIxsIy6hBL3,,,,,,,anonymous,EN,1,P000138,5,3,2,4,3,2,3,1,5,1,4,4,3,6,2,3,6,3,4,1,2,Deterrence doesn't work,7,1,7,7,1,1,2,1,9,4,1,2,1,2,1,6,5,5,6,1,1,7,5,6,6,6,3,6,4,1,7,1,2,1,2,1,2,1,7,2,2,2,3,2,3,1,7,6,1,1,1,5,6,1,7,1,1,1,7,1,1,1,1,7,7,2,2,6,7,1,1,1,2,7,1,1,5,5,5,47,23,23,The victims age and the severity of the crime,I'm not sure,,,,,,,,,1,7,1,47,1,1,6,2,3,3,3,,1
2026-07-02 12:25:34,2026-07-02 13:22:30,0,,100,3416,1,2026-07-02 13:22:31,R_3fYSi7RLf6EHK8W,,,,,,,anonymous,EN,1,P000586,7,7,5,6,6,6,4,7,6,6,7,6,4,6,6,5,6,1,2,4,3,"Yes there should be punishment for any crime committed, which should be also a way from keeping other from commit crime. then comes prison that should be a rehabilitation place for some criminals, then when people are locked up they should not be able to commit crime.",3,5,3,5,5,3,5,3,9,3,3,5,4,5,3,2,3,3,4,3,3,3,5,5,5,4,4,3,4,4,6,5,5,5,3,2,6,5,5,3,4,3,2,4,5,3,5,5,3,5,5,5,5,3,4,3,6,4,5,4,5,5,5,3,5,4,4,4,5,5,3,4,2,5,3,5,4,0,100,24,,,,,,,,,35,30,"He already got some blow as well, that's why I gave him 3 decades","He take the live of someone else, the punishment should be live in prison, but based on history, I would like to not go beyond.",2,5,4,55,2,2,4,3,3,1,1,N/A,3
2026-07-02 12:48:54,2026-07-02 13:24:26,0,,100,2131,1,2026-07-02 13:24:26,R_7QtFYnBFzbXzlr3,,,,,,,anonymous,EN,1,P001311,6,6,6,6,6,6,6,6,6,6,4,4,4,6,5,6,6,4,2,3,1,"The main reason to punish a criminal by imprisonment is rehabilitation so that thye can reform and be law-abiding citizens hence it forms the main reason for punishing a criminal. ",3,4,2,6,5,3,6,3,9,2,6,2,5,6,3,2,6,4,2,3,5,2,6,6,5,4,3,4,4,5,7,6,4,2,3,2,4,5,6,4,5,4,6,5,5,6,6,2,2,2,2,6,7,2,6,4,6,5,4,5,3,1,1,7,7,1,1,7,7,3,4,3,2,6,2,2,6,5,5,47,,,,,35,35,I would still sentence Darryl to 35 years in prison for comitting a second degree murder and violent behavior that was unprovoked.,The sentence will help to reform Darryl's behavior so that he learns to restrain and solve differences through dialogue and not fights.,,,,,2,7,7,29,2,7,4,6,2,1,1,The study was meaningful and engaging.,2
2026-07-02 13:21:17,2026-07-02 13:34:42,0,,100,805,1,2026-07-02 13:34:43,R_5SShBcq8iGVovFn,,,,,,,anonymous,EN,1,P001809,6,3,6,3,7,3,5,3,3,5,7,5,6,5,3,5,3,1,4,3,2,i ranked them from the general knowledge to other lesser reasons,3,5,5,3,6,6,3,3,9,6,3,2,3,6,6,5,2,6,6,2,6,2,2,6,5,2,3,6,4,6,3,3,3,6,6,3,3,6,3,5,4,3,6,6,3,5,3,6,3,6,3,6,2,6,3,6,3,2,6,5,6,6,6,3,3,2,7,6,6,6,3,6,1,6,2,5,3,7,63,38,,,,,28,32,because it is an offence you cant come back from,,,,,,2,5,4,57,1,2,4,5,2,1,1,,2
2026-07-02 13:27:38,2026-07-02 13:43:11,0,,100,933,1,2026-07-02 13:43:12,R_5kLfLiwadLf356k,,,,,,,anonymous,EN,1,P001399,7,7,5,6,7,6,4,2,6,4,6,7,3,1,5,5,7,1,2,3,4,"yes they do deserve it, it sorta stops others but theyre going to break the law regardless, no they can not commit some crimes while in, and no i do not believe its a rehab",1,7,1,7,7,1,7,7,9,1,1,7,1,7,1,1,4,5,3,3,1,1,7,1,7,7,7,7,4,1,7,1,1,1,1,1,5,7,3,2,4,6,2,4,6,6,7,1,6,7,6,3,7,1,7,1,6,1,7,6,6,5,1,7,1,2,1,7,7,5,3,4,1,1,4,4,1,5,100,24,,,,,50,50,a life for a life,keep him locked up forever,,,,,1,7,1,40,2,4,2,6,2,1,1,,2
2026-07-02 13:33:30,2026-07-02 13:44:49,0,,100,679,1,2026-07-02 13:44:50,R_1GCVxQWqH8PAoiv,,,,,,,anonymous,EN,1,P000214,7,7,7,7,7,5,7,7,7,7,7,7,7,7,7,7,7,3,2,1,4,"Preventing crime should be the most important factor, and I ranked the choices based on that factor.",1,4,4,4,3,1,4,3,9,3,4,4,4,4,4,4,5,4,3,2,4,4,6,4,4,4,6,6,4,4,7,2,5,4,4,1,4,4,7,1,2,4,3,5,5,5,6,4,3,4,4,6,6,2,6,3,1,1,7,2,4,1,1,6,7,1,6,4,7,2,1,7,6,6,1,1,4,10,5,47,,,,,30,25,Reduced the sentence because of the reduced threat.,"Rehabilitation and safer society. ",,,,,1,6,1,49,1,2,6,3,1,3,1,,2
2026-07-02 13:04:37,2026-07-02 13:44:51,0,,100,2413,1,2026-07-02 13:44:51,R_3ZTZbRtO5wI67nR,,,,,,,anonymous,EN,0.20000000298023224,P000651,2,4,5,2,2,2,2,2,2,2,3,2,2,2,2,2,2,2,3,1,4,I feel like rehabilitation is often the last thing on people's mind when it comes to punishing criminals.,3,1,1,2,2,1,1,1,9,2,2,7,1,7,2,1,1,1,6,1,1,4,3,7,7,6,1,3,4,5,6,1,6,1,2,1,6,7,4,6,1,1,4,1,1,3,6,6,1,1,1,7,7,1,7,1,1,1,7,1,1,1,1,7,7,1,1,7,7,1,1,1,1,7,1,1,7,5,5,47,,,,,,,,,28,20,"I think that with the circumstances, Darryl does need consequences. I don't believe that there should be no punishment, but I believe that there should be rehabilitation. ",I hope he will reflect on his actions and face the severity of what he's done. I hope he'll feel remorse and work to change himself.,1,7,1,20,2,2,4,1,3,3,2,"I have no suggestions, but I want to make it clear that I am not advocating for absence of justice. When answering the questions, I was considering that there are people punished too harshly for light crimes, due to a number of factors (such as race), and people who are let off for very serious crimes, like rape and pedophilia. I believe in rehabilitation, but I don't believe rapists and pedophiles deserve a kind sentence. At the same time, I don't believe the power to kill should be in the hands of the government, because too often there are miscarriages of justice.",3
2026-07-02 13:10:02,2026-07-02 13:50:16,0,,100,2413,1,2026-07-02 13:50:17,R_6170TpNs0nJtaGu,,,,,,,anonymous,EN,1,P000947,7,7,6,7,7,1,4,1,5,7,4,7,1,3,1,1,4,1,3,2,4,"Because I feel that all criminals, if they commit a crime deserve to be punished. I believe while they are locked up they can not commit other crimes, I then feel that while prisoners are locked up they can get rehabilitated, but not all use the resources.",4,6,1,6,7,4,7,7,9,5,1,7,7,6,1,6,7,7,4,1,1,2,7,1,4,1,7,7,4,2,6,7,1,3,4,1,6,6,6,2,1,3,1,7,3,5,4,5,7,6,6,2,4,5,4,4,4,4,7,4,5,1,1,7,7,1,1,7,7,6,1,6,1,5,1,1,6,10,5,24,,,,,,,,,50,25,I feel he commented murder so he has to be punished accordingly regardless of his condition.,"I hope it will teach him that taking someones life for your own satisfaction is not right, and needs to be punished.",1,6,4,55,2,2,3,4,3,3,3,,3
2026-07-02 13:12:39,2026-07-02 13:51:56,0,,100,2357,1,2026-07-02 13:51:57,R_7HpKsAwcQUrkSs3,,,,,,,anonymous,EN,1,P000137,7,7,5,5,7,7,5,6,7,6,7,7,6,7,7,4,6,1,3,4,2,"I think it's better for society when criminals receive their punishment because first and foremost, I believe that their punishments are well deserved. I'm seeing too many instances of criminals, with repeated offenses, getting arrested and getting released back on to the streets which makes it seem like people can commit crimes without impunity. 

I also understand that not all criminals are necessarily bad people and some commit crimes because their life circumstances are desperate enough that they have no other choice, so prison can probably help them assuming the systems are setup properly that will benefit society as a whole (in reality, I don't believe that's the case because felons lose a lot of rights once convicted and their lives are significantly harder. But in a perfect world, if a criminal actually gets rehabilitated and reintegrated into society so they'd become upstanding citizens, it's beneficial in the long run). 

While punishment like long prison sentences or death sound like a deterrent for average people, I feel that those who commit crimes to warrant such punishments probably do not care about those deterrents.

The prison system, as it stands, does not protect prisoners from crime. I've heard many horror stories of prisoners committing crimes within prison so the reason of ""While they are locked up, prisoners cannot commit other crimes."" to be invalid. ",4,5,4,4,6,2,6,4,9,4,2,3,3,4,2,2,7,3,7,2,1,7,6,7,7,6,6,7,4,4,7,2,5,6,3,1,6,4,3,6,1,1,5,1,5,6,5,7,4,1,1,1,7,1,4,1,3,1,7,2,4,1,1,7,7,1,1,7,7,7,1,2,1,5,2,5,4,10,5,47,30,50,"Because Darryl is convicted as a felon, he lost many rights to allow him to actually function in society and having a severe disability will leave him with a slow and painful death if he were released on his own devices. Assuming he is imprisoned with facilities to accommodate his disabilities, his basic needs to survive with some semblance of dignity would be met (food, shelter, etc).","I don't know if the sentence will actually accomplish anything because even if Darryl no longer imposes a threat to society, he killed a girl that had barely started her life and no matter what, she's not coming back. He may have been desperate and angry when he committed the crime, but I feel he needs to spend the rest of his life having to live with the fact that he took the life of a child. 

If he's at all regretful of what he did, he will also be living with that regret and perhaps he will be allowed to use that regret better himself as a person.",,,,,,,,,1,7,1,38,2,3,4,2,3,1,1,"You should mention in the description that there are writing portions. 

Also, there was one math question that I had trouble with, which is regards to the lily pads and lake. The unit asked was minutes but, there aren't enough ""minutes"" in the options. Did you mean ""days""? I assumed days, so I answered in ""days"".",1
2026-07-02 13:37:22,2026-07-02 13:52:46,0,,100,923,1,2026-07-02 13:52:46,R_7QzXIPqkfxn7jHd,,,,,,,anonymous,EN,1,P000753,7,6,7,7,6,7,7,7,6,7,6,7,6,6,6,7,6,1,2,3,4,"A crime that harms someone or puts you at an unfair advantage taking away from others should be punished. jail prevents more crime and gives the state a chance to rehabilitate criminals. ",4,3,3,5,2,1,4,4,9,3,4,7,4,4,5,3,5,4,5,1,4,1,5,5,5,5,4,5,4,3,5,4,4,3,4,4,3,2,6,2,3,4,4,4,4,4,5,4,3,1,1,4,4,4,3,4,5,4,4,4,4,2,2,6,6,1,1,6,6,6,1,2,1,5,4,4,1,10,100,24,30,45,"Daryl targeted a young girl. He had intent to harm because of his actions the minor was killed fighting for their life. ","Fear, in hopes no one else will target a minor for no reason other than self-pleasure or sick actions ",,,,,,,,,1,7,1,41,1,4,3,4,3,1,3,"i loved it would have liked a little more detail though ",1
2026-07-02 13:32:20,2026-07-02 13:59:07,0,,100,1606,1,2026-07-02 13:59:08,R_5Be4k3sPxUg9CLv,,,,,,,anonymous,EN,0.8999999761581421,P000399,5,5,4,4,4,5,5,5,3,5,5,5,5,6,4,5,4,4,2,3,1,not all criminals deserve punishment  because  how can you punish with a thorn in your neighbors eye when you have a plank in yours,5,3,3,5,4,3,5,4,9,2,3,3,3,5,3,5,3,3,2,3,3,5,2,5,5,5,3,5,4,3,5,3,4,4,4,3,4,4,5,3,3,3,5,2,2,3,6,4,2,3,4,4,5,5,4,3,5,6,3,4,4,4,3,5,5,5,2,5,5,4,3,4,3,3,5,4,3,10,100,24,,,,,,,,,30,25,Paralyzing alone can be a form of punishment but all in all what would Jesus do in this situation," using better programs to help people to over come anger  and find the root cause to rehabilitate ",2,4,4,58,1,1,5,4,3,1,1,,3
2026-07-02 14:13:23,2026-07-02 14:42:10,0,,100,1726,1,2026-07-02 14:42:10,R_3TLXJIuRgojkg5J,,,,,,,anonymous,EN,1,P000800,5,5,5,6,5,5,4,5,7,5,6,6,5,7,6,5,6,1,2,3,4,I chose this format because when they get punished they then realize the mistake they have done and the rehabilitation process can start.,3,6,2,3,5,4,6,4,9,4,5,5,5,5,4,4,4,5,4,3,5,5,7,4,5,5,4,1,4,4,4,4,5,6,4,4,7,7,5,7,7,2,2,5,5,5,4,5,6,4,6,4,6,3,4,4,6,5,5,6,6,5,4,5,3,3,4,4,5,5,3,3,2,5,3,6,6,10,100,47,30,25,"This is a serious crime which resulted to death ",I hope it holds him accountable for his actions and will serve as a remind to others too not to repeat,,,,,,,,,1,5,6,62,1,2,6,2,2,1,1,,1
2026-07-02 14:30:41,2026-07-02 14:43:07,0,,100,745,1,2026-07-02 14:43:08,R_5goKjlDrxgfVqJP,,,,,,,anonymous,EN,1,P000874,6,7,7,7,7,7,5,7,6,7,7,6,3,7,5,6,6,1,3,2,4,"I have a very strong justice meter, and I think that when people do harm and commit crime, it is only just to punish them for it. Society has a moral obligation to. I also think the next most important issue is public safety, which is achieved when criminals are prevented from committing more crimes. Punishment also serves as an important warning to deter people from committing crimes, and usually works on the average person but there will always be people who don't care. And finally, rehabilitation only works for certain people and for minor crimes. I don't think that should be the goal for major felonies. ",3,5,2,4,6,5,6,6,9,6,6,5,5,6,4,3,6,6,6,5,2,4,4,3,3,2,5,5,4,5,7,4,5,4,5,1,5,4,6,3,3,3,2,3,5,5,3,4,5,5,5,6,5,3,5,3,5,7,2,6,6,3,2,5,5,5,5,6,6,4,5,5,3,5,3,4,5,5,5,47,,,,,45,30,"He should be punished duly for his actions, even if he was a minor at the time. However, if he is no longer a threat to society, perhaps he could be released early on parole. ",Justice and retribution for his murder.,,,,,2,6,4,19,2,3,3,6,2,1,1,,2
2026-07-02 14:59:54,2026-07-02 15:29:14,0,,100,1759,1,2026-07-02 15:29:14,R_6oASChNeVJ82HWJ,,,,,,,anonymous,EN,1,P001101,5,5,5,5,6,5,7,6,5,6,5,6,3,5,5,6,6,3,2,1,4,"I ranked them the way I did because it seems obvious to me that someone who is locked up can't commit more crimes, at least not in the community. I also believe punishment deters people from committing crimes in the first place. I do personally think criminals deserve to be punished but it's not high on my list of reasons they should be. Last, I don't really believe prisoners get rehabilitates for the most part...I think a lot of people come out of prison having learned to be better criminals and that's a real problem. ",3,3,2,5,5,2,5,5,9,4,3,2,5,6,2,2,5,6,6,3,3,4,6,3,6,3,5,5,4,3,6,3,3,2,4,1,5,5,6,2,3,4,2,3,4,5,6,4,2,2,2,3,5,3,6,3,2,2,6,3,4,1,1,7,7,2,1,7,7,3,1,2,1,6,2,2,6,5,5,47,50,50,"I think that if you murder someone, you should get life in prison. The details don't really matter because someone is dead because of the criminal's decisions. I don't really care if he's not a threat, the 50 years is his punishment, not to keep him off the streets.","It will accomplish punishing him for what he did, and hopefully deter others from doing the same. ",,,,,,,,,1,5,1,49,2,1,2,2,1,1,1,"yes, the last page asked about race, but wouldn't let me select more than one and didn't have an option for biracial. ",1
2026-07-02 15:31:56,2026-07-02 15:41:36,0,,100,580,1,2026-07-02 15:41:37,R_7g6MIbAOIJrOdRp,,,,,,,anonymous,EN,1,P001107,5,5,5,5,5,5,5,5,5,5,5,6,5,5,5,6,5,2,4,1,3,it just makes senes,4,3,4,5,4,3,5,5,9,4,4,3,5,3,4,2,4,4,4,3,3,4,4,4,3,4,4,4,6,3,3,3,4,5,5,5,3,4,3,4,3,4,3,4,4,4,3,5,4,3,4,4,4,3,5,4,4,4,3,3,5,3,5,4,5,3,3,4,3,4,5,4,3,4,3,4,5,10,100,24,,,,,23,14,I think he deserves it,he helped but get less time,,,,,1,5,5,20,2,4,3,5,2,3,3,,2
2026-07-02 15:40:36,2026-07-02 15:54:36,0,,100,840,1,2026-07-02 15:54:37,R_3z6WaLtb0KtGV77,,,,,,,anonymous,EN,0.699999988079071,P001815,6,6,6,6,6,7,5,7,5,7,6,6,6,6,6,6,6,1,3,4,2,criminals do not deserve to live free,3,7,6,6,6,6,6,7,9,7,7,7,5,6,7,2,6,5,6,3,6,7,7,6,6,6,5,7,4,6,6,5,6,6,5,5,5,5,6,5,5,6,2,6,7,7,5,6,3,5,5,5,6,6,5,6,6,6,7,6,6,6,5,4,6,7,6,6,5,7,3,2,2,1,7,6,1,10,100,24,,,,,,,,,50,50,daryl killed a man and deserves to be punished,rehab,2,7,1,35,1,3,4,5,2,1,1,,3
2026-07-02 16:09:24,2026-07-02 16:26:45,0,,100,1041,1,2026-07-02 16:26:47,R_5e5wKCV2Fj6MsT0,,,,,,,anonymous,EN,1,P001733,7,6,7,7,7,7,6,7,7,7,7,7,6,7,7,7,7,3,2,4,1,While prisoners are locked up they cant commit crimes on civilians.,2,6,1,1,1,2,5,7,9,4,5,2,4,5,3,5,6,5,5,3,5,6,4,3,5,3,5,4,4,4,5,5,5,5,6,4,2,1,5,1,2,4,2,5,6,2,4,5,6,4,5,3,5,5,3,3,6,6,4,5,6,4,4,6,5,4,5,5,5,5,4,6,5,5,2,5,3,10,100,28,,,,,,,,,35,20,"Based on the crime, I still gave him 20 years due to the severity.",I hope he can understand and change his ways during those years.,1,7,4,35,1,2,5,7,2,3,1,Great survey.,3
2026-07-02 16:16:56,2026-07-02 16:51:40,0,,100,2083,1,2026-07-02 16:51:40,R_3fll2cuQn0q0G6v,,,,,,,anonymous,EN,1,P001920,7,7,7,7,7,7,6,7,7,7,7,7,4,2,6,7,7,1,3,2,4,"Criminal deserve all the punishment they get. These criminals need to learn how not commit crimes, i order to get out. They should shouldn't be released until they prove that they will not commit crimes again. Some criminals should Never get out!",4,7,1,1,4,4,7,6,9,7,7,6,7,7,7,1,7,7,7,7,7,1,7,3,3,4,6,7,4,4,6,5,6,7,4,1,6,7,3,7,7,7,1,1,7,7,1,7,7,7,7,1,4,7,1,7,6,7,4,7,7,7,3,4,1,7,4,1,1,7,6,6,3,1,7,7,4,10,5,24,,,,,50,50,He committed a serious felony. He deserves to spend the rest of his life in seclusion in prison.,To take one maggot off of the streets.,,,,,2,5,4,55,1,1,6,5,2,1,1,No comments to present.,2
2026-07-02 17:33:29,2026-07-02 18:00:49,0,,100,1640,1,2026-07-02 18:00:50,R_5qlzJhgtOf2ofjX,,,,,,,anonymous,EN,1,P001596,7,7,7,7,6,7,7,5,7,7,5,5,3,4,5,5,7,2,3,4,1,criminals should be held responsible for their crimes. however society should stress rehabilitation while in jail. it would benefit society to not have criminals going in and out of prison constantly.,7,3,1,7,5,3,5,1,9,1,5,7,1,7,3,3,1,5,1,1,5,3,6,5,5,7,5,6,4,1,7,1,5,1,5,1,4,2,6,2,2,3,4,4,5,3,5,2,1,3,1,5,4,1,5,1,1,1,7,1,1,1,1,7,7,1,1,7,7,5,1,1,1,7,3,3,5,10,5,47,30,5,"i know he deserves to do time. but be paralyzed it does not matter where he does his time. so give him a symbolic 25 years, maybe all 25 years to be served if he commits another crime.",i don't feel his medical needs could be properly met in prison. so let him know if he commits another crime he will be gone for 25. but for now he will have access to better medical aid.,,,,,,,,,1,6,1,66,1,1,3,1,1,3,3,,1
2026-07-02 19:37:23,2026-07-02 20:17:23,0,,100,2400,1,2026-07-02 20:17:24,R_3nwPcz1hlz4BNdw,,,,,,,anonymous,EN,1,P000988,6,6,5,6,6,6,5,6,6,6,5,6,6,6,5,5,6,1,2,3,4,Dont do the crime if you cant do the time. Criminals must be punished it deters other criminals they cant do anything while in jail and some people do get schooling in prison.,4,2,6,7,1,1,5,2,9,1,2,7,4,7,7,4,5,6,3,1,1,4,6,6,7,7,6,3,4,3,7,1,1,1,1,1,7,7,7,1,1,1,5,1,1,1,7,3,1,4,2,7,7,1,7,1,4,5,4,3,4,4,1,7,7,1,1,7,7,5,1,1,1,6,1,3,7,10,100,24,15,10,"Even if paralyzed he still has to serve prison time For him,  Frankie and Frankie's family.",So Frankie and Frankies will feel he was punished.,,,,,,,,,1,4,1,55,2,4,3,4,2,3,3,I think it was great different a nice change of pace.,1
2026-07-02 19:56:01,2026-07-02 20:22:06,0,,100,1564,1,2026-07-02 20:22:06,R_3vbXB9IAwIABtmN,,,,,,,anonymous,EN,1,P000081,2,5,3,5,5,3,2,5,5,5,3,5,2,6,1,1,5,3,2,1,4,"No. 1 is for safety of the community. 2 and 3 seem like the best order. As for 4, I'm not sure prisoners actually get rehabilitated.",5,4,3,7,5,2,7,1,9,1,1,5,1,7,1,1,5,6,5,1,2,3,2,7,5,3,1,3,4,2,7,1,1,1,3,1,7,5,2,3,3,3,2,3,5,4,7,2,2,1,1,7,6,3,7,1,1,1,6,2,1,1,1,7,7,6,1,7,7,5,1,1,2,7,1,1,1,10,20,24,,,,,,,,,40,30,I gave a lower sentence because he was a minor.,"He was very close to a legal adult, and the crime was premeditated and savage. The punishment probably won't make him law-abiding, but he will be off the streets.",1,5,1,75,2,1,4,2,1,2,2,"Enjoyed the study! BTW, my husband is a defense attorney.",3
2026-07-02 21:00:56,2026-07-02 21:26:24,0,,100,1528,1,2026-07-02 21:26:25,R_1QRBn2AWbQ7java,,,,,,,anonymous,EN,1,P000801,6,6,6,5,5,5,4,5,5,6,6,6,1,3,5,5,5,1,3,2,4,"Victims should be able to get justice and so criminals should be punished.  Also, while they are locked up they could not commit more crimes.  I'm not sure that it deters other criminals and I don't believe any real rehabilitation occurs in prison, so those were lower on my rankings.  ",4,3,3,5,5,2,3,5,9,5,5,4,3,6,3,2,6,6,5,3,3,3,5,6,6,3,5,5,4,5,7,2,2,2,4,1,6,5,7,3,2,2,4,5,5,5,6,5,3,2,2,7,5,2,7,3,2,2,6,4,4,2,3,5,6,5,4,5,4,2,1,3,1,5,5,6,5,10,5,47,,,,,25,15,"I recommended this sentence because part of the considerations would be his posing a threat to society.  Due to his paralysis, he wouldn't be much of a threat to anyone. ","Justice for the victim and her family and punishment for the criminal. ",,,,,1,7,1,57,2,1,5,3,3,1,1,,2
2026-07-02 21:50:17,2026-07-02 22:22:56,0,,100,1958,1,2026-07-02 22:22:56,R_60rxCZE6KWddXJ0,,,,,,,anonymous,EN,1,P000133,7,7,6,7,7,6,6,5,7,7,6,7,5,6,7,6,6,2,1,3,4,"When a criminal see another criminal being punished for their crimes,  it gives a warning to the criminals to stay away from the crime. Also, criminal need to punished to keep the society safe and secure. .",1,6,1,5,6,5,7,6,9,5,5,6,5,5,4,2,5,5,4,4,5,5,5,5,5,3,4,5,4,4,4,5,4,5,4,4,5,5,4,4,4,6,3,4,5,6,5,5,4,4,5,6,6,5,4,4,4,5,6,3,4,3,5,6,6,3,2,5,6,2,1,5,4,4,5,5,4,5,5,46,,,,,,,,,27,5,As Darryl recently contracted a severe autoimmune disease that has permanently paralyzed his limbs so he is no longer a big threat to society.,It should show that the purpose of the law is to protect society from any kind of harm.,2,6,3,25,2,3,4,4,2,1,1,"The study was unique and engaging, I really enjoyed it.",3
2026-07-02 22:17:25,2026-07-02 22:49:16,0,,100,1911,1,2026-07-02 22:49:17,R_1TLQbRqsGU8A4rn,,,,,,,anonymous,EN,1,P000175,5,5,3,3,4,3,4,5,5,4,5,5,3,5,4,3,4,4,3,2,1,"Because punishment is not a one size fits all solution and it shouldn't always result in jail. Also, many of the worst criminals don't ever see jail because we live in a two tier system that rewards bad behavior for the rich and privileged and unfairly penalizes the poor, people of color, and other marginalized groups. ",5,2,3,5,1,2,7,3,9,1,2,5,1,4,2,2,3,3,3,3,3,4,3,5,5,4,2,5,4,2,5,2,4,1,3,1,4,3,4,2,2,3,4,3,3,3,5,3,2,3,2,5,7,2,5,2,2,1,7,2,2,1,1,7,7,1,1,7,5,4,1,1,1,7,1,1,7,5,5,47,50,25,"I assume the information presented that Darryl has an autoimmune disease paralyzing him and making him no longer a physical threat is true. Therefore, he still must be penalized for the crime of murder, but he may likely not live long enough to survive in prison for 50 years. ","Punitive and safety for the public but also reflecting the circumstances of the person who committed the crime. I would recommend lifetime monitoring and essentially house arrest after the initial prison sentence was fulfilled, along with extensive rehabilitation programming.",,,,,,,,,2,5,1,52,3,6,4,1,3,3,2,"I understand the need for cognitive data, however, it was unnecessarily discriminatory. As someone who lives with long Covid, and several other chronic health conditions that directly affect memory, cognitive and also mathematical skills, this proves to make this study unfairly biased against us and others with disabilities. We have a multitude of other equally valuable skills beyond one size fits all cognitive and math tests! Please do better and address this. ",1
2026-07-03 16:43:02,2026-07-03 17:10:00,0,,100,1617,1,2026-07-03 17:10:00,R_37e5e0QC8RzXdaV,,,,,,,anonymous,EN,1,P000256,7,7,7,7,7,6,7,7,2,7,6,7,2,2,7,7,7,1,3,2,4,Criminals cause bad things to happen to others. It serves them right to get a taste of payback. They also have a hard time doing more crimes while in jail. A lot of people openly say they don't do certain crimes because they don't want to go to jail. But the rehabilitation part is wrong. They don't rehabilitate so much as just get too old and feeble for basic-tier criming.,2,6,1,5,2,1,2,7,9,7,7,7,6,7,1,1,2,5,4,6,5,2,6,5,5,2,6,7,4,2,7,2,1,1,2,1,3,3,3,1,1,5,2,5,6,6,6,7,1,5,5,5,5,2,7,2,6,2,3,5,5,6,6,2,6,7,7,2,7,7,3,1,6,2,6,7,2,10,5,47,,,,,50,30,"He still deserves to go to prison for a long time. He took a life with his violent, reckless actions. To let him off because he has it rough now would be a miscarriage of justice.",Justice.,,,,,1,6,1,57,2,1,3,6,2,1,1,"The key difference with the shark scenario is that we don't know if that individual shark chewed on the kid. If I knew for sure it was The One, I'd definitely terminate it.",2
2026-07-05 20:13:14,2026-07-05 20:56:39,0,,100,2605,1,2026-07-05 20:56:40,R_5rP3awBoT4iVVmt,,,,,,,anonymous,EN,0.699999988079071,P000290,3,6,1,3,6,3,5,6,5,6,5,2,3,2,2,5,5,4,2,1,3,I placed number 1 where is at because the safety of others are always the top priority for me. As well as the 2nd one if there is a punishment it's less likely that others would wanna do more dangerous crimes that could harm others. 3 because the well being of the criminal is still important. 4 was the least important so I put it last.,3,3,5,6,3,3,3,3,9,3,6,7,2,5,3,7,4,1,4,4,2,6,4,5,6,4,3,7,4,5,2,7,5,3,3,3,7,4,5,1,3,3,4,3,3,5,5,2,1,5,6,5,7,2,6,1,5,7,1,6,3,3,3,7,3,6,5,5,3,7,6,5,5,5,3,5,5,5,100,24,,,,,,,,,40,20,I recommend this time period 20 years far less then what recommend before because Darryl is no longer a threat to anyone however he still did wrong and I believe this seems fit for his crime.,Enough to change his view but not too much where it achieves the opposite making him hate people.,2,7,1,22,1,4,4,7,2,1,1,,3
2026-07-06 17:16:39,2026-07-06 17:34:31,0,,100,1071,1,2026-07-06 17:34:31,R_50VcJ1KCbwMmcBP,,,,,,,anonymous,EN,1,P000930,7,7,7,7,7,7,7,7,7,7,7,7,2,3,7,7,7,1,3,2,4,I think being punished and locked up keeps them from committing more crimes. I also think it is an example for others and deters crime that way. I think rehabilitation is easier said then done.,1,7,1,1,7,7,7,7,9,7,7,1,7,7,1,1,7,7,7,7,7,1,7,1,1,1,7,7,4,1,7,1,1,1,1,1,7,7,6,2,3,7,1,7,7,7,1,7,7,7,7,1,7,7,2,1,1,3,7,1,1,1,1,7,7,1,1,7,7,7,1,1,1,7,1,1,7,5,5,47,,,,,50,50,Darryl did something wrong and deserves to be punished. he knew it was wrong and did it anyways.,I hope it punishes Darryl and gives the family justice.,,,,,1,7,1,38,2,1,2,1,1,1,1,I think the punishment should fit the crime. murder for murder.,2
2026-07-06 17:22:59,2026-07-06 17:35:34,0,,100,755,1,2026-07-06 17:35:35,R_5Gk4t90mWH4d5V3,,,,,,,anonymous,EN,1,P000871,4,5,3,1,3,3,3,3,3,1,1,1,3,1,1,2,5,2,4,1,3,"1- it's true that they cannot commit crimes while incarcerated, 2 I think it mostly depends on the crime but overall agree, 3 some prisoners get rehabilitated but a lot don't and 4 disagree because we have lots of re-offenders and others who will continue to do it anyways",5,1,4,6,1,1,3,4,9,1,1,4,1,6,1,4,2,1,6,1,2,5,3,5,6,7,3,4,4,2,7,1,2,1,3,1,5,4,6,2,2,1,7,1,1,5,7,7,1,1,1,7,7,1,7,1,2,1,7,1,2,2,1,7,7,4,1,7,7,5,1,1,2,6,1,3,6,10,100,24,30,10,He's just a kid trying to survive and hopefully would make parole to do some work rehab or something.,"Give him part of his life back since he was so young when this happened. ",,,,,,,,,1,7,1,37,2,1,5,1,1,3,3,"I enjoyed taking this study, made me really think about what I think about our criminal justice system. ",1
2026-07-06 17:15:38,2026-07-06 17:37:40,0,,100,1321,1,2026-07-06 17:37:40,R_5XMgAiyQX5Svtrb,,,,,,,anonymous,EN,1,P001418,7,7,6,7,7,7,7,7,7,7,7,6,7,7,7,7,7,2,1,3,4,I ranked it that way because the first goal is to discourage others from doing the same thing and serves as a lesson to others who might want to consider a life of crime.,4,6,1,7,7,5,5,6,9,4,7,4,7,5,3,1,6,6,7,3,6,5,7,5,6,4,6,6,4,5,6,5,4,6,4,4,5,5,2,2,2,7,1,7,7,7,7,7,7,6,7,4,7,4,6,6,6,4,6,5,5,2,1,6,6,4,4,7,7,6,6,6,1,6,4,4,5,5,5,47,21,15,"I chose 15 years because the crime resulted in a death during a robbery, which is serious. However, based onDarryl’s severe illness and permanent paralysis, he no longer poses a threat to society.",I hope this sentence provides justice for the victim.,,,,,,,,,2,4,3,26,1,2,4,4,2,1,1,,1
2026-07-06 17:24:57,2026-07-06 17:38:03,0,,100,786,1,2026-07-06 17:38:04,R_5qyx2l8jdJeE6vT,,,,,,,anonymous,EN,1,P000583,6,6,6,6,6,3,6,6,6,6,6,6,4,4,6,6,6,4,2,1,3,Mostly I just think that we have to lock up criminals to keep our cities as safe as possible,4,3,1,3,4,1,5,1,9,5,3,2,6,5,3,3,7,5,5,5,4,5,7,7,6,3,7,7,4,3,7,2,3,6,5,1,6,6,3,3,1,3,5,2,5,5,7,6,3,6,5,7,7,4,7,3,6,7,1,5,5,5,1,7,7,7,7,5,5,3,3,6,3,5,5,5,3,5,5,47,,,,,40,10,I made it relatively short since he will likely die,That he is punished but not too much,,,,,1,3,1,53,2,1,4,5,2,1,1,,2
2026-07-06 17:24:02,2026-07-06 17:41:45,0,,100,1062,1,2026-07-06 17:41:45,R_1CddutvJ9kibC7f,,,,,,,anonymous,EN,1,P000365,6,6,6,6,6,6,2,6,7,6,6,7,6,6,6,6,6,3,1,2,4,Criminals deserve to be punished but also rehabilitated,2,3,2,6,6,5,7,6,9,5,6,7,6,7,3,2,5,5,3,1,1,2,6,3,6,5,5,6,4,2,6,6,6,5,6,1,5,4,3,3,2,6,1,5,7,6,5,3,2,2,3,3,3,2,6,3,2,2,5,3,3,1,1,7,7,1,1,7,7,2,1,2,2,2,1,6,1,10,5,12,,,,,50,50,He should still serve a life sentence for murder,that he is punished for his crime,,,,,1,3,1,61,2,1,2,6,2,3,3,,2
2026-07-06 17:30:46,2026-07-06 17:43:21,0,,100,754,1,2026-07-06 17:43:22,R_3khrUPSNxIJrz4x,,,,,,,anonymous,EN,1,P000592,5,6,3,4,5,2,2,3,4,7,2,3,2,5,2,1,2,1,2,4,3,"i believe certain crimes demand imprisonment, and for some people it will stop them from committing crimes. there is some rehab in prison but not a lot, and more crimes happen in prison then anywhere else.",4,2,2,7,4,1,6,5,9,4,2,5,1,6,4,2,1,1,6,1,1,4,2,4,4,6,1,2,4,1,7,1,2,1,4,1,6,5,5,4,4,4,3,1,4,4,6,5,1,4,1,4,7,2,6,1,1,5,7,1,3,2,1,7,7,1,1,7,7,7,5,4,4,6,1,3,6,5,1,47,,,,,,,,,15,10,because even though he wasnt a threat to society any longer he still committed a heinous crime.,"insight, growth, and reflection.",1,7,2,45,1,2,3,3,1,3,2,,3
2026-07-06 17:23:25,2026-07-06 17:43:56,0,,100,1230,1,2026-07-06 17:43:57,R_7J7NWHq87YUwhzB,,,,,,,anonymous,EN,1,P001769,6,7,6,5,6,6,3,4,5,6,4,5,3,4,4,4,5,1,4,2,3,"Do the crime and do the time, while you are doing time your criminal activity is limited, if you are smart you might look for a better path on release, and finally there are too many ignorant idiots that have no fear of getting caught.",4,4,4,6,5,4,4,6,9,5,3,7,4,4,5,2,6,6,4,4,4,2,6,3,2,4,5,5,4,4,6,2,3,2,4,1,3,3,7,1,1,4,2,4,5,4,4,4,3,4,6,2,4,4,5,5,1,1,7,1,2,4,3,6,6,6,3,5,7,7,1,3,1,7,1,1,7,4,5,47,,,,,,,,,50,50,"With no regard for another human, he deserves the same. Die in prison.",The community will be settled.,2,7,1,71,1,1,3,4,3,3,2,,3
2026-07-06 17:21:53,2026-07-06 17:52:02,0,,100,1809,1,2026-07-06 17:52:02,R_3BLpJMEyvnyItep,,,,,,,anonymous,EN,1,P001325,4,6,6,7,6,6,4,6,6,6,6,7,6,6,6,7,4,1,2,3,4,Becuase I feel strongly they should be punished for their crimes,2,6,1,3,6,3,4,4,9,2,2,4,6,5,3,1,6,1,1,3,1,2,7,1,2,4,7,7,4,7,5,5,3,6,5,1,7,7,4,5,2,5,1,6,6,7,5,1,4,1,1,4,4,5,5,5,6,6,7,7,6,7,1,1,7,1,1,1,3,6,1,4,3,1,1,7,1,10,100,24,,,,,50,50,"Regardless of his disease, he still committed a crime. ",Justice for the family,,,,,1,3,1,38,2,1,3,6,2,1,1,,2
2026-07-06 17:22:44,2026-07-06 17:56:52,0,,100,2048,1,2026-07-06 17:56:53,R_7dvIaljRZYzhENH,,,,,,,anonymous,EN,1,P000876,6,7,6,5,6,7,4,7,7,7,7,7,4,6,4,6,7,3,1,2,4,"I feel that punishment is usually warranted for criminal activity but there are some situations where people commit crimes that are not inherently evil or bad or the person themself is a good person forced to do a bad thing out of necessity and therefore, these types of criminal acts are exceptions to the justification of punishment in the strict definition that has been presented.",4,5,1,6,7,6,6,6,9,5,5,3,4,7,1,1,6,6,3,3,3,5,4,4,3,4,4,7,4,4,5,2,4,6,4,1,6,4,6,5,4,4,4,5,6,7,6,5,3,4,6,4,5,4,5,5,6,2,6,4,5,5,3,4,4,6,5,4,6,4,3,4,1,2,5,7,2,10,100,24,25,23,"I slightly lowered the sentence due to the medical condition that paralyzed Darryl. I felt this has made him less of a threat and also serves as a form of punishment for his crimes in that he will most likely not be able to perform and do the things he had done prior in society as a result. I also took into account that having an inmate with medical needs will put a greater strain on the correctional facility he is sent to and therefore a longer sentence may put unnecessary strain on the system rather than serve as punishment for the crime that was committed. I gave Darryl a long enough sentence to experience punishment through the legal system to give Frankie and her family justice for her death, but not exact a harsher punishment that is necessary since Darryl seemed to be acting out of the direness of his situation and not on evil intent.","I hope it will  serve as punishment for Darryl's crime that was committed in  a way that punishes Darryl and provides justice to Frankie while taking into account the nature of the circumstances surrounding the crime. I gave Darryl a long enough sentence to experience punishment through the legal system to give Frankie and her family justice for her death, but not exact a harsher punishment that is necessary since Darryl seemed to be acting out of the direness of his situation and not on evil intent. I hope Darryl will be rehabilitated in prison/seek penance during his incarceration and Frankie's family will feel that their daughter's case was tended to fairly without being dismissed.",,,,,,,,,1,5,1,32,2,1,4,6,2,1,1,,1
2026-07-06 17:30:03,2026-07-06 17:58:33,0,,100,1710,1,2026-07-06 17:58:34,R_1Qhc0drUAB7r4TT,,,,,,,anonymous,EN,1,P000769,6,6,3,7,7,5,6,7,7,7,5,6,1,2,4,4,6,2,1,3,4,"Because we had to use all the options there.  Criminals do need to be punished, and yes sometimes punishment is a deterrent.  The current prison system does not prevent criminals from comimitting crimes.  While in prison they may commit even more crime then they did on the street!  As far as rehabilitation, see previous sentence.  It might scare a few people straight, but to the worst of the worst this place becomes a training ground, a place to hone their criminal skills.  While I sound like a typical right wing doomsayer, I have a past, a past with such types, and activities.  I can tell you first hand, the prison system is broken, and backwards.",3,7,1,7,1,1,3,3,9,3,2,7,5,4,5,3,5,2,3,3,2,3,5,3,1,5,3,4,4,4,7,3,1,5,4,1,6,6,5,4,4,3,2,3,3,3,5,3,1,1,2,4,6,2,5,2,5,4,5,5,5,7,1,1,5,6,5,1,3,6,1,7,7,1,5,6,1,10,5,47,,,,,,,,,30,35,"The law is the law.  He was a know criminal, and clearly his crimes were escalating.  It is a shame his life will no longer be the same because of the illness, but in prison, he will get treatment, and will be able to serve out every single cold hard day in prison until his time is up, in any which way ones time may come up.  Him eing sick does not undo or lessen what he did.  He started so young, perhaps this was natures way of ensuring he would harm far fewer people in life.","Its not what it will accomplish, it is a punishment.  It is the cost of crime.  It is the consequence, not dependent on the hopes and wishes of the people.  It is a consequence set forth by the laws of our nation.",1,7,1,41,1,4,3,7,2,1,1,"This was a thought provoking task, thank you for making it availible to us.",3
2026-07-06 17:32:09,2026-07-06 18:03:32,0,,100,1883,1,2026-07-06 18:03:33,R_5WEgP3nh7SeQbvz,,,,,,,anonymous,EN,1,P000198,7,7,7,7,7,7,7,7,7,7,7,7,7,7,7,7,7,4,2,3,1,"The main reason for having prisons is to rehabilitate offenders. Prisons provides an opportunity for offenders to be rehabilitated before they return to the society. ",5,1,1,1,7,3,7,7,9,7,7,5,7,7,3,1,7,7,7,3,5,5,7,5,5,1,5,7,4,7,7,1,1,1,1,1,4,5,5,1,1,5,1,3,5,5,7,1,7,3,7,7,7,3,7,1,5,5,5,5,5,5,1,7,7,1,1,7,7,1,6,5,1,6,3,6,6,0,5,47,50,50,There was premonition to commit crime. The suspect had a knife and he continued to attack the victim to a point of killing her.,This sentence will punish Darryl.,,,,,,,,,1,7,1,32,1,2,6,3,1,3,1,"It was a great study. ",1
2026-07-06 17:29:30,2026-07-06 18:05:28,0,,100,2157,1,2026-07-06 18:05:28,R_3C1F77wrPWzZGro,,,,,,,anonymous,EN,1,P000352,6,6,7,4,7,7,6,7,7,7,6,6,6,7,6,2,6,3,2,1,4,"In my opinion, the stricter we are on holding criminals accountable for their actions, the better society will be. ",2,5,1,6,1,1,2,7,9,6,3,7,3,7,4,4,3,5,5,7,6,5,7,5,6,2,6,7,4,7,7,6,1,5,4,1,7,7,7,1,1,4,4,4,4,4,6,2,6,2,4,4,4,6,6,6,6,6,6,6,6,6,6,6,5,6,6,3,3,6,6,7,7,1,5,7,1,5,5,25,50,20,He still killed someone and needs to be held accountable for his actions.,"Retribution for all those involved. ",,,,,,,,,2,7,1,46,2,4,6,7,2,1,1,"This was a great study that everyone should experience because it's eye opening. ",1
2026-07-06 17:50:30,2026-07-06 18:08:49,0,,100,1098,1,2026-07-06 18:08:49,R_3EGBcqmJkQjbnVk,,,,,,,anonymous,EN,1,P001715,6,6,3,6,6,6,4,3,4,6,6,6,6,6,6,6,6,3,1,4,2,"It’s the way I feel is best to be ranked ",4,6,4,5,6,6,5,2,9,4,4,4,4,5,4,4,5,6,4,2,2,7,7,5,5,4,7,7,4,5,4,5,5,6,4,4,6,6,4,3,3,2,3,2,2,6,4,5,4,4,4,4,7,2,5,5,2,7,1,2,6,4,1,7,5,4,6,4,4,2,3,2,2,1,6,7,1,10,100,48,,,,,,,,,50,50,"Because it was a child that was wrongly taken ","A lesson learned ",1,5,1,26,2,4,4,4,2,3,1,"It was fun doing this ",3
2026-07-06 17:58:21,2026-07-06 18:10:52,0,,100,751,1,2026-07-06 18:10:53,R_1WWNT37grZVu9fb,,,,,,,anonymous,EN,0.4000000059604645,P001327,5,6,5,6,6,5,5,5,5,7,6,6,4,6,6,6,6,2,3,1,4,Trouble makers can't victimize citizens if they are locked away.,4,4,2,4,5,2,4,5,9,5,5,5,5,5,4,2,5,5,4,3,3,4,4,3,4,4,5,4,4,4,5,4,3,4,4,3,5,5,6,3,2,4,4,4,4,4,6,4,4,6,4,5,6,4,4,4,5,6,4,6,5,3,3,4,4,4,4,4,5,5,3,3,2,5,4,4,4,10,100,24,,,,,,,,,42,27,He is going to die young.,There is a price for taking a life.,2,7,4,72,1,1,3,4,3,3,3,Thank you.,3
2026-07-06 18:02:26,2026-07-06 18:15:03,0,,100,756,1,2026-07-06 18:15:04,R_1QFh0uMymcXGeYw,,,,,,,anonymous,EN,1,P000638,6,7,5,5,6,4,7,6,5,6,5,6,4,5,5,4,5,3,2,4,1,"I believe that anyone can be rehabilitee, unless they have serious mental illness. I believe that there needs to be punishment because of deterrence, many would steal if there is no re-processions. Criminals relatively deserved to be punished, however they may have a morally create reason to go against the law so it is in third. Lastly, people can still commit crimes in jail, and I believe that primarly we need to priortize rehabilitation, so thats why its fourth.",4,2,3,6,1,1,3,2,9,5,3,2,3,7,3,2,3,3,4,1,3,5,2,5,6,5,3,3,4,3,6,4,5,4,2,1,5,3,6,2,2,4,5,1,4,4,5,3,1,3,5,7,7,1,6,4,2,1,7,4,3,1,1,7,7,2,1,7,7,3,1,1,1,7,1,1,5,5,100,47,11,5,"He is no longer a threat, he has some reason because of his job loss, I believe he can get back on his feet.",Allow him to learn skills to get a new job,,,,,,,,,1,5,1,19,1,1,3,2,1,3,3,"Good study, I would like to know what the data is used for.",1
2026-07-06 17:45:04,2026-07-06 18:15:45,0,,100,1841,1,2026-07-06 18:15:46,R_7EPnQPs9iClTf21,,,,,,,anonymous,EN,1,P001794,1,1,1,1,1,1,1,1,1,1,1,1,1,4,1,1,6,2,1,3,4,"There is NO ranking these!  Prison/jail is AWFUL!  ""law abiding citizens"" just haven't gotten caught up in the system.  Once they have their claws in you, they don't ""punish.""  Punishing is making people do community work or putting them on house arrest for a set amount of time.  What they're doing to people in jails/prison is torturing them.  I have personally experienced jail due to a very vindictive, greedy, narcissistic ex wife who falsely accused me.  My attorney was right when he said ""they're sending people who aren't criminals to jail and they're being released into society as criminals.""  The system is creating criminals by sending good people to jail and torturing them.  They send them to jail, lock them away like they're trash, don't give them their meds or change their meds, they only shower 2 times a week and only get to change their clothes once a week, they treat them less than human, and release them with PTSD, no home, sometimes no family, no job, and no money.  Then the system has to audacity to complain about homeless people and criminals who end up back in jail.  Theyre CREATING it and the rest of the world is clueless!  There is NO rehabilitation in prison.  Only suffering and torture.  And the system does it for job security of judges and prosecutors.  THEY are the real criminals.  Wake up America!",7,1,7,7,1,1,1,1,9,1,1,7,1,1,1,7,1,1,7,1,1,6,1,7,7,7,1,4,4,1,7,1,1,1,1,1,3,2,6,4,1,1,7,1,1,4,7,7,1,1,1,7,4,1,7,1,1,1,7,1,1,1,1,7,7,1,1,7,7,6,6,1,1,5,4,4,5,10,5,12,,,,,0,0,"For the love, people need reform, not to be sent to prison where they are tortured, made angrier and in return made meaner, and made where they can't function in society.  Get them help!  ","I don't believe sentencing to prison will accomplish ANYTHING.  It makes things worse due to the awful treatment in jails and prisons.  ",,,,,1,7,1,46,2,1,2,2,3,2,2,"There's a reason America has the largest prison population in the world.  It's not because America is the largest country, because it's not.  Do you have any idea how many GOOD people are sitting in prison?  People who have had horrible things happen to them and responded by committing crimes?  It doesn't make them bad.  Sometimes they just need reform and taught how to live in society. There are also lots of completely innocent people sitting in jail.  America does this for job security for judges and prosecutors.  That's just the tip of the iceberg.  It's a trickle down affect.  The people in our ""justice"" system are the worst criminals in America.  It's not ""justice.""  It's a hostage situation disguised as justice.  And they're getting away with it.",2
2026-07-06 17:39:55,2026-07-06 18:17:42,0,,100,2267,1,2026-07-06 18:17:43,R_1s7kNOKGXy2cuir,,,,,,,anonymous,EN,1,P000909,3,3,2,2,5,3,2,2,2,1,2,5,1,2,3,2,3,3,4,1,2,"Hard to rank b/c: prisoners commit crimes while incarcerated (incarceration of violent offenders does/can protect society), rehab is limited in prison, ""just deserts"" is problematic, & ""deters"" implies rational choice.",6,1,3,6,1,1,1,1,9,1,1,2,1,6,1,2,2,2,5,1,3,5,2,3,2,6,2,5,4,1,7,1,1,2,2,1,3,2,6,1,1,1,4,5,2,1,7,3,1,5,2,6,3,1,6,1,1,3,2,1,1,3,1,7,7,7,6,1,3,2,2,2,1,1,4,6,2,10,100,24,25,20,"Based on provided info, if he no longer poses a threat to society (although just b/c one is paralyzed doesn't necessarily mean that he is ""no longer a threat to society""), I would lower the sentence (if 20-30 yrs is required by law) but require probation (maybe community service of some sort, etc).",I would hope the probation would provide opportunities for more prosocial behavior.,,,,,,,,,1,7,1,50,2,1,6,4,3,3,2,Nice study! Great job!,1
2026-07-06 17:57:15,2026-07-06 18:18:10,0,,100,1254,1,2026-07-06 18:18:11,R_53lO3NiS91sSOBo,,,,,,,anonymous,EN,1,P001692,5,5,4,5,4,5,5,5,5,4,4,4,5,6,5,5,5,3,2,1,4,The prison system is for profit. There should be a completely different way to deal with this issue.,7,2,4,7,1,1,4,3,9,4,4,7,3,6,1,4,4,4,5,4,4,6,4,4,7,4,2,4,4,4,6,1,1,1,1,1,6,6,3,3,1,2,4,3,3,6,4,4,4,4,4,5,7,1,5,1,1,1,7,1,3,4,6,7,6,1,2,6,6,6,2,2,1,7,1,3,7,2,5,24,,,,,50,50,Him developing an autoimmune disease is irrelevant to the crime he committed in terms of punishment,He will never see the light of day or have a life again just like frankie lost hers,,,,,2,7,4,39,2,1,4,2,3,3,2,,2
2026-07-06 17:46:41,2026-07-06 18:18:31,0,,100,1909,1,2026-07-06 18:18:31,R_1P1dveIIUYTkc4a,,,,,,,anonymous,EN,1,P001306,4,4,1,3,3,1,3,1,2,1,2,3,1,1,1,2,5,2,3,1,4,"I believe that most people in prison are not committing crimes so that would be my top reason but I think the other reasons are mostly wrong. If prison could actually rehabilitate people that would be the best reason but it absolutely does not and frequently makes people more likely to reoffend so I ranked that last. The other two were a toss up for me because I don't believe that punishment deters crime much and not everyone needs to be punished for certain crimes. I think we really need to get to the root of why people are committing crimes and support those who are desperate instead of punishing everyone. ",7,1,5,7,1,1,4,1,9,3,3,5,1,7,1,2,2,1,6,1,1,7,1,6,7,7,2,2,4,2,7,1,2,1,2,1,4,3,7,2,1,1,7,1,2,4,7,6,1,1,5,7,7,1,7,1,1,1,7,1,2,1,1,7,7,2,1,7,7,3,1,1,1,7,1,1,7,5,5,47,,,,,25,5,"I lowered the amount from the normal recommended years because he would not be able to reoffend but according to the current system he should still be given time. ","The current system is intended to punish criminals and this would still be a punishment, though a lighter one. Rehabilitation would be a better route if that were a possibility in the U.S.",,,,,1,6,1,40,2,1,4,1,1,3,2,,2
2026-07-06 18:10:47,2026-07-06 18:25:44,0,,100,896,1,2026-07-06 18:25:45,R_7dmpwgIoGABwmkP,,,,,,,anonymous,EN,0.800000011920929,P000327,6,7,7,7,6,7,4,7,7,7,7,7,5,5,6,4,7,2,3,1,4,"I think that criminals who are convicted need to be punished for justice and so that they are off the streets committing more crimes. However, I do not think there is much rehabilitation in prison unless the person has a long sentence.",4,4,3,5,5,2,4,2,9,1,4,2,4,7,2,2,3,5,4,3,3,5,5,4,4,5,6,6,4,2,7,3,2,4,4,1,5,6,7,4,2,3,2,3,6,6,6,4,4,2,4,6,5,4,5,5,2,1,7,4,4,2,2,6,5,2,2,5,7,2,2,1,1,6,3,4,5,10,100,24,,,,,,,,,25,15,He still committed second degree murder and needs to be punished for it. Frankie's life is still worth something. There needs to be a sense of justice.,I would want it to show Darryl that what he did was murder and he needs to have consequences.,1,6,1,53,2,1,5,3,1,1,1,,3
2026-07-06 18:01:31,2026-07-06 18:27:53,0,,100,1581,1,2026-07-06 18:27:54,R_1aM2CQrdaLxd1br,,,,,,,anonymous,EN,1,P001806,5,5,3,2,6,3,4,3,2,5,4,3,2,2,3,2,6,2,3,1,4,"Overall, I do not think prisons rehabilitate people. I do not think punishment deters others or we would not have crime now. I think there does need to be some consequences for crime, especially for severe/serious crime. I guess at least they cannot commit crimes on the general public from prison, for the most part.",3,3,3,5,3,2,6,3,9,3,3,3,3,4,3,3,5,4,4,3,2,4,4,6,5,4,3,5,4,4,6,1,3,3,4,1,6,5,5,3,2,3,4,2,3,5,5,3,2,3,4,5,6,3,5,3,3,2,5,4,3,1,1,7,7,1,1,7,7,2,6,2,2,6,2,3,5,10,5,36,25,20,I guess less now because he can't move. However it is still high because he killed a young person who did not get to continue her life.,I guess it is about making it fair? I am not well-read on prison sentences and punishing criminals. I feel inadequate to answer these well.,,,,,,,,,1,5,1,47,2,1,4,3,1,1,1,,1
2026-07-06 18:11:35,2026-07-06 18:33:08,0,,100,1292,1,2026-07-06 18:33:09,R_1exN8ivhSXSmZGx,,,,,,,anonymous,EN,1,P001286,5,6,4,5,5,3,4,6,7,6,6,6,4,6,4,5,6,1,3,2,4,"If you commit a crime there should be consequences that fit the crime. 
2 is a true statement. Doesn't mean they won't commit more once out. 
3 is eh. Kind of.
4 is also kind of. Some yes. Most? Probably not. ",4,4,1,6,4,2,7,4,9,1,1,4,4,7,1,1,2,4,4,4,3,3,7,2,4,4,5,7,4,3,7,4,4,3,4,1,4,4,6,2,2,1,1,1,2,1,4,4,1,2,2,4,2,3,5,3,4,4,7,4,4,2,1,7,7,2,3,7,7,4,1,2,1,5,2,2,4,10,100,24,,,,,,,,,50,50,"He committed a serious crime worthy of a serious sentence. ","It punishes someone for committing the act of murder. Plain and simple. ",1,1,1,43,2,1,3,4,3,3,1,"Punishment should be reflective of the crime. If you murder someone, life in prison. If a shark killed someone and was caught, I would equate being locked up in a zoo or aquarium would suffice. Much like life in prison. ",3
2026-07-06 18:11:30,2026-07-06 18:36:41,0,,100,1510,1,2026-07-06 18:36:41,R_3Kvdd95Ima2HeTh,,,,,,,anonymous,EN,0.4000000059604645,P000609,7,7,2,7,7,7,7,7,7,7,7,7,7,7,2,7,7,2,3,1,4,"It's my true belief: every criminal who is locked away is one I don't have to worry about.  I also think they deserve to be punished and if they are smart, they will not commit crimes after they are released.",1,7,1,1,7,3,7,7,9,7,7,1,7,7,5,1,7,7,7,1,7,1,7,3,3,1,7,7,4,7,7,3,3,6,4,1,7,7,3,5,3,5,1,7,7,7,2,7,7,4,7,7,7,7,4,7,7,7,1,7,7,1,1,7,7,7,4,5,5,7,2,1,5,1,6,7,1,10,1,5,50,50,Why should he get to live freely fifty years when his victim did not?,"It will help the victim's family to heal, knowing that the courts and laws agree her life was indeed precious.",,,,,,,,,1,7,1,73,2,1,3,6,2,1,1,"Definitely the work of liberals, but thank you for including me.",1
2026-07-06 17:59:32,2026-07-06 18:37:47,0,,100,2294,1,2026-07-06 18:37:48,R_7wSOoIghdE6wxmm,,,,,,,anonymous,EN,0.8999999761581421,P000738,6,7,7,7,7,6,6,6,6,7,7,6,3,6,5,5,4,1,3,2,4,"I do believe that criminals should be punished; and if they are locked up, then they cannot commit other crimes. I'm not sure that punishment deters all people from committing crimes. I'm sure there are still those who would commit crimes regardless of consequences. I do not believe prisoners are rehabilitated in prison, which is unfortunate. I don't think our prison system is set up for rehabilitation, which I think is detrimental for the criminal and for society. ",4,5,2,4,5,2,6,6,9,3,2,5,5,6,4,2,5,4,5,2,3,3,5,3,5,5,4,5,4,5,7,2,4,3,3,1,4,4,6,3,2,3,4,3,5,4,5,3,2,2,4,4,4,2,5,3,2,5,4,5,5,5,1,6,5,7,5,3,3,7,1,1,1,2,4,5,1,5,5,47,,,,,25,5,"While Darryl no longer poses a physical threat to society, he should still be punished for the crime he committed and the actions he took that caused Frankie's death.","I know that if Frankie were my child, I would want Darryl to serve time regardless of his physical circumstances. I would hope that Darryl would understand the severity of what he did to his girlfriend over the years he had to spend in prison. The sentence, at this point in his life, would make me feel like some justice was given to the family.",,,,,1,6,1,50,2,4,4,5,3,3,2,"I really enjoyed this study. Many of the questions gave me pause, and I really had to think about what my true feelings were. Very thought provoking. ",2
2026-07-06 18:21:08,2026-07-06 18:38:16,0,,100,1028,1,2026-07-06 18:38:17,R_7ey0RG45NODMRSO,,,,,,,anonymous,EN,1,P001670,5,6,1,2,7,3,4,5,5,6,7,4,1,6,4,1,5,4,2,1,3,"prison doesn't exactly make people better but it does prevent them from committing crime ",3,4,2,6,6,3,4,1,9,5,3,6,4,6,2,2,2,3,4,1,1,6,2,5,5,3,3,2,4,4,5,3,2,3,3,1,6,6,4,4,4,4,4,3,3,3,2,5,3,5,6,5,5,2,5,2,3,1,7,5,5,1,1,6,3,2,2,4,6,6,1,2,1,3,1,1,6,10,5,34,,,,,,,,,14,3,enough time to learn his lesson,he becomes better,1,7,1,25,2,2,6,3,1,2,2,,3
2026-07-06 18:18:09,2026-07-06 18:41:31,0,,100,1401,1,2026-07-06 18:41:31,R_673Agpj8YhjKqHg,,,,,,,anonymous,EN,1,P000131,2,4,2,2,2,2,2,3,2,1,2,2,2,7,1,2,2,4,2,3,1,I believe rehabilitation is the best use of imprisonment. The other reasons are about equal in my weight.,7,1,4,7,1,1,2,1,9,1,1,2,1,2,1,4,2,1,2,1,2,6,2,6,7,7,2,1,4,1,7,1,4,3,2,1,3,2,7,2,2,2,5,2,2,3,7,4,1,1,1,6,5,1,7,1,1,1,2,1,1,1,1,7,7,2,1,7,7,4,1,1,1,7,1,1,2,10,5,47,,,,,20,20,"He should serve time for the crime, regardless of physical condition, which could change.","Darryl will come out a changed man, and recieve medical treatment needed.",,,,,1,7,1,47,1,1,4,1,1,3,2,Thoughtful questions. Thank you,2
2026-07-06 18:18:50,2026-07-06 18:42:24,0,,100,1414,1,2026-07-06 18:42:25,R_1Xom870iAfwbRfP,,,,,,,anonymous,EN,1,P000740,2,2,2,2,3,2,2,2,5,5,4,5,2,2,2,4,6,4,2,3,1,I think that our current prison system is quite bad and that most criminals (with the exception of life-takers) deserve rehabilitation more than punishment. A lot of crime is committed because of circumstance after all.,7,1,4,7,2,1,3,1,9,1,1,3,1,6,1,4,2,1,3,1,1,6,1,6,7,6,1,5,4,6,7,2,4,1,1,1,3,5,3,5,1,1,5,1,1,5,7,5,1,1,1,4,7,1,7,1,4,1,7,2,2,3,1,7,7,1,1,6,7,1,1,3,4,7,2,2,7,10,5,24,,,,,,,,,20,20,I chose this sentence because he killed Frankie out of rage and not on purpose.,I hope he will think about what happened and learn to manage his anger. Maybe he could turn away from crime in general.,1,7,1,26,2,2,3,1,3,3,1,,3
2026-07-06 18:24:37,2026-07-06 18:45:39,0,,100,1262,1,2026-07-06 18:45:40,R_7maYjVirfTnLAOz,,,,,,,anonymous,EN,0.8999999761581421,P001219,7,7,7,7,7,7,7,7,7,7,5,7,7,7,7,5,6,2,1,3,4,I think people being deterred is the best way to stop others from committing crimes. Rehabilitation matters but less than the others,3,6,2,5,5,5,5,5,9,5,6,5,5,6,3,3,3,3,2,3,5,5,3,3,3,6,5,3,4,4,6,3,5,2,3,3,5,5,6,5,2,5,5,5,5,4,4,3,4,3,5,5,6,4,5,3,5,1,7,4,4,3,2,5,5,4,4,5,5,6,3,5,1,4,4,4,4,10,5,47,35,35,"He clearly has anger problems, there's no show of remorse and despite the fact he won't be a menace to society, he initiated the crime. I think there is a chance at rehabilitation though.",Punishment and perhaps rehabilitation for himself and other criminals.,,,,,,,,,1,7,1,30,1,3,4,5,3,1,1,It was certainly interesting!,1
2026-07-06 18:23:10,2026-07-06 18:46:08,0,,100,1377,1,2026-07-06 18:46:08,R_7uIp1I7BpZjrVCr,,,,,,,anonymous,EN,1,P000541,6,6,5,5,6,5,4,6,5,7,6,6,3,4,6,5,5,2,3,1,4,"i dont really believe that prisoners get rehabilitated because prisons are not the best place for growth. I do think getting criminals off the street is important because we need to stop them from being able to do it again. ",3,5,1,6,7,5,5,5,9,4,4,7,4,7,3,1,5,3,5,3,3,4,5,3,6,4,4,6,4,3,5,1,4,3,4,1,5,5,3,4,2,4,2,5,6,5,5,5,4,4,3,5,5,3,4,1,2,1,7,5,5,3,1,7,7,1,1,7,7,1,1,4,1,7,1,1,7,10,5,24,,,,,50,50,Just because he is no longer a threat to society doesnt mean he can stop paying for what he did to frankie,"I hoped it would explain why i recommended the sentence for darryl ",,,,,1,7,6,26,2,4,4,2,1,3,1,"I dont really have any recommendations. Although i will say answering those first set of questions was hard because life isnt necessarily black and white but overall very good ",2
2026-07-06 18:29:57,2026-07-06 19:01:10,0,,100,1872,1,2026-07-06 19:01:10,R_1TRk40mbcPrm8F1,,,,,,,anonymous,EN,1,P000526,6,6,6,6,6,4,6,6,4,7,6,6,5,6,4,5,6,1,3,2,4,"When a person commits a crime  they need to be punished. They are unable to commit a crim when locked up, Hopefully the punishment will be enough to help them not want to return  to prison, Sadly I did not believe there is substantial rehabilitation in prisons",3,3,3,6,4,3,6,4,9,3,3,7,5,7,5,1,5,3,3,3,4,3,4,5,7,5,3,6,4,5,6,7,5,2,2,1,6,6,7,1,1,2,4,3,4,4,4,5,3,3,2,4,6,1,6,4,1,1,7,3,3,1,1,7,7,1,1,7,7,2,1,1,1,3,5,5,4,4,5,47,,,,,50,50,"I believe when a person murders another it they should also have their life ended , the death penalty wasn't an option in the original ruling so nothing changes he killed Frankie and he doesn't  deserve to live!","It willensurfe he never kills another person, just because his limbs are paralyzed doesn't prevent him from killing another person, in a fair society his life should have been ended not served in prison,",,,,,1,7,1,70,2,1,3,2,1,3,3,"I have always believe in a fair justice system being where the punishment was the same as what the crime was, I remember when I was in 5th grade I learned about a principality sadly I don't remember the country where if a person stole they had a finger cut off, if they killed they were killed,, if they raped someone they were raped, I truly believe if the justice system was in line with the crime there would be less crime, with DNA there is absolutely no excuse to not be sure the person was guilty. ",2
2026-07-06 18:50:44,2026-07-06 19:02:11,0,,100,686,1,2026-07-06 19:02:11,R_73agnrzQxlFf2Wh,,,,,,,anonymous,EN,1,P001304,5,5,4,5,7,4,4,5,5,4,5,7,5,7,6,4,5,1,4,2,3,"Preventing harm should be the goal of prison, and if rehabilitation happens then all the better. ",5,4,1,6,4,4,6,5,9,3,4,7,4,7,3,1,6,6,5,3,3,4,4,4,4,5,4,3,4,5,7,2,4,2,3,1,5,3,6,6,2,4,4,3,4,5,4,4,2,4,4,2,2,2,4,2,3,1,6,2,4,4,1,5,4,6,4,4,4,7,1,1,7,4,4,4,4,10,20,24,,,,,,,,,25,10,"Minors should have another chance. ","Punishment without permanence. ",1,7,1,36,1,1,6,4,3,3,3,"The questions made me think more than these surveys usually do, well done. ",3
2026-07-06 18:45:57,2026-07-06 19:02:26,0,,100,988,1,2026-07-06 19:02:27,R_1J8zN4Z5Sq4SnyK,,,,,,,anonymous,EN,1,P001525,3,5,5,5,4,5,4,5,4,3,1,1,1,1,4,4,4,3,2,1,4,"Preventing crimes is most important if they are violent. Punishment also helps prevent others from feeling comfortable to offend. Criminals do need to be punished. Prison, however, is ineffective and immoral unless the person is a violent or sexual offender.",7,1,4,7,1,1,4,3,9,4,1,7,3,4,4,4,4,3,3,1,4,4,4,7,7,7,4,4,4,1,7,1,4,1,1,1,1,1,7,1,1,1,7,1,1,1,7,1,4,4,3,4,7,1,7,1,1,1,7,1,1,1,1,7,7,1,1,7,7,7,4,4,1,7,1,1,7,9,100,24,,,,,,,,,25,5,darryl may mature to regret this and become better. taking too much life from him would prevent this.,I hope this would allow Darryl the chance to learn from this while on parole. This way he can help society instead of harming it.,2,7,1,30,1,6,3,4,3,2,2,"I am multiracial, but no option for this was listed. The study was fine otherwise.",3
2026-07-06 18:48:56,2026-07-06 19:05:41,0,,100,1004,1,2026-07-06 19:05:41,R_7yKExbzYILOyIYF,,,,,,,anonymous,EN,1,P001793,7,7,3,7,7,6,7,7,7,7,7,7,1,5,7,6,7,1,3,2,4,I care about them before off the street over them getting vocational training.,4,4,4,5,4,1,5,7,9,5,4,5,4,7,3,4,5,7,2,1,4,4,6,3,7,1,6,7,4,2,7,1,3,5,6,1,5,4,5,2,1,3,1,6,4,4,4,3,3,5,6,4,1,4,3,4,4,4,7,4,5,3,3,5,5,3,3,5,5,5,3,5,1,6,3,2,4,5,5,47,25,25,"Do the crime, serve the time. ",I hope he learns his lesson.,,,,,,,,,1,7,1,37,1,2,4,5,2,1,1,,1
2026-07-06 18:39:56,2026-07-06 19:06:22,0,,100,1586,1,2026-07-06 19:06:23,R_7ey8743qedSumnD,,,,,,,anonymous,EN,1,P001447,4,4,4,4,5,5,4,5,6,2,5,5,3,3,3,3,4,4,3,1,2,"I think that the strongest reason is that prisoners cannot commit other crimes while locked up. They personally wouldn’t be able to. I think some prisoners may get rehabilitated. I think the two weaker statements are that punishment acts as a deterrent, I think it might help slightly. Last, I don’t know if the criminal was always deserving of the punishment, for example what if they ended up being innocent.",5,2,4,6,2,1,4,2,9,1,1,4,1,5,1,4,7,4,6,2,1,4,2,2,5,7,3,2,4,3,7,4,2,5,4,1,4,4,6,1,1,1,7,1,1,1,7,4,1,1,1,7,4,1,7,1,1,1,7,1,1,1,1,7,7,1,1,7,7,1,1,1,1,7,2,2,7,10,5,24,20,2,He no longer poses a harm to society.,I hope it would accomplish personal accountability for him.,,,,,,,,,1,2,1,46,2,1,3,2,3,3,3,I think some questions were a little difficult to answer because generalizing criminals and their specific situation is not a one size fits all. Thank you,1
2026-07-06 18:50:12,2026-07-06 19:06:25,0,,100,973,1,2026-07-06 19:06:26,R_6SbPp9fRdxTEm5P,,,,,,,anonymous,EN,1,P000582,4,6,5,5,5,5,4,7,7,7,5,7,2,7,6,1,7,4,1,3,2,"I think seeing other punished can make some not commit crimes. I wish prisoners got more rehab in prison. Criminals do deserve to eb punished but i would hope the point would be to rehab thema nd i know that doesn't happen foten prison makes them stuck in the system in USA rather than rehab them. ",7,1,3,3,1,1,4,4,9,4,5,7,3,6,5,2,7,5,7,1,5,6,1,7,7,4,4,1,4,2,7,5,1,3,1,1,5,2,7,1,1,2,4,2,1,2,7,7,1,2,1,7,7,1,7,1,4,7,1,1,1,1,1,7,7,1,1,7,7,4,1,1,1,2,6,6,1,5,20,47,,,,,50,30,"I guess he can't hurt anyone and he will have time to think about it at the upper end of the usual sentence. ","It will make him think about it, it is not fair to take her life because she wanted to be away from him. ",,,,,2,7,1,42,2,1,3,6,2,3,2,,2
2026-07-06 18:53:33,2026-07-06 19:08:38,0,,100,904,1,2026-07-06 19:08:39,R_6o1GXLpaRVah7tT,,,,,,,anonymous,EN,1,P001870,6,6,6,5,6,6,1,5,4,4,5,5,1,5,5,4,5,1,3,2,4,"Because the prison system is a joke and does little to absolutely nothing to rehabilitate those who need rehabilitation. ",5,4,1,7,4,1,7,4,9,4,4,7,4,6,3,1,1,1,2,1,1,6,5,7,7,7,3,3,4,3,7,6,4,1,1,1,2,1,4,3,1,1,5,1,1,1,4,5,4,5,4,4,5,1,5,1,1,1,7,1,4,1,1,7,7,1,1,7,7,4,1,1,1,4,1,1,7,10,1,24,,,,,,,,,50,50,"He committed a murder. It doesn't matter that he's no longer a threat to society. ","It won't accomplish really anything since Frankie is dead, but at least Darryl will not have the chance to live a life because he took Frankie's.",1,7,7,31,2,4,6,1,1,3,2,,3
2026-07-06 18:51:52,2026-07-06 19:09:36,0,,100,1063,1,2026-07-06 19:09:36,R_3eVo8xiMj8E8ShN,,,,,,,anonymous,EN,1,P000708,7,7,7,6,7,6,4,6,4,7,7,7,3,7,6,7,6,1,2,4,3,I believe that criminals should be punished for what they did and it will help other see if that they do that then they might end up going to jail and getting punished to. I also belive that criminals can still commit other crimes in prison on other prisoners.,2,4,1,6,7,5,7,4,9,1,1,4,4,7,3,1,5,4,3,3,3,4,4,6,7,4,4,4,4,4,5,4,4,4,4,1,7,7,2,2,2,4,4,4,6,5,5,4,3,4,3,5,6,2,5,5,6,5,4,5,5,2,2,6,6,2,4,6,6,4,1,4,4,2,4,5,4,10,100,24,50,15,"He still commited a crime and needs to pay for what he did, I understand that an unfortunate event occured but he needs to understand that actions have concequences",to understand that everyone needs to be treated fairly,,,,,,,,,2,7,1,22,2,1,4,7,2,1,1,"This survey was very interesting and really made me think ",1
2026-07-06 19:00:03,2026-07-06 19:12:20,0,,100,737,1,2026-07-06 19:12:21,R_5Jbo20Cd9VpCNfZ,,,,,,,anonymous,EN,1,P000540,5,6,4,5,6,5,2,5,6,5,4,5,2,4,6,6,6,3,1,2,4,Having been a correctional officer I've ween that rehabilitation is not effective. The best way to reduce crime is having effective deterrent,3,5,2,5,2,2,6,6,9,4,4,7,6,6,5,3,6,5,6,2,4,2,5,2,4,4,5,5,4,6,6,4,3,2,4,2,6,5,5,4,2,4,2,3,5,5,6,6,2,5,5,4,5,5,5,5,6,5,6,5,5,4,2,6,6,2,2,6,6,5,3,2,2,5,5,5,2,5,5,47,,,,,,,,,40,35,He was still in control of his limbs when he committed the crime,"Making space for a younger, more violent offender",1,5,1,53,1,1,6,6,2,3,1,,3
2026-07-06 18:37:35,2026-07-06 19:17:36,0,,100,2400,1,2026-07-06 19:17:36,R_5q52Y0CLj7QJrx1,,,,,,,anonymous,EN,1,P001398,7,7,7,7,7,5,6,7,7,6,7,7,3,7,7,7,7,1,3,2,4,"Morally speaking, if a crime is committed, the perpetrator should face repercussions. One less criminal on the streets means one fewer crime committed. However, imprisonment and rehabilitation don't always prevent crime. People do what they want, when they want, regardless of the law or potential future punishments. ",3,5,4,6,4,1,4,4,9,5,5,7,4,4,5,1,3,4,6,2,3,4,1,4,5,1,4,4,4,5,4,2,7,1,3,1,6,6,4,4,3,4,4,4,4,7,4,7,4,6,4,4,7,4,6,3,1,1,7,4,4,4,1,7,7,2,2,7,7,6,4,7,1,7,1,3,7,10,5,47,,,,,50,50,"Darryl willingly committed a crime that resulted in someone's death. The situation wasn't an accident, and just because they received a diagnosis that makes them less of a threat doesnt undo the harm caused to the victim and their family.","Punishing the offender ",,,,,2,7,1,29,2,2,6,3,3,3,3,,2
2026-07-06 19:02:32,2026-07-06 19:18:57,0,,100,985,1,2026-07-06 19:18:57,R_5qk3z55wuH7t6Ex,,,,,,,anonymous,EN,1,P000217,2,3,1,2,3,3,2,3,4,3,3,3,3,6,3,3,5,4,3,2,1,I believe in prison reform,7,1,4,7,3,1,4,3,9,4,3,5,1,4,4,4,3,3,4,1,2,4,2,7,6,4,1,2,4,1,7,1,2,1,1,1,4,3,5,4,4,2,4,2,2,2,6,4,2,2,3,6,6,2,6,1,1,1,7,2,2,1,1,7,6,1,1,7,7,2,1,3,1,7,2,2,6,5,5,47,,,,,,,,,20,8,"shorter, for his condition",to still teach a lesson,1,7,1,28,2,1,6,2,1,3,3,,3
2026-07-06 18:59:04,2026-07-06 19:18:58,0,,100,1193,1,2026-07-06 19:18:58,R_1pDL6DRSuc5u7BV,,,,,,,anonymous,EN,1,P000783,7,6,6,6,7,7,2,7,4,7,7,6,6,7,5,6,6,1,3,2,4,"You could write:

> I ranked punishment first because people who commit crimes should be held accountable for their actions. I placed preventing further crimes second because keeping dangerous offenders in prison helps protect the public. Deterring others came third since punishment may discourage some people from offending, though not everyone is influenced by it. Rehabilitation was last because, while it is valuable, I believe accountability and public safety should come first.
",4,7,1,6,7,2,4,6,9,4,6,4,3,6,4,3,6,4,7,1,6,4,7,7,7,5,2,6,4,5,6,1,4,3,2,1,7,6,2,5,5,6,2,5,7,7,6,3,1,1,1,3,7,1,5,1,6,6,4,5,7,4,3,6,7,4,5,7,3,6,5,1,3,6,5,5,5,5,5,47,,,,,44,45,"Life is sacred, he who deems it upon himself to take an innocent humans life should always pay the maximum sentence","Defend my choice ",,,,,2,6,4,62,2,2,6,2,3,1,1,"It was great survey , gave me a lot to really ponder on ",2
2026-07-06 18:47:55,2026-07-06 19:23:18,0,,100,2123,1,2026-07-06 19:23:19,R_6JLzDRGqkPq1dDU,,,,,,,anonymous,EN,1,P000558,6,6,5,5,6,5,4,6,5,6,6,6,2,4,4,4,5,1,3,2,4,"Criminals do deserve to be punished, the other 3 are only partially true. They can still commit crimes while locked up, or plan crimes on the outside. Punishment should deter others, but if that were true we wouldn't have anymore crime by now. And they can be rehabilitated in prison, but most are institutionalized and either reoffend or struggle to be an active member of society,",2,5,2,4,3,3,7,7,9,6,3,7,6,5,2,1,5,5,3,4,6,2,7,5,1,4,6,6,4,5,6,1,4,4,4,1,7,5,7,4,3,4,5,4,6,4,4,3,4,4,4,4,5,4,4,6,1,4,4,2,5,4,4,6,3,3,5,4,6,7,4,5,3,1,5,6,2,10,100,24,25,25,His illness doesn't change the fact that he killed someone.,"He took a life so he can lose his freedom, it could've been worse, he could've gotten death like she did.",,,,,,,,,1,7,1,43,2,1,2,6,2,1,2,Some of the questions need a text box because they are not clear cut answers so I just stayed neutral for a few of them since I couldn't explain my reasoning.,1
2026-07-06 18:56:00,2026-07-06 19:25:29,0,,100,1768,1,2026-07-06 19:25:30,R_19Knz2GSuPorWIV,,,,,,,anonymous,EN,1,P001921,6,6,2,5,6,4,4,4,6,4,4,5,5,5,4,6,6,2,1,4,3,"So my take on this in crime and punishing prisoners is yes if someone does something wrong, they should be punished with that being said I see people punished for some of the most smallest things and get a long time and then I see people who do heinous crimes and only get a year to two year punishment which really makes the system look flawed at the very least and where they say prisoners are punished punishing them cannot they cannot commit a crime mother locked up absolutely not they they make so much more crimes in prison, and the guards always aga on and help make it happen because they make money off of the crime as well. I also feel if we’re gonna hold people accountable and punish them for crimes shouldn’t we do that with the government who commit crimes as well I believe they commit more crimes on a daily basis than anyone out in the USA or in the world for that matter does. ",6,4,3,4,3,1,4,4,9,5,5,7,1,7,1,3,4,4,6,2,3,5,4,6,6,4,4,5,4,4,4,7,1,1,1,1,6,6,4,6,4,4,4,4,4,5,4,3,4,5,6,4,6,2,5,4,7,1,7,1,5,1,1,7,7,1,1,7,7,7,1,6,2,7,1,1,7,5,5,47,,,,,50,0,"OK, so if hypothetically Gerald got an autoimmune disease that paralyzed his limbs I would say that’s karma so I really don’t think some punishment because he’s already punished and enough he ain’t gonna be able to do anything clean up himself eat himself. He’s gonna be like a vegetable stay in my opinion so why lock him up and waste taxpayers money when he’s already gonna sit and suffer I’m probably not live much longer","I mean, if Daryl was a completely healthy man and did the crime on the first page and Frankie passed as a result of it all in the traumatic of it, and he wasn’t sick like that I would say life in prison, but because he’s completely paralyzed and all his limbs. I don’t feel like prison is gonna do anything for him and he’s just a waste of space in there that taxpayers are gonna pay for so throw them in like a home and he’ll probably die anyways in a few years and that’s it. that’s how I look at it. I mean, regardless whenever anybody does anything wrong evil mean karma comes at 10 folds and it does come and meet you at one point your life. I always say you might think that you’ve gotten by mistreating someone or doing a person wrong until karma gets their hands on you and karma is un relentless when it happens and the sweet thing about karma is karma takes its time and will get you right in the moment of your life, you would never expect it",,,,,1,7,1,41,2,1,4,3,1,2,2,"The study was very thoughtful and it made me think but the problem with the criminal system here in the United States is it’s completely flawed. We got people who are sitting in there who are completely innocent still sitting today while you have people out here doing heinous sex crimes to children they get a year and get to walk away their picture goes up on the website that ain’t nothing. Those are the people that should be sitting and rotting not people for marijuana like come on. It’s just so skewed. ",2
2026-07-06 19:07:58,2026-07-06 19:36:24,0,,100,1706,1,2026-07-06 19:36:25,R_5d4i1BTaK2Q5ePk,,,,,,,anonymous,EN,1,P000086,7,7,7,7,7,7,4,4,4,7,4,7,4,4,4,4,4,1,2,4,3,"I ranked “criminals deserve to be punished’ as my first option because all crimes should be punished so people know there are punishments for breaking the rules in society. Punishment is honestly the only reason why a lot of people do not commit a lot of crimes. Honestly the reason 3 & 4 are both kind of meaningless to me , I feel criminals will continue to commit crimes its just in their nature.",1,7,1,4,7,7,7,7,9,7,7,7,7,7,4,4,4,4,7,4,7,4,4,5,7,4,6,5,4,7,4,7,2,4,1,1,7,7,7,2,2,5,2,6,5,5,3,4,4,4,7,4,1,6,3,7,1,4,4,7,5,1,1,1,7,1,1,7,7,4,4,4,1,4,1,4,1,10,100,24,50,50,"No matter if Darrel is now handicap and Frankie was under 18, I don't care he still deserves life in prison for taking the life of a human being. Even if he is not a threat to society he does not deserve to live a free life.",I hope this sentence will make him realize taking the life of a human is not ok and should not be taken lightly even now that he is handicap.,,,,,,,,,1,7,1,32,2,4,3,3,3,3,1,,1
2026-07-06 18:39:41,2026-07-06 19:39:17,0,,100,3576,1,2026-07-06 19:39:18,R_7IMK09Qp3otWaEM,,,,,,,anonymous,EN,1,P001634,6,4,2,5,7,2,5,6,3,7,5,6,4,5,3,4,6,4,2,1,3,"There are many repeat offenders, my logic is that if they are in prison, they can't commit other crimes.  I keep switching between changed 2-3 in their placement,  Many people are self serving t inoday's society.  If there was not a deterrent then logically crime would increase.  Look at the cities in America that are tough on crime, as compared to those who aren't.  With an equilibrium to offset the potential 'gains' from commiting a crime  Number 3 is there because some chose to rehibilitate, and repeat offenders don't.  Four is last because prisons are not the best oti0on.  The focus should be on solving the root cause as to why crimes were committed, and therapy to prevent future ones. ",4,4,2,6,6,5,7,4,9,3,3,4,3,7,3,2,5,6,2,2,4,4,6,2,3,4,5,6,4,5,6,2,2,2,3,3,6,5,5,3,3,2,3,3,3,3,5,3,2,2,2,6,6,3,6,4,3,6,5,5,4,5,4,4,7,6,7,2,5,2,1,1,1,3,6,6,4,10,100,24,50,50,"Murder is the taking of one's life.  The person is deprived of a life.  Maybe no marriage, maybe they were married - then the victim left a family behind.  This is painful and will most likely cause pain for the victims, potentially PTSD or some other phycological damage.  At this point, it isnt that the victims lost a loved one, they are also now casualties.  They must be a large deterent not to let this take -place.  That's why life.","I hope it will deter others from killing somebody else.  It will steer them away from that thought.  Also, if Daryl did this once, he could do it again.  It is not that he just followed her - he beat her up.  A man can't hit a woman.  Daryl is a menace and danger to society.  He did not relent during the attack.  I hope prevents other crimes.",,,,,,,,,1,6,2,49,1,1,6,5,3,3,3,"It was interesting a I did enjoy it.  However, the stated 15 minutes.  To do a good job and think about the answers it should state 30 min. ",1
2026-07-06 19:05:06,2026-07-06 19:42:52,0,,100,2265,1,2026-07-06 19:42:52,R_3mfy6UitEOCda5C,,,,,,,anonymous,EN,1,P000048,6,5,2,5,5,2,4,5,4,6,5,4,4,5,4,3,5,4,1,2,3,"It depends on the crime that was committed. The punishment may deter others from making similair poor decisions. Not every criminal deserves to be punished. ",3,2,1,5,2,1,6,5,9,3,3,6,5,6,2,2,3,3,3,2,2,2,5,5,4,4,2,6,4,5,6,5,2,2,2,1,7,7,4,3,1,4,3,2,5,6,4,3,3,5,4,7,7,3,6,3,1,2,7,3,3,3,1,6,6,3,2,6,7,5,1,4,2,1,1,5,2,10,100,24,,,,,,,,,50,50,No matter the health he killed another human without cause of protecting himself or others. His act was thought out. He deserves his full punishment.,It will force the killer to learn from his actions. One life is equal to another.,2,7,1,51,2,1,4,3,1,1,1,"The question about the lake had minutes instead of days as the answer. ",3
2026-07-06 19:27:50,2026-07-06 19:44:18,0,,100,987,1,2026-07-06 19:44:18,R_3QXJvGZpEhIX0o7,,,,,,,anonymous,EN,1,P001528,7,7,6,7,6,5,5,2,6,7,6,6,5,5,6,6,5,1,3,2,4,"Well, first you have to get the criminals off the street because we need justice. If they are locked up then they won't be able to commit anymore crimes.It should deter others from commiting crimes but not so sure it does. Lastly, it would be nice to rehabilitate people but some aren't gonna change.",2,5,1,3,3,3,7,7,9,5,5,7,5,5,3,3,5,5,5,2,6,1,6,2,2,3,6,7,4,5,6,3,2,1,2,3,6,6,4,3,4,5,1,3,6,6,3,5,6,2,5,2,3,2,6,6,4,6,7,3,5,2,2,7,7,4,3,5,6,6,1,2,3,1,7,6,1,10,5,47,30,30,"Because the law is the law and murder is murder. I believe if you take a life you should give a life, HOWEVER, he was a minor at the time so 30 years is sufficient",I would hope that he learns that you can't do a crime without spending time with other murderers,,,,,,,,,2,7,5,48,2,1,4,5,2,3,1,No suggestions because I thought it was a great survey.,1
2026-07-06 19:34:29,2026-07-06 19:46:08,0,,100,699,1,2026-07-06 19:46:08,R_5e9fRMcWWqqC1M5,,,,,,,anonymous,EN,1,P000248,5,7,3,4,5,3,5,4,3,7,2,5,3,5,3,2,6,2,3,4,1,"well, in an ideal world, prison is a place for rehabilitation. In the US, it's not really that but the ideal world would have that as the top. Deterrence is a bad reason and ""criminals"" are not a kind of people, mostly just people that have made mistakes",7,1,6,7,1,1,4,1,9,1,2,3,1,7,1,2,2,5,3,1,1,5,5,5,6,5,1,5,4,1,7,1,2,1,2,1,3,1,7,1,1,2,6,1,1,6,7,6,1,2,2,7,7,1,7,1,1,1,7,1,1,1,1,4,7,2,1,7,7,2,1,1,1,7,1,1,6,5,5,24,,,,,28,10,"While he is not a physical danger to society, his drinking and attitude still makes him a mental danger to society. What is stopping him from emotionally abusing a future partner? He needs to be rehabilitated.","I hope he is cured from his addiction to alcohol and he learns and becomes a better person. ",,,,,1,3,1,33,1,1,6,1,1,3,2,"I think the question about the lilies was wrong- the slider was in minutes; the text was in days. ",2
2026-07-06 19:34:54,2026-07-06 19:47:09,0,,100,735,1,2026-07-06 19:47:10,R_1JIw6ZK4ZPQaRYA,,,,,,,anonymous,EN,1,P000640,5,3,5,3,5,2,4,3,5,3,3,3,3,7,3,5,3,4,3,2,1,"Rehabilitation is the only way to truly prevent future crime along with building trust in a system for that former prisoner once out. ",7,1,3,5,1,3,1,3,9,2,2,6,2,5,2,7,4,2,2,1,4,4,2,7,7,6,2,2,4,3,2,1,3,2,2,2,4,3,3,3,3,2,6,2,2,2,7,5,2,2,2,4,6,2,6,2,1,1,7,4,1,1,2,7,2,2,2,5,7,4,3,2,1,7,2,2,2,10,100,47,,,,,,,,,5,5,5 years is enough for him to think about those actions and his disability,"Reform of the inmate over the course of 5 years along with disability treatment/adjustment. ",1,7,2,25,1,1,4,1,1,2,2,,3
2026-07-06 19:22:11,2026-07-06 19:50:07,0,,100,1675,1,2026-07-06 19:50:07,R_6DT3D8CUnp6DMsO,,,,,,,anonymous,EN,1,P000229,5,6,4,5,5,4,4,3,4,7,4,4,4,5,4,4,5,2,4,1,3,Crimes are labeled as such due to the harm they bring to society and so preventing crime takes precedence over other aims,5,3,4,5,3,2,7,6,9,4,4,7,4,5,4,4,4,4,3,3,3,4,4,4,4,4,4,4,4,4,5,1,3,1,1,4,4,3,5,3,3,2,2,4,3,3,1,3,4,5,4,4,4,4,4,4,3,2,6,4,4,4,2,6,4,4,4,5,6,5,3,5,4,5,3,4,4,10,100,24,,,,,50,30,He can't hurt anyone else and taxpayers shouldn't need to fund his existence for the remainder of his life,Nothing,,,,,1,4,1,23,1,1,2,3,3,3,3,,2
2026-07-06 19:40:58,2026-07-06 19:55:22,0,,100,864,1,2026-07-06 19:55:23,R_7e8761ksnbKSzHb,,,,,,,anonymous,EN,1,P000512,3,5,3,5,3,4,5,5,3,3,4,3,2,3,2,6,5,1,2,3,4,"I don't believe that rehabilitation actually happens in prison so it's ranked last.  You are definitely able to commit crimes in prison, so that's ranked third.  1 and 2 are basically a single statement so it doesn't matter. which is first. ",7,1,4,7,1,1,3,3,9,1,1,7,1,6,1,2,1,1,1,1,1,7,1,7,7,6,3,6,4,1,7,1,1,1,1,1,4,1,6,3,1,4,5,2,3,5,7,7,3,2,2,5,6,2,6,1,1,1,7,2,2,1,1,7,7,1,1,7,7,1,2,1,1,7,1,1,7,10,20,24,10,10,"YOu must do time for killing a person, his mitigating circumstances and the cost of keeping person in jail for the tax paper means that a minimum 10 year sentence is required. Hopefully with good behavior, he could be out in 5 ",Justice,,,,,,,,,2,5,1,43,1,2,6,1,1,3,1,,1
2026-07-06 19:36:17,2026-07-06 20:00:24,0,,100,1447,1,2026-07-06 20:00:24,R_6duo4DnRSNjlfcv,,,,,,,anonymous,EN,0.4000000059604645,P001930,4,5,4,4,4,4,3,5,4,4,4,4,3,3,3,3,5,3,2,1,4,"I ranked rehabilitation last even though I feel it's probably the most important - because I don't feel this is able to adequately happen in most US prisons due to lack of resources. My third ranking - criminals deserve to be punished - is something I'd synthesize somewhat with rehabilitation (depending on the crime and level of danger), because the circumstances around many cases don't exist in a vacuum. My second ranking - I placed there because it does act as some amount of deterrent when perceived by others. My first ranking is something relatively uniform - it is true that prisoners are (mostly) unable to commit other crimes while locked up. ",5,3,3,5,3,2,4,2,9,3,3,4,3,4,4,4,5,4,4,3,1,5,3,5,5,4,3,3,4,3,7,1,3,2,2,1,3,2,7,2,1,2,5,2,2,2,6,4,2,2,2,6,5,3,7,1,2,2,6,2,2,1,1,7,7,1,1,7,7,2,1,1,1,6,2,2,6,10,100,47,,,,,15,8,"US prisons are not equipped to provide an adequate threshold of healthcare - they barely provide minimum emergency care, and long-term care for chronic autoimmune illness would be unlikely to be adequately implemented.","I hope this sentence would be able to get combined with rehabilitation programs and possibly give him another chance at building a better future. ",,,,,1,6,1,42,2,1,4,1,1,2,2,,2
2026-07-06 19:50:43,2026-07-06 20:06:38,0,,100,954,1,2026-07-06 20:06:39,R_6Lb93lEDSAXzlYP,,,,,,,anonymous,EN,1,P001246,5,6,3,5,6,5,3,4,6,6,5,5,4,7,2,5,5,4,3,2,1,"I believe that rehabilitaing people should be the main goal of imprisonment as it takes into account the fact that many of those imprisoned had unforunate upbringings that influenced their behaviors. It is important to prevent further crimes from prisoners while they are imprisoned, as well as setting an example to potentional criminals on what they can expect if they are imprisoned and instead aiming for better lifes for the people who may be at-risk. Criminals deserve to be punished, especially those who are needlessly violent, but the vast majority of criminals are not inherently violent people.",4,2,3,6,1,1,3,4,9,1,2,6,1,3,2,5,4,2,2,1,2,5,4,6,6,3,2,6,4,7,7,2,2,3,4,1,5,4,6,3,2,3,3,3,4,6,5,1,1,2,2,5,7,4,6,2,5,1,7,4,4,2,1,7,7,1,1,5,7,2,1,5,1,5,1,2,5,5,5,47,,,,,,,,,25,25,"While Darryl is now disabled, this does not reduce his ability to use weapons or third-parties. ",Share my opinion.,1,6,1,20,2,1,4,2,1,3,3,,3
2026-07-06 19:48:52,2026-07-06 20:07:48,0,,100,1135,1,2026-07-06 20:07:49,R_6IRJiqgy7D8EdlN,,,,,,,anonymous,EN,1,P001032,7,7,7,7,7,7,7,7,7,7,7,7,7,3,7,7,7,1,3,2,4,"There are consequences to your choices, so crime must be punished. It is obvious that while criminals are locked up and not on the street, they cannot commit crimes. I would hope that punishment deters others. I do not believe that our prison system does a good job of being able to rehabilitate prisoners.",1,7,1,7,6,7,7,7,9,6,5,7,6,5,6,1,7,7,4,5,6,4,7,5,2,4,7,7,4,6,7,2,5,6,5,1,7,6,4,5,4,3,1,4,5,5,4,5,4,7,7,2,4,7,4,7,5,7,4,3,5,7,3,6,7,7,7,1,5,6,1,7,2,1,6,7,1,5,5,12,,,,,50,50,Justice needs to prevail even if nobody ever knows the truth of the story.,Punishment for him taking a life and repeatedly being an offender by being a domestic abuser.,,,,,1,4,1,59,2,1,4,6,2,1,1,,2
2026-07-06 19:56:40,2026-07-06 20:19:16,0,,100,1355,1,2026-07-06 20:19:16,R_3ezvjUZIZqxMN84,,,,,,,anonymous,EN,1,P000195,5,5,4,3,5,3,1,3,2,2,3,5,2,5,3,2,3,3,4,2,1,"I don't really agree with all of them, but I agree with the possibility of rehab the most. Although the data really doesn't back up any of these claims. ",5,1,4,5,1,1,3,3,9,1,1,3,2,5,2,3,2,5,2,1,2,4,2,5,3,6,2,5,4,3,6,1,1,2,3,1,7,5,7,2,2,2,5,1,4,3,6,3,1,1,3,5,7,2,7,2,1,1,7,1,2,1,1,7,7,1,1,7,7,1,1,3,1,6,1,1,6,5,5,47,20,15,"Even though he does not pose a threat, he still took a life and out of respect for the victim and their family there should be a punitive response. I did reduce it some, as it is possible with health issues there will be a large burden to the state to provide his medical care. ","I would hope it would allow some peace for the victim's family, and provide Darryl with a chance for rehabilitative programs. ",,,,,,,,,1,7,1,47,2,1,5,3,3,3,1,"Thank you. ",1
2026-07-06 20:09:51,2026-07-06 20:21:49,0,,100,718,1,2026-07-06 20:21:50,R_59rZHP443Qy3e9u,,,,,,,anonymous,EN,0.8999999761581421,P001884,7,7,7,7,7,7,7,7,7,7,7,7,7,7,7,7,7,3,2,1,4,It is just,1,6,1,7,4,3,4,6,9,7,6,7,6,6,7,1,7,7,7,4,7,4,7,7,7,7,7,7,4,6,6,1,4,4,4,1,5,5,7,7,3,5,1,7,7,6,4,4,7,4,7,4,4,4,4,7,6,6,4,5,6,4,4,4,4,4,4,4,6,4,2,4,3,4,4,6,1,10,5,47,,,,,50,50,"A life was taken, there is no excuse for it, and cannot be undone",punishment,,,,,2,7,1,57,2,1,6,6,2,1,1,,2
2026-07-06 19:55:14,2026-07-06 20:22:54,0,,100,1659,1,2026-07-06 20:22:55,R_1dKqegoApJQUPiF,,,,,,,anonymous,EN,1,P001828,7,7,7,7,7,7,6,7,7,7,7,7,5,5,5,6,6,1,3,2,4,I feel that criminals deserve punishment if they are committing crime. Only some get rehabitated while locked up.,1,6,1,5,7,2,7,4,9,6,7,4,7,7,2,3,6,7,6,3,1,5,6,5,2,3,7,7,4,7,5,3,1,3,5,1,7,7,4,5,2,5,1,5,7,7,6,7,5,5,5,6,7,7,4,7,7,5,7,5,7,1,7,3,1,7,7,1,2,7,1,3,5,3,7,7,1,10,100,24,,,,,30,20,It doesn't matter if he is physically impaired now. He did the crime and he must pay for it.,Punishment and regret on his part for killing Fdrankie.,,,,,1,5,4,60,2,1,5,7,2,1,1,,2
2026-07-06 20:14:24,2026-07-06 20:23:04,0,,100,520,1,2026-07-06 20:23:05,R_3CIKlq94W6g52fL,,,,,,,anonymous,EN,1,P001897,5,6,6,6,6,7,4,6,6,7,6,5,2,5,5,6,6,1,2,3,4,I believe that those that commit crime deserve to be punished. That is the basis for our criminal justice system; to keep society safe.,3,3,3,6,4,4,7,7,9,2,5,7,5,7,3,4,5,6,1,3,3,5,5,6,4,5,5,3,4,2,7,5,3,4,6,1,7,7,6,4,4,4,3,4,6,5,6,1,3,5,2,5,5,3,6,4,6,1,7,5,6,3,4,5,5,3,3,6,6,5,2,6,1,5,2,4,6,10,100,24,,,,,,,,,30,25,"I would lessen the sentence just a bit, but a 17 year old male knows better.",I hope this sentence will deter others from doing the same.,2,6,1,56,2,1,6,5,2,3,1,,3
2026-07-06 19:52:28,2026-07-06 20:24:02,0,,100,1893,1,2026-07-06 20:24:02,R_5MJOzf4m3CN66nO,,,,,,,anonymous,EN,1,P001349,6,6,4,6,6,4,5,6,4,6,3,6,6,3,4,3,6,4,1,2,3,The most important reasons for punishment for me deal with preventing more crimes from happening by either locking the prisoners up or deterring others from committing crimes. Less important reasons deal with the actual punishment itself and rehabilitation that seldom seems to work.,6,2,6,6,2,1,2,2,9,2,2,2,2,3,2,4,2,3,2,2,2,5,2,6,6,6,3,3,4,4,7,2,4,2,4,2,5,3,3,3,2,3,5,2,3,4,6,2,2,2,2,6,6,3,6,2,2,4,4,3,2,1,1,7,7,1,1,7,7,2,2,1,1,6,2,4,4,5,10,32,,,,,,,,,15,5,I feel that 5 years of prison would be enough for somebody who is permanently paralyzed and cannot defend or take care of himself in prison. A longer sentence would inflict unnecessary suffering.,I'm hoping this sentence will punish the criminal enough so that he can somehow be rehabilitated before he becomes a career criminal in prison.,1,6,1,42,1,3,4,2,3,3,3,I enjoyed completing this study which made me think about the criminal justice system.,3
2026-07-06 20:06:07,2026-07-06 20:24:54,0,,100,1126,1,2026-07-06 20:24:54,R_54ueocfLdSiYRPc,,,,,,,anonymous,EN,1,P000104,7,7,7,7,7,7,4,7,7,7,7,7,7,7,7,7,7,2,1,3,4,"I rank these reasons this way because I primarily belive that punishment is necessary to prevent other crimes from being committed. ",1,6,1,7,6,1,6,6,9,7,7,1,7,7,4,1,5,6,5,4,1,5,5,4,7,3,6,7,4,6,6,4,4,4,4,1,7,7,1,7,6,4,2,4,4,6,4,4,3,4,5,4,5,4,5,4,4,3,5,4,6,3,1,7,7,1,1,6,7,7,1,4,1,6,1,1,6,10,20,24,25,20,I think Darryl still needs to be punished for the crime he committed no matter his health issues now.,I hope this sentence would stop others from doing the same as Darryl.,,,,,,,,,1,7,1,30,2,4,6,4,3,3,3,,1
2026-07-06 20:11:08,2026-07-06 20:25:07,0,,100,839,1,2026-07-06 20:25:08,R_3hwbBt4HzAYGkW5,,,,,,,anonymous,EN,1,P001798,6,7,7,7,7,4,1,6,5,7,7,6,2,7,6,5,6,1,2,3,4,I ranked the reasons for punishment in that order because I believe that order is the best reason for punishment.,2,4,1,2,7,3,7,4,9,2,4,6,3,7,1,1,4,6,5,2,3,5,6,6,7,4,4,2,4,3,5,4,3,3,4,1,7,6,4,4,1,4,3,4,5,5,4,4,2,2,2,5,5,2,5,2,2,2,7,2,4,1,1,7,7,1,1,7,7,4,1,4,4,7,1,1,7,10,100,24,,,,,,,,,50,50,Because he took a life. There is no amount of time that's enough for taking a life.,"Hopefully this sentence will make Darryl reflect on the murder he committed. ",1,4,1,27,2,2,6,2,1,1,1,,3
2026-07-06 20:15:41,2026-07-06 20:28:28,0,,100,767,1,2026-07-06 20:28:29,R_5oGZVZkN8GPmvDu,,,,,,,anonymous,EN,1,P001298,7,7,7,7,7,7,7,7,7,7,7,7,7,7,7,7,7,1,2,3,4,If you commit any crime you need to be jailed and never get out.,1,7,1,1,7,7,7,7,9,7,7,7,7,1,7,1,7,7,7,7,7,1,7,1,1,1,7,7,4,7,1,7,1,1,7,7,7,7,1,1,1,7,1,7,7,7,1,1,7,7,7,1,1,7,1,7,7,7,4,7,7,7,7,1,1,7,7,1,1,7,1,7,4,1,7,7,1,10,100,24,,,,,,,,,50,50,He's a murderer he should rot in jail,Justice,1,7,1,59,2,1,2,7,2,1,1,,3
2026-07-06 20:11:04,2026-07-06 20:29:27,0,,100,1103,1,2026-07-06 20:29:28,R_3mwjaLiefXYD6zn,,,,,,,anonymous,EN,1,P001712,6,6,6,6,6,5,5,7,6,6,7,6,6,3,6,6,6,2,3,1,4,I do believe while locked up prisoners cannot commit a crime but I don’t feel our prisons rehabilitate anyone.,2,6,1,4,5,4,6,6,9,3,5,5,6,6,5,4,6,6,5,3,4,4,4,4,3,3,4,6,4,4,6,2,2,3,4,2,5,5,5,4,5,4,1,6,6,7,5,5,5,5,4,4,6,4,5,4,5,6,4,6,6,5,5,5,6,6,5,2,6,5,3,3,3,3,4,5,3,5,100,47,,,,,49,50,"He intentionally caused bodily harm to Frankie, therefore he deserves the maximum sentence",He just has no right to be able to be free so what do I accomplish is by taking his freedom away from him.,,,,,1,6,2,58,2,1,6,6,2,2,1,,2
2026-07-06 20:15:16,2026-07-06 20:29:39,0,,100,862,1,2026-07-06 20:29:39,R_53jtxwV5D80tWTp,,,,,,,anonymous,EN,1,P001893,5,7,4,5,6,4,2,5,6,7,5,5,2,4,4,4,4,1,2,3,4,That just my rational,4,1,1,5,6,1,4,6,9,2,4,7,4,7,4,2,7,5,4,3,4,4,4,7,7,5,5,6,4,1,7,4,2,4,5,1,7,6,3,3,2,3,3,3,7,7,5,4,4,5,5,4,6,4,5,4,1,1,7,4,5,1,1,7,7,1,1,7,7,7,1,4,1,4,4,4,3,5,5,47,,,,,,,,,25,15,I felt more lenient due to his age and disease,justice,1,7,1,59,2,1,3,3,2,1,1,Have a great day!,3
2026-07-06 20:08:20,2026-07-06 20:29:54,0,,100,1293,1,2026-07-06 20:29:55,R_5emKvLJQ5mNurA8,,,,,,,anonymous,EN,1,P000632,6,5,1,2,1,1,1,5,6,7,7,7,1,5,2,1,5,4,2,1,3,I don't think their is any point in punishment for crimes in the sense of putting someone in prison. The purpose of imprisonment is mainly to protect the public and to deter others from committing crime. Prisoners should get rehabilitated because that would benefit society.,4,1,3,5,4,4,4,4,9,4,1,4,2,6,3,3,5,4,1,1,2,4,5,5,6,6,4,4,4,4,7,4,4,3,4,1,4,3,7,2,1,1,4,1,1,1,7,2,1,1,2,7,7,1,7,2,1,4,1,1,4,1,1,4,7,7,7,1,1,7,4,1,1,1,4,5,1,5,5,47,30,30,Darryl did the crime so he should do the time.,Keep Darryl from commiting another crime. He could be cured of his disease or commit crimes that do not require use of his limbs.,,,,,,,,,1,7,1,57,2,1,3,6,2,3,2,,1
2026-07-06 20:08:05,2026-07-06 20:30:13,0,,100,1328,1,2026-07-06 20:30:14,R_3Gc97wMAwic5i81,,,,,,,anonymous,EN,1,P000788,6,6,4,2,5,5,4,2,5,5,3,5,2,5,2,3,5,4,2,3,1,"Prisoners should be rehabilitated and educated on why what they did was wrong and learn ways to avoid reimprisonment.  Second, the threat of punishment is enough for some people to not commit crimes.  The last two are the weakest reasons to me.  I don't necessarily believe that all prisoners would continue to commit crimes if they had not been caught.  Sometimes it's a one off.  I think the statement that criminals deserve to be punished is harsh.  Criminals need to be held accountable for their actions.",6,1,3,7,5,1,6,1,9,1,2,6,2,6,3,3,2,3,6,1,1,6,5,6,6,6,2,5,4,2,7,2,4,2,2,1,5,2,6,2,1,1,4,2,1,3,5,5,1,1,3,6,6,3,6,3,2,1,7,2,2,1,1,7,7,2,1,7,7,2,1,2,1,7,1,1,1,10,5,47,,,,,,,,,30,30,"This crime was premeditated and carried out and it resulted in the loss of a life.  The beating was highly unnecessary and Daryl needs to be held accountable for his actions.  ","While in prison, I would hope that Daryl is exposed to people from all walks of life and is able to learn why his business was wrong to begin with, but why it was even more wrong to take matters into his hands the way he did.  Rather than simply taking responsibility for what he was doing wrong, he doubled down and ended up killing someone.  This impulsive behavior needs time to rehabilitate.",1,7,1,37,2,1,6,1,1,3,2,,3
2026-07-06 20:18:51,2026-07-06 20:31:11,0,,100,740,1,2026-07-06 20:31:12,R_3HCaouu0hPBxl91,,,,,,,anonymous,EN,1,P001363,7,7,4,7,7,7,7,6,5,7,7,7,6,4,7,6,7,1,2,3,4,"We have a duty to keep society safe, and people who commit violent or financial crimes are likely to do it again.",1,6,1,2,7,3,7,7,9,6,6,4,6,7,4,1,7,7,7,5,7,2,6,4,4,2,7,7,4,7,7,4,3,5,6,2,6,7,5,4,1,6,1,5,6,7,3,7,7,5,7,4,5,5,3,5,5,7,5,7,7,5,4,5,5,6,5,3,3,4,1,5,1,4,5,5,4,10,100,24,43,45,"It doesn't matter, he committed the crime and ended the life and future of a 17-year-old girl.",A 17-year-old likely had decades left to live. His sentence should match what he took away from her and her family.,,,,,,,,,2,7,4,58,2,1,3,5,2,1,1,I feel like the study was trying to get me to be sympathetic to criminals at the expenses of their victims.,1
2026-07-06 20:12:16,2026-07-06 20:33:33,0,,100,1276,1,2026-07-06 20:33:33,R_510fWb2szHYiICL,,,,,,,anonymous,EN,1,P000317,6,6,6,6,6,6,4,6,6,6,6,6,4,6,6,6,6,3,2,1,4,I did my ranking this way because overall I think society is safest when criminals are locked up and unable to commit more crimes so I think that should be first. The others as they are ranked make sense to me personally.,2,6,2,5,4,4,7,6,9,6,5,6,4,6,4,2,6,4,4,4,4,4,4,6,5,4,4,4,4,5,6,4,4,5,4,2,5,4,2,4,4,3,4,4,5,5,4,4,5,5,5,4,4,4,4,4,5,3,6,4,5,1,1,7,7,1,1,7,7,4,2,4,1,4,4,4,4,10,100,24,,,,,50,50,"I still recommend the highest sentence because he deserves to pay the maximum for taking her life, regardless if he is now supposedly ""no longer a threat"".",To help give some sort of justice to Frankie and her loved ones.,,,,,1,5,1,37,2,1,3,4,3,1,1,"I have no comments, but thank you!",2
2026-07-06 20:06:03,2026-07-06 20:33:50,0,,100,1667,1,2026-07-06 20:33:51,R_6PlAbIdT4cFvWRX,,,,,,,anonymous,EN,1,P001413,7,6,4,7,6,6,6,7,3,6,7,6,2,4,3,3,3,1,3,2,4,"People that commit crimes should be punished. If you take criminals off of the street, it does keep them from committing more crimes and it deters some other who are thinking of committing crimes. And lastly some but not all criminals can be rehabilitated.",1,3,1,7,6,4,4,6,9,6,7,6,5,4,2,2,6,6,4,3,5,4,3,4,6,4,5,5,4,5,7,4,4,1,3,1,7,7,3,2,2,4,4,4,7,5,5,3,5,4,6,4,6,4,5,6,2,4,7,6,5,6,3,6,6,2,2,5,6,7,7,4,1,7,4,2,7,10,100,25,,,,,40,40,I would still give Darryl the 40 years because he didn't have any regard for Frankie's life. Him purposely causing her harm is what forced her to run out into the street to get hit. He doesn't deserve a light sentence,"I hope the 40 years will give him time to reflect on what he did and possibly build some remorse. Frankie can never be brought back but he can possibly still create a life for himself even if it is in his later years. ",,,,,1,6,2,43,2,2,5,3,1,1,1,It was a very interesting study. It is sometimes hard to truly gauge if every punishment that is issued is fitting for the crime that was committed. It is truly on a case by case basis.,2
2026-07-06 20:18:00,2026-07-06 20:34:57,0,,100,1017,1,2026-07-06 20:34:58,R_63kHnAStzZNKVTk,,,,,,,anonymous,EN,0.8999999761581421,P000844,7,7,6,7,7,6,6,7,7,7,7,7,4,4,6,6,6,3,1,2,4,"I think that, if you keep giving opportunities or a slap on the wrist, criminals learn that they can get away with crime enough that it pays. They should definitely be punished for their acts. And it's really important for those like rapists and murderers to be contained and off of the streets. Those criminals have little chance of rehabilitation and need to be away from regular society as long as possible. ",1,6,1,2,5,1,7,6,9,2,2,2,6,6,2,1,7,7,2,5,5,5,7,3,1,4,7,7,4,7,5,2,2,3,5,1,6,5,4,5,2,4,3,5,7,6,5,2,2,3,6,7,6,7,4,7,4,1,7,6,7,2,1,7,7,2,2,6,6,5,4,2,2,2,4,5,2,10,5,47,50,50,"He has no right to kill anyone for his financial gain. Even if he is falling on hard times, it's not ok to kill someone else to take what they may or may not have, especially a teenager. This was a very violent act that resulted in death. He deserves the punishment equal to the life he took, even if he is now paralyzed. ","Give the victim's family a sense that justice has been served for their murdered child. He took a life and should not get to live his own outside of the prison. ",,,,,,,,,1,6,1,57,2,1,4,6,2,1,1,,1
2026-07-06 20:05:40,2026-07-06 20:35:03,0,,100,1763,1,2026-07-06 20:35:04,R_3JPHMZPeON0dzDo,,,,,,,anonymous,EN,0.699999988079071,P001725,2,7,6,5,7,6,4,5,2,7,4,6,5,7,7,3,3,1,3,4,2,"I ranked them how I see fit and what I believe is th reasonable order of my opinion on the subject ",4,3,3,7,4,2,7,7,9,3,2,5,4,6,3,2,4,4,2,2,2,2,5,5,6,5,3,5,4,4,6,4,4,4,2,2,6,5,5,4,4,2,5,1,3,4,6,1,2,4,5,6,6,2,6,3,4,6,5,3,4,1,1,7,7,2,2,6,7,6,5,3,3,7,2,4,7,10,100,24,,,,,50,20,"I just feel as tho he doesn’t impose a threat anymore but still committed the crime and deserves to still be punished ",That Darryl learns from his actions if he was the one day get out of prison and for him to be made an example to society,,,,,2,6,2,30,2,2,3,1,3,3,3,"No comments ",2
2026-07-06 20:08:55,2026-07-06 20:35:26,0,,100,1590,1,2026-07-06 20:35:26,R_5PwpRWq2xsHvRu1,,,,,,,anonymous,EN,1,P001544,7,7,7,7,7,7,3,7,7,7,7,7,3,5,7,5,7,2,3,1,4,Prisoners need to be punished to the fullest extent of the law. It keeps them off the streets and sends a message to others not to commit a crime.,1,7,1,5,5,1,7,7,9,1,1,3,6,3,7,1,7,7,7,4,3,1,7,5,5,2,7,7,4,5,5,3,1,5,6,1,6,6,5,6,5,6,1,5,6,4,3,6,7,3,7,5,7,7,1,6,6,7,5,7,7,4,4,4,4,7,4,4,4,5,5,2,5,5,7,7,1,10,5,12,25,25,"Darryl deserves the 25-year prison sentence because he committed 2 crimes in one. Murder, theft, and manslaughter. Frankie deserves justice. Due to his disease, he can be in a mental institute in the prison.",Darryl regrets his choices in life and what he took away from Frankie.,,,,,,,,,2,7,4,70,2,1,3,7,2,3,3,It was a very interesting experience.,1
2026-07-06 20:22:00,2026-07-06 20:37:35,0,,100,934,1,2026-07-06 20:37:35,R_534A7G2P3GqJx0o,,,,,,,anonymous,EN,1,P000264,7,7,7,7,7,4,4,7,7,7,7,7,2,2,7,4,7,2,3,1,4,that they cannot commit crime while in prison is obvious.  Statistic do not show that prisoners get rehabilitated in prison.  The majority just go back to their old ways.,1,7,1,1,7,7,7,7,9,7,7,4,7,4,7,1,7,7,7,6,6,1,7,6,1,1,7,7,4,7,6,7,4,1,7,1,7,7,2,3,4,7,1,6,7,7,2,4,7,7,7,4,4,7,5,7,6,6,2,7,7,4,1,6,6,7,6,6,6,6,4,7,2,5,4,4,4,10,5,24,50,50,"I believe in a life for life.  He should have been executed and soon, not 30 years later after getting room and board at our expense.",Hopefully he will suffer,,,,,,,,,2,7,1,73,2,1,4,7,2,1,1,none,1
2026-07-06 20:08:08,2026-07-06 20:39:18,0,,100,1870,1,2026-07-06 20:39:19,R_1iF0Am0qWqE3Zm5,,,,,,,anonymous,EN,1,P000268,7,7,6,5,7,7,4,7,7,7,7,7,7,7,5,7,4,4,3,2,1,"most important is rehabilitation to try to prevent them from committing more crime in future. Also is very important they cannot commit more crime and are locked up. It is also important that it goes to show what happens when you commit crimes. Lastly, criminals deserve to be punished is a thing, but least important vompared to these other resons. ",1,5,1,4,6,1,5,4,9,5,5,4,4,5,4,1,5,5,5,2,1,3,3,5,4,4,4,5,4,1,7,1,1,1,4,1,7,7,6,5,5,4,2,3,4,6,4,5,3,3,4,5,5,3,4,3,2,1,7,4,4,4,1,6,7,4,2,5,7,4,1,2,2,1,5,4,4,10,5,24,,,,,,,,,25,20,"Because despite the disease, he still needs to serve his time. ","Show an example to others, and rehabilitate him. ",2,7,5,25,2,4,3,4,3,3,3,,3
2026-07-06 20:29:46,2026-07-06 20:45:01,0,,100,915,1,2026-07-06 20:45:02,R_3JIXTx8GYV6ZhPo,,,,,,,anonymous,EN,1,P000161,6,6,5,6,6,5,6,6,6,4,6,6,3,6,4,3,6,1,4,2,3,"There are laws for a reason, whether justified or not, and as a member of society, you enter that social contract to follow the law, contribute to society, in exchange for the benefits of being in said society. Breaking the law goes against that social contract and can be harmful to other members of society, thus criminals deserve to face repercussions for their actions. There is more nuance to this, especially in terms of non-violent offenders, but regardless. I feel that is the main reason for punishment, on the individual level, there must be consequences. I put 2 as 2 because, especially for violent offenders, you do not want them in society where they can commit more harmful crimes. As for 3 and 4, I am not sure how much punishment deters others or whether rehabiliation is successful in terms of the data, thus I put those on the bottom.",6,2,5,7,3,1,7,2,9,2,3,2,2,6,3,4,7,6,3,1,2,6,3,6,6,3,3,3,4,4,7,3,2,3,2,1,4,4,6,3,1,2,4,2,2,2,6,6,1,3,2,6,7,2,5,3,1,1,7,2,2,3,1,7,6,2,1,6,7,5,1,1,1,7,2,2,6,5,100,47,,,,,30,30,"Regardless of whether he is a threat to society, he still needs to face the consequences of his actions. Especially seeing as his actions and violence resulted in the loss of life. Therefore, I would still go for 30 years in prison.","Punishment for the violent nature of the crime that resulted in loss of life. ",,,,,1,3,1,25,2,1,5,1,1,3,3,,2
2026-07-06 20:20:20,2026-07-06 20:46:41,0,,100,1580,1,2026-07-06 20:46:41,R_6PB4oruzJdKsAAF,,,,,,,anonymous,EN,1,P001741,2,2,1,1,2,1,1,1,2,1,2,1,1,3,1,1,5,2,1,4,3,"4. Prisoners regularly commit crimes against each other, so this statement does not ring true.
3. American prison systems are geared towards punishment *instead of* rehabilitation, so this statement also feels untrue.
2. This statement depends on what the definition of ""punishment"" is. I don't believe anyone deserves the horror and pain of the prison system, but obviously actions should have consequences.
1. It seems fair to say that some people keep themselves from committing crimes by remembering the possibility of prison.",7,1,6,6,1,1,2,1,9,2,1,4,1,4,1,4,4,1,7,1,2,6,1,7,7,7,2,3,4,3,7,1,4,1,2,1,6,5,3,6,2,2,7,1,2,6,7,7,1,1,4,7,7,1,7,1,1,1,7,1,1,1,1,7,7,1,1,7,7,1,1,2,1,7,1,1,7,5,5,47,,,,,,,,,20,0,"If he's no longer a threat to society, then I see no reason to keep him in prison, especially since he is now disabled and would likely fare worse in prison than an able-bodied person.","I don't know if I really need to ""accomplish"" anything per se, I just don't think prison is reasonable at this point. I think having to be literally paralyzed with guilt is punishment enough. Hopefully.",1,7,1,21,1,1,2,1,1,2,3,,3
2026-07-06 19:23:21,2026-07-06 20:47:53,0,,100,5071,1,2026-07-06 20:47:53,R_110lLgXflxCW3Pd,,,,,,,anonymous,EN,0.8999999761581421,P000430,7,7,5,7,7,6,6,7,6,7,7,6,6,5,6,6,5,4,2,3,1,"I ranked the reasons according to the priority given to the greater good of the society and preventing crimes as opposed to just punishment factor. In ranking the factors, I chose rehabilitation as the most important reason because it takes care of the underlying causes of the crime and helps ensure that when one is released back to society, he or she will be able to contribute positively hence lowering crime rates. The second reason is deterrence because if we have a system that deters crime from happening, everybody will be safe. Incapacitation comes third because although imprisonment helps provide a temporary level of security for the public, it is not a permanent way to stop crime. Retribution comes last because punishment alone does not solve the underlying causes.",6,3,4,6,2,2,3,3,9,2,2,4,3,6,1,6,5,5,2,2,5,4,5,3,5,3,5,6,4,5,6,2,3,2,4,1,4,5,3,2,3,6,2,5,6,5,3,3,2,5,2,3,4,3,3,4,3,6,3,3,2,2,5,5,6,2,2,6,5,1,1,2,1,5,2,2,3,5,5,47,25,25,"The defendant's later illness does not mitigate his criminal responsibility for his deeds. The man started a vicious robbery which ended up with the murder of a teenager. Although he is no longer dangerous to society, it should be remembered that legal repercussion must reflect the great harm done and not the current state of health of the perpetrator.","I hope this will do justice to retributive justice and serve the principle of accountability where a life that has been taken is answered to in kind by law, showing that the judicial process appreciates the life of the victim even when the case remains private.",,,,,,,,,1,5,3,36,1,2,4,2,1,1,1,The study was longer than the estimated time.,1
2026-07-06 19:55:29,2026-07-06 20:48:07,0,,100,3158,1,2026-07-06 20:48:08,R_6P1KrLFxtlSq4AH,,,,,,,anonymous,EN,1,P001082,7,7,6,6,7,7,1,7,7,7,7,7,2,6,7,7,7,3,2,1,4,"I think the important aspect of criminal punishment is that it keeps prisoners from committing other crimes. These are people that were proven to commit crimes so it's important we stop them from doing it again. The second most important reason is that it stops other people from committing crimes. If people believed they could get away with crime, they won't think twice about committing it. The third most important reason is that criminals deserve punishment. I do believe that people who commit crimes deserve to pay in some way for what they did, but I ranked this reason as the third strongest because it's more about morals than it is about protecting the public. Finally, I ranked prisoners getting rehabilitated in prison as the weakest reason for criminal punishment because there's no guarantee that it works. It's possible that criminals will get released and reoffend. Therefore, while it can be benefit if it happens, it's the weakest reason to justify criminal punishment.",3,3,1,3,3,2,7,4,9,1,1,3,1,7,1,1,7,5,7,1,2,4,5,7,7,1,3,7,4,1,7,1,1,2,1,1,4,4,6,1,1,3,4,4,4,4,7,1,1,2,1,7,7,1,7,1,3,1,7,3,5,1,1,7,7,1,1,7,7,1,1,1,1,7,1,1,7,10,100,24,,,,,,,,,50,30,Darryl may not be able to hurt anyone anymore and the public might never know what he did but it still feels wrong for him to live a free life after killing Frankie. Frankie's family deserve to know that Darryl is paying for taking Frankie's life by sacrificing some part of his own life. Robbing the family of justice will make them angry and they could possibly take that out on Darryl or another family.,"I hope Darryl will see that he did something wrong and I hope that Frankie's family will have peace. ",1,7,1,26,2,2,6,1,1,1,1,It was an interesting study that made me think carefully about crime. I think generally I believe harsher punishments should be reserved for criminals who commit crimes that cause physical and mental harm.,3
2026-07-06 20:24:40,2026-07-06 20:49:02,0,,100,1462,1,2026-07-06 20:49:03,R_3CHrR4qYf8ublzO,,,,,,,anonymous,EN,1,P001037,7,7,6,7,7,7,7,7,7,7,7,7,3,7,5,6,7,1,3,2,4,first and most simple is that they deserve to answer to their crimes. 2 It is important to protect the innocent people of society and a criminal locked up won't hurt anyone else at least while he is locked up. 3 Many people see what happens and choose to stay clear of crime and people that commit crimes. 4 I think that prison could rehabilitate but not sure that it does. I know of criminal that come out even more evil thinking than before they went in.,1,7,1,3,3,3,6,2,9,1,3,3,6,5,3,2,7,7,7,1,6,3,6,6,1,1,7,6,4,3,7,1,3,6,6,1,7,7,4,4,5,1,1,3,3,4,3,7,7,3,6,3,6,5,5,7,5,7,1,7,7,3,3,3,3,5,3,3,7,5,3,2,2,1,5,6,1,10,100,24,50,50,Nothing changed what he did to this person Frankie and family. Just because he is now sick does not mean that he get to get out and enjoy his life from here on out.,I don't know that it will accomplish anything in this case except to satisfy the family he hurt and show others that these actions will not be tolerated under any circumstances,,,,,,,,,1,7,1,78,2,1,3,7,2,1,3,,1
2026-07-06 20:18:30,2026-07-06 20:49:15,0,,100,1845,1,2026-07-06 20:49:16,R_63oDp7dvIVwghLb,,,,,,,anonymous,EN,1,P000088,6,5,5,5,5,4,4,5,6,6,4,4,2,2,3,2,5,3,2,1,4,I ranked rehabilitation last because it is not doing that. I think it creates mental illnesses that make it difficult to adjust back to society.,6,2,6,6,1,1,4,2,9,6,5,2,2,6,2,6,2,2,6,2,2,6,6,6,6,6,2,6,4,4,6,5,4,3,4,4,5,4,6,1,1,1,6,1,1,1,6,4,2,4,4,6,6,2,6,2,4,4,6,2,3,6,4,4,6,3,2,4,6,4,2,2,2,2,5,6,2,10,100,24,,,,,20,20,"It is long enough, yet short enough for him to spend some time in society for the remainder of his life to heal and function normally.",Healing and forgiveness to himself and from others.,,,,,1,7,1,56,2,1,5,5,2,2,2,"Instead of being locked up and isolated, prisoners should be mandated to attend a therapy program in the prison according to the crime committed. I think all crimes should be treated with a process to heal and be released back into society. They all deserve a second chance because we make mistakes.",2
2026-07-06 20:27:47,2026-07-06 20:49:36,0,,100,1308,1,2026-07-06 20:49:37,R_14rOBZzYwHnUg8h,,,,,,,anonymous,EN,0.4000000059604645,P001938,7,7,6,6,6,6,1,6,6,6,6,6,2,6,6,5,4,1,2,4,3,"Crimes need consequences, it sends a message",2,5,1,3,3,4,3,4,9,2,2,5,4,4,4,4,5,5,2,2,3,2,3,2,2,3,5,6,4,2,6,3,2,4,2,1,6,5,7,4,2,2,3,4,5,5,4,2,2,2,3,4,5,4,4,5,5,5,2,4,3,5,1,6,6,6,5,3,7,6,5,4,3,5,2,4,4,10,5,47,,,,,,,,,35,35,He deserved it,justice for the family of the victim,2,7,2,62,2,1,2,6,2,1,1,,3
2026-07-06 20:14:09,2026-07-06 20:50:13,0,,100,2164,1,2026-07-06 20:50:14,R_3m3GLVrFtdEYpXR,,,,,,,anonymous,EN,0.800000011920929,NONSTANDARD_2,4,7,3,5,6,5,6,5,5,6,6,6,4,5,3,3,5,1,3,2,4,"Well first, criminal DO deserve to be punished  and hopefully they learn from that to ""do the right thing"". Rehabilitation I chose last because for some this is true, but I think there may be a whole lot that will never stop criminal activity. ",2,4,1,5,2,2,3,4,9,4,5,2,5,7,7,1,4,6,3,2,4,2,6,4,4,4,6,6,4,5,6,4,2,3,5,1,5,6,6,2,4,1,2,2,5,5,5,2,2,4,4,5,4,5,3,6,2,2,7,4,6,1,1,7,7,4,3,4,4,5,4,5,2,1,7,7,1,5,100,24,,,,,50,50,A life for a life. If not  death sentence to end his life then life in prison to end his free life. You cant take someones life and just walk away to live yours. NO! a life for a life!,Frankie's life ends as most people know it. He should feel lucky he gets to walk around living a prison life after ending someone else's.,,,,,1,4,2,63,2,1,2,6,2,3,1,"This is interesting. You have me thinking about a subject I don't really pay much attention to as far as punishments for crime. I think my answers are how I really think about this though. Although its hard to give someone a punishment even though they did wrong. It feels like I'm a criminal, taking someones life away because I think that's the right thing to happen. Who am I to decide to take someones life? Makes me no better than them really. Its still taking a life in a way.......",2
2026-07-06 20:33:44,2026-07-06 20:50:17,0,,100,992,1,2026-07-06 20:50:17,R_7n2l0COVyUlpRSx,,,,,,,anonymous,EN,1,P001777,5,4,3,5,6,2,3,2,5,2,5,3,3,1,5,2,5,2,3,1,4,"I feel we need to do something about crime, but the current prison system doesn't seem to benefit society in that the prisoners aren't typically rehablitated.",4,2,2,4,5,4,7,4,9,6,2,6,2,5,4,1,5,2,2,4,2,6,2,6,6,4,4,3,4,5,7,2,4,5,3,1,4,3,7,3,2,2,4,2,2,2,6,5,4,1,5,5,6,2,5,3,2,1,7,4,4,1,1,7,7,1,1,7,7,2,1,4,1,6,1,1,5,10,100,24,50,50,I feel he still took a life and should be given the stiffest penalty,To keep him away from general society and justice for the victims family,,,,,,,,,2,5,1,50,2,1,4,3,1,1,1,"These were hard questions and no easy answers. I overall feel crime should be punished and addressed, however, not sure our current system is effective. ",1
2026-07-06 20:23:25,2026-07-06 20:52:25,0,,100,1739,1,2026-07-06 20:52:26,R_1gGVybSOHS6FV75,,,,,,,anonymous,EN,1,P000680,6,7,5,7,6,6,4,7,6,6,5,6,2,5,4,4,6,3,1,2,4,Because prisoners don’t normally get rehabilitated in prison so that’s last and the rest are pretty equal to me.,4,3,2,5,1,1,5,6,9,2,5,7,4,6,5,2,4,5,6,3,4,4,6,5,4,6,5,7,4,2,7,2,1,4,1,1,5,5,5,4,3,1,3,1,1,6,6,5,3,2,5,7,6,5,5,1,4,7,6,2,4,4,2,7,7,6,1,5,6,7,7,7,3,4,5,5,5,10,5,0,,,,,,,,,23,23,I recommended it because it’s still a lot of time to think about what you did but not enough to not give you a chance.,"Teach him every action has consequences so to think before you do ",2,7,1,36,1,2,3,5,2,2,2,No comment,3
2026-07-06 20:17:16,2026-07-06 20:53:47,0,,100,2191,1,2026-07-06 20:53:48,R_7ImW3GX10ehIT5f,,,,,,,anonymous,EN,1,P001925,6,7,5,6,7,7,6,6,4,7,7,6,4,5,6,4,6,2,4,1,3,"I ranked these this way because prisoners not being able to commit other crimes is way more important than the other's, it stops the crimes from happening. criminals should always be punished for what they have done which is why i chose the second one and prisoners getting rehabilitated is 3rd because sometimes it helps and others it doesn't. I don't think punishments deters others from committing considering those same crimes are still happening. ",5,5,4,6,6,3,6,4,9,6,6,7,5,7,5,3,5,4,5,4,5,4,5,3,4,3,2,7,4,5,3,6,5,5,4,3,7,6,5,4,6,6,3,6,6,6,3,5,4,4,5,2,7,3,4,5,2,1,6,2,6,1,4,6,7,7,3,3,7,6,2,6,3,2,5,5,2,5,1,24,,,,,50,50,"He took another life, his life should be taken. ","He never hurts anyone again and he will never live life just like the girl's life he took, She'll never live life..",,,,,1,7,1,30,2,1,3,4,3,1,3,"This was an interesting study, i enjoyed it. ",2
2026-07-06 20:32:35,2026-07-06 20:54:22,0,,100,1307,1,2026-07-06 20:54:23,R_3rxAieDuHmQn3m5,,,,,,,anonymous,EN,1,P000496,6,6,6,6,6,6,6,6,6,6,6,6,4,6,6,6,6,1,2,3,4,Punishment protects society and promotes accountability.,4,6,2,6,7,6,7,6,9,4,4,6,6,6,4,3,6,6,5,4,3,3,4,4,6,3,6,6,4,6,3,6,2,4,4,2,4,4,6,4,3,4,4,4,4,5,4,4,2,2,1,6,7,2,5,3,6,5,6,6,6,3,4,6,6,3,4,6,6,3,2,4,2,2,5,5,2,5,5,47,,,,,,,,,30,30,because the crime was violent and resulted in death.,To protect society and deter similar crimes.,2,6,1,58,2,4,6,4,2,3,2,,3
2026-07-06 20:35:17,2026-07-06 20:54:51,0,,100,1174,1,2026-07-06 20:54:51,R_6HtsLVDUHuZIEdX,,,,,,,anonymous,EN,1,P001507,7,7,7,7,7,7,7,7,7,7,7,7,3,4,7,7,7,1,3,2,4,"A person must pay for a crime committed. I think if they are locked up then our streets are safer. Too many criminals reoffend over and over again. If a crook gets a deserving punishment, they may think twice about reoffending. Im not certain prisioners really do get rehabilitaded.",1,7,1,3,6,2,5,6,9,7,7,6,6,5,6,1,7,7,6,6,7,1,7,2,2,2,7,7,4,7,7,2,4,6,5,1,6,7,3,5,4,6,1,7,7,7,5,6,4,6,7,3,6,4,5,6,4,1,6,5,5,4,6,5,6,4,4,4,5,6,1,5,6,3,4,7,1,10,5,24,25,25,"He needs to pay for what he did. A small crime turned into a major crime,",he will still be able to live a normal life if rehabilitated once he's done his time. He needs to pay for his crime,,,,,,,,,1,3,1,66,2,1,3,5,2,1,1,none,1
2026-07-06 20:28:50,2026-07-06 20:55:15,0,,100,1584,1,2026-07-06 20:55:15,R_3taiEQh08vr599J,,,,,,,anonymous,EN,1,P001404,3,3,2,3,2,2,2,1,2,1,3,3,3,2,4,2,4,4,3,1,2,"I think that the top reason (prisoners cannot commit other crimes) is truly the only viable and arguable defense for the prison system. The other three choices are either untrue (given that there are many repeat offenders and that crime rates have not completely ceased) or are dependent on ad hominem attacks (attaching all crime to some kind of moral issue, when often it can be tied to socioeconomic status, mental illness, or false accusations). ",7,2,5,7,4,1,3,2,9,1,1,5,2,3,2,4,2,2,5,1,2,6,1,7,7,6,2,2,4,4,7,1,3,1,2,1,4,3,4,3,2,2,5,2,4,4,6,6,1,1,1,7,7,1,7,1,1,1,7,3,2,1,1,7,7,1,1,7,7,2,1,2,1,7,1,1,7,10,20,24,,,,,20,10,"I'm sure that Frankie's family will want to see some kind of justice, even if this prison sentence won't be very rehabilitating. It's less than the 20 recommended because I am unsure what medical accommodations will be available to him. ","I don't think it will accomplish much of anything, but maybe he'll have some time to think about his actions. ",,,,,1,7,1,32,3,1,6,1,1,3,3,,2
2026-07-06 20:40:57,2026-07-06 20:55:43,0,,100,885,1,2026-07-06 20:55:44,R_368RN4ifFAC5JW0,,,,,,,anonymous,EN,1,P001469,7,7,7,7,6,2,5,7,6,7,7,7,2,2,6,2,6,2,1,3,4,"I feel by putting people in jail its serves as a detterent and keeps criminals off the streets. I dont feel much rehabilitation gets done, as long as criminals are locked up its all good.",1,5,2,2,4,2,6,7,9,5,5,7,6,5,4,1,6,6,4,4,5,3,6,5,3,4,6,6,4,5,6,3,1,3,4,2,5,6,6,4,3,2,1,4,2,4,4,5,2,5,6,1,1,6,3,7,5,6,6,4,6,4,6,4,5,6,7,3,7,6,4,7,5,2,6,6,2,10,100,36,,,,,,,,,40,40,"He took someones life, deserves to lose his freedom for life.",Keep him out of society and makes streets safer.,1,5,1,58,1,1,2,5,2,3,1,,3
2026-07-06 20:31:46,2026-07-06 20:56:41,0,,100,1495,1,2026-07-06 20:56:42,R_6Z0xQWINFzhCm89,,,,,,,anonymous,EN,0.8999999761581421,P001232,7,7,7,7,7,7,7,7,7,7,7,7,5,5,7,6,7,2,3,1,4,"Locking criminals up means they won't commit future crimes, criminals need to know they won't get away with their crimes scot free, knowing that society will not tolerate law breakers mean those thinking about committing crimes won't commit them, and rehab hasn't been a success with career criminals.",1,6,1,5,7,7,7,5,9,6,7,6,6,5,3,2,6,7,6,5,7,2,7,3,3,2,6,7,4,7,7,3,4,5,5,1,7,7,4,6,4,5,1,6,6,7,4,7,2,3,7,3,6,3,6,6,3,4,7,7,7,1,1,7,7,5,1,7,7,7,3,6,1,1,7,7,1,9,1,47,,,,,30,30,"He deliberately attack her twice, then chased her while she was screaming for help and was attacked again.  He should be given a severe sentence for his actions.",Take a abuser out of society and to tell him and others that this crime will not go unpunished.,,,,,1,6,1,58,1,3,6,6,2,1,1,,2
2026-07-06 20:43:33,2026-07-06 20:57:54,0,,100,860,1,2026-07-06 20:57:54,R_1I6kXKCeh11qmaA,,,,,,,anonymous,EN,1,P000082,7,7,5,7,7,7,1,7,7,7,7,7,4,6,5,4,7,1,4,2,3,"if you commit a crime, you must deal with the punishment consequences- it also keeps them locked up so not to commit MORE crimes. rehabilitation is great, but the least important factor when one has committed a crime. Whether or not it deters others is not known by any data that could be relevant unless we could gage the minds of all individuals and whether it serves as a ""deterrent""",4,5,3,7,2,1,7,1,9,5,4,2,4,7,1,1,7,7,5,1,3,4,7,1,1,3,7,6,4,5,7,1,2,1,4,1,4,4,7,2,2,2,5,2,3,3,5,7,1,1,1,5,5,3,4,5,3,5,4,3,4,1,1,7,7,2,2,6,7,1,1,1,1,3,6,7,1,5,5,12,20,20,"As his intent was not to kill someone but to steal her purse- 20 years seems fair. His disability is entirely irrelevant , he must face the punishment for the crime that ultimately caused her death.",Just recompense and perhaps will rehabilitate this thief.,,,,,,,,,2,7,1,59,2,1,4,5,2,3,2,all very clear questions and scenarios,1
2026-07-06 20:47:03,2026-07-06 20:59:27,0,,100,744,1,2026-07-06 20:59:27,R_5PuOOSmb7McSmiY,,,,,,,anonymous,EN,1,P000259,6,5,5,6,6,4,5,5,3,6,6,6,5,5,4,6,6,1,4,2,3,"If you do something criminal, you do deserve to be punished and while you’re in prison, you cannot harm anyone else. Prisons should help rehabilitate criminals but I don’t think it actually works that way. I definitely don’t think k punishment deters others from committing crimes because it’s so dumb to do something wrong anyway and lose your freedom that I’m not sure they can be taught while thinking criminally",4,4,3,5,4,1,5,2,9,3,3,3,3,5,3,2,5,4,4,3,5,4,4,5,5,3,5,6,4,3,6,3,4,5,5,2,4,4,5,4,5,4,3,5,5,5,6,5,3,3,2,5,5,3,6,4,2,1,7,2,3,2,3,7,6,2,2,7,7,3,2,2,2,5,2,2,5,10,5,24,,,,,,,,,50,50,He still killed someone. His health shouldn’t affect his sentence,"Crimes need to be punished. You take a life, you give up your freedom",1,6,1,59,2,1,4,3,1,1,1,,3
2026-07-06 20:18:45,2026-07-06 21:01:08,0,,100,2542,1,2026-07-06 21:01:08,R_3JLjQLXEwgPh77r,,,,,,,anonymous,EN,0.8999999761581421,P000964,7,7,7,7,7,7,5,6,7,6,7,6,2,2,6,5,6,1,2,4,3,"I believe that criminals deserve to be punished, and that punishment somewhat deters others from committing crimes.  I do not know the percentage of prisoners who get rehabilitated and released.  I do not think the percentage of former prisoners who go on to live productive lives is large.  I do believe that once locked up, some prisioners still commit crimes while in jail.",1,6,1,1,7,2,7,7,9,4,4,7,7,3,7,1,5,7,5,6,3,1,6,1,1,1,5,6,4,6,6,2,2,5,3,1,6,6,7,5,5,5,1,6,6,5,5,5,3,3,3,3,4,6,5,6,6,7,2,6,6,5,1,6,6,6,3,3,5,7,5,6,1,1,5,6,1,10,100,24,50,20,His quality of life will diminish drastically.  Releasing him after only 20 years will free up space and resources in the prison system.,Give him time to think about his actions and how he could have reacted differently to his job loss.  He could use the time to pursue an education.,,,,,,,,,2,3,1,55,2,1,3,6,2,1,1,"In my opinion, bringing back public executions would be a greater deterrent to crime.  I believe that the evidence should be overwhelmingly strong.  I think younger generations place less value on life.  I'm not sure what can be done other than to increase the deterrent.",1
2026-07-06 20:32:29,2026-07-06 21:04:37,0,,100,1927,1,2026-07-06 21:04:37,R_3pQLZ9PdfbujEw9,,,,,,,anonymous,EN,0.8999999761581421,P001071,6,6,5,6,6,5,6,7,6,7,6,6,4,5,5,5,6,2,1,4,3,"I believe criminals are deterred when they know the consequence of their crimes. I believe they should pay for their actions. I believe there is a chance for rehabilitation while incarcerated, and I also believe prisoners can commit laws while incarcerated.",3,5,2,5,6,2,5,6,9,4,4,6,6,2,5,2,3,3,3,3,4,3,5,3,3,3,4,5,4,4,6,4,3,4,4,1,5,5,6,2,2,3,3,3,4,5,4,4,4,4,5,3,5,4,4,4,5,5,3,4,5,3,3,5,6,5,4,5,4,5,3,4,4,3,4,4,3,10,50,24,,,,,30,30,"Frankie wasn't able to live her life, therefore I don't believe Daryl should receive special treatment for any reason. ",A reminder that we should NOT commit crimes.,,,,,1,4,3,55,1,1,2,6,2,3,1,There were instances where making decisions were difficult due to not knowing previous convictions.,2
2026-07-06 20:40:16,2026-07-06 21:05:00,0,,100,1484,1,2026-07-06 21:05:01,R_6QELQ5nf4G6SBp9,,,,,,,anonymous,EN,1,P001780,7,7,7,7,7,7,4,7,7,7,7,7,4,5,7,4,7,1,4,2,3,I have strong beliefs that criminals should be punished.,1,6,1,5,6,5,7,7,9,7,7,5,6,7,6,1,7,7,5,4,4,1,7,1,1,3,7,7,4,5,2,5,2,5,6,1,7,4,5,5,1,7,1,6,7,5,4,3,4,4,6,3,4,4,4,5,5,7,4,4,5,4,4,7,6,5,5,3,3,4,1,4,1,2,6,6,4,5,5,47,50,50,He should still be punished for the crime he committed with no regard for his medical conditions.,That the criminal is removed from society for his life.,,,,,,,,,1,3,1,67,2,1,2,6,2,1,1,none,1
2026-07-06 20:44:21,2026-07-06 21:05:36,0,,100,1274,1,2026-07-06 21:05:36,R_6Kg20suJZEIOyaG,,,,,,,anonymous,EN,1,P001401,7,7,7,7,7,7,7,7,7,7,7,7,7,4,7,7,7,1,3,2,4,"Because first and foremost criminals need to be punished. If not thay would keep committing crimes. Society would not be safe. so number 2, when they're locked up, they can not bring harm to anybody. Third, when other people see criminals paying for their crimes, they think twice before committing crimes them self. and last of all i would say most criminals do not get rehaibiliteted but some may.",1,7,1,7,4,1,7,7,9,7,7,4,7,7,1,1,7,7,7,2,7,7,7,1,1,1,7,7,4,7,7,7,7,7,7,1,7,7,7,1,1,7,1,7,7,7,1,7,4,5,7,4,7,7,1,1,7,7,1,7,7,1,1,7,7,7,1,7,7,7,5,7,4,1,7,7,1,5,5,47,,,,,,,,,30,35,He was the cause of someones death! that's enough!!,Some kind of closure to the victims family.,2,7,1,66,1,1,2,6,2,1,1,"Very engaging study, some tough questions.",3
2026-07-06 20:48:47,2026-07-06 21:06:56,0,,100,1089,1,2026-07-06 21:06:57,R_3EgunHQDLOx9lN4,,,,,,,anonymous,EN,1,P001061,7,7,7,7,7,7,7,7,7,7,7,7,7,4,7,7,7,1,3,2,4,You can't reform 99% of them...Just punish them,1,7,1,2,7,7,7,7,9,7,7,7,7,6,7,1,7,7,7,7,7,1,7,1,1,1,7,7,4,7,7,5,4,7,7,2,4,6,7,3,1,7,1,7,7,7,1,7,7,7,7,1,2,7,1,7,4,4,4,4,7,7,5,6,3,7,7,1,7,7,7,7,3,1,7,7,1,10,5,47,50,50,"he took a life, he should lose his",punishment.,,,,,,,,,2,7,1,58,1,1,4,6,2,1,1,,1
2026-07-06 20:46:18,2026-07-06 21:09:03,0,,100,1364,1,2026-07-06 21:09:03,R_6EzZOxC1CYsxJaV,,,,,,,anonymous,EN,1,P000068,6,6,4,5,6,4,5,6,6,7,6,6,3,5,6,5,6,3,1,2,4,"I don't know a lot about the criminal mind, but I do think prison can be a deterrent for some people considering some crimes. While in prison, criminals cannot commit crimes in society, though they can still commit crimes in prison. I do believe some crimes definitely warrant punishment. But I'm sure it depends on the the prison and the level of help an individual is receiving on whether or not a prisoner can be rehabilitated while incarcerated.",4,3,4,4,4,1,4,5,9,4,4,3,4,5,2,2,5,4,4,2,3,4,4,5,5,4,5,4,4,3,5,2,3,4,3,1,5,5,6,5,2,3,5,3,5,4,6,4,3,2,5,5,6,3,6,3,3,1,7,2,4,2,1,7,7,2,1,6,7,2,1,2,1,6,2,3,5,5,100,24,,,,,30,20,"He took Frankie's life and can never correct that mistake. And being physically disabled doesn't mean he's remorseful and has been rehabilitated. At this point, I'm considering how I would feel if Frankie was my daughter and I would want him punished.",Satisfaction to the Frankie's family.,,,,,1,5,1,61,2,1,3,2,3,3,1,"Until you got to the imaginary crimes, it was very difficult answering questions since the statements and answers were so subjective without more information.",2
2026-07-06 20:55:01,2026-07-06 21:09:34,0,,100,872,1,2026-07-06 21:09:34,R_5Ms8vocF7ExWJ4J,,,,,,,anonymous,EN,1,P000050,7,6,6,6,7,6,6,7,7,7,6,7,7,7,7,7,7,1,3,2,4,"I choose it that way because, every criminal needs to be punished",7,6,6,7,4,6,7,6,9,6,5,4,5,4,3,2,2,5,5,6,6,3,3,5,3,6,5,6,4,3,2,2,3,2,3,2,5,5,3,5,3,6,6,6,5,6,6,5,5,6,4,5,5,4,6,6,5,4,4,5,5,6,6,5,5,4,4,5,5,5,5,6,5,6,4,5,4,10,23,21,,,,,,,,,40,31,He Will wait  for her,Movement,1,6,2,56,1,1,6,6,2,2,2,,3
2026-07-06 20:57:16,2026-07-06 21:10:10,0,,100,774,1,2026-07-06 21:10:11,R_1qKDTIENhXNQUp6,,,,,,,anonymous,EN,1,P000473,4,5,4,4,5,3,5,5,4,2,3,4,1,3,2,1,4,4,1,3,2,"I have issues with our brutal, over-zealous criminal justice system and I ranked them in order of what I HOPE for to be true. I hope that punishment deters others and that they will get rehabilitated in prison.",7,1,4,6,1,1,2,2,9,2,1,4,1,6,2,7,1,3,2,1,1,7,2,6,7,5,2,2,4,2,6,3,2,2,3,1,2,4,6,2,2,2,5,2,3,1,7,4,1,1,2,5,5,1,7,1,1,1,6,1,2,2,1,6,6,2,2,6,7,1,2,1,1,7,2,1,7,5,5,47,25,25,"I feel that this is a serious violent crime and he should get a stiff sentence regardless of any diseases or issues. ",Get a violent unpredictable murderer off the streets and give the family of Frankie some sense of justice and closure.,,,,,,,,,1,3,1,63,2,1,4,1,1,3,2,Interesting study with lots of variety; good luck with your research.,1
2026-07-06 20:56:43,2026-07-06 21:10:34,0,,100,831,1,2026-07-06 21:10:35,R_1fCj56SY27ZSYOW,,,,,,,anonymous,EN,0.8999999761581421,P001549,7,7,5,7,6,7,7,7,7,7,6,6,3,4,7,7,6,1,2,3,4,"I worked in a prison for 10 years, and many people there do not get rehabilitated.  They only get worse when they get out.  They deserve to be punished, hoping that other would-be criminals will see that the crime does not pay.",2,4,1,4,7,3,7,7,9,3,4,4,5,4,4,3,3,5,2,1,3,3,3,4,6,4,4,6,4,2,5,3,4,3,5,1,5,3,5,4,2,2,1,2,4,4,6,3,4,1,1,5,7,2,5,2,1,1,7,3,3,1,1,7,7,1,1,7,7,4,2,3,1,6,1,1,6,10,5,24,40,40,"He took a life, no matter what his age is at the time.  He should spend the rest of his life in prison.",He would never get out and hurt someone else.,,,,,,,,,2,4,1,71,2,1,3,1,1,1,1,,1
2026-07-06 20:46:24,2026-07-06 21:12:37,0,,100,1573,1,2026-07-06 21:12:38,R_3R9sKFFvOyYQ9fu,,,,,,,anonymous,EN,1,P001453,5,7,6,7,7,6,6,7,7,7,7,7,3,4,6,5,7,1,3,2,4,"Not all prisoners can be rehabilitated. ",1,6,7,7,7,3,7,6,9,1,4,7,6,7,7,1,4,5,4,4,5,2,6,4,1,2,4,7,4,6,5,4,5,5,5,1,6,6,4,2,1,4,1,4,5,6,2,4,4,4,3,4,5,4,3,5,5,7,2,5,5,5,2,5,7,7,5,5,6,3,5,2,1,1,2,7,1,10,23,12,,,,,,,,,50,43,"He was still old enough to know that killing someone should be/is wrong. ",Keep the rest of society safe from Darryl,1,6,1,64,2,1,2,5,2,1,1,"Jails and prisions have become revolving doors so sentences are shortened because of good behavior, overcrowding, etc. So the punishment is in many cases not fullfilled. Victims don't get those kind of breaks, like ""they only beat me up, and they didn't mean to rape me""  If you do the crime, DO the time. ",3
2026-07-06 20:49:53,2026-07-06 21:12:58,0,,100,1385,1,2026-07-06 21:12:58,R_5X0Wx8b1yVLgsxm,,,,,,,anonymous,EN,1,P000145,7,7,6,6,7,7,5,5,7,6,7,7,5,5,6,6,7,2,3,1,4,"Keeping law-abiding citizens safe is the number one priority. Punishing criminals for their crimes is also a priority, in hopes they and others will not commit crime in the future. Rehab for prisoners is iffy. The only ones who ""change"" for the better wanted to do so in their heart, not because of some prison program.",5,4,2,6,5,2,7,6,9,5,5,7,6,3,4,2,6,5,6,3,2,4,6,4,5,4,5,6,4,5,7,4,2,5,4,1,5,6,7,2,1,4,2,5,6,6,4,6,4,6,6,4,3,4,6,4,2,4,5,3,6,4,5,5,5,6,6,4,6,6,1,4,2,3,6,7,1,5,5,47,,,,,50,50,He killed someone by his actions. Him getting an illness means nothing.,Keep this person off the streets and make him suffer for his crime.,,,,,1,7,1,58,2,1,3,5,3,3,1,"It was interesting, but I see both sides of the argument.",2
2026-07-06 20:44:22,2026-07-06 21:15:25,0,,100,1862,1,2026-07-06 21:15:25,R_7kQUpud6fBHppWp,,,,,,,anonymous,EN,1,P001212,6,6,6,6,6,6,4,6,6,7,5,6,3,7,4,6,6,2,1,4,3,I chose to rank them in order as to which ones I felt the strongest about. I believe that punishment does the deter others from committing crimes. And that you should be punished for the crimes that you commit.,3,3,1,1,1,2,7,6,9,5,2,7,4,7,2,2,6,5,6,1,4,2,7,3,4,4,6,6,4,3,7,1,1,1,2,1,7,6,6,2,2,2,4,5,3,6,5,5,1,4,4,7,7,1,6,4,5,4,6,3,5,4,1,6,7,2,2,5,4,4,5,4,3,2,4,4,2,5,5,47,,,,,50,50,Because he killed her I believe that he should be sentenced to the maximum amount . Not only  did he break into her apartment but after she got away he continued to chase her.,"I believe that if you take someone's life then you should lose your life,",,,,,1,1,1,55,2,1,3,3,3,1,1,I enjoyed the study thank you,2
2026-07-06 20:37:37,2026-07-06 21:15:56,0,,100,2298,1,2026-07-06 21:15:56,R_117XRmMyJtzPwbL,,,,,,,anonymous,EN,0.699999988079071,P001163,5,5,5,4,6,4,4,5,1,2,4,5,3,6,4,3,4,1,3,4,2,prisoner can still commit other crimes. and i ranked the others the way i did because to me they are in order of importance,4,2,1,4,2,1,1,4,9,3,3,4,4,5,2,4,5,4,2,1,4,4,1,4,3,4,3,2,4,4,6,4,4,4,4,1,7,6,5,4,4,4,4,4,5,4,4,6,4,4,4,4,7,4,4,4,3,6,4,4,5,1,1,6,7,2,2,5,5,6,1,4,3,6,1,1,6,5,5,47,,,,,,,,,20,25,He killed a minor,he will not be allowed to hurt someone outside again,1,5,2,36,1,4,2,6,3,1,1,Prosecutor is written incorrectly in the last question on the page before this,3
2026-07-06 21:04:27,2026-07-06 21:16:42,0,,100,734,1,2026-07-06 21:16:42,R_1bUCRQbgvYuvOC3,,,,,,,anonymous,EN,0.30000001192092896,P001941,6,6,6,6,6,6,6,6,6,6,6,6,6,6,6,6,6,1,4,2,3,It is just what makes the most sense in my opinion.,4,4,2,5,6,2,6,2,9,6,6,2,4,6,2,2,3,3,3,1,2,3,3,4,3,5,2,3,4,3,6,1,4,3,1,1,7,6,4,4,2,3,5,2,6,7,7,4,1,3,3,7,6,2,6,3,4,1,7,4,5,2,1,6,6,4,2,5,5,2,1,1,1,4,3,5,4,5,5,47,50,50,He killed someone.,Stopping Darryl from enjoying a life he robbed someone else of.,,,,,,,,,1,5,1,66,2,1,2,2,3,3,3,,1
2026-07-06 20:53:23,2026-07-06 21:16:48,0,,100,1404,1,2026-07-06 21:16:49,R_5Cddz52Ww2sCbUj,,,,,,,anonymous,EN,1,P000139,6,6,3,5,3,3,3,5,3,5,3,5,2,2,3,3,3,4,3,1,2,"If they are locked up they cant commit crimes in society ,Some prisoners will get rahab I believe some type of punishment may deter people but if that ws the case no one would break the law and while I do believe to some extent that certain people should be punished depending on the crime not ALL crimininals deserve to be punished",7,1,5,7,5,1,6,5,9,1,1,6,2,7,1,3,2,5,5,3,3,5,2,5,6,4,1,3,4,1,5,2,1,2,3,1,4,4,3,3,2,3,5,3,3,6,5,6,2,1,1,5,6,2,5,3,3,2,6,3,5,3,3,6,6,2,3,6,6,3,1,2,1,5,3,5,5,5,5,47,,,,,,,,,10,5,He is a minor and diasabled,rehab for Daryll and the chance of having a life,2,5,1,55,2,1,2,4,1,2,2,,3
2026-07-06 21:00:48,2026-07-06 21:16:55,0,,100,966,1,2026-07-06 21:16:55,R_6FRQRuAWC0iFIfP,,,,,,,anonymous,EN,1,P001627,7,7,6,7,7,6,5,5,7,6,6,7,4,5,6,6,6,1,4,2,3,We cannot let crimes go unpunished. The result is chaos. It's bad enough with minor crimes being overlooked.,1,4,3,4,6,4,7,7,9,4,3,7,6,6,4,1,7,5,7,6,5,3,5,5,4,2,5,5,4,5,6,3,2,4,4,1,4,5,5,2,1,4,2,4,5,4,4,4,4,4,5,3,5,4,5,5,5,7,2,5,7,5,3,4,6,6,7,4,5,6,4,5,4,2,4,5,2,5,100,47,50,15,"He killed someone. He took a life. I feel bad for him developing a paralyzing condition, but he KILLED someone. He cannot be let off scot free. ","If you kill someone during the commission of a violent crime, then you don't deserve to be among society. It will keep him off the streets so others will be safe. ",,,,,,,,,1,7,1,60,2,1,2,5,3,1,1,,1
2026-07-06 20:44:32,2026-07-06 21:17:33,0,,100,1981,1,2026-07-06 21:17:34,R_5yTlQ4hsffr0EP7,,,,,,,anonymous,EN,1,P001076,6,6,5,6,6,6,2,6,6,7,6,6,5,7,5,6,6,4,3,1,2,"I think it is most important that criminals be locked up so they no longer commit crimes against society.  I would like to see prisoners who are incarcerated receive some kind of rehabilitation while in prison to help them become respectful citizens once they are released.  I believe that punishment can deter others from committing serious crimes, especially young and first-time offenders.  I believe that criminals must take responsibility for the crimes they commit, and therefore I feel they deserve to be punished based on the severity of the crimes ",6,2,5,7,5,3,2,1,9,1,1,7,2,7,2,3,5,5,5,3,3,4,6,5,5,5,4,7,4,5,7,3,3,2,4,1,7,6,2,3,3,4,4,4,5,5,7,1,1,1,1,7,7,2,7,2,4,5,3,5,3,1,1,7,7,1,1,7,7,6,1,1,1,5,2,2,5,10,100,24,,,,,,,,,20,0,"A prison sentence wouldn't serve any purpose, especially since Darryl is disabled and is unable to use his limbs and therefore is no longer a threat.","I don't feel he should have a sentence at all due to his disability, which is quite limiting.  Instead of a prison sentence, Darryl could receive x-number of years of home probation or something similar, plus restitution.  ",1,7,1,57,2,1,4,4,3,3,3,This was a very interesting and thought-provoking study.  Thank you!,3
2026-07-06 21:00:43,2026-07-06 21:19:17,0,,100,1114,1,2026-07-06 21:19:18,R_5QzgQPbIv9RYH2N,,,,,,,anonymous,EN,1,P001517,6,7,5,5,7,4,3,5,6,7,6,5,6,5,4,2,5,1,3,2,4,At a top level there should be consequences for committing a crime including losing your freedom. Prison also certainly removes people from the streets so they can’t commit crimes. In general I don’t think prison is a significant deterrent or rehabilitates people. Or at most a very small percentage.,2,3,1,5,6,3,3,6,9,3,3,3,5,7,3,2,6,6,6,3,5,4,6,6,3,3,5,6,4,3,7,2,3,3,5,1,5,4,6,3,2,3,4,3,6,6,6,3,2,3,3,5,5,3,5,4,2,5,3,5,5,2,2,5,4,5,5,3,7,5,3,2,2,5,5,5,3,10,100,47,,,,,,,,,35,30,Punish him for killing Frankie it’s a long sentence but it was murder.,It will keep him off the streets and prevent him from committing crimes during this time.,1,5,1,57,1,1,6,5,2,1,1,Interesting study.,3
2026-07-06 21:00:49,2026-07-06 21:19:23,0,,100,1114,1,2026-07-06 21:19:23,R_7r9tsaPWu1L9o7d,,,,,,,anonymous,EN,0.6000000238418579,P000805,6,5,6,5,7,3,7,6,6,7,6,7,5,5,4,7,5,1,2,3,4,"It's what I believe ",3,4,1,6,4,4,6,6,9,3,6,4,4,6,3,3,5,6,3,1,3,4,6,3,3,5,4,4,4,4,7,3,4,5,4,3,5,5,6,2,2,3,3,5,3,4,5,3,3,3,3,4,2,4,5,3,5,5,6,5,5,4,2,5,5,5,6,3,4,6,5,4,4,3,6,6,2,10,5,25,,,,,30,30,"He had a major role in her death ",Justice for her loss,,,,,2,6,1,65,1,1,3,6,2,3,3,,2
2026-07-06 20:58:03,2026-07-06 21:19:48,0,,100,1304,1,2026-07-06 21:19:48,R_6r0GI2BSGanaXKx,,,,,,,anonymous,EN,1,P000199,1,1,1,1,1,1,1,1,1,1,1,1,7,7,1,1,1,4,3,2,1,The options I selected as 3 and 4 I wouldn't even put on any list.,7,1,7,7,1,1,1,1,9,1,1,1,1,1,1,7,1,1,1,1,1,7,1,7,7,7,1,1,4,1,7,1,1,1,1,1,1,1,7,1,1,1,7,1,1,1,7,1,1,1,1,7,7,1,7,1,1,1,7,1,1,1,1,7,7,1,1,7,7,1,1,1,1,7,1,1,7,1,5,24,20,20,It's the recomended sentence.,Fufile the recomended time.,,,,,,,,,1,7,1,28,2,1,2,1,3,2,2,,1
2026-07-06 20:56:35,2026-07-06 21:20:24,0,,100,1429,1,2026-07-06 21:20:25,R_1dMwdkgYMunGCh0,,,,,,,anonymous,EN,1,P000404,7,7,7,7,7,2,6,7,7,7,7,7,6,2,7,6,7,1,3,2,4,"Lawbreakers deserve consequences for their actions, which punish them, keep them from repeating them, and dispel the illusion that what they did is something to be imitated. Prison will not change their desire to commit crime, but it might instill a powerful disincentive to give into that impulse since they will not want to be imprisoned again.",1,7,1,1,6,2,5,7,9,7,7,5,7,2,7,1,5,7,6,2,6,2,7,2,1,2,6,7,4,6,6,3,2,3,6,1,7,6,7,2,1,3,3,3,5,6,5,2,5,5,5,5,7,5,5,4,2,7,1,3,5,6,6,2,1,1,7,1,7,7,7,6,2,1,6,7,2,5,5,47,,,,,50,50,He has lost his privilege to be a free man due to his actions.,Keep him locked up[ until his death.,,,,,2,6,1,64,1,1,4,7,2,3,2,"I spent 6.5 years in prison. Most of the men I met in there do not need to be reintroduced to society. ",2
2026-07-06 21:06:52,2026-07-06 21:20:34,0,,100,822,1,2026-07-06 21:20:35,R_5gRT7ssyup3yk8k,,,,,,,anonymous,EN,1,P000471,5,5,2,4,5,1,3,3,3,4,3,6,2,4,4,4,6,2,4,1,3,"Prisoners can't be in two places at once, so removing them prevents them from any other negative illegal acts. We have a penal code and those rules and punishments are well known. However, punishment rarely deters crime because they wouldn't have done that action(s) in the first place if they cared.",3,3,3,7,6,4,7,1,9,4,4,3,4,4,6,1,5,4,2,4,2,3,4,4,6,5,4,4,4,4,7,2,3,4,5,2,3,3,6,2,1,3,2,5,4,5,5,4,4,3,4,2,2,4,5,6,1,4,2,2,2,3,2,5,5,6,3,3,4,4,1,1,1,2,4,4,2,10,100,47,,,,,,,,,50,50,Feels right.,Don't know,2,5,2,42,1,1,6,4,3,3,3,"Survey is too long. I have also served on a jury for a child sexual assault case recently, not a fun experience but one that gives me appreciation for both the prosecution and the defense perspectivces.",3
2026-07-06 20:43:15,2026-07-06 21:22:47,0,,100,2371,1,2026-07-06 21:22:47,R_1THIC5zBbiFJOQa,,,,,,,anonymous,EN,1,P001206,5,6,4,4,4,4,4,5,5,6,4,5,4,5,3,5,5,4,2,1,3,i agree to the last list order. it would not let me move the statements,3,4,2,5,4,3,6,5,9,3,4,6,4,6,4,4,5,5,6,3,4,3,5,5,4,4,6,6,4,5,5,4,4,5,3,2,6,5,4,4,4,4,2,4,5,4,4,6,3,3,3,6,4,3,5,4,4,5,4,4,4,4,4,6,6,4,4,5,6,2,2,2,2,2,4,6,2,10,5,24,,,,,36,15,being paralized is punishment in itself,karma is a butt,,,,,1,3,2,64,2,1,3,5,2,3,3,,2
2026-07-06 21:05:46,2026-07-06 21:24:49,0,,100,1142,1,2026-07-06 21:24:49,R_6azcTDcUJaB0EU2,,,,,,,anonymous,EN,1,P000206,6,6,5,7,6,3,6,3,2,1,5,6,2,5,5,5,7,1,4,2,3,"As an adult, they are aware of the consequences of committing a crime in this society thus if they do such, they deserve the punishment associated with the crime as has been set forth. 2 is pretty self explanatory. The only people they can commit crimes against are fellow inmates, if they are locked up. I don't believe either 3 or 4 are true so I really wouldn't rank either higher or lower.",4,3,1,4,5,1,2,4,9,3,2,4,4,7,3,2,5,5,4,5,5,4,3,2,4,4,4,6,4,4,7,1,3,2,3,1,2,1,7,1,2,4,2,3,2,1,4,5,1,5,5,5,3,2,5,2,1,1,7,1,3,2,4,5,4,5,3,2,3,6,2,3,1,5,4,5,3,5,5,47,36,34,"I really didn't have enough facts to decide. Would the state still be covering his medical bills if they released him? If not let him go. If yes, keep him locked up forever.",punishment for killing a woman,,,,,,,,,1,7,1,59,2,1,5,4,3,2,2,,1
2026-07-06 21:08:02,2026-07-06 21:25:37,0,,100,1054,1,2026-07-06 21:25:37,R_7AXNSwjez7M6qi6,,,,,,,anonymous,EN,1,P001014,4,5,3,4,5,4,4,4,5,4,3,4,4,4,4,3,5,4,3,2,1,"I feel like rehabilitation should be the main goal of imprisonment. Imprisonment is also useful to get dangerous criminals off of the streets. We must have this option to help deter others from committing similar crimes. I don’t feel like all criminals deserve imprisonment, it truly depends on what they did!",6,2,4,5,2,1,4,4,9,2,2,5,2,6,2,4,4,3,6,2,2,5,2,5,7,4,2,2,4,3,7,1,2,1,3,1,4,4,5,4,4,2,4,2,3,3,7,5,1,1,1,6,5,1,6,1,1,2,5,1,1,1,1,7,7,1,2,7,7,2,1,1,1,7,1,1,6,10,50,10,50,50,He still deserves life in prison for ruthlessly and carelessly taking a child’s life.,I hope it would help give the victim’s family justice for a senseless crime that ended her life.,,,,,,,,,1,4,1,35,1,1,3,2,3,1,3,Very interesting and thought provoking study! I really enjoyed it and would love to take more like this in the future!,1
2026-07-06 20:51:21,2026-07-06 21:25:50,0,,100,2069,1,2026-07-06 21:25:51,R_3YiEkC5bfQZYpDb,,,,,,,anonymous,EN,1,P000679,7,7,6,6,7,6,4,6,7,6,6,7,5,5,5,5,7,1,3,2,4,"The reasoning for established processes are in place.  Removal to deter further harm to be made is appropriate, and establishes accountability and consequences to others.  There is an offering of rehabilitation for corrected behavior life.",3,5,2,5,5,3,6,4,9,1,3,5,5,6,3,3,5,5,5,3,4,3,5,3,3,4,4,7,4,3,7,3,4,5,4,1,6,3,5,4,3,2,3,2,3,5,5,3,3,3,3,3,3,3,5,4,4,3,5,5,5,7,1,6,6,7,6,6,6,5,3,3,1,5,1,5,3,5,5,47,30,10,"For practical reasons, less of a sentence but also appropriate for justice.",Justice will be served to the level appropriate in this situation.,,,,,,,,,1,7,4,74,2,1,4,5,3,3,3,"Very engaging.  Thank you.  ",1
2026-07-06 21:07:38,2026-07-06 21:27:12,0,,100,1174,1,2026-07-06 21:27:13,R_5CwAAhejXw9Bv6r,,,,,,,anonymous,EN,1,P001085,6,6,6,6,6,6,6,6,4,6,6,6,4,4,6,4,6,3,2,1,4,Reducing crime is job 1 so the first two directly address that. Crime should be punished. I listed the rehabilitation part 4th not because it's not important. It should be #3. But I simply don't believe it's happening.,3,5,2,7,2,1,4,4,9,5,5,7,4,7,2,1,2,6,2,5,6,5,5,4,7,1,6,3,4,1,7,3,2,1,4,1,6,5,7,4,3,6,1,6,6,6,5,4,5,4,2,5,5,4,5,4,1,1,7,1,4,5,5,5,5,5,5,4,6,6,5,6,1,4,4,5,4,10,5,47,,,,,,,,,30,20,"I'm not expert. Judges are. If they typically sentence such criminals to 20 to 30 years, I gave the 30 year penalty and then for some mitigating circumstances, I picked the low end 20 years.",Odds are he'll be out on good behavior in less time. Hopefully he's off the street for awhile to protect others but freed early enough to have some semblance of a life.,1,7,1,65,1,1,6,3,1,3,3,,3
2026-07-06 20:59:58,2026-07-06 21:27:35,0,,100,1657,1,2026-07-06 21:27:36,R_73h2ACNMlw07Tb3,,,,,,,anonymous,EN,0.8999999761581421,P001607,5,5,5,5,5,5,4,5,5,5,5,5,3,5,4,4,4,3,1,2,4,"Punishment deterring criminals or the thought of punishment deterring potential criminals is beneficial to society. And being in prison does prevent a criminal from committing other crimes. If someone breaks the law, they deserve to pay a consequence , these are the points I agree with. Whether prisoners get rehabilitated in prison is not necessarily true, so I ranked it last.",3,4,3,5,5,3,5,5,9,3,4,5,4,5,3,3,3,5,3,3,3,4,4,3,5,4,4,3,4,3,5,3,4,5,4,2,5,4,5,2,2,4,4,4,4,4,4,4,3,3,3,4,4,3,5,4,3,4,4,3,4,4,4,5,4,4,4,4,5,4,2,4,2,3,4,4,4,5,5,47,,,,,24,14,"Regardless of his health condition, he still committed the crime and therefore he should spend a substantial amount of time in prison. However, due his precarious health, he's already being punished somewhat, and so reducing the sentence seems fair.","Punishment for a crime committed can be implemented for several reasons, including consequences for one's actions, and being held accountable for what they did. Although Darryl no longer poses a threat to society, he should still be held accountable for his actions.",,,,,1,3,2,57,2,1,3,4,3,1,3,,2
2026-07-06 20:55:09,2026-07-06 21:27:58,0,,100,1968,1,2026-07-06 21:27:58,R_5pWV5Ieudxq5o8u,,,,,,,anonymous,EN,1,P001546,5,7,6,6,7,6,7,6,6,7,7,7,6,4,6,6,6,1,3,2,4,"I believe in law and order. Law abiding citizens deserve to feel safe from criminals. Prisoners have no chance to commit crimes against law abiding citizens when they are behind bars. Although I don't agree with the bottom two, I do wish it would deter criminals.",2,5,1,2,7,4,6,6,9,5,5,7,7,7,4,1,7,6,6,5,6,1,7,1,1,2,6,7,4,6,3,5,4,4,4,2,7,7,3,6,5,4,1,3,4,4,4,6,6,6,7,4,2,5,2,7,4,6,1,5,6,5,5,3,3,3,6,2,4,5,5,5,4,1,4,7,1,10,5,24,,,,,50,50,Because the autoimmune disease and paralyzation doesn't negate the fact that he is the reason Frankie is dead.,That he has plenty of time to reflect on the fact that he is the reason Frankie is dead.,,,,,1,7,3,62,2,1,2,7,2,1,1,No comments,2
2026-07-06 21:10:16,2026-07-06 21:28:35,0,,100,1098,1,2026-07-06 21:28:35,R_5QJMvymDkYRi6Wy,,,,,,,anonymous,EN,1,P001719,6,4,4,5,4,4,5,5,5,6,5,6,3,7,5,3,6,1,3,2,4,"Unfortunatley prisoners are often not rehabilitated, they are warehoused.  One does have to pay for their crimes but the justice system needs a lot of corrections.  The people with the money have an unfair advantage. ",6,4,4,6,1,1,6,7,9,3,3,5,3,6,3,3,5,4,5,1,4,5,5,6,6,5,5,5,4,3,7,1,2,4,4,1,5,4,7,1,1,2,5,2,3,4,5,3,4,3,3,5,6,3,6,2,3,1,7,3,3,3,3,6,7,4,3,5,6,5,3,4,2,5,4,3,5,5,5,47,22,10,"He cannot just get away with it but it will be a huge burden on the prison to care for him. ","That every single day for 10 years that Darryl thinks of Frankie and why he is in there.  Hopefully it will teach him remorse. ",,,,,,,,,1,4,1,61,2,1,4,4,1,3,2,"I really enjoyed taking this study - it really made me reflect on crime and what punishments are justice vs revenge, ",1
2026-07-06 20:53:22,2026-07-06 21:29:17,0,,100,2155,1,2026-07-06 21:29:18,R_3EoaabitMKGa9CX,,,,,,,anonymous,EN,1,P000652,5,5,3,5,5,5,3,3,3,5,5,5,2,5,5,3,6,2,3,1,4,"Locking up criminals takes them away from the environment where the crime was possible. When you commit a crime our justice system lays out the punishment. This isn’t a deterrent because everyone thinks they won’t get caught or the crime is too lucrative to be deterred. Most prisons have a very high return rate so they aren’t being rehabilitated. ",4,3,3,3,5,2,3,5,9,5,5,3,3,5,5,3,5,5,3,3,4,3,3,6,5,4,3,5,4,6,6,2,3,3,4,2,5,5,6,5,2,3,3,3,5,4,6,5,3,3,2,6,6,3,4,2,2,3,3,3,5,2,1,6,6,2,2,6,6,3,3,2,1,2,1,3,5,5,5,47,,,,,30,30,"The crime should be punished regardless of physical disability. I went with the maximum recommended because he violated a restraining order, was then purposefully went to confront his victim. There was alcohol involved too. So many poor judgement calls. A death occurred, but could have been prevented if he would have abided by the restraining orders.",Punishment for taking an innocent life when it was avoidable.,,,,,1,5,2,60,2,1,6,3,1,1,1,Good luck.,2
2026-07-06 21:06:43,2026-07-06 21:29:26,0,,100,1363,1,2026-07-06 21:29:26,R_3pxwHrISJ73Z09f,,,,,,,anonymous,EN,1,P000179,2,6,3,5,6,3,4,5,6,4,5,5,2,3,3,5,5,2,1,3,4,"Punishment does not necessarily have to include imprisonment. The first two reasons do not exclude other types of punishment, which I personally would prefer",6,1,6,7,1,1,6,1,9,2,2,1,1,2,2,4,2,2,7,1,1,6,5,6,7,7,1,2,4,4,7,1,3,2,1,1,4,6,5,2,1,1,4,1,2,2,7,7,1,1,1,7,6,1,7,1,1,1,7,1,1,1,1,7,7,1,1,7,7,1,1,1,1,7,1,1,7,5,5,47,,,,,25,25,"25 years is long enough for reflection, learning, and true transformation with the right support and resources. It shouldn't make a difference if he can't harm anyone now doesn't mean he didn't do anything wrong.","Support Darryl in his healthcare journey and his criminal rehabilitation. He still has a mind that could use a lot of help, it would seem.",,,,,1,7,1,58,2,1,2,2,1,3,3,,2
2026-07-06 21:16:06,2026-07-06 21:30:52,0,,100,886,1,2026-07-06 21:30:53,R_6fyVNjVZZSTGLjr,,,,,,,anonymous,EN,1,P001110,5,5,5,5,6,5,5,6,6,6,5,6,2,4,5,4,5,2,1,3,4,"When there is a punishment most people are deterred from committing the act that would bring the punishment. If people still go ahead and do it they obviously need the punishment as proof to them and everyone else that they will get punished and it’s not just for looks. Obviously locked up they cannot commit crimes that harm the public only ones that could harm themselves or other inmates. Maybe some prisoners can be rehabilitated but most can’t change their mindset fully. ",4,4,2,5,5,4,6,5,9,4,4,6,5,5,4,1,5,6,4,5,4,3,5,4,4,4,5,5,4,4,3,5,4,3,4,2,5,5,4,4,3,4,3,5,4,5,4,4,4,4,4,4,5,4,3,5,4,4,4,4,5,4,3,5,6,2,3,5,6,5,4,4,3,3,4,5,3,10,100,24,,,,,50,50,"He caused a minor to be killed. He went against orders. He does not deserve to live with society and enjoy the benefits of society even if he is paralyzed. ","He will be able to reflect on the consequences of his actions. ",,,,,1,5,1,19,2,4,3,4,3,1,1,,2
2026-07-06 21:03:21,2026-07-06 21:31:41,0,,100,1700,1,2026-07-06 21:31:42,R_3qWytmZlwh7g3pD,,,,,,,anonymous,EN,1,P000358,5,6,4,5,5,4,4,5,5,4,5,5,3,5,5,4,4,1,3,4,2,"When considering heinous crimes, I believe punishment is just. I am doubtful, but hopeful that rehabilitation is possible. I feel that punishment is somewhat a deterrent, and I chose the 4th option as last because it is a relief to me.",4,3,3,4,4,1,5,5,9,4,4,5,4,5,2,3,4,5,3,2,4,4,4,3,4,4,5,3,4,5,6,3,3,4,4,1,6,5,2,4,4,4,4,4,5,5,4,3,4,4,4,6,5,3,4,4,4,1,7,4,6,2,1,7,7,1,1,7,7,3,1,4,3,6,2,3,5,5,100,47,,,,,,,,,41,20,"Due to the young age, and inability to be mobile, I believe he might be rehabilitated.",An education,1,4,1,61,2,1,4,3,1,3,1,"The study was clearly communicated, and the older I get, the more conflicted I feel about our justice system.",3
2026-07-06 21:09:23,2026-07-06 21:33:28,0,,100,1444,1,2026-07-06 21:33:28,R_1wiqml7CqcO9fJc,,,,,,,anonymous,EN,1,P001381,3,3,3,2,2,3,2,4,3,2,2,3,1,5,2,3,3,4,3,2,1,I think rehabilitation is the only way to stop a cycle of crime,3,1,5,6,1,1,1,1,9,4,2,2,2,3,2,3,2,2,3,2,1,4,5,6,7,6,5,6,4,2,7,2,4,2,3,1,3,3,6,2,2,3,3,2,5,4,7,5,3,3,3,5,5,2,6,3,1,1,7,2,2,1,1,6,7,2,2,7,7,1,1,1,1,6,2,1,6,5,100,24,,,,,30,15,"not a threat ",give him a chance to be rehabilitated,,,,,1,7,1,73,1,1,4,1,1,2,2,,2
2026-07-06 20:57:59,2026-07-06 21:34:09,0,,100,2169,1,2026-07-06 21:34:10,R_6R47ULyeULamU79,,,,,,,anonymous,EN,1,P000101,5,5,5,5,5,5,4,5,5,5,5,5,4,6,5,4,5,4,3,2,1,I think its most important that criminals be given the opportunity to be rehabilitated productive members of society,4,4,6,7,4,1,4,1,9,5,4,6,2,5,5,3,4,4,5,1,3,5,3,5,7,7,3,3,4,5,7,2,3,3,4,1,5,4,5,2,1,2,6,2,3,3,7,5,2,2,2,7,6,2,7,3,2,1,6,3,3,1,1,7,7,1,1,7,7,4,1,1,1,7,1,1,7,5,5,47,,,,,,,,,25,0,He is no longer a threat to society,there is no point to a sentence he's already a prisoner,1,4,1,56,2,1,3,1,1,3,3,,3
2026-07-06 21:15:47,2026-07-06 21:34:26,0,,100,1118,1,2026-07-06 21:34:26,R_6282rjAlHjKhjBn,,,,,,,anonymous,EN,1,P000265,4,7,7,6,5,7,4,6,5,7,6,6,5,5,6,6,7,1,2,3,4,"1. Criminals ought to be punished (Retribution) I have placed this first, as retribution is arguably the bedrock of the justice system; any punishment will only have secondary societal benefits if it can be ethically justified on account of the past offence. Crime necessitates accountability. 

2. 

Punishment will prevent others from doing likewise (Deterrence) Once the justice system has served its duty to the criminal on an individual moral level, the focus should turn to the impact that punishment will have on the rest of society. A good punishement will act as a marker and discourage other members of the population from repeating this act. 3. While prisoners are incarcerated, they will be unable tocommit any further crime (Incapacitation) It seems to me that this would be a highly practical measure in ensuring public safety from an immediate point of view. 

This cannot be of much value as it is purely a temporary measure of locking away those who are likely to cause a threat to the public. 

4. Criminals can be rehabilitated while in prison (Rehabilitation) This should perhaps be seen as an aspiration rather than something which will be achieved on a normal punitive prison sentence. The function of prison is to restrain those who are to be punished, therefore it seems difficult to argue that rehabilitation would take place under such circumstances.",7,7,4,3,6,7,5,3,9,5,5,3,7,7,6,7,7,7,5,5,7,6,7,6,7,4,5,5,4,5,3,4,6,7,6,7,7,6,5,4,7,6,6,4,7,4,7,5,7,5,2,6,4,6,4,6,6,6,5,7,6,6,7,5,4,5,7,5,5,3,5,6,7,6,6,4,7,5,5,47,,,,,,,,,40,30,"The Deterrence Effect Has Been Wiped Out. Because state law has declared that the name and specifics of the case are forever sealed for life of the victim due to the age of the young woman, this case will not be on the evening news or reported on by any media outlets. As such, the maximum of ""exemplary"" sentencing to discourage future wrong-doers has been nullified. 

The Incapacitation Effect Has Been Wiped Out. 

Darryl is permanently crippled and permanently paralytic and in all experts’ opinions is of zero physical threat to the public at this time or forever in the future due to his permanent crippling by a severe autoimmune disease. Incarcerating Darryl to the maximum sentence serves no physical purpose at this time or in the future. Nevertheless, Retribution Must be Served. A terrible and serious crime has been committed – the life of a young girl has been horribly extinguished. 

The lowest possible sentence of 30 years will accomplish the purpose of justice that will require Darryl to pay a heavy legal price for the terrible crime he has committed.","Retribution: The justice system has a moral responsibility to hold this convicted, dangerous criminal accountable for taking another life, and prevent a lack of publicity and his medical condition from granting him impunity for killing someone else. Economy and Pragmatism: it does not provide a life sentence up to a maximum of 50 years for an individual who poses absolutely no threat. Due to the fact that the government will end up taking the huge financial burden and costs of medically supporting the prisoner the rest of his life as an inmate in prison that needs intensive medical care in their care, while in the same circumstances a prisoner will not need medical attention due to the state not requiring to medically care and support that person will not need any special medical attention due to them no needing to be supported by government anylonger as that inmate needs special attention while incarcerated.",1,7,5,71,2,1,4,1,2,1,2,,3
2026-07-06 21:18:02,2026-07-06 21:35:09,0,,100,1026,1,2026-07-06 21:35:10,R_7oZUxBt84cIu3no,,,,,,,anonymous,EN,1,P001403,7,6,6,6,7,7,6,6,7,7,7,6,5,6,5,5,7,1,2,3,4,"Of course, criminals need to be punished because the society need to be protected against these individuals. ",4,6,3,7,5,1,6,2,9,3,6,5,6,7,5,2,7,6,7,5,6,3,7,3,3,4,7,6,4,6,5,3,5,4,4,1,5,6,4,2,2,6,2,6,6,7,5,6,3,3,3,7,7,5,6,2,5,4,7,5,6,1,1,7,1,1,1,7,7,6,4,3,1,2,5,5,3,10,100,24,,,,,35,35,Because he was responsible for Frankie's death.,Mayber he can leave the prison after 20 years of prison due his behavior.,,,,,1,4,1,71,1,1,6,4,1,3,3,,2
2026-07-06 21:02:46,2026-07-06 21:35:24,0,,100,1958,1,2026-07-06 21:35:25,R_1usFvDckwG9aKfT,,,,,,,anonymous,EN,0.6000000238418579,P000722,7,6,5,6,6,6,6,6,7,6,7,7,6,7,7,7,7,3,4,2,1,I ranked rehabilitation to be the first because I value long term societal health and while other points of punishment prevent others from doing same mistakes.,6,5,5,3,6,7,7,5,9,6,5,3,6,6,5,5,5,6,5,6,6,5,6,5,5,6,2,2,4,6,6,6,5,6,5,6,6,5,5,6,4,5,3,5,6,5,5,6,6,5,6,3,5,6,5,3,6,7,1,5,5,5,5,6,5,1,6,6,5,1,5,6,3,6,5,5,6,0,5,47,22,22,I recommended that for Darryl because he committed a serious crime that led to death of someone.,My biggest hope is that this sentence will hold Darryl accountable for his actions and remind him that violence crimes have serious consequences.,,,,,,,,,1,7,7,61,2,1,6,7,2,1,2,The study was really smooth and understandable.,1
2026-07-06 21:17:20,2026-07-06 21:35:42,0,,100,1101,1,2026-07-06 21:35:42,R_5pPUuN6I0PMXOky,,,,,,,anonymous,EN,1,P000030,7,7,7,7,7,7,4,7,7,7,7,7,4,4,7,5,7,1,2,4,3,because criminals deserve to be punished to keep from committing more crimes then they can possibly get rehabilitation while in there and learn to not commit other crimes,4,7,1,7,1,1,7,4,9,1,7,6,7,7,4,1,7,7,6,4,4,4,7,7,4,2,6,7,4,4,7,7,1,2,2,1,7,7,1,7,5,1,1,4,7,7,6,1,2,4,4,1,7,4,6,1,7,7,1,4,7,6,5,2,7,2,1,7,6,1,7,4,4,7,1,1,7,10,100,24,,,,,,,,,50,20,I would consider giving him a lighter sentence with a possible chance to reform and get out,"a chance for him to change ",2,7,1,52,2,2,4,1,1,2,2,I loved taking this study,3
2026-07-06 21:24:26,2026-07-06 21:36:19,0,,100,712,1,2026-07-06 21:36:20,R_1iXxr72nhUxHpRa,,,,,,,anonymous,EN,1,P000504,7,7,5,5,6,6,6,7,6,7,5,6,5,2,1,3,4,2,1,3,4,"The first reason is the most natural response and the most beneficial to society, while the other reaons being to be more focused on the individual prisoners.",6,1,5,6,2,1,6,3,9,1,4,3,1,6,1,3,5,2,5,2,2,6,2,5,7,6,1,2,4,2,7,1,4,6,1,1,5,1,5,3,1,1,6,2,2,1,7,1,1,1,1,7,2,1,7,1,1,1,7,1,1,1,1,7,7,2,1,7,7,1,1,1,1,7,1,4,5,10,100,24,,,,,50,15,He is unable to move and should really be in a facility that cares for him.,It will give him some sense of punishment without forgetting the humanity.,,,,,1,7,1,25,2,1,6,1,1,1,2,,2
2026-07-06 20:57:32,2026-07-06 21:37:05,0,,100,2373,1,2026-07-06 21:37:05,R_6knNxPVw9x9fF73,,,,,,,anonymous,EN,1,P001067,6,7,3,7,6,6,7,7,7,7,7,7,2,6,4,3,7,1,3,2,4,Because if criminals were not punished what would the deterrent be. Prisoners have committed numerous crimes while the were out on parole. Most people would think twice about committing a crime because the could not withstand the punishment. Last was not all prisoners get rehabilitated in prison. Some learn how to be better criminals.,1,1,1,1,5,2,7,7,9,5,5,7,7,1,7,1,7,7,7,7,7,1,7,1,1,1,6,5,4,7,6,2,4,1,3,2,7,7,7,2,2,5,1,7,5,5,5,7,1,1,1,1,5,5,5,3,3,1,7,5,6,5,5,6,6,6,3,2,6,7,4,3,2,1,6,7,1,10,20,24,50,5,"We do mot need to be providing medical care for him for the rest of his life in prison. Otherwise I would sentence him to life in prison. ","I hope it would show that anyone who commits a crime needs to serve time no matter what the circumstances are. ",,,,,,,,,2,7,1,65,1,1,3,6,2,1,1,,1
2026-07-06 21:14:51,2026-07-06 21:37:45,0,,100,1373,1,2026-07-06 21:37:46,R_6nj4PxKXwDZAYGB,,,,,,,anonymous,EN,0.8999999761581421,P001434,4,6,5,5,4,5,2,4,3,3,5,5,2,5,4,3,5,2,4,1,3,"It stands to reason that if a criminal is locked up, they cannot commit other crimes outside of prison. Crime does deserve punishment. Prisoners can get rehabilitated to some extent in prison, if there are strong supports and programs in place. I've never been completely convinced about how much the threat of punishment deters people from committing crimes.",6,2,5,6,3,2,3,1,9,1,1,5,2,5,1,3,5,3,6,1,1,5,1,5,6,4,1,1,4,4,7,3,3,1,2,1,5,3,4,4,2,2,5,2,4,3,7,6,1,1,3,7,6,2,6,1,1,1,7,4,2,1,1,7,7,1,1,7,7,5,1,1,1,6,2,2,6,10,100,24,25,5,"Darryl deserves a shorter sentence due to his disability significantly reducing his threat to society. However, he still should receive a jail sentence.","I would hope Darryl's sentence will signal that he is paying a debt to society, and he must be held responsible for Frankie's murder. However, if his limbs are completely and permanently paralyzed, his sentence would hopefully be seen as appropriate to his level of threat to society.",,,,,,,,,1,7,1,56,2,1,6,1,1,3,3,"The lily pad answer is mis-labeled. The scenario talks about days, and the answer is labeled minutes.",1
2026-07-06 21:14:03,2026-07-06 21:38:19,0,,100,1455,1,2026-07-06 21:38:20,R_3Bll1RAdBC71qAH,,,,,,,anonymous,EN,1,P001746,6,6,6,6,6,2,4,6,1,6,6,7,1,2,4,4,6,3,1,2,4,Prison deter people from committing crimes. The prisoners are not committing any crimes on society but they can commit crimes in prison. No one is rehabilitated in prison. If prison could rehabilitate prisoners we wouldn't have criminals anymore.,5,4,4,4,6,2,7,6,9,7,6,7,4,4,4,4,7,7,7,3,2,5,7,6,7,4,5,7,4,6,7,6,6,5,4,2,5,7,6,6,6,6,2,5,7,7,6,3,1,3,6,1,7,6,6,4,4,1,2,3,4,6,3,2,7,6,5,7,7,7,5,3,5,5,5,6,2,5,5,47,5,20,"Although Darryl didn't mean to kill Frankie, she was very young. Darryl chose to steal the purse, he could have chosen an older woman. ","Darryl committed the crime because he needed money for basic living expenses. In jail he will have food, shelter and a warm blanket.",,,,,,,,,1,7,1,68,2,1,4,5,3,3,3,,1
2026-07-06 21:15:32,2026-07-06 21:39:17,0,,100,1424,1,2026-07-06 21:39:17,R_34CSnDj0tapyBNR,,,,,,,anonymous,EN,1,P001687,6,7,6,6,7,5,3,7,7,7,6,7,3,5,6,3,6,1,2,3,4,"I think that the most important thing in this list is that people who break the law deserved to be punished.  Second most important is that the punishment serves are a deterrent.  People who commit crime cannot commit more crime while locked behind bars.  Lastly, there is a chance that some prisoners can change their behavior and rehab themselves.",4,6,1,6,3,5,7,7,9,2,2,6,6,6,4,2,6,6,4,4,4,4,7,6,6,5,4,4,4,2,7,1,1,3,2,1,4,5,6,1,1,1,4,1,1,1,7,4,1,1,2,6,6,1,6,2,1,1,7,1,4,1,1,6,7,4,5,6,6,3,1,1,1,2,3,6,2,5,5,47,,,,,,,,,50,50,"I chose the same sentence as the previous page because Darryl still committed the crime, all of the information or circumstances after the crime doesn't have any weight for me.  ",It will keep Darryl our of society no matter what his physical condition may be.,1,7,1,39,1,3,4,4,3,2,3,n/a,3
2026-07-06 21:28:22,2026-07-06 21:39:33,0,,100,670,1,2026-07-06 21:39:33,R_6fpcB1NxbDENclK,,,,,,,anonymous,EN,1,P001652,5,5,1,3,2,2,4,2,3,2,4,4,1,5,4,4,3,3,2,1,4,this order seems to make the most sense - i question if any of these work,6,1,4,6,1,1,1,1,9,3,2,4,1,6,3,4,3,1,1,1,1,4,1,1,7,7,1,7,4,3,7,1,1,1,1,1,5,4,7,3,2,1,5,1,2,5,7,1,2,1,1,7,5,1,7,7,2,1,7,2,2,4,1,7,7,1,1,7,7,1,1,1,1,4,1,1,7,10,100,24,,,,,,,,,31,25,"His disability does not answer for the violent actions he took ",Punishment for acts he was convicted of,2,7,1,67,1,1,6,1,1,3,3,,3
2026-07-06 21:07:14,2026-07-06 21:40:01,0,,100,1967,1,2026-07-06 21:40:02,R_11yVxggno6ipFZf,,,,,,,anonymous,EN,0.6000000238418579,P001491,7,7,7,7,7,7,7,5,7,7,7,7,1,1,7,7,7,1,4,3,2,"When one breaks a law, one should be punished. Most prisoners do not get rehabilitated in prison. While they are locked up, prisoners still commit crimes against staff and each other. Punishment does not deter others from committing crimes. If it did, we would not need prisons.",1,7,1,6,7,1,7,7,9,7,7,7,7,7,4,1,7,7,5,5,3,4,7,3,5,1,7,7,4,7,7,7,1,1,6,1,7,6,7,2,1,7,1,7,7,7,5,5,6,7,5,1,1,6,5,7,7,6,7,7,7,7,7,1,1,7,7,1,1,7,5,7,3,1,7,7,1,5,20,47,20,20,The sentence is for the original crime of 2nd degree murder. It should not matter what happens to the criminal once they go through trial.,"It would show others that 20 years means 20 years. No more, no less.",,,,,,,,,1,7,1,57,1,1,4,6,2,1,1,,1
2026-07-06 21:16:12,2026-07-06 21:40:05,0,,100,1432,1,2026-07-06 21:40:05,R_69sOz7tYvGZJ7TX,,,,,,,anonymous,EN,1,P001618,6,7,6,7,7,6,6,7,7,7,6,6,5,5,5,5,7,2,1,3,4,"Punishment definitely is a warning to others that there are consequences for committing crimes, ultimately, it works for some, not necessarily for all. Some prisoners can be rehabilitated in prison, but that is not the highest priority as it does not benefit directly the persons or entity that has been harmed",4,3,2,5,4,1,4,4,9,5,5,1,3,5,4,3,5,5,5,4,5,2,4,5,6,4,4,4,4,2,7,1,4,1,5,1,5,5,3,4,3,4,3,3,4,4,6,5,2,4,3,4,5,1,6,1,3,1,7,3,4,6,6,2,7,2,2,7,7,3,2,4,1,4,6,6,4,10,5,47,,,,,,,,,25,15,"15 years will give him enough time to think about what he did, once he leave, the risk of him committing a similar crime will be significantly diminished",A possible 2nd opportunity to live out a difficult life,1,5,1,64,1,4,3,3,1,3,3,None,3
2026-07-06 20:52:07,2026-07-06 21:40:28,0,,100,2900,1,2026-07-06 21:40:29,R_3apcaFA39buolnH,,,,,,,anonymous,EN,1,P000484,6,5,3,5,6,4,2,5,4,4,4,5,4,6,4,4,5,4,1,2,3,"I don't know much about this but punishment may be a deterrent for some people, and while prisoners are locked up, they may be less likely to commit crimes on the general public.  Some good prison rehab programs may offer addiction counseling, education, and skills training that may help some prisoners become more self-sufficient and law abiding after they are released.  Some crimes are so heinous that they deserve punishment. ",5,3,3,4,3,2,4,4,9,4,3,5,4,5,3,3,3,3,5,3,3,5,3,5,4,6,3,3,4,4,7,3,4,3,4,1,5,5,4,3,2,3,4,3,5,5,6,5,2,2,2,6,6,2,6,4,2,3,4,5,3,4,1,6,7,3,2,6,7,5,2,2,2,6,2,3,5,10,20,6,,,,,,,,,25,7,"Darryl was 17.5 years old when he beat Frankie to death.  He was not a legal adult and had not had time for his brain to fully develop, especially in the area of impulse control.  He also has a permanent disability which expert testimony says makes him no longer a threat.  His sentence should be reasonably short because of these factors.","I hope this sentence will provide Darryl counseling and drug addiction services, if necessary, and also provide opportunities for Darryl to gain additional education and skills he will need once released.  He needs accommodations and supports for his paralysis and will likely need intensive care for the remainder of his life if all four of his limbs are paralyzed.  His discharge will likely be into a group home or nursing home where he can receive better care for his severe disability.  ",2,5,1,67,2,1,6,3,1,1,3,,3
2026-07-06 21:23:27,2026-07-06 21:40:42,0,,100,1035,1,2026-07-06 21:40:43,R_62hfDodb4Pl5gsW,,,,,,,anonymous,EN,1,P000441,7,7,7,7,7,7,7,5,7,7,7,7,6,6,7,6,7,1,3,2,4,i feel like punishment does deter some criminals but not all just as prison rehabilitates some but not all,1,7,1,7,7,3,7,7,9,3,1,3,7,7,3,1,6,7,3,5,1,1,7,3,1,1,7,7,4,7,5,3,1,4,4,1,7,7,4,1,2,7,1,7,7,7,5,2,5,7,7,5,1,7,5,7,7,7,1,7,7,3,5,4,7,4,4,1,7,5,5,3,3,1,7,7,1,5,20,47,,,,,,,,,50,50,"he is a violent criminal with a criminals mind.  he can still make orders for crime even if he cant commit them himself. ",keep him away from society,1,7,1,55,2,1,2,7,2,1,1,"on one of the open ended questions, i hit a button that moved it forward without me finishing the response.  i hope there is enough information to get what i was saying",3
2026-07-06 21:21:33,2026-07-06 21:41:39,0,,100,1205,1,2026-07-06 21:41:39,R_3IYFhH4AVfi5SU4,,,,,,,anonymous,EN,1,P001084,5,5,6,4,4,4,6,7,6,6,6,6,5,6,4,5,6,4,1,2,3,I think the fear of punishment will deter criminals from committing crimes. Prisoners are unable to commit more crimes if locked up. Also there is a chance that they will reform and change their attitudes about the benefits of not being a criminal.,2,5,6,6,1,2,5,1,9,1,3,2,4,5,2,2,6,6,5,1,4,5,5,5,5,5,6,6,4,2,7,2,5,4,6,1,5,3,6,2,2,1,3,1,2,1,6,2,2,1,1,7,6,1,7,3,5,6,6,3,3,2,2,6,6,2,2,6,6,1,1,1,1,4,3,3,4,10,100,24,41,20,"A shorter sentence because he is no longer a threat to society.Change ",Change his criminal behavior and make him a better lawful citizen,,,,,,,,,1,5,1,64,1,1,4,3,1,3,2,The math questions were a bit confusing and not sure if I answered correctly,1
2026-07-06 21:20:38,2026-07-06 21:41:46,0,,100,1268,1,2026-07-06 21:41:46,R_1EEZid30ciXrRtg,,,,,,,anonymous,EN,0.8999999761581421,P000181,7,7,7,7,7,7,7,6,7,1,7,7,7,7,7,6,5,1,3,2,4,"I think my ranking of #1 and #2 reinforces each other, while #3 is fairly obvious -- a sentence that seems strong, without being overly harsh, will send the appropriate message. I put the rehabilitative statement last, because sadly, the big takeaway for most inmates, at least in the earlier part of their criminal careers, is that they didn't ""do it smart"" -- instead of doing it (the crime) at all -- hence, the ongoing reputation of prisons as ""universities of crime.""",6,1,1,6,1,1,3,2,9,5,1,1,1,6,4,3,5,3,3,1,1,5,1,5,7,5,3,1,4,1,7,1,1,3,3,1,3,3,7,3,1,1,4,1,3,3,7,6,1,1,1,7,7,1,7,1,1,1,7,1,1,1,1,7,7,1,1,7,7,1,1,1,1,7,1,7,7,10,100,24,,,,,30,15,"Although he is no longer a threat to anyone physically, and -- from the scenario -- it seems that he clearly did not intend to kill his victim, what he did is horrific as it is, that some type of extended sentence is warranted here, in my opinion.","A sufficient deterrent to prompt the next such offender, the next Darryl, to take a step back and rethink their actions -- or face the consequences, including a longer than normal sentence.",,,,,2,7,1,62,1,1,6,1,1,3,2,"Just one heads up -- I think I accidentally marked ""strongly agree"" to the question that said, ""Blacks should work their way up, just as the Irish and the Italians did, w/out expecting any special favors."" I should have marked ""strongly disagree,"" so please change my answer accordingly, which will better reflect my overall thinking.

And yes, the study was an interesting experience, as someone who has covered actual criminal trials and proceedings -- and I can tell you, based on that, that a lot of cases involve some fairly tough decision making. But I voted as I did because, in all honesty, sometimes, people use up their ""stupid chits."" As I said, the guy clearly didn't intend to kill his ex, but what he did led to her violent death, anyhow. So the idea of letting someone like that walk after a ""mere"" five to seven years seemed grossly unjust to me. Someone like that needs to sit there awhile, and learn what happens when you tempt fate like that. That's my old school, old-fashioned view of that situation. Thanks for the opportunity, and good luck with your project!",2
2026-07-06 21:24:31,2026-07-06 21:42:53,0,,100,1102,1,2026-07-06 21:42:54,R_1P46rs7iP1Q8xa1,,,,,,,anonymous,EN,1,P000776,7,7,6,7,7,7,7,5,7,7,6,7,6,6,5,5,6,1,3,2,4,That order makes the most sense.  Criminals need to be punished (and they do) down to prisoners get rehabilitated in prison. (I doubt it.),3,3,1,7,5,1,7,6,9,1,1,7,6,7,3,1,7,7,1,1,3,1,7,1,1,5,5,7,4,6,5,5,2,1,1,1,5,3,5,1,1,1,4,1,3,5,5,1,5,6,7,7,4,6,7,5,5,4,4,6,7,5,1,5,7,7,7,3,7,2,3,1,3,1,7,7,1,10,5,24,,,,,,,,,50,50,It is wrong to ever murder a person.  It's not up to us to decide a persons fate.,To punish him and keep him away from people.,2,7,4,58,2,1,3,4,2,3,1,,3
2026-07-06 21:21:38,2026-07-06 21:43:19,0,,100,1301,1,2026-07-06 21:43:20,R_10reeoRiFs8z6wD,,,,,,,anonymous,EN,1,P001077,3,2,4,5,4,5,3,5,4,2,3,4,5,6,5,3,5,3,4,2,1,"Rehabilitation can help people get a fresh start, while otherwise they may end up in a revolving door back to prison. Punishment as a deterant isn't a valid reason IMO.",7,1,5,6,5,1,3,3,9,1,4,5,1,5,3,4,2,1,2,1,1,6,1,6,7,6,1,2,4,3,7,1,3,1,5,1,5,5,6,1,1,4,4,1,1,4,7,5,1,1,1,5,6,1,7,1,1,1,7,1,1,1,1,7,7,1,1,7,7,3,2,2,1,7,1,1,7,10,5,47,,,,,25,5,"He still deserves to be punished, but, since he is not a threat, maybe the time can be used to rehabilitate him.","Make him a useful member of society, and to save the government money since he is not a threat anymore.",,,,,1,7,1,69,1,1,3,1,1,3,2,"A lot of crime is because of the economic conditions people are put under. The rich get richer, and the poor are desperate. And a lot of sentences are racially motivated. ""Justice"" has very little to do with the above.",2
2026-07-06 21:06:03,2026-07-06 21:43:47,0,,100,2264,1,2026-07-06 21:43:47,R_3TgGtDinRHTixZ7,,,,,,,anonymous,EN,1,P000417,6,6,3,6,6,5,6,5,6,6,6,6,3,6,5,4,6,1,2,3,4,"Because punishment for crimes is more important than deterrent, or crime prevention, or rehab reasons ",3,4,2,3,4,4,4,4,9,3,5,4,4,5,4,4,4,5,4,4,4,4,5,3,2,4,5,5,4,3,7,4,3,5,5,3,6,4,5,3,3,4,3,4,5,5,5,4,5,3,3,4,4,3,5,4,4,4,4,4,4,3,2,5,5,5,3,5,5,3,2,4,3,6,2,2,6,5,5,47,40,40,His paralyzation should not have any effect on his sentence.,"He still needs to serve his time. ",,,,,,,,,2,5,2,69,2,1,2,2,1,1,1,thanks,1
2026-07-06 21:07:20,2026-07-06 21:44:09,0,,100,2208,1,2026-07-06 21:44:09,R_12RLVDIlLQUpEz9,,,,,,,anonymous,EN,1,P001296,6,7,5,7,7,5,5,6,7,7,6,7,5,4,6,5,6,1,3,2,4,"Criminals need to receive some type of punishment from breaking the law otherwise it sends the message that it's ok to break laws. While criminals are locked up, they generally do not have the freedom to commit other crimes while being locked up. Having criminals behind bars shows the rest of society that crime doesn't pay and will get you locked up. Eventhough it sounds good to say that prisoners receive rehab services in the hopes that once released they will be law abiding citizens though this oftentimes doesn't work, this is why I ranked this one last.",5,3,3,3,4,3,7,7,9,7,6,6,4,5,7,2,5,5,6,3,5,4,4,5,6,3,4,5,4,6,4,5,3,6,5,2,5,5,2,4,3,5,2,5,5,5,3,5,5,5,3,2,5,4,4,5,2,4,5,3,4,1,1,6,6,2,2,6,7,4,2,5,2,5,2,3,5,10,5,47,,,,,50,50,"It doesn't matter that Darryl is now paralyzed, his violent actions still lead to another person dying(Frankie). He still needs to serve life in prison for causing the death of another human being. It also doesn't matter that society will never know the details, he still killed Frankie and he needs to apy for that.","It's an eye for an eye. Darryl caused Frankie's death. For Frankie's family, she is gone forever.",,,,,2,5,3,63,2,1,4,2,1,1,1,"The study was very interesting. However, I wish that all of the earlier questions related to punsihment and prison would have been divided up between violent and non-violent felonies. For instance, I feel that a prison sentence for life is appropriate whereas a non-violent crime (drugs, firearms, etc) should have a much shorter sentence.",2
2026-07-06 21:18:19,2026-07-06 21:44:26,0,,100,1567,1,2026-07-06 21:44:27,R_5JCPeYF2WLNVKmi,,,,,,,anonymous,EN,1,P001530,4,5,5,4,5,3,5,3,5,5,5,5,2,5,3,3,5,4,3,2,1,"I think education is the answer to crime.  If we can rehabilitate these criminals, teach them a trade, get them off drugs/alcohol, then hopefully we can reduce reoccurrence of a crime.  In the same token, if they are in prison, they are unable to continue to commit crimes.  I think there is something to be said about being scared straight so that if somebody else sees what happened to somebody who got caught, they might rethink their path.  I do not however believe criminals deserve to be punished.  Some of them, may definitely deserve it, but sometimes there are extenuating circumstances that could lead to a life of crime.",4,3,2,4,5,3,3,3,9,2,3,4,2,5,3,3,3,5,3,1,3,3,3,5,3,5,2,3,4,5,6,2,3,4,3,1,6,6,3,5,4,2,2,1,3,3,3,3,2,3,3,6,6,3,5,7,3,3,5,3,2,2,2,5,5,4,5,2,5,3,2,1,2,3,4,5,3,5,100,47,10,10,"It was not his intent to kill Frankie.  It was very unfortunate.  Just like it is unfortunate that he contracted an autoimmune disease that paralyzed his limbs.  All of this does not make the fact go away that Frankie died.  And she would not have died if it were not for the actions of Darryl.  He needs to do some time.  It is unfortunate that he lost his job twice, but there were better ways he could have handled things.   Frankie deserves some justice.",I think it will make Darryl think about his choices in life.  I think he needs to reflect on his decisions and think about how his decisions impacted another human being and their family.,,,,,,,,,1,6,1,58,2,1,4,4,2,3,1,"The question on the pond said it was 48 days, but then when we had to select our option, it was in minutes",1
2026-07-06 21:33:10,2026-07-06 21:45:57,0,,100,767,1,2026-07-06 21:45:58,R_32VzPXyiuOAVaWi,,,,,,,anonymous,EN,1,"P001364
",6,6,5,6,5,5,4,6,6,5,5,6,1,6,6,4,6,2,1,4,3,"Prisoners do commit crimes in prison, they deserve punishment based on the crime.",6,5,3,6,6,3,4,5,8,5,5,6,6,6,5,5,5,4,5,6,5,5,5,6,6,5,5,6,4,4,5,3,2,2,5,4,5,7,1,5,3,2,3,5,3,3,4,5,4,5,3,5,4,5,6,4,2,5,4,4,4,3,2,7,4,4,5,4,4,6,4,5,1,3,4,5,7,10,50,24,50,50,"Crime is a Crime. He could have walked away with the purse. He could have left after she struck him. ",Less Deaths!!,,,,,,,,,2,6,7,38,2,4,4,3,1,3,3,,1
2026-07-06 21:26:24,2026-07-06 21:46:09,0,,100,1184,1,2026-07-06 21:46:10,R_3NxpEzVJWgqn2HT,,,,,,,anonymous,EN,1,P001462,3,5,3,3,3,3,4,5,3,4,6,3,5,7,4,5,5,4,2,3,1,"I think people who commit crimes need to rehabilitated, not treated like caged animals with no room for growth.",4,2,4,7,6,4,5,1,9,2,4,5,3,6,3,4,3,3,3,1,3,5,2,3,7,7,2,5,4,3,6,3,3,1,1,1,7,5,1,2,4,2,2,1,2,6,5,3,1,2,2,5,6,1,7,2,1,1,7,5,2,1,1,7,7,1,1,7,7,1,1,1,1,7,1,3,4,10,100,24,,,,,,,,,25,25,"Whether it is public or not, Darryl committed second degree murder so he deserves to go to prison for the average amount of time that charge entails",Rehabilitation,1,7,1,23,2,4,3,2,1,3,3,The question about lilypads is confusing. The prompt talks about days but the scroll bar mentions minutes.,3
2026-07-06 21:14:41,2026-07-06 21:46:35,0,,100,1914,1,2026-07-06 21:46:36,R_3HakmudRMRI1knn,,,,,,,anonymous,EN,1,P000807,7,7,7,7,7,7,6,7,7,7,7,7,4,5,7,5,6,2,1,3,4,"Although criminals deserve to be punished, it's more important that society understands there are crimes that you'll be punished for, therefore keeping society conforming to every day life; I also don't believe too many prisoners can get rehabilited in prisons. And while keeping the hardened criminals locked up, it will keep them off the streets from reoffending.",1,6,1,1,6,2,7,6,9,5,6,7,4,5,6,1,7,7,7,4,3,6,5,6,5,5,6,6,4,4,7,1,5,2,5,1,5,5,5,2,3,5,1,4,5,5,5,7,6,4,6,2,1,3,3,5,2,1,7,5,6,5,1,5,5,5,1,5,5,1,3,4,1,6,1,1,7,10,100,36,,,,,50,25,I don't believe it's soceity's problem because he developed an autoimmune disease and that he should get off for murder because of it.,"To send a message of ""You commt the crime, you do the time""; don't commit crimes.",,,,,2,6,4,65,2,1,3,3,3,1,1,"I used to be a court reporter and would love to be a prosecutor for a week. ",2
2026-07-06 21:22:12,2026-07-06 21:46:47,0,,100,1475,1,2026-07-06 21:46:48,R_1zaC4KKkpFdsAF3,,,,,,,anonymous,EN,1," P000125",6,7,2,7,7,1,4,6,6,7,4,5,1,4,2,2,6,1,2,3,4,"There needs to be consequences for the criminal's actions and hopefully deter others from committing the same crimes. ",4,1,4,4,1,1,6,1,9,2,1,1,4,7,1,2,6,7,2,4,6,2,7,1,1,4,6,7,4,6,6,1,4,4,7,1,4,6,6,2,2,6,1,5,7,7,5,2,1,4,5,4,4,1,6,5,1,1,7,1,1,2,2,7,7,4,3,4,6,1,3,1,1,5,4,4,4,5,5,47,30,30,"He still deserves to be punished for the crime, whether he can commit it again or not. ",It won't bring Frankie back but will be some type of justice for her family.,,,,,,,,,1,7,1,56,2,1,3,2,1,3,3,,1
2026-07-06 21:30:26,2026-07-06 21:49:33,0,,100,1146,1,2026-07-06 21:49:33,R_1lB7v1yTsdkMDH5,,,,,,,anonymous,EN,1,P001127,6,6,6,6,6,6,5,4,6,7,6,7,4,4,6,4,4,1,3,2,4,Criminal deserve to be punished in relation to their crime. Prisoners do not get rehabilitated in prison in my opinion most are recidivists.,1,6,1,5,4,4,7,7,9,4,5,7,6,7,4,1,7,7,2,4,3,3,7,4,2,1,6,6,4,5,6,6,4,6,4,1,6,7,6,4,4,6,3,6,6,6,4,4,6,6,6,6,5,4,2,7,6,4,4,7,6,6,5,7,6,4,4,5,7,5,2,4,5,1,6,7,1,10,5,47,,,,,50,50,He took the life of another person and therefore should not have a second chance regardless of his health ... the victim didn't get a second chance.,Keep a violent killer off of the streets and make him pay for his horrible crime.,,,,,1,7,1,65,1,1,4,4,2,1,1,It was interesting ... regarding the shark attack I don't believe you can fault the shark being in its natural habitat - people should regard that and act accordingly and enter the water at your own risk. Sign should also be posted warning the public.,2
2026-07-06 21:21:39,2026-07-06 21:49:36,0,,100,1677,1,2026-07-06 21:49:37,R_5QLSpjSIqS92eJI,,,,,,,anonymous,EN,1,P001888,6,6,4,6,6,6,6,5,5,6,6,6,3,5,6,6,6,2,3,1,4,"If someone is locked up they can't kill or rob other individuals.  ",3,6,4,6,2,2,6,6,9,5,5,2,4,6,6,2,3,3,2,6,6,3,6,2,2,3,6,7,4,2,7,2,2,5,5,2,6,6,2,5,6,2,2,3,5,6,5,5,5,1,5,4,6,2,6,6,3,1,7,3,5,2,2,7,7,2,2,7,7,5,3,2,1,1,7,7,2,5,100,47,,,,,20,20,His mental thinking was that of an adult.  He chose to repeatedly physically assault somone and caused their death.  He should be punished as an adult.,Punishment and a change in behavior and lifestyle.,,,,,1,6,1,59,2,1,2,2,1,1,1,,2
2026-07-06 21:34:11,2026-07-06 21:50:20,0,,100,968,1,2026-07-06 21:50:20,R_3DZVGCZmtQxTPUt,,,,,,,anonymous,EN,1,P001643,7,7,7,7,7,6,6,6,6,6,7,7,1,4,7,6,6,1,3,2,4,"Criminals deserve to be punished is important and we need more of it in the United States. Prisoners needing to get rehabilitated is the least of my concerns. Most prisoners are always going to be criminals no matter how much ""rehabilitation"" they get.",1,7,1,1,7,7,7,7,9,7,7,7,7,1,7,1,7,7,7,7,7,1,7,1,1,1,7,7,4,3,7,3,4,1,4,4,7,7,3,4,4,7,1,7,7,7,1,7,7,7,7,1,4,7,1,7,4,1,7,4,4,1,2,7,7,1,1,7,7,7,4,7,4,7,4,4,4,5,5,24,,,,,,,,,50,50,he is still a criminal even if terminally physically disabled. He can still verbally order and commit criminal acts from a wheelchair if left free.,"send a message that criminals deserve to be locked away like the animals they are. ",2,7,1,55,1,1,4,4,3,1,1,nothing to add. have a nice day!,3
2026-07-06 21:43:08,2026-07-06 21:51:26,0,,100,497,1,2026-07-06 21:51:26,R_3BmJCJq5OyzQIHw,,,,,,,anonymous,EN,1,P000877,5,6,6,5,7,7,6,6,6,6,4,7,6,7,6,6,6,2,3,4,1,"Well, believe that redemption, that's just my opinion.I'm not pushing it on other people.I don't believe in doing that , but are redemption is for everyone and everybody has a second third fort chance calls if they're allowed by still think there is a chance of prevention and be person",4,4,6,2,6,2,7,5,9,6,5,7,4,6,6,6,6,6,6,5,4,5,6,3,4,6,4,7,4,3,6,5,4,5,6,5,5,4,7,2,1,4,5,3,5,4,4,6,5,4,5,4,4,6,5,4,5,4,4,4,4,7,6,7,7,6,6,6,7,6,3,4,6,4,4,6,3,10,100,24,18,10,"Well, thinking this current condition, he would not be very abrasive.Hopefully not , i'm not sure if his toronto levels are high.","Well, let's see anytime in the wilderness.There is a wake up call.And there's a lot of reflection on self reflection in , hopefully , you'll learn his lesson",,,,,,,,,1,7,1,55,1,1,5,4,3,3,2,,1
2026-07-06 21:30:59,2026-07-06 21:51:40,0,,100,1240,1,2026-07-06 21:51:40,R_6TvIzUDFHM6Xwxj,,,,,,,anonymous,EN,1,P001649,7,6,2,7,7,6,2,7,4,6,2,7,4,7,2,2,6,2,4,1,3,It just seemed like the right order to go with.,5,1,4,1,4,1,4,1,9,1,1,1,1,4,1,4,2,4,5,1,1,2,3,3,4,6,5,6,4,2,7,1,1,2,2,1,6,5,7,4,1,4,4,4,4,1,7,4,1,1,1,5,7,1,7,7,1,5,7,1,7,1,1,7,4,7,7,1,1,7,2,1,7,1,4,7,1,10,5,47,,,,,30,30,the punishment should have nothing to do with the condition of the convicted.,"punishment and perhaps rehabilitation, but punishment for certain.",,,,,1,7,1,63,1,1,3,6,2,3,2,,2
2026-07-06 21:17:07,2026-07-06 21:53:04,0,,100,2157,1,2026-07-06 21:53:05,R_6fH7Sj36Qm6Csoc,,,,,,,anonymous,EN,1,P001822,5,6,5,5,6,5,2,2,2,5,5,5,2,7,2,1,5,1,3,2,4,"I ranked this way as this is how I feel society does. I do believe criminals should be punished however, the punishment needs to fit the crime. I do not feel that society cares if a prisoner gets rehabilitated. Society looks at a felon as always being a felon. ",6,1,2,7,3,2,6,6,9,1,2,5,2,3,3,2,5,3,3,2,3,3,5,5,3,5,3,5,4,2,7,3,2,3,3,1,6,6,1,3,2,3,4,3,5,5,6,3,3,1,2,5,6,2,6,1,2,2,6,3,5,5,6,7,6,1,1,7,7,2,3,5,2,6,2,2,6,10,100,47,,,,,,,,,50,50,"He took a life. Taking a life, especially as brutally as he did, does deserve a significant sentence. There are facilities that he can be at with his medical condition. It doesn't matter if no one will ever hear about the victim or the punishment. He killed someone to cover up other crimes. ","That there are severe consequences for taking another life. ",1,3,1,51,2,1,4,2,1,2,2,,3
2026-07-06 21:36:17,2026-07-06 21:54:38,0,,100,1100,1,2026-07-06 21:54:38,R_3ezwTPNEaOtqM2l,,,,,,,anonymous,EN,1,NONSTANDARD_3,2,2,5,3,2,4,4,5,6,1,2,1,5,3,4,4,1,1,4,2,3,"I would love to place rehabilitation first, but I don't think it happens. I think it's more a nice concept but it doesn't take place. As with everything, follow the money. For profit prisons and the criminal justice system has no financial motive to actually rehabilitate and stop crime. They want to assure there's a revolving door that assures a steady paycheck.",4,4,2,5,4,2,5,2,9,5,4,5,4,6,4,4,4,4,4,3,2,5,3,4,6,4,4,5,4,6,7,4,3,5,4,4,3,3,6,3,1,2,4,2,4,3,6,4,1,3,4,6,7,2,6,2,2,1,7,4,4,3,1,7,6,4,4,4,7,6,4,3,3,4,2,2,2,5,5,47,25,25,His illness doesn't negate his crime.,He will  pay for his crime with his freedom and his victim's family will get a small amount of justice.,,,,,,,,,1,7,1,60,2,1,5,4,3,3,2,"I would choose defense attorney not for any moral reason, but because it pays far better than a prosecutor. Not a public defender though.",1
2026-07-06 21:29:38,2026-07-06 21:55:34,0,,100,1556,1,2026-07-06 21:55:35,R_5LFNZGgMR6irjRk,,,,,,,anonymous,EN,0.8999999761581421,P000707,7,7,6,6,7,5,5,6,7,5,6,7,2,5,5,5,6,2,4,1,3,"the number one reason should be rehabilitation, but that doesn't seem to be working right now. So the next best thing is to have them off the street, then because the deserve it for breaking the law.",3,3,3,5,7,5,7,5,9,5,5,2,3,7,3,2,3,3,3,1,2,2,5,6,6,5,6,5,4,2,7,1,5,3,4,1,7,7,6,3,2,3,5,2,5,7,7,1,1,1,2,7,6,1,7,2,2,1,7,5,5,1,1,7,1,2,2,7,7,7,5,1,5,4,3,3,5,10,5,47,,,,,40,0,His limbs are permanently paralyzed so he can do no more harm. why should the prison system pay for his living expenses and medical costs?,"not cost the state any money, although he will probably end up with subsidies, but that shouldn't amount to the cost of incarceration",,,,,1,7,1,73,1,1,3,3,3,1,1,,2
2026-07-06 21:36:59,2026-07-06 21:56:23,0,,100,1163,1,2026-07-06 21:56:24,R_1cWppQI8sFXcxZn,,,,,,,anonymous,EN,1,P000965,7,6,5,6,5,5,5,6,5,6,5,6,4,5,3,4,5,4,1,2,3,"I think deterrence and crime prevention are the most concrete benefits. Rehabilitation doesn't always work. While criminals deserve punishment, that's not the ultimate reason to do it. It's not concrete.",4,3,2,4,3,1,3,2,9,2,2,3,3,6,4,3,3,5,3,3,4,4,5,4,5,4,4,5,4,3,7,3,2,4,4,2,4,3,6,2,2,3,3,2,4,3,4,2,1,2,2,6,5,3,5,3,2,1,7,2,2,2,2,6,4,2,1,5,7,3,1,2,1,6,2,2,6,5,5,47,,,,,17,10,"First, he was young. Second, he's not a physical threat to others. He still must pay for his crime, however. No freebies.",Make the family of Frankie feel as though society cares about her death.,,,,,2,6,1,57,1,1,4,3,1,3,2,"""Covering half of the lake..."" question, the scale was in minutes, the question in days.",2
2026-07-06 21:37:51,2026-07-06 21:58:41,0,,100,1249,1,2026-07-06 21:58:41,R_5mPGqlyTQyb85Z7,,,,,,,anonymous,EN,1,P000369,5,5,5,5,5,2,3,2,3,2,5,5,3,3,3,3,5,1,3,2,4,"There needs to be a way to punish criminals and keep them from further offenses, but it is not a deterrent and prison does not rehabilitate.",7,1,5,7,1,1,1,1,9,2,3,3,2,7,2,2,5,2,2,1,1,5,2,5,5,5,2,3,4,2,7,1,3,1,3,1,3,1,5,5,1,1,3,1,1,1,7,5,1,1,1,6,7,1,7,1,1,1,7,1,1,1,1,7,7,5,2,7,7,2,3,1,1,7,1,1,7,10,5,47,15,0,"If Darryl is no longer a threat to society, why put him in prison? Permanent paralysis is punishment enough.",He has to live every day with the knowledge of his crime. I hope that he finds a way to try to make amends.,,,,,,,,,1,7,1,71,2,1,4,2,3,3,2,"""Prosecutor"" was spelled incorrectly on the last question.",1
2026-07-06 21:28:58,2026-07-06 21:59:44,0,,100,1845,1,2026-07-06 21:59:44,R_5MUgJCCKHpGQFyh,,,,,,,anonymous,EN,1,P001041,6,7,5,6,6,2,4,5,5,6,6,7,3,5,5,6,6,1,2,4,3,"I think we have to enforce our laws, and when someone breaks them there has to be a cost. The point of the cost is both punishment for their crime and also as a deterrent to others that may be considering a crime. I don't believe the majority of criminals do get rehabilitated in prison. If they do, that is a bonus but it's not the most important reason. The lowest ranking reason would be that they cannot commit other crimes while in prison. They certainly can, and do commit other crimes in prison, as prison statistics show.",3,5,1,7,5,1,6,5,9,2,2,3,5,7,3,3,6,6,5,3,5,3,5,4,2,4,6,5,4,5,7,2,2,5,6,1,5,5,6,1,2,3,3,4,6,6,5,2,3,3,3,4,5,5,5,3,2,6,5,5,5,2,1,5,6,3,3,5,5,2,2,3,2,3,3,5,5,10,100,24,,,,,,,,,50,50,"He took a life, which deserves a life sentence. The last kick was vicious and he deserves no leniency, even with a health condition.","I hope it would be a deterrent to other potential criminals, and be a punishment for the crime already committed.",1,3,1,66,2,1,4,7,2,1,1,"It was interesting. I had to really think about the difference between a human killer and a shark killer, and why I thought the punishments should be different.",3
2026-07-06 21:39:03,2026-07-06 21:59:56,0,,100,1253,1,2026-07-06 21:59:57,R_64eBwO9B3qU6bOr,,,,,,,anonymous,EN,1,P001451,4,6,5,4,6,5,4,5,4,5,3,5,5,6,3,5,7,1,2,3,4,"First, fundamental social principles must exist, and the punishment of crime falls within this scope.",3,4,3,5,4,3,6,5,9,4,6,4,5,3,4,4,5,5,6,5,5,6,3,5,4,4,4,5,4,5,6,5,5,5,4,5,6,5,5,5,6,5,5,5,4,5,5,5,5,6,6,4,5,5,6,5,5,4,6,5,4,5,3,3,5,3,4,5,4,3,5,5,2,4,5,4,4,5,5,47,,,,,40,15,"From the perspective of social harm, this is worth considering.",,,,,,2,5,3,39,2,1,6,3,3,3,3,,2
2026-07-06 21:36:52,2026-07-06 21:59:59,0,,100,1386,1,2026-07-06 21:59:59,R_6A1mSSPz0JkNY0j,,,,,,,anonymous,EN,1,P001662,7,7,7,7,7,7,7,7,7,7,7,7,7,6,7,6,7,1,2,3,4,"Anyone who does a crime needs to be punished not just a slam on the wrist, when other's see that they will get punished most won't do a crime for fear, prisoners can't do crimes against people outside , some of the prisoners will change their life with help in prison",1,6,1,7,7,3,6,4,9,7,7,7,7,7,1,1,7,7,1,1,3,2,6,5,7,5,5,6,4,7,7,5,5,6,4,1,7,7,4,1,1,1,3,4,7,7,7,7,7,4,7,4,4,6,5,7,7,7,1,7,7,1,1,1,7,2,1,7,7,7,7,7,3,1,7,7,1,10,100,24,,,,,50,50,"he keep on being abusive through the years, and finally got her killed",keeping him in prison so he can't hurt anyone else,,,,,2,6,1,62,2,1,2,7,2,3,3,interesting study,2
2026-07-06 21:20:20,2026-07-06 22:00:39,0,,100,2418,1,2026-07-06 22:00:39,R_5jkXyaDXj6EC1UC,,,,,,,anonymous,EN,0.8999999761581421,P001864,6,5,5,5,7,4,3,3,5,3,5,4,4,3,3,5,5,1,3,2,4,"I believe prisons do not accomplish their goal anymore. Often after prison, people become hardened criminals",3,1,2,7,1,1,1,1,9,4,1,5,2,6,3,2,3,5,5,1,3,2,4,4,5,4,3,3,4,3,7,2,5,6,1,1,5,6,6,2,1,3,5,4,5,5,7,3,2,1,1,5,5,1,7,5,2,1,7,2,3,2,1,7,7,1,3,7,7,2,1,2,1,5,1,4,6,10,100,5,25,10,"Since D is. not a threat and his health has deteriorated to the point where imprisonment to become a better person is not possible, I let him out with time served.",fairness,,,,,,,,,1,1,1,74,1,1,6,2,1,2,2,,1
2026-07-06 21:38:34,2026-07-06 22:00:42,0,,100,1328,1,2026-07-06 22:00:43,R_7r1dMbFHKeJ8fDB,,,,,,,anonymous,EN,1,P001910,4,5,5,5,5,5,6,6,5,6,6,5,5,5,5,5,5,1,3,4,2,Because a lesson should be learned by the criminal to fix their error in society.,4,4,1,5,1,4,4,5,9,4,1,4,4,7,4,1,5,5,3,1,2,4,5,5,1,4,6,6,4,2,5,3,1,3,3,1,4,3,7,1,1,1,1,2,1,3,7,5,1,1,1,5,7,1,7,1,5,2,4,1,4,3,1,7,7,4,3,7,7,4,1,1,4,1,1,1,1,10,20,24,30,30,It's enough time for him to fix his flaws and join society again.,Change him as a person.,,,,,,,,,1,7,1,38,1,6,2,1,3,1,1,We need to heal our people to expect greatness from them.,1
2026-07-06 21:24:08,2026-07-06 22:03:19,0,,100,2350,1,2026-07-06 22:03:19,R_1y3Glp8qMC61kf7,,,,,,,anonymous,EN,1,P000580,6,6,6,6,6,6,6,6,6,6,6,6,2,5,6,5,6,1,2,4,3,"For instance, the last two starting with number 4 which states ""While they are locked up, prisoners cannot commit other crimes"".  This is more like an exception, but definitely not a rule; because it is common knowledge that crimes are perpetrated by convicts in prison such as theft, rape, extortion, assault and murder!  Number 3 is also another occasional exception to the rule, because although I do not have a figure for the number of inmates who have been rehabilitated in prison, I am not aware of that statistic being at least the majority of incarcerated people. ",1,6,1,1,4,1,7,1,9,1,4,4,7,7,4,1,6,7,5,2,5,3,4,3,1,1,5,6,4,4,7,4,3,5,2,1,6,6,6,3,1,2,3,5,5,3,4,5,5,4,6,5,6,4,6,2,5,4,4,6,5,2,2,6,2,4,4,5,6,4,2,4,1,4,1,1,4,10,100,24,,,,,,,,,50,25,"Well, when I first sentenced Danny to 50 years, I did not realize that he was a minor at the time of the crime. Because he was not fully matured and not an adult in the eyes of the law.  I think there is a chance that he could have redemption and become a contributing member of society and do some good after he's had a long  time to be punished and think and behave different in his life in prison compared to the one he was living prior to his incarceration. ","(Please see previous) copy/paste function is not working for this survey. ",1,6,1,58,2,1,2,3,1,1,1,"Your study was so long, I kept wondering if I was going to be timed out. If this does happen, it will not be just. ",3
2026-07-06 21:25:34,2026-07-06 22:04:14,0,,100,2319,1,2026-07-06 22:04:14,R_5qerMl24W0XhmRU,,,,,,,anonymous,EN,1,P001603,5,4,3,3,4,2,3,4,2,4,5,5,2,5,5,3,4,4,2,1,3,"I believe that locked up prisoners can't commit other crimes is the best reason for incarceration and that the thought of going to prison might deter many others. However, I don't believe that rehabilitation is the goal of today's prison system, nor do I believe that punishment is the proper form of penance. For most prisoners I believe rehabilitation should be the main goal of prisons.",6,2,2,6,3,1,3,1,9,3,1,3,3,5,2,3,3,3,4,2,3,5,3,5,7,5,3,3,4,1,7,1,3,1,3,1,3,2,7,1,1,1,5,1,2,2,7,3,1,1,1,6,7,1,7,1,2,1,7,1,1,1,1,7,7,2,1,7,7,3,1,1,1,7,2,2,7,5,5,47,,,,,,,,,20,20,"He still committed the crime, and even though he will no longer be a threat to society, he is going to need help and training to deal with his new circumstances. Hopefully he will get it in prison.","It will give him an amount of time to come to grips with his new reality, satisfy justice, and make the state responsible for his well-being. If the US currently had better health care and indigent assistance I would recommend a lighter sentence, but that's not the country we live in. ",1,7,1,58,1,1,3,2,1,3,1,One thing most of these types of studies lack is room for nuance. Your study allowed me to explain my thoughts on some matters. Thank you.,3
2026-07-06 21:41:51,2026-07-06 22:04:42,0,,100,1371,1,2026-07-06 22:04:43,R_3eoQELrvqUADqpj,,,,,,,anonymous,EN,1,P001953,7,7,7,7,7,6,4,5,7,5,7,7,3,6,7,5,7,1,3,2,4,Criminals need to be locked up but I don't think it deters some people. Most are not rehabilitated in prison.,2,2,2,6,4,2,3,5,9,6,5,3,5,6,4,3,5,5,3,3,5,3,7,4,3,4,7,7,4,3,6,3,4,6,5,1,5,6,6,1,1,2,4,2,3,4,5,3,4,5,6,7,6,3,4,4,4,7,1,4,5,5,1,5,6,4,3,6,6,5,4,3,1,5,4,5,4,10,5,47,,,,,,,,,25,10,People aren't allowed to drink til they are 21 and I don't think they should be tried as adults so 10 years is good.,Give him time to grow up and realize his actions were wrong.,1,4,1,69,2,1,2,6,2,1,1,,3
2026-07-06 21:49:12,2026-07-06 22:05:24,0,,100,972,1,2026-07-06 22:05:25,R_6QZ3yYEgAKQp4sb,,,,,,,anonymous,EN,1,P001288,6,6,5,6,6,4,5,6,6,7,6,6,3,6,6,4,6,1,3,2,4,"i ranked them this way because this is how i feel. commit a crime. you need to be held accountable for your actions. rehabilitation is a sidenote . if that happens, fine",3,6,1,7,4,1,7,7,9,2,3,6,4,6,4,2,5,2,3,2,4,1,6,1,4,3,6,6,4,3,6,2,2,1,4,1,3,2,6,2,2,4,2,3,5,2,6,5,5,3,2,4,3,5,6,2,1,1,7,1,2,1,1,7,7,1,1,7,7,2,1,1,1,6,1,1,6,5,5,47,40,40,"i felt a bit of compassion toward daryl, thts why i only gave him 40 yrs. being so young and all. as for his illness. i dont' care. he still did the crime and jail is probably better for him at this point that being outside. ","who knows. nothing probably, its just that he deserves it. that young woman is not coming back to life. ",,,,,,,,,2,7,4,67,1,1,4,3,3,3,3,"interesting, thanks",1
2026-07-06 21:49:51,2026-07-06 22:07:04,0,,100,1032,1,2026-07-06 22:07:04,R_7WYIV5lWbTX2h0g,,,,,,,anonymous,EN,1,P001672,6,6,5,5,6,2,4,5,4,4,5,6,3,6,2,3,5,4,2,3,1,The best thing for society would be to rehabilitate criminals so they can be productiove members of society. hopefully they will set an example to discourage others from following in tneir footsteps and one benefit is they can not commit any more crimes against society while they are locked up the last is last by default.,7,2,3,7,4,5,7,4,9,7,3,7,2,5,4,4,3,5,5,2,3,4,5,5,5,6,4,4,4,4,7,1,2,1,1,1,5,5,5,4,3,2,5,2,5,5,6,5,3,2,3,6,7,1,6,4,5,2,6,2,2,5,1,7,7,5,5,6,6,7,5,2,5,6,2,2,4,5,100,47,,,,,,,,,16,16,I reccommened less because Frank made Daryll feel threatened by taking those ;photos so to me it was partially justified. I don't think Daryll should get a different sentence because he is sick or the victim was a minor,Daryyl won't do it again,1,7,1,60,2,1,4,5,2,2,2,,3
2026-07-06 21:28:55,2026-07-06 22:08:15,0,,100,2360,1,2026-07-06 22:08:16,R_59miRsQACZxvDPg,,,,,,,anonymous,EN,1,P000898,7,7,7,7,7,7,7,7,7,7,7,7,7,7,7,7,7,1,3,4,2,"because it aligned well to my preference on how crime needs to be treated ",1,7,1,1,7,1,7,7,9,7,7,7,7,7,7,1,7,7,7,7,7,7,7,7,7,1,7,7,4,1,1,7,7,7,7,1,7,7,7,1,1,7,1,7,7,7,1,7,7,7,7,1,7,7,1,1,7,7,1,7,7,1,7,7,7,1,1,7,7,1,7,7,1,1,7,7,1,10,5,47,50,50,because he was fully aware of what he was doing and as a killer justice must be served,to keep the society safe from people like him,,,,,,,,,2,7,1,47,2,2,6,7,2,3,1,good,1
2026-07-06 21:52:09,2026-07-06 22:08:54,0,,100,1005,1,2026-07-06 22:08:55,R_5gXjTTNCu5VPgTD,,,,,,,anonymous,EN,0.8999999761581421,P001144,5,5,5,5,5,3,5,6,5,5,5,5,3,6,4,5,5,4,1,2,3,"the punishment often does not fit the crime, while some are punished for a short time, others are punished over a life time.  While a bank robber will be basically punished once a person like a sex offender will be punished their entire life even if they do nothing but good their entire life",7,1,5,7,5,1,4,1,9,2,1,3,2,3,1,5,1,1,4,2,2,4,2,5,7,5,2,6,4,1,7,1,1,1,1,1,4,4,6,4,1,4,4,4,3,4,5,4,4,2,4,5,5,2,5,4,1,1,7,1,1,1,1,7,7,4,1,6,7,3,1,1,1,3,4,4,4,5,5,48,,,,,8,5,he Still committed the offense that led to death of his girlfriend,That he will learn a lesson,,,,,1,7,1,57,1,1,4,4,1,2,2,"Justice may impose a finite sentence, but life often imposes an indefinite one. Long after a debt to the law has been paid, the consequences can continue to shape a person's future. It's a reality that is too often overlooked",2
2026-07-06 21:33:37,2026-07-06 22:09:27,0,,100,2149,1,2026-07-06 22:09:27,R_6xVNQM6vMMsuW48,,,,,,,anonymous,EN,1,P001068,6,7,6,7,7,4,1,5,7,4,6,7,4,7,6,5,7,2,4,1,3,Prison keeps criminals off the streets.,1,4,1,3,6,4,3,1,9,1,4,3,4,7,4,1,4,6,5,1,3,4,5,5,6,4,5,5,4,4,7,3,4,7,2,1,7,6,5,4,4,2,4,4,4,7,7,2,1,4,4,7,6,3,5,5,6,4,5,4,4,4,2,4,7,4,4,5,7,2,1,1,1,5,2,3,5,5,5,47,,,,,,,,,50,50,"He willingly killed a child. No excuse. ",He will pay a severe price for his actions.,1,7,1,57,2,1,3,4,3,1,3,,3
2026-07-06 21:37:47,2026-07-06 22:10:01,0,,100,1934,1,2026-07-06 22:10:02,R_3GHwOks4gieoCwV,,,,,,,anonymous,EN,0.8999999761581421,P000659,6,7,4,4,7,5,5,5,5,6,6,7,4,4,4,2,4,3,2,1,4,"I think it depends on the crime, but it keeps dangerous criminals from hurting people and maybe stops other criminals.  Whether they deserve it or not also depends on the crime.",4,2,4,6,2,1,3,5,9,4,3,5,3,7,1,3,2,1,4,3,4,4,3,5,6,5,1,1,4,5,6,3,4,3,1,2,5,3,5,4,2,4,3,4,5,4,3,4,4,4,5,6,7,3,5,3,1,1,7,1,2,2,1,7,7,2,1,7,7,3,1,4,1,7,1,3,3,4,100,22,,,,,,,,,50,25,"Though he can't hurt anyone himself, he should still serve time for the crime he committed.",A sense of justice for the family of the victim and letting society know you can't just kick a person to death because you were pissed off.,1,6,1,43,2,1,4,2,5,3,3,,3
2026-07-06 21:50:08,2026-07-06 22:10:17,0,,100,1209,1,2026-07-06 22:10:17,R_3hGU86BDXCNEvnA,,,,,,,anonymous,EN,1,P001960,7,4,3,5,6,3,3,3,2,5,5,6,6,7,4,3,3,1,4,2,3,"I believe that criminals deserved to be punished because they have committed a crime against all of society so that is my top choice.  Also, when in prison, the criminals can't commit other crimes so society is safer.  Less important to me in terms of punishment is rehabilitation and deterring others from crimes.",3,3,1,4,3,1,2,5,9,2,2,3,3,6,3,3,6,6,2,1,3,5,3,3,2,4,5,4,4,2,7,1,3,5,2,1,4,2,6,2,3,4,1,5,6,6,5,3,2,1,1,6,7,2,5,3,1,1,5,1,1,1,1,7,7,1,2,6,6,1,1,1,1,7,1,1,7,5,5,47,,,,,50,50,"I recommended this sentence for Darryl as he has displayed a pattern of repeat behavior over and over with this type of abuse. ",I hope that this sentence keeps Darryl away from being a risk to other members of society.,,,,,1,6,1,59,1,1,6,2,1,1,1,Good luck with your research!,2
2026-07-06 21:55:47,2026-07-06 22:10:22,0,,100,875,1,2026-07-06 22:10:23,R_61AGy684fKd4XxW,,,,,,,anonymous,EN,0.8999999761581421,P000468,5,5,4,3,5,3,4,5,4,5,5,5,3,5,6,3,4,4,3,1,2,"""Punishment"" is a primarily biblical concept. ""An eye for an eye"".  So, as a non-religious person, I see keeping them off the street as our primary goal. 
""Deserve"" is a subjective term, so I rate that last.",6,2,4,6,2,1,3,5,9,4,2,6,3,5,4,3,4,4,4,2,2,6,5,5,3,4,5,3,4,3,6,2,3,3,2,1,3,2,7,2,2,1,6,2,2,5,3,3,3,3,3,4,4,3,2,3,1,1,7,2,2,1,1,7,4,6,6,2,3,4,1,3,1,5,3,3,4,5,5,47,,,,,47,45,We can't just let him stay free. He has to be put away.,To put Darryl away for a long time. He obviously doesn't have much respect for public safety or anything else.,,,,,2,4,1,61,1,1,3,4,3,3,2,no comments,2
2026-07-06 21:55:35,2026-07-06 22:10:32,0,,100,897,1,2026-07-06 22:10:33,R_6yjWiVIZPpt74s2,,,,,,,anonymous,EN,0.800000011920929,P001264,5,5,5,5,5,5,2,5,3,5,4,5,1,7,6,5,6,2,1,4,3,"I watch enough true crime to know that plenty of people still commit other crimes once locked up, so that's definitely not a good reasoning for them to be imprisoned. Prisoners most often do not get rehabilitated in prison also, as we don't have very good systems in place for that. Criminals should be punished, and it does at least somewhat deter others from committing crimes, so I listed those 2 at the top.",3,3,2,5,5,3,6,5,9,1,1,5,3,7,1,1,5,2,5,1,1,4,5,5,5,3,1,5,4,1,7,1,3,5,1,1,7,5,7,4,1,2,5,2,4,4,5,5,3,3,3,4,7,2,7,1,1,1,7,1,2,1,1,7,7,1,1,7,7,5,1,3,1,7,1,1,7,5,5,47,30,30,"Since Darryl is no longer a threat to society, I don't think he would be a repeat offender. While Frankie is a minor, he was not attacking her in attempt to murder her, but it still happened. He should still be sentenced for this, but I hope not getting life will help him to come to terms with things and get his life back on track later.","I hope he understands that his actions have consequences, and that even trying to snatch a purse can result in someone dying. I hope he works on his anger, and sees that he can change.",,,,,,,,,1,7,1,33,2,1,4,3,3,3,3,,1
2026-07-06 21:50:24,2026-07-06 22:11:05,0,,100,1240,1,2026-07-06 22:11:06,R_1RTUoQeSirXOH8y,,,,,,,anonymous,EN,1,P000442,5,5,4,5,5,5,1,5,6,4,5,5,3,6,1,4,6,3,4,2,1,"I think solid rehab programs in conjunction with mental health treatment and vocational education can help some criminals become law abiding citizens. I also think restorative justice should be included as a part of the persons sentence/rehabilitation. Just incarceration or the threat of punishment obviously isn't working. ",6,3,3,6,4,1,6,1,9,1,3,3,3,7,3,3,6,1,4,1,3,1,2,7,7,5,6,3,4,4,7,2,3,1,3,2,5,4,3,5,3,2,5,2,5,5,4,5,4,4,4,4,6,3,5,2,2,1,7,1,5,1,1,7,7,1,1,7,7,6,1,1,1,7,1,1,7,10,5,24,,,,,50,15,"I changed Darryl's sentence from 50 years to 15 since he is paralyzed and can not kill someone again. He will be a ward of the state likely in either scenario. ","I hope that he will have served enough time to understand the severity of what he did but also once he is no longer incarcerated will use his time and the abilities that he has left to bring some sort of positive impact to his community whether it's speaking engagements or outreach to others. ",,,,,1,6,1,59,2,1,3,2,3,3,2,"Thank you for the opportunity to participate in this study. I hope my answers will be helpful. ",2
2026-07-06 21:54:41,2026-07-06 22:12:14,0,,100,1052,1,2026-07-06 22:12:14,R_6lilOPLuG27eh8t,,,,,,,anonymous,EN,1,P000374,7,7,6,7,7,7,5,7,6,7,7,7,3,3,6,3,6,2,1,4,3,"I think it is important to discourage other people from committing crimes, otherwise we would have a lawless society.  That's why I ranked this reason as number one.  The second one is that criminals do deserve to be punished.  Why should they get away with anti-social behavior while the rest of us are minding our own business and trying to live our lives?  Why should we have to deal with their inability to live amongst law abiding people? The reason for number 4's ranking is that criminals still can commit crimes in prison.  ",1,5,1,7,4,1,7,7,9,7,7,7,5,7,1,1,6,6,2,5,5,4,5,5,4,2,5,4,4,5,7,1,4,1,1,1,6,4,2,5,5,7,3,7,7,7,6,6,1,6,7,4,7,4,6,3,3,3,2,2,4,1,1,7,7,5,1,7,7,3,3,1,4,3,3,4,2,10,100,24,,,,,50,35,"I recommended this sentence because of his age and medical problem. ","He will probably not live a long life and so what is the point of live in prison.  Also, his age is a factor.",,,,,1,4,1,57,2,1,4,4,5,3,3,N/A,2
2026-07-06 21:36:20,2026-07-06 22:13:01,0,,100,2200,1,2026-07-06 22:13:01,R_5bV9l3jbN0edBQJ,,,,,,,anonymous,EN,1,P000426,7,7,6,6,7,7,5,6,7,7,7,7,5,6,5,3,7,2,3,1,4,"It’s important for society’s safety for prisoners to be locked up so they don’t continue to commit crime, that to me is most important. It stops them while in there. Second.y, they hurt others, the do deserve to be punished back by the law, thirdly, others just may see what happened to them and decide not to do crime. And fourthly, they do get rehab and training in prison in hopes of them being able to become a functioning member of society and not a repeat offender when the get out. Although in my opinion, that does not often help much. ",1,5,1,5,2,1,6,6,9,2,2,4,4,7,4,1,7,7,5,3,5,1,7,1,1,2,6,7,4,2,7,6,4,3,6,1,7,7,2,5,5,1,2,3,5,7,4,5,4,5,5,6,5,2,7,4,4,7,1,4,6,5,1,6,7,3,4,4,7,2,2,2,1,4,5,4,5,10,100,24,40,40,"No matter what his health condition progresses to, he needs to be made to serve his full term for the crime he committed against Frankie. ","It will keep him out of society, and hold him accountable for his actions. ",,,,,,,,,1,7,1,62,2,1,3,5,2,3,2,,1
2026-07-06 21:46:07,2026-07-06 22:13:18,0,,100,1630,1,2026-07-06 22:13:18,R_3QuWUhTXWKUQgBA,,,,,,,anonymous,EN,1,P001519,7,7,4,7,7,7,6,7,7,6,6,7,5,7,6,4,7,4,2,3,1,The only hope many criminals have of changing their lives is through prison rehabilitation programs and job skills training.,6,3,2,7,4,1,7,6,9,4,6,6,4,7,2,1,5,5,3,1,4,4,6,4,6,4,6,4,4,7,7,2,4,4,5,1,5,3,5,2,2,3,4,3,5,5,3,2,3,4,5,4,5,5,4,3,4,2,6,5,6,1,1,7,6,2,1,7,7,1,1,2,2,6,3,3,4,10,100,24,,,,,,,,,15,15,He killed a man.,He must be punished for committing murder.,1,6,1,68,2,1,4,2,1,1,1,This was a challenging study for me personally.,3
2026-07-06 21:57:43,2026-07-06 22:13:20,0,,100,936,1,2026-07-06 22:13:20,R_50gu8p89YTdbaGB,,,,,,,anonymous,EN,1,P000275,5,5,4,5,5,5,5,5,4,6,5,5,1,5,5,4,5,3,1,2,4,"The main reason is to deter others and the least important/compelling reason is rehabilitation, since I don't believe prisoners get rehabilitated, by and large. The other two options are interchangeable in my mind and belong together in the middle.",5,1,4,6,1,1,5,5,9,2,3,3,3,3,2,3,4,4,2,1,1,5,3,6,6,5,3,4,4,1,7,1,4,1,2,1,4,3,6,3,2,2,4,2,2,3,6,5,1,5,1,5,6,2,5,2,1,1,7,1,1,1,1,7,4,2,1,7,7,1,1,1,1,7,1,1,7,5,5,47,25,0,"I wouldn't give Darryl a prison sentence, primarily because of his age but also due to his condition. Rather I'd look to connect him to supports that help him develop and grow and become a contributing adult in society. ",I hope it will help Darryl grow and become an adult who contributes to society. I don't think his life should be taken away while he's still a child.,,,,,,,,,1,6,1,42,1,2,4,1,1,2,2,,1
2026-07-06 21:46:21,2026-07-06 22:13:40,0,,100,1639,1,2026-07-06 22:13:41,R_5hRIMt7kphqtvKp,,,,,,,anonymous,EN,1,P000560,1,1,1,1,1,1,1,1,1,1,2,1,1,2,1,4,7,4,3,1,2,I don't believe that punishment is effective. And I think that sentences are disproportianate with the damaged caused by non-violent crimes,7,1,7,7,1,1,1,1,9,1,1,5,1,7,1,7,1,1,7,1,2,3,1,4,7,7,1,1,4,1,7,1,2,1,1,1,3,1,7,2,1,1,4,2,1,3,7,7,1,1,1,7,7,1,7,1,1,1,7,1,1,1,1,7,7,1,1,7,7,1,1,1,1,7,1,1,7,5,5,47,,,,,,,,,20,0,"Frankie remaining out of prison does not endager the public. Also, he's a minor and his mind is still developing",It would eliminate unnecassary suffering,1,3,1,55,1,1,4,4,3,2,2,no comments,3
2026-07-06 21:58:22,2026-07-06 22:13:46,0,,100,924,1,2026-07-06 22:13:47,R_51MkHS6TzID5bJu,,,,,,,anonymous,EN,1,P000889,4,5,5,5,5,4,3,5,5,5,5,5,3,4,4,4,4,3,2,1,4,I feel this is the order they should be in.,4,4,4,6,5,3,5,4,9,5,4,6,4,5,5,4,5,5,4,5,5,3,6,5,4,3,5,6,4,4,5,5,4,3,4,4,5,4,6,3,3,5,3,5,5,5,3,5,5,3,5,4,3,5,4,5,4,1,7,5,5,2,1,7,5,1,1,5,6,4,4,5,1,6,2,2,4,10,5,24,,,,,,,,,50,50,he killed someone,keep a killer off the street,2,7,4,80,1,1,2,2,1,3,1,none,3
2026-07-06 21:52:10,2026-07-06 22:14:42,0,,100,1352,1,2026-07-06 22:14:43,R_52VtSYbyVw3x3Hf,,,,,,,anonymous,EN,1,P001258,7,7,7,7,7,7,4,7,5,7,7,7,3,6,5,4,5,1,2,4,3,"Criminals do deserve to get punished but we should have plenty of opportunities for them to rehabilitate in order to get back into society ",1,6,1,6,7,3,7,4,9,5,5,7,5,6,2,4,5,7,4,1,3,3,6,4,5,2,6,5,4,7,6,6,3,2,4,2,7,5,6,3,3,4,2,4,6,5,5,4,3,6,5,4,4,5,5,5,4,1,7,7,6,4,2,6,7,4,4,4,6,7,2,6,3,4,4,6,1,10,100,24,50,50,"He committed a crime the resulted in death. He made the choice. He deserves the full punishment ","Teach other criminals that committing a similar crime will result in similar punishment. Killing someone while robbing them should be a life sentence ",,,,,,,,,1,6,1,63,2,1,3,4,3,1,1,In the very last question you misspelled prosecutor,1
2026-07-06 21:56:09,2026-07-06 22:15:01,0,,100,1131,1,2026-07-06 22:15:02,R_3DvWZDTwm6VPFkk,,,,,,,anonymous,EN,1,P001345,7,7,7,7,7,7,2,7,1,7,7,7,3,2,7,7,6,1,3,2,4,I ranked these in this order because I am heavily against criminals and don't think they deserve a place in society.,1,7,1,1,7,7,7,7,9,7,6,7,7,2,7,1,7,7,6,7,7,4,7,1,1,1,7,7,4,7,2,5,4,7,6,1,7,7,2,6,5,7,1,6,7,7,1,7,7,6,6,1,1,7,1,7,7,1,6,7,7,7,7,2,1,7,7,1,1,7,3,7,6,1,7,7,1,5,5,47,,,,,,,,,40,40,I recommended this sentence for Darryl because he knew what he was doing when he committed the crime so he deserves the consequences and I honestly don't feel bad about his condition that doesn't change my mind on anything.,I hope it will make Darryl feel awful and a lot of regret for his choices.,1,7,1,28,2,1,2,5,3,1,1,"Had no issues or anything, thank you! ",3
2026-07-06 21:41:19,2026-07-06 22:15:21,0,,100,2041,1,2026-07-06 22:15:21,R_6YFLp3o6W7FBSoZ,,,,,,,anonymous,EN,1,P001482,5,6,5,5,5,4,5,4,5,5,5,5,4,6,5,4,5,3,4,1,2,"I generally don't believe ""punishment"" accomplishes very much other than satisfying some people's need for feeling superior. I'm not saying criminals don't deserve punishment; just that the focus needs to be on public safety way above and beyond anything else. This means no ""one size fits all"" and it means using common sense instead of anger.",6,2,6,7,2,1,3,2,9,2,2,3,3,6,1,3,3,3,5,2,3,5,3,5,5,5,3,3,4,3,7,3,2,3,5,1,3,2,4,2,2,3,5,4,4,4,5,5,2,2,2,5,6,3,5,3,1,1,7,3,3,1,1,7,6,2,1,6,7,2,2,1,1,6,2,2,2,5,5,47,25,15,I reduced it because it doesn't feel like he will be a threat to society and it also feels like there is a good chance he won't live that long anyway.,It shows a little mercy toward someone whose illness is a pretty severe punishment on it's own.,,,,,,,,,1,4,2,60,1,1,4,2,1,3,3,The question about the lily pads said minutes and it seems like it was supposed to say days,1
2026-07-06 21:50:08,2026-07-06 22:15:37,0,,100,1528,1,2026-07-06 22:15:37,R_7lVpxgZtABE2ZDe,,,,,,,anonymous,EN,1,P001171,5,6,6,4,6,5,6,6,6,5,5,6,3,4,3,6,6,3,4,1,2,"Well, if they are incarcerated then they cannot continue to commit crime. The hope is that while in prison they can realize what they did and work to rehabilitate. Most crimes are deserving of being punished and I'm not really sure if it deters others from committing crimes is why I put it last.",4,3,4,6,6,3,5,6,9,1,1,5,2,7,4,3,4,5,3,3,2,4,3,6,6,5,3,5,4,4,6,3,4,3,5,2,4,3,6,3,1,1,4,2,2,2,4,3,3,2,3,3,4,6,4,2,1,1,6,1,1,1,1,7,7,1,1,7,7,4,1,3,1,6,1,1,6,10,5,24,25,25,"Since he has no job and more than likely very little money, he should still serve the original sentence of 25 years for the crime he committed. Because he is paralyzed, he will be spending his sentence in the infirmary.",Medical treatment and rehabilitation,,,,,,,,,2,7,4,61,1,1,4,4,1,3,3,You misspelled prosecutor on one of the last questions.,1
2026-07-06 21:48:47,2026-07-06 22:15:55,0,,100,1628,1,2026-07-06 22:15:55,R_6CNgpmbSSQivjZ6,,,,,,,anonymous,EN,1,P001356,7,7,7,6,7,6,6,6,5,6,6,5,5,4,6,5,6,1,2,4,3,"Obviously, the most important thing is a crime deserves a punishment. As a result, punishment is a good way to deter crime. Hopefully, prisoners can be rehabbed depending upon their crime. Lastly, prisoners cannot commit other crimes on society in prison, but they still are capable of committing crimes while in prison. ",3,7,2,4,6,4,6,5,9,4,3,3,6,5,5,3,5,6,3,3,4,3,5,4,2,5,5,5,4,3,6,3,3,6,5,2,5,4,6,2,2,5,2,4,5,5,4,2,5,5,4,3,6,5,4,4,4,6,3,5,5,5,5,4,2,7,6,6,6,4,3,5,3,2,4,5,2,5,100,24,,,,,,,,,50,30,"I would lessen his sentence since he is not a threat, but I still would make it long and I chose 30 years. ","I want the punishment to still be enforced enough not to minimize what Daryl did to Frankie, but since Daryl is suffering from the disease he would not be a threat when let out of prison. ",2,6,3,62,1,1,6,6,2,1,1,"Yes I am for strong crime enforcement. Otherwise crime will increase if not properly enforced. ",3
2026-07-06 21:40:27,2026-07-06 22:16:51,0,,100,2184,1,2026-07-06 22:16:52,R_52bhuZQ1FTtFeOo,,,,,,,anonymous,EN,0.8999999761581421,P001718,7,7,1,7,7,6,2,6,7,7,7,7,4,4,4,4,5,2,3,1,4,Public safety is the top priority.,2,6,1,4,4,1,5,4,9,5,4,7,6,6,5,1,4,6,1,1,2,1,6,1,2,4,5,5,4,2,7,1,1,1,1,1,4,5,4,4,4,4,2,2,4,4,3,5,4,1,4,4,6,6,4,5,1,1,7,2,5,4,1,4,7,4,4,4,4,6,1,4,1,4,4,4,4,5,5,47,,,,,50,50,"He does not deserve to spend time and holidays with his family ever again. His victim's family will never have that opportunity nor should he. Physical and mental punishment is part of his sentence. ","It will give society and the victims family a small amount of peace knowing that he will not hurt anyone else and he is paying for his crimes. ",,,,,1,7,1,64,2,1,4,4,3,3,3,,2
2026-07-06 21:56:18,2026-07-06 22:16:58,0,,100,1240,1,2026-07-06 22:16:58,R_1KrOIDSEKoCALKj,,,,,,,anonymous,EN,1,P000183,4,5,4,5,5,5,5,6,3,5,4,5,5,6,3,5,4,1,4,2,3,"I mean first thing is first, criminals deserve to be punished for crimes but it doesn't make them any less of a human or an individual that can't grow from their mistakes.",2,3,3,5,5,4,2,5,9,4,2,2,4,5,2,1,2,3,2,1,2,5,3,4,4,5,2,2,4,4,7,2,4,1,1,1,7,7,5,7,7,4,4,5,3,7,6,4,3,4,4,7,7,2,6,4,3,1,7,4,2,4,4,5,7,1,1,7,7,5,2,1,3,3,1,4,6,10,100,24,,,,,50,50,"He took a life and should be sentenced to life. Especially when there were restraining orders involved, alcohol etc. This was intent.","Someone who took another persons life to be behind bars. ",,,,,1,7,3,26,2,1,2,4,3,3,2,,2
2026-07-06 22:00:25,2026-07-06 22:17:25,0,,100,1019,1,2026-07-06 22:17:25,R_7TRz1pCt8JxnMTD,,,,,,,anonymous,EN,1,P001221,6,6,5,7,6,4,5,6,6,6,7,7,5,4,7,6,6,2,3,1,4,"To me its obvious if criminals are locked away they cant take advantage or citizens who werent doing anything to deserve mistreatment. If you chose to be selfish and commit crime then you should face some consequences.  Maybe, others will think twice when they see that crime if treated seriously and maybe they will use some self restraint. ",2,5,1,6,4,4,6,7,9,4,5,5,7,4,6,2,5,5,4,3,4,3,4,3,3,2,5,5,4,4,5,2,4,6,6,1,5,5,5,2,4,4,2,5,6,5,4,5,5,6,6,3,4,7,3,6,5,2,6,4,6,5,5,3,4,4,3,3,4,3,4,6,2,2,5,5,2,9,100,47,50,50,"Frankie was minding her own business when Darryl attacked. When things didnt go smoothly he could have stopped and tried to flee but instead fought harder and decided to try and her hurt. He was 100% in the wrong and made a decision to teach her a lesson. He didnt care about her life and she ended up dying because of him. If I had more power i would skip the prison sentence and put him to death instead.  Why risk letting him out where he might hurt someone again and he get to enjoy life while Frankie didnt. ","Remove him from society and not let him have access to more victims. ",,,,,,,,,1,7,1,56,1,1,3,6,2,1,1,,1
2026-07-06 21:17:47,2026-07-06 22:17:59,0,,100,3611,1,2026-07-06 22:18:00,R_6mZW3TRC0tPy0y8,,,,,,,anonymous,EN,1,P001301,5,4,3,4,5,4,5,5,4,3,5,5,3,3,4,3,5,3,4,2,1,"If rehabilitation works and restores a human being back as a productive citizen, that is the best outcome. The second one is protective of both society and the criminal. The third one is somewhat true but may not always be totally true. I am not sure that punishment is an effective deterrent. Therefore, I put it last.",5,2,3,5,2,2,3,2,9,3,3,3,3,4,3,4,5,5,3,3,3,4,4,5,4,4,3,5,4,5,6,3,3,3,4,2,5,4,7,3,3,4,4,4,4,4,4,5,4,2,2,5,5,4,5,4,3,5,2,3,4,2,1,5,5,4,5,4,5,2,2,2,2,4,2,4,4,5,5,47,,,,,30,5,entence if it can be carried out with Darryl receiving the necessary care for a man with paralysis. I suspect that he will need parole and that all his assets will need to be liquidated to pay toward his care.,The sentence would recocnize that his disease did not create justice for Frankie. It is difficult in this case to determine what is just.,,,,,1,5,5,75,2,1,6,4,1,3,3,Somany of my responses were neutral because I would need more information to determine more about the punishment. I did not think the prison system should be responsible for a paralized man.,2
2026-07-06 21:53:30,2026-07-06 22:19:22,0,,100,1552,1,2026-07-06 22:19:23,R_3rjhtvD6uCHcY26,,,,,,,anonymous,EN,1,P000192,7,7,7,7,7,7,7,7,7,7,7,7,7,6,7,7,7,2,3,1,4,"Locking criminals up prevents them from committing more crimes. The prevention of crimes should be the primary motivation, as society is morally obligated to protect its own citizens from crime. Criminals do deserve to be punished; it's a moral imperative. If you do something wrong, you should be made to answer for it. Punishment generally deters others from committing crimes -- without punishment, what would stop people with poor morality from harming others? While it's important to rehabilitate prisoners, not all of them can be.",2,6,2,5,6,2,7,7,9,6,7,7,5,5,5,1,7,7,5,5,6,4,6,6,4,3,6,6,4,5,5,5,6,3,4,6,7,7,3,5,4,6,2,7,7,7,6,4,4,2,5,6,7,4,6,2,1,1,7,2,2,1,1,7,7,1,1,7,7,6,1,5,1,7,1,1,7,5,5,47,,,,,50,50,"Darryl was previously violent and actually had a restraining order filed against him. This shows a person who was fundamentally aggressive and unrepentant. His age wasn't given, but Frankie was described as being only 17.5 years old, which adds another degree of questionable behavior on Darryl's part. How old was he at the time, and why did he choose to be in a relationship with someone so young? Was it about control? Even after the restraining order was filed, he showed up at Frankie's residence -- drunk or not -- to harm her, and he did, repeatedly. He chased her down and caused her to fall into traffic, killing her. Traffic aside, it appeared he did want to continue brutalizing her. If the van didn't kill her, he very well could have himself. This is someone who doesn't deserve to be out in society. No longer posing a threat due to a debilitating disease isn't good enough; it doesn't erase what he did. He doesn't deserve to have freedom anymore. He robbed Frankie of that choice.","It can't serve as a deterrent because the public won't know about it without inside reporting, but this sentence will demonstrate to Darryl that he was wrong to do what he did, and he must continue to pay a price for it. He could've chosen to leave Frankie alone so both could move on with their lives. Instead, he got drunk and acted on his previous violent impulses. That can never be okay, regardless of who does or doesn't know about it.",,,,,2,7,4,75,2,1,2,3,3,1,1,,2
2026-07-06 21:59:49,2026-07-06 22:19:30,0,,100,1180,1,2026-07-06 22:19:31,R_5ieQC3CL8p4Acvu,,,,,,,anonymous,EN,1,P001905,5,5,4,4,5,4,6,6,5,5,5,5,4,5,4,4,5,4,1,2,3,There are different levels of crimes.  The worst offenses and offenders should not be given a chance to commit more crimes and people in society should think it is permissable to do crimes or be able to get away with it.  Ideally prisoners should be rehabilitated and in many cases I believe it is possible.  However it is not always the case.,4,4,3,6,5,3,4,4,9,4,4,5,4,6,2,2,5,3,4,4,4,4,4,5,5,4,4,4,4,2,6,2,2,3,2,1,6,4,6,3,1,3,3,3,2,3,6,5,2,3,3,5,5,3,6,2,1,1,7,4,4,1,1,7,7,1,1,6,7,5,1,1,1,5,3,3,5,10,100,16,50,50,He killed a minor. It wasn't for self defense.,"Deter murdering other people. ",,,,,,,,,1,7,1,38,2,3,6,3,3,3,3,,1
2026-07-06 21:55:16,2026-07-06 22:19:51,0,,100,1475,1,2026-07-06 22:19:52,R_3PG3x1drVzexphP,,,,,,,anonymous,EN,1,P001730,5,6,5,6,5,3,6,5,3,6,6,5,1,6,5,2,6,2,3,1,4,Because that is how I feel,1,7,1,1,7,7,7,6,9,6,6,2,6,7,7,1,6,2,2,1,6,6,7,6,7,6,7,7,4,5,3,7,5,3,4,6,6,7,5,4,5,5,6,5,5,7,5,5,6,6,1,6,7,6,1,3,6,7,1,6,6,5,6,6,6,5,5,5,6,1,1,5,1,6,5,5,2,10,100,24,,,,,25,25,Because that is what he deserves,Make him think of his actions.,,,,,1,7,1,56,2,1,3,7,1,3,3,,2
2026-07-06 21:57:28,2026-07-06 22:20:16,0,,100,1368,1,2026-07-06 22:20:17,R_6gqKVc0R690cIfY,,,,,,,anonymous,EN,1,P000572,7,7,7,7,7,7,1,4,4,4,7,7,4,5,6,4,7,1,4,3,2,"I think criminals in particular (depending on the severity of the crime) deserve to be punished. I also think that prison, if run correctly, can encourage people to rehabilitate. I think that it adds to safety, because it does stop criminals from hurting others (at least those that aren't imprisoned) during their imprisonment. However, I think some people are too far gone to find the threat of punishment as a reason to not commit a crime.",4,4,3,6,4,1,6,5,9,5,4,6,4,7,1,1,3,3,2,3,4,4,4,3,7,5,3,3,4,4,7,6,6,2,5,1,5,4,7,2,3,4,4,4,4,1,7,7,2,1,4,5,6,1,7,1,1,1,7,4,2,1,1,7,7,1,1,7,7,3,1,1,1,7,1,1,7,10,5,47,50,50,"He still killed someone, so he should not get out just because he's no longer as big of a threat to society. He still deserves the punishment of taking someone's life.","I hope he'll lose his life (through never having freedom again), just like he took someone else's life (in a way that was in no way defensive). ",,,,,,,,,1,5,1,32,2,1,6,1,3,3,3,"I think that my opinion on how criminals should be punished largely depends on the crime. I think murderers and rapists deserve the worst punishments. ",1
2026-07-06 22:05:08,2026-07-06 22:21:07,0,,100,958,1,2026-07-06 22:21:07,R_3KACePnJ1z4syCL,,,,,,,anonymous,EN,1,P001606,7,7,5,7,7,2,6,7,3,7,6,6,1,4,6,5,4,1,2,3,4,"I do not think prisoners can be rehabbed in prison, because there is too much violence between inmates, destabilizing learning environments , so that comes in a no 4 , prisoners commit crimes quite a bit while locked up so that comes in a t no 3, punishment can be too lax, or too weak , and therefore will not stop prisoners from reoffending, even while incarcerated. I think criminals do need to be punished, and in some cases very harshly for criminal acts they have committed, I think the harshness is lacking in many court rooms today, and violent prisoners are readily released back into society just to commit more crimes.",1,6,1,2,5,3,7,7,9,4,7,7,7,7,5,1,7,6,5,2,5,3,7,7,1,1,5,7,4,7,7,1,4,5,4,1,7,7,5,5,4,7,1,7,7,7,1,7,7,7,7,4,4,7,1,7,5,1,7,7,6,7,6,4,4,7,7,1,1,7,4,7,7,1,4,4,1,9,5,24,,,,,,,,,40,40,40 years to lessen the chance of an appeal going through.,"It will keep him in chains long enough  to render him old by the time he gets out, IF he gets out.",1,7,1,55,1,1,2,5,3,1,1,none,3
2026-07-06 22:01:08,2026-07-06 22:22:50,0,,100,1302,1,2026-07-06 22:22:50,R_7Pr3wrt1tDykVSV,,,,,,,anonymous,EN,0.699999988079071,P000716,6,5,5,6,5,4,4,4,3,6,5,5,3,4,5,3,6,1,2,3,4,I would have ranked the last one higher if I felt there was a better rehabilitation system within prisons. Otherwise I feel crime should just be punished.,4,2,2,5,4,3,6,4,9,4,4,6,4,4,5,3,4,3,4,4,1,3,4,5,7,7,3,4,4,5,7,5,4,1,2,1,7,6,1,6,5,6,3,4,5,7,7,5,4,3,4,4,7,2,7,2,1,1,7,4,4,1,1,7,7,1,7,7,7,1,1,1,1,7,1,1,7,5,5,47,30,30,"While that sucks that Darryl contracted an autoimmune disease, he still murdered someone, so he should be punished accordingly.",Hopefully Frankie's family finds peace knowing Darryl is in prison.,,,,,,,,,1,7,1,33,2,1,3,1,1,3,3,I think I would feel differently depending on what the specific case of each crime would be.,1
2026-07-06 21:51:25,2026-07-06 22:23:23,0,,100,1918,1,2026-07-06 22:23:24,R_7SpYXHx5Ok1Eix5,,,,,,,anonymous,EN,1,P001005,6,5,5,5,5,3,3,1,5,2,3,5,1,1,5,3,6,2,3,1,4,"The carceral system in the US is punitive, not rehabilatative, which is a disservice to society when nearly all prisoners are eventually released back into society. I doubt the deterrent value of incarceration, as well. Criminals do deserve to be punished means other than locking them up might yield more constructive results, such as restitution and community service. The first reason is just a statement of fact, and I would prefer other alternatives.",7,1,5,7,4,1,4,1,9,4,4,3,1,3,4,4,3,2,5,1,3,5,2,7,7,7,3,2,4,3,7,1,4,1,2,1,3,2,6,3,1,1,5,1,1,1,7,6,1,1,1,7,6,1,7,1,1,1,7,1,1,1,1,7,7,1,1,7,7,1,1,1,1,7,1,1,7,5,5,47,,,,,,,,,7,0,"Part of the reason for incarceration is to protect society from the criminal. If Darryl is no longer a threat to society, it would be better to administer a requirement for community service and/or rehabilitative counseling.",Counseling would afford Darryl with new avenues for dealing with his anger and community service would give Darryl a way to repay the community for his criminal behavior.,1,7,1,74,2,1,4,2,1,3,2,Ranking the reasons for incarceration assumes that there are always good reasons to incarcerate. I'm of the opinion that we'd be better off as a society if we addressed the systemic causes of crime and focused on rehabilitative measures for offenders.,3
2026-07-06 22:08:33,2026-07-06 22:24:16,0,,100,943,1,2026-07-06 22:24:16,R_1CkzVnRudNlLtno,,,,,,,anonymous,EN,1,P001359,5,5,5,5,6,5,5,5,5,2,5,5,5,4,4,5,5,2,1,3,4,"society fearing repercussion for corruption is positive,  Unfortunately, our economic system rewards criminals, so prisoners in this system do not get rehabilitated.",7,1,6,7,2,1,2,4,9,5,5,4,4,4,4,4,2,4,5,2,2,7,2,6,7,5,2,2,4,2,7,2,2,1,2,1,2,4,6,2,2,2,4,2,4,2,6,6,1,1,4,6,6,2,6,1,4,2,6,2,6,5,5,3,6,2,2,6,6,4,2,2,1,6,2,2,6,10,5,47,15,0,paralysis of limbs,reflecting on karma,,,,,,,,,1,7,1,52,1,1,5,4,3,2,2,none,1
2026-07-06 21:32:12,2026-07-06 22:24:24,0,,100,3132,1,2026-07-06 22:24:25,R_7p9lvaQO8ZM256t,,,,,,,anonymous,EN,0.4000000059604645,P000789,5,5,4,5,5,4,5,4,4,3,5,5,3,4,3,4,5,1,2,3,4,"If they are truly guilty of the crime, then yes they should be punished. But do they get rehabilitated in prison? I don't think that happens to the majority of prisoners.",5,1,4,7,2,1,4,1,9,2,3,3,2,5,3,4,5,4,3,1,1,4,4,4,5,4,2,4,4,4,7,1,1,1,2,1,5,4,5,3,4,1,4,2,1,1,5,3,4,2,4,6,6,3,6,1,1,1,7,1,5,1,1,6,7,2,1,7,7,2,1,2,1,5,4,3,5,10,5,47,,,,,25,15,"He was under age, stupid - but under age.","Hopefully, he'll do some studying, get a degree, maybe help some other inmates do the same. ",,,,,1,7,1,82,2,1,6,2,1,3,2,,2
2026-07-06 21:59:52,2026-07-06 22:25:45,0,,100,1553,1,2026-07-06 22:25:46,R_7hR4DWnWTfRuHbt,,,,,,,anonymous,EN,1,P000818,7,7,5,7,7,7,7,6,7,7,7,7,7,5,7,6,7,2,3,1,4,I know rehabilitation is important but  I'm. not convinced the percentage of offenders it works for is very high. Keeping them off the streets keeps them from harming others.They should have not committed crimes.,2,7,2,4,4,1,7,7,9,4,4,7,5,4,6,1,6,6,4,3,4,4,7,4,4,4,6,6,4,5,4,7,4,6,5,4,7,7,5,4,3,2,2,4,4,4,4,1,4,1,4,4,7,3,7,4,7,7,1,7,7,6,1,2,4,6,3,5,4,7,4,4,4,4,6,6,4,10,5,24,,,,,,,,,50,15,If he was a minor he probably didn't realize he would end up killing the man and paralazation is punishment in itself.,I hope it will appease the family of the deceased while punishing the killer,2,7,1,60,2,1,2,6,2,3,3,Interesting study,3
2026-07-06 21:46:51,2026-07-06 22:25:57,0,,100,2345,1,2026-07-06 22:25:57,R_62Lh9anzPWsFSWR,,,,,,,anonymous,EN,1,P001862,7,7,6,7,7,6,4,5,7,7,6,7,5,5,7,5,7,1,4,2,3,"If you do something wrong you need to face the consequences of that before anything. You also need to be in a place you can not continue that behavior because the rest of the world deserve that. I was not sure about the next two because I think they are also important.I put rehabitated in prison before deters others because it directly affects the prisoner ",2,3,3,7,5,3,7,5,9,1,4,6,5,5,1,4,7,7,7,2,5,5,7,3,2,4,7,6,4,5,6,7,5,5,3,1,6,4,5,2,1,2,3,4,4,5,3,7,5,5,7,6,7,5,6,6,5,5,4,3,5,2,1,7,7,3,3,6,6,5,1,5,1,5,2,4,5,5,5,47,,,,,,,,,50,50,"He is being punished for what he already did wrong not what he can or can not do in the future. He took a life. A minor at that alone should care more punishment ",make this person pay for taking a life. Remove this person from society because he already lost that right,1,7,1,58,2,1,5,4,3,3,3,,3
2026-07-06 21:56:23,2026-07-06 22:26:30,0,,100,1807,1,2026-07-06 22:26:31,R_6oQEeAW1C8Sk5fr,,,,,,,anonymous,EN,1,P000084,6,6,6,5,6,6,7,6,7,6,6,5,7,7,5,7,4,4,1,2,3,I think that criminals need to pay for their crimes. There has to be consequences in an orderly society as this protects children and the elderly. Imprisonment takes them out of society but also rehabilitation in prison and some freedom and a chance to redeem themself and acquire employment skills within confinement.,3,5,2,6,3,2,3,2,9,5,3,6,3,7,1,1,7,5,3,2,5,5,5,2,3,5,5,6,4,6,7,6,6,3,5,1,4,2,7,3,3,3,3,5,6,5,7,5,3,3,3,5,5,3,7,3,5,3,4,5,6,4,4,3,7,7,7,3,7,5,2,4,3,5,5,5,3,10,100,24,,,,,37,25,He had an autoimmune disease so his immunity would be lower than average. Being in a crowded facility may cause him to catch an illness. But Darryl must learn from his heinous mistake. Twenty five years would give him time to change his behavior.,I hope that this sentence would give him time to reflect on the murder of Frankie and attempt to be a better person with temper control. But he would need training and some sort of way to support himself after his sentence at age 42.,,,,,2,6,5,73,1,1,5,4,3,2,3,I think that crime must have consequences. The consequences should be commiserate with the crime.,2
2026-07-06 22:18:56,2026-07-06 22:27:39,0,,100,522,1,2026-07-06 22:27:40,R_63k9HYY1uGiv41z,,,,,,,anonymous,EN,1,P001297,4,4,4,4,3,3,4,4,3,3,5,5,4,4,4,3,4,1,2,3,4,Because ethics is supreme it’s a religious question,3,4,4,3,3,5,4,3,9,4,4,4,4,4,3,4,4,2,3,4,3,3,5,3,4,4,4,4,4,4,4,3,3,4,4,3,3,4,4,4,4,5,4,4,4,3,5,3,3,3,4,5,5,4,5,4,3,3,4,3,4,4,5,4,3,3,3,6,4,3,5,4,4,5,4,4,3,10,5,47,,,,,20,0,It’s already a prison,Nothing worse than the disease,,,,,2,4,5,44,1,1,2,4,3,3,3,,2
2026-07-06 21:58:55,2026-07-06 22:28:13,0,,100,1757,1,2026-07-06 22:28:14,R_6fkYtjQxrD6oli3,,,,,,,anonymous,EN,1,P000109,6,6,3,7,7,4,2,7,5,7,6,6,1,3,4,4,6,3,1,2,4,Honestly I don't think prison rehabilitates most. Once we're adults the chance for humans to change much in any regard is minimal. I believe crime deserves punishments and there needs to be a deterrent.,1,4,1,1,3,3,4,4,9,1,4,4,6,2,3,3,5,6,4,4,2,5,2,6,6,5,5,6,4,6,7,4,2,2,5,1,5,5,5,3,4,3,5,1,5,7,5,4,1,3,4,5,7,4,6,6,3,2,4,6,5,1,2,6,6,4,4,4,6,5,5,2,1,5,6,6,4,10,5,24,,,,,,,,,20,15,"Darryl needs to serve time. This is our system, right or wrong. If he is no longer a threat he can then have the rest of his life to create and existence a choice Frankie did no have.","It will accomplish nothing. However, allowing people to reap nothing for their actions is wrong.",1,7,1,55,1,1,4,4,3,1,1,"This is a tough survey for me. I feel the issues of punishment for crime is not as simple as selecting radial buttons on a survey. The tone of this survey does feel liberal to me. That said, we saw during COVID what happens when crime goes unchecked. I want to be clear, I am not MAGA. I just saw with my own eyes the increase in crime that occured and the breakdown of social norms that occured during COVID. I've traveled to other countries and have felt safer as the citizens collectively have regard for the law. People are both responsible for being criminals and at the same time not necessarily responsible for the people they are due to lack of proper upbringing. Changing our behaviors in adulthood is hard and it's even harder when you don't know how to go about doing this. All this said, we as a society cannot permit lawlessness to prevail. My wife works in retail and we worked with social services many years trying to help. Most of the people we encountered never took advantage of the assistance being offered. All they did was figure out how to manipulate the system to their gain. Until people feel a responsibility to be a productive part of their society nothing will change. This responsibility is taught at home and school. Many homes don't teach this is public school is prohibited from doing so. If we taught how to be good citizens in school lawsuits will just proliferate. I don't believe in legislating morality but people need to conform in society or there are problems. You can label it as control or whatever but humans have been on the planet long enough implementing various forms of society. If we're honest we can predict outcomes it's just no one is brave enough to say the truth. I'm not talking about racism either. I'm saying for the most part people produce people like themselves. There are exceptions as I'm one but they are few and far between.",3
2026-07-06 22:09:47,2026-07-06 22:28:14,0,,100,1106,1,2026-07-06 22:28:14,R_5hzPobxx3cQWd9x,,,,,,,anonymous,EN,1,P001111,5,5,4,5,5,5,4,6,5,7,5,5,5,5,5,4,5,1,2,3,4,"because if they commit crimes, they deserve to pay for it. then it also hopefully keeps some people from wanting to be punished. then even if they dont learn, they are unable to reoffend as easily. but hopefully they do learn to be better",4,4,3,5,4,4,7,5,9,5,5,4,5,6,7,4,6,5,5,4,4,4,5,4,5,4,5,5,4,5,6,3,4,4,4,3,6,6,4,5,4,5,4,4,5,5,4,4,5,4,5,4,5,4,5,5,4,3,5,4,4,4,4,5,5,4,5,5,5,5,4,5,5,5,4,4,4,5,5,47,,,,,,,,,50,50,"i dont care if he can move his limbs or be a threat now or not, he killed someone on purpose. also not to mention, he technically killed a child","id hope it would make him see that no matter what changes in his life, if he did the crime, he is going to pay for it",1,5,1,32,1,1,2,4,3,3,1,"i just wanted to say that i feel the animal attack would be awful yes, but it is in an animal, or sharks nature to attack humans. near a breeding ground for sure. it isnt in a humans interest to kill or harm others the same. also you should never make an animals death painful. they dont even do that to humans",3
2026-07-06 22:02:23,2026-07-06 22:29:39,0,,100,1636,1,2026-07-06 22:29:40,R_687wZpdHnJSa6s1,,,,,,,anonymous,EN,1,P000419,6,6,6,7,7,7,6,7,5,7,6,5,4,5,5,5,5,1,2,3,4,I feel this way due to that it seems that most criminlsd once locked up go back to their old ways from what I,4,7,1,6,2,2,3,6,9,6,5,4,5,6,2,3,4,6,4,3,5,4,4,6,6,5,3,6,4,5,7,5,3,3,3,2,7,7,5,5,4,1,2,2,2,2,6,6,1,6,7,7,7,3,5,4,4,2,2,3,4,1,1,7,7,1,1,7,7,6,2,2,1,5,5,5,7,10,100,48,46,45,Since Frankie was a minor I have lest respect for the violent act on a minor.,I hope this sentence would will accomplish peace for Frankie's family.,,,,,,,,,2,7,1,50,1,2,5,4,3,3,1,This survey makes you think about things I would have never thought I would have to answer.,1
2026-07-06 21:46:19,2026-07-06 22:30:20,0,,100,2641,1,2026-07-06 22:30:21,R_7FEVkaB51bUBiY9,,,,,,,anonymous,EN,1,P000315,5,5,7,7,6,7,6,5,7,7,7,7,2,7,7,5,5,1,3,2,4,"1. They broke the law.
2. Locked p, cant commit more crime.
3. Teach others a lesson by example.
4.it can fix me",3,7,2,6,5,4,4,4,9,4,4,7,4,5,4,4,5,5,2,3,5,5,4,4,5,4,6,7,4,3,7,3,2,4,1,1,7,7,4,3,2,1,3,1,4,5,6,6,2,3,7,7,6,1,7,3,1,4,5,4,7,1,1,7,1,1,1,7,7,2,2,1,1,4,3,5,3,10,100,24,,,,,50,50,he should of never touched her in the first place. abusers need to pay!,a lesson,,,,,2,5,5,56,2,1,1,3,1,2,2,,2
2026-07-06 22:18:23,2026-07-06 22:30:49,0,,100,745,1,2026-07-06 22:30:49,R_1C3KePdoC44jcrL,,,,,,,anonymous,EN,1,P000931,5,5,5,4,4,3,3,5,5,4,4,4,5,6,3,4,4,4,3,2,1,"I think the majority of offenders can become productive members of society again, as long as we give them the proper support and training. Just dealing out harsh punishment won't change the behavior of someone in the long term.",6,2,4,6,3,1,4,5,9,3,3,6,2,4,2,4,2,3,4,3,3,5,4,4,6,6,3,3,4,4,6,2,2,2,3,1,3,2,5,2,2,1,4,2,1,1,6,4,1,2,2,4,5,2,6,2,2,1,6,1,3,3,2,5,5,3,3,5,5,4,3,3,2,5,5,4,4,10,5,47,25,15,It dispenses some punishment but takes into account that he's no longer a threat to society.,"Hopefully, being shown pity will cause him to correct his life for the better and change his ways. ",,,,,,,,,1,4,3,38,1,1,3,3,1,3,2,,1
2026-07-06 22:17:33,2026-07-06 22:32:03,0,,100,869,1,2026-07-06 22:32:03,R_12JEFsIyEIgnN8m,,,,,,,anonymous,EN,1,P000096,6,5,6,6,6,6,6,6,6,6,6,6,6,4,6,5,6,1,2,3,4,I think punishment is the most important thing to deter crimes although I would say a healthy economy is more important. That they cant commit crimes is important but not the most important. Rehabilitations seems to not work well.,4,7,3,7,7,2,5,7,9,6,6,5,6,7,4,4,6,6,6,6,5,5,6,7,7,6,5,5,4,1,7,1,5,2,4,1,6,3,3,2,2,6,2,6,7,6,5,7,6,6,7,5,7,6,6,6,4,5,6,5,6,4,1,4,6,5,4,4,7,7,5,5,4,5,4,6,2,10,5,24,,,,,20,20,HE still should do the same time. He health after the fact should not matter.,To make him not do it again but maybe give him a chance at redemption,,,,,2,7,4,37,1,1,2,6,3,1,1,I thought this was highly interesting study.,2
2026-07-06 21:58:04,2026-07-06 22:32:09,0,,100,2045,1,2026-07-06 22:32:10,R_5XrJBwwc46yaf17,,,,,,,anonymous,EN,1,P000957,5,5,4,5,5,5,5,4,4,5,4,5,3,6,4,4,5,1,3,2,4,Main rational for jail/prison is to punish criminals for their crimes and to deter them from repeating the behaviors. Jail also serves to send others a message about what could happen to them if they engage in similar behavior. Rehab in prison seems to be an afterthought and a less thought-of benefit of jail.,4,1,1,5,2,1,2,2,9,1,1,1,2,5,1,4,5,5,3,1,1,5,3,5,6,6,5,1,4,5,7,2,2,2,4,1,5,3,5,4,4,4,4,4,4,5,5,4,2,4,1,2,3,3,6,4,1,4,7,1,1,1,1,7,7,1,1,7,7,4,1,1,1,7,1,1,7,5,5,47,,,,,50,25,"As a juvenile, a life was still needlessly taken and a 25-year sentence in this case seems justified to allow for punishment and rehab,.",A chance for meaningful rehab and life reflection.,,,,,2,7,1,58,2,2,6,2,1,3,3,Thank you for an interesting study.,2
2026-07-06 22:08:33,2026-07-06 22:33:31,0,,100,1497,1,2026-07-06 22:33:32,R_5hsZE7q8xVki4tf,,,,,,,anonymous,EN,1,P000346,7,7,7,7,7,5,6,7,7,7,7,7,5,5,7,5,7,3,1,2,4,The most important thing is to deter crime and that is why I placed that first. Obviously while in prison they cannot commit crimes in the general public. I do not think that prisoners get rehabilitated in prison.,2,7,2,6,6,5,7,7,9,2,2,6,6,7,3,1,6,6,6,3,6,2,7,3,1,1,6,7,4,6,7,2,4,6,7,1,6,7,4,4,4,4,1,5,4,6,6,4,6,5,6,5,5,2,4,5,4,5,3,6,6,6,4,5,6,6,4,4,7,7,4,6,1,1,6,5,3,10,25,24,,,,,,,,,50,50,He knew what he was doing. He was asked to stop but his rage made him give the final mortal blow,Keep him out of society and away from the general public,2,5,5,63,1,1,2,6,2,3,1,Nice survey,3
2026-07-06 22:16:30,2026-07-06 22:35:10,0,,100,1120,1,2026-07-06 22:35:11,R_1EcVpen00KTN1eQ,,,,,,,anonymous,EN,1,P001598,6,6,5,6,6,6,7,7,7,6,7,6,7,6,6,6,5,1,3,4,2,Criminals deserve punishment and it gives them.a chance to be rehabilitation while metering others,1,5,1,7,6,5,7,1,9,1,1,1,1,7,4,4,5,6,3,1,5,4,7,1,4,2,7,7,4,5,7,1,5,5,1,1,7,6,3,5,5,4,3,4,4,4,7,2,1,3,3,4,7,3,5,4,4,5,4,5,6,1,1,7,7,1,1,7,7,4,1,1,1,1,3,6,5,5,5,47,,,,,,,,,30,30,Its what he deserves im not on the side of the murderer and people that defend the murders aren't thinking about the families of the people who's kids or wife or father or son or daughter was myrdered,What does an autoimmune disease have to do with his prison sentence? Because he cant murder anyone anymlre he should get a pass,1,4,1,39,1,4,4,1,1,3,3,"It was great thanks ",3
2026-07-06 22:01:43,2026-07-06 22:35:33,0,,100,2029,1,2026-07-06 22:35:33,R_7CCAmnQWq1tiVrW,,,,,,,anonymous,EN,1,P000550,4,6,6,6,6,6,5,6,6,6,6,6,6,5,5,6,6,1,3,2,4,"Every action has a reaction; if you commit a crime it is reasonable to expect to be punished. Though crimes do still exist in prison, Its a controlled area and away from  a bigger vulnerable population. ",5,1,1,6,4,1,5,1,9,1,1,4,4,7,4,3,1,1,1,1,1,1,1,7,7,7,1,1,4,1,7,1,5,1,3,1,7,7,5,5,5,1,4,4,5,7,7,3,1,1,1,7,7,1,7,1,1,3,7,1,4,1,1,7,7,1,1,7,7,1,1,1,1,7,1,1,5,10,100,24,,,,,,,,,30,30,"He can still do is time with accommodations. ","He receives a consequence for committing a crime and taking someones life. ",1,7,1,35,2,2,6,1,1,3,1,,3
2026-07-06 22:09:59,2026-07-06 22:35:54,0,,100,1555,1,2026-07-06 22:35:55,R_5OSMkQRZ9fbX49g,,,,,,,anonymous,EN,1,P000688,5,6,5,6,5,6,4,5,5,5,5,5,5,7,3,4,5,1,4,3,2,"If you commit a crime, you should be punished for doing that but I truly hope that people are getting help while in prison (going to school maybe) so they can get jobs upon their release from prison. If someone is a serial criminal (someone with a long rap sheet) then while they're in prison they won't hurt others and lastly there's the hope that other people will see criminals get arrested and won't commit crimes themselves.",5,4,3,5,4,2,3,5,9,3,5,5,4,5,5,3,5,4,5,1,2,3,5,5,5,3,5,3,4,3,6,3,3,3,3,1,6,5,5,5,3,3,2,4,2,2,6,5,3,2,3,6,6,3,5,3,3,1,7,5,3,1,1,7,7,1,1,7,7,5,1,2,1,5,1,1,5,10,5,24,,,,,20,7,I can't sentence Darryl to zero years because  he did commit a crime and Frankie is dead. I'd likely give him something like 3-7 years minus time served.,I'm not sure the sentence will accomplish anything. Frankie's family will be outraged. Darryl and his family will be furious because they'll think he should be free. The community will be torn apart because some will know Darryl can't hurt anyone and think he should be free but others will feel bad for Frankie and her family so I don't think anything will be accomplished here (not by me anyway).,,,,,1,3,1,57,2,4,6,4,1,3,1,Not applicable,2
2026-07-06 22:19:46,2026-07-06 22:36:57,0,,100,1030,1,2026-07-06 22:36:57,R_66SqQ4rFMOE6kb7,,,,,,,anonymous,EN,1,P000838,3,5,3,3,5,5,3,4,5,5,3,2,1,1,3,3,5,1,2,3,4,because people who comit crimes do need to have consequences and it does deter  others from doing the same things. However I don't believe our  justice system works in the favor of the people. When someone goes to jail they usually come out way worse off when they first went in,7,1,4,7,4,1,6,1,9,4,4,7,1,7,1,4,3,1,1,1,1,6,1,6,7,7,1,3,4,4,5,4,3,3,3,1,5,6,3,6,5,2,5,2,2,5,6,5,1,1,1,7,7,1,6,1,2,2,7,2,2,1,1,7,7,1,1,7,7,4,1,2,1,6,2,4,6,10,5,24,20,3,He is no longer a threat to anyone and is suffering greatly,That he will learn from his mistakes,,,,,,,,,1,5,1,31,2,1,2,2,3,3,2,It was very hard to make the decisions.,1
2026-07-06 22:25:37,2026-07-06 22:38:40,0,,100,782,1,2026-07-06 22:38:41,R_7lUEuxBmc5rTiVz,,,,,,,anonymous,EN,0.8999999761581421,P000152,6,3,4,5,6,3,4,6,6,6,6,6,1,4,5,3,5,3,1,2,4,I don’t believe as much criminals get rehabilitated but it makes everyone outside prison safer,3,4,2,5,6,1,6,4,9,5,3,3,4,4,2,4,5,5,5,4,4,4,5,5,5,5,5,6,4,6,5,3,2,2,4,2,5,5,4,4,4,5,5,3,5,5,5,5,2,3,3,4,6,3,5,4,2,2,6,5,5,3,2,6,6,3,3,6,6,5,1,5,2,5,2,2,5,10,5,47,,,,,31,10,Less risk of future crimes,Remorse,,,,,1,6,2,37,2,1,4,2,1,1,1,Interesting,2
2026-07-06 22:17:04,2026-07-06 22:39:13,0,,100,1329,1,2026-07-06 22:39:14,R_7OlY0B0QIuYioVS,,,,,,,anonymous,EN,1,P000398,5,4,3,4,5,1,4,5,5,5,5,4,1,4,3,2,6,2,1,3,4,Prisioners dont get rehabitiated in prisionn most of the time I think prison makes them worse.. esp people there for not violent crimes... however the threat of punishment does prevent people from commiting crimes.,5,4,3,6,1,1,5,3,9,2,3,7,3,7,4,3,2,1,3,1,3,4,3,4,3,4,3,2,4,1,6,1,5,1,1,1,4,3,6,3,1,1,4,1,3,3,5,3,2,2,4,6,5,1,4,3,1,1,7,1,1,3,2,7,6,1,2,5,7,5,1,5,3,5,2,4,6,10,5,47,,,,,,,,,25,25,"He still did what he did... its not about the public at this point and its about the fact that he took a life and doesnt deserve comfort outside of that.,",He gets the full punishment.. no lieniency with murder.,1,7,4,31,2,1,3,4,3,2,2,nice easy and interesting survey,3
2026-07-06 22:24:28,2026-07-06 22:39:32,0,,100,904,1,2026-07-06 22:39:33,R_6FENjMkqjINPjoG,,,,,,,anonymous,EN,1,"P000055
",5,5,4,4,5,3,2,5,3,2,4,5,2,6,5,3,5,4,3,1,2,"It is about safety and helping the maximum number of people get along better in society. ",5,1,2,6,3,1,3,1,9,2,2,3,1,7,1,1,3,2,4,2,3,4,2,4,6,6,4,5,4,3,7,1,4,2,1,1,2,2,4,2,2,2,5,2,2,2,7,4,1,1,1,7,7,1,7,2,2,1,7,2,2,3,2,7,6,3,1,6,7,2,1,1,1,5,2,3,4,10,100,48,25,18,"I balanced the needs of both parties, society and the victim's family ","Some semblance of closure ",,,,,,,,,1,7,1,38,2,1,5,4,3,3,3,,1
2026-07-06 22:23:08,2026-07-06 22:41:12,0,,100,1083,1,2026-07-06 22:41:12,R_3UaNECFq3trJdJN,,,,,,,anonymous,EN,1,P000829,3,7,5,4,5,5,4,6,7,5,6,6,7,6,4,4,3,3,4,2,1,"Because not all criminals are inherently bad. Some did minor things like have weed or something. Even at that, they do deserve a chance to be rehabilitated, the ones that aren't awful do, at least. ",2,4,1,3,4,2,7,2,9,1,5,7,2,7,2,3,6,2,5,3,5,5,3,5,7,4,3,5,4,6,7,5,5,2,3,1,7,6,3,3,5,2,2,3,3,6,3,1,1,1,1,4,5,2,3,1,1,2,7,5,2,1,1,7,7,1,1,7,7,3,1,2,1,7,6,5,5,10,5,47,,,,,,,,,40,15,"Because if Darryl was in desperation due to his disease and he was a minor, then he's still learning, as opposed to if he was a fully grown adult. ",I hope that it will give him time to sit and think about what he did and maybe determine right from wrong. Ponder about how would have been a better way to handle that situation,2,2,3,28,2,1,2,4,3,2,2,,3
2026-07-06 22:20:39,2026-07-06 22:41:21,0,,100,1241,1,2026-07-06 22:41:21,R_6g1JEdpq5jmW0o0,,,,,,,anonymous,EN,1,P001320,6,6,6,6,6,5,4,7,5,7,6,7,4,5,5,5,5,2,3,1,4,"1 is just a fact, 2 most criminals deserve some sort of punishment, 3 to set the example and 4, I'm not sure most get rehabilitated",3,6,1,2,4,3,7,6,9,4,3,5,6,5,4,2,4,5,5,4,3,2,5,2,3,2,5,5,4,6,3,3,2,5,3,1,6,5,7,4,1,4,2,5,5,5,2,5,5,4,5,2,4,6,3,5,3,2,6,4,5,4,5,6,3,5,5,3,3,5,4,5,5,1,5,7,1,10,5,47,50,50,"He killed her, with malice and intent. ",That he dies in prison,,,,,,,,,2,7,1,55,2,1,3,5,3,3,1,,1
2026-07-06 22:14:45,2026-07-06 22:42:44,0,,100,1678,1,2026-07-06 22:42:44,R_7YSCpknbYk2CBBn,,,,,,,anonymous,EN,1,P001079,6,5,4,5,5,5,5,4,4,4,5,5,4,5,4,4,4,1,3,2,4,"I think that criminals deserve to be punished, but I am not sure if they all get rehabilitated in prison.",2,4,3,4,4,1,4,5,9,4,5,4,4,4,4,2,4,5,3,2,1,4,5,5,5,4,5,4,4,4,7,3,4,5,4,1,7,5,2,5,5,1,3,4,4,2,4,1,4,2,4,6,7,1,6,2,1,1,4,3,4,1,1,7,7,1,1,7,7,4,1,1,1,7,1,2,7,10,5,47,45,40,I recommended this sentence because Darryl murdered Frankie.,I hope it will accomplish Darryl being out of society for a long time.,,,,,,,,,1,6,1,72,2,1,3,1,1,3,3,Two wrongs don't make a right.,1
2026-07-06 22:19:18,2026-07-06 22:42:45,0,,100,1407,1,2026-07-06 22:42:46,R_6Ns81xeDa1trHRT,,,,,,,anonymous,EN,1,P001691,4,6,5,5,6,5,5,5,6,7,6,6,5,6,4,4,4,3,4,1,2,That order makes sense to me.,4,5,3,6,7,4,5,4,9,4,4,4,4,6,3,3,5,5,3,3,5,4,5,4,4,4,4,6,4,4,6,4,4,3,5,2,5,5,4,4,3,4,4,4,4,4,5,4,4,4,4,5,4,4,5,4,4,4,6,4,4,4,3,6,6,3,4,6,6,4,4,4,2,4,3,4,4,10,100,34,,,,,,,,,25,15,"Because of his young age, Darryl lacks the maturity to understand his crime, and he deserves to be taught and given a chance to become a law-abiding adult.","I hope that Darryl will gain an understanding of his crime and its consequences, and that he will become a law-abiding adult.",2,5,1,58,2,1,3,3,3,3,3,,3
2026-07-06 22:23:54,2026-07-06 22:43:23,0,,100,1168,1,2026-07-06 22:43:23,R_1Et09mP2g8QZJk9,,,,,,,anonymous,EN,1,P000337,5,7,3,7,6,6,3,7,6,7,7,5,5,5,5,3,4,3,1,2,4,"If there was no threat of punishment, there would be total chaos. While incarcerated, criminals cannot commit new crimes against the general population. Criminals need to be punished or they will continue to reoffend. Some people are rehabilitated.",2,5,1,4,2,3,6,5,9,3,3,6,5,7,6,2,6,6,5,2,5,4,6,3,3,3,6,5,4,5,5,4,5,3,5,3,7,7,7,5,5,2,1,6,5,5,4,2,4,4,5,2,3,5,5,5,3,4,7,3,5,6,5,6,5,3,3,5,5,7,3,4,1,2,4,6,2,10,100,24,,,,,50,50,He should stay locked up for what he did.,"This will protect the public from him. Even if he has paralysis, he should still be punished.",,,,,1,7,1,55,2,1,3,4,1,3,3,,2
2026-07-06 22:15:33,2026-07-06 22:43:43,0,,100,1690,1,2026-07-06 22:43:44,R_7AXuubILIg61bqx,,,,,,,anonymous,EN,1,P001019,5,4,5,5,5,5,4,4,4,4,5,5,4,5,5,5,5,4,3,1,2,It's important for prisoners to be apart from society due to the time they committed but not for the sake of punishment. Prisoners should be rehabilitated in prison whenever possible without further alienating and dehumanizing them just for the sake of punishment. Also punishment does not deter people from committing crimes,7,3,5,7,4,4,7,1,9,2,4,4,2,6,2,5,5,1,5,2,1,5,1,7,7,7,1,1,4,1,7,1,1,1,1,1,3,2,6,1,1,1,5,2,3,3,7,6,1,1,1,7,7,1,7,1,1,1,7,1,1,1,1,6,7,1,1,7,7,1,1,1,1,7,1,1,7,5,5,47,20,20,"Darryl cannot reoffend so a lengthy sentence does not make society safer. The sentence won't be made public so it's not like other would-be criminals will be swayed by whatever sentence he gets. And unless he knew she was a minor, her age should not be a factor for a ,longer sentence.. ","I think by imposing 20 years there is still a punishment imposed. It won't deter other criminals since it'll be confidential and Darryl won't be able to reoffend, even if the reason is circumstantial. And there is a chance he could be rehabilitated in prison. His life inside or outside prison will be markedly different due to his incapacitation.",,,,,,,,,1,7,1,36,1,4,6,1,1,2,2,,1
2026-07-06 22:18:12,2026-07-06 22:44:10,0,,100,1558,1,2026-07-06 22:44:11,R_1UY6bTMEvndMo16,,,,,,,anonymous,EN,0.8999999761581421,P000630,5,5,5,5,5,5,5,5,6,6,5,6,5,5,6,5,5,2,1,3,4,This is order it should be in how I see it going.,2,5,2,3,6,4,7,6,9,4,4,6,4,6,4,4,5,4,5,4,5,4,5,4,5,4,5,5,4,4,4,4,4,4,4,1,4,4,6,1,1,2,2,2,2,2,6,4,4,2,4,6,6,3,6,4,4,2,6,2,2,2,2,6,6,2,2,4,6,2,1,1,2,1,1,4,1,10,1,24,,,,,,,,,25,25,Because they still killed.,not to kill,2,6,1,43,2,1,2,4,3,3,3,It was fine to do.,3
2026-07-06 22:22:58,2026-07-06 22:44:12,0,,100,1274,1,2026-07-06 22:44:13,R_1ubb7oRYrC7H9KN,,,,,,,anonymous,EN,0.4000000059604645,P000103,6,6,1,2,6,1,1,1,1,1,2,1,1,7,1,1,6,4,3,2,1,"Rehabilitation should be the goal, obviously one can't commit crimes while locked up, punishment for serious crimes has been proven not to matter, and not all.crimes deserve punishment.",7,1,4,7,1,1,1,2,9,1,1,7,1,6,1,4,1,1,6,1,1,4,2,6,7,7,3,3,4,1,7,1,1,2,2,1,2,1,7,1,1,1,7,1,1,1,7,7,1,1,1,7,6,1,7,1,1,1,7,1,1,2,2,2,6,6,5,3,7,7,7,5,7,6,2,6,4,10,100,24,26,25,He still did it.,Equal treatment under the law.,,,,,,,,,1,7,1,38,1,1,6,2,3,2,2,,1
2026-07-06 22:28:01,2026-07-06 22:46:12,0,,100,1090,1,2026-07-06 22:46:12,R_1sQKElGwKbzWaT4,,,,,,,anonymous,EN,1,P001689,7,7,7,6,6,4,1,4,7,6,7,7,1,2,7,3,5,2,3,1,4,"Keeping them locked away removes their bad and anti social behavior from the public and keep innocent people safe. If you do crime and know better then you deserve to be punished. I do agree it deters some people but a criminal is always a criminal. Prison does more to reenforce being a criminal then to rehabilitate them ",2,6,1,5,7,7,7,7,9,7,4,4,7,7,4,1,7,7,7,7,7,1,6,5,4,1,7,7,4,3,7,1,4,1,4,1,3,3,7,1,1,2,2,4,2,2,2,4,5,5,5,4,4,4,3,2,7,1,7,6,7,6,4,5,1,7,7,3,7,7,5,1,7,1,7,7,1,10,5,47,,,,,,,,,25,25,"You take a life then you deserve to pay a minimum of 25 years. ","Remove Daryl from society and punish him for what he did given the victims family justice   ",2,7,1,37,1,1,3,4,3,3,1,"No Comments ",3
2026-07-06 22:22:06,2026-07-06 22:46:23,0,,100,1457,1,2026-07-06 22:46:24,R_6AVfjHRIC0dW2oV,,,,,,,anonymous,EN,1,P001053,6,6,4,4,5,5,4,3,3,4,6,5,4,4,4,4,4,4,2,1,3,"Locking them up does stop them for a time, I ranked that highest because it's what I think is most true. But for things like rehabilitation and deterring, I wasn't even sure how to rank, because while I think the prison system should do those in theory, it doesn't. Criminals will do crimes regardless, and while in jail tend to learn from other criminals rather than get better.",4,4,2,4,4,3,6,3,9,3,1,4,3,6,2,2,3,3,5,3,3,4,3,5,5,4,4,4,4,4,6,3,4,1,2,2,5,3,4,3,2,4,4,4,3,3,5,5,3,5,3,5,6,4,5,1,2,1,7,4,3,4,1,7,7,1,1,7,7,1,1,3,2,6,1,1,6,10,10,24,30,30,This is on the higher end of what was told to me as the average amount given for this sort of crime. And I think it fits well and I don't think the disease he may have should be a factor.,It keeps someone violent out of society.,,,,,,,,,1,6,1,26,1,1,3,2,3,3,3,"I have some form of dyscalculia, so the math questions were a little off-putting. I wish you had just used normal attention check questions.",1
2026-07-06 22:14:29,2026-07-06 22:46:31,0,,100,1921,1,2026-07-06 22:46:31,R_1erDYw8y5cbURJV,,,,,,,anonymous,EN,1,P000329,5,5,5,5,6,5,3,5,5,5,6,6,3,5,3,3,5,1,4,2,3,They deserve to be punished but I don't think prison deters criminals as much as we would like. Prison rehab is important but doesn't happen as often as it should.,5,1,5,5,2,1,5,3,9,3,3,5,3,5,5,3,3,3,5,1,3,7,3,5,6,6,3,3,4,3,7,3,2,3,5,1,6,4,7,2,1,1,4,2,2,3,5,3,2,1,2,5,5,1,6,2,1,1,7,2,2,1,1,7,7,2,1,5,6,2,1,2,1,6,1,3,5,10,5,47,,,,,25,25,"He didn't plan on killing her, but he has a history of abuse. There was a restraining order against him.",He is punished for his crime.,,,,,1,6,1,57,2,1,4,2,1,3,2,I found the study to be very interesting. It made me reflect on crime and my thoughts on punishment.,2
2026-07-06 22:28:19,2026-07-06 22:48:22,0,,100,1202,1,2026-07-06 22:48:22,R_5ykFg9Z7qj8EqYd,,,,,,,anonymous,EN,1,P001808,7,7,7,7,7,7,7,7,7,7,7,7,4,4,7,7,7,3,2,1,4,"because I'm not sure rehabilitation is possible. some people are just criminals all their lives. they pretend to be rehabilitated, but they are still criminals ",1,7,1,1,7,2,7,7,9,7,7,7,7,1,7,1,7,7,7,7,7,1,7,1,1,1,7,7,4,7,6,2,2,7,7,2,7,7,6,6,2,7,1,7,7,7,1,7,7,7,7,4,5,7,4,7,2,5,6,7,7,4,7,4,1,7,7,3,7,7,3,6,1,1,7,7,1,10,5,47,,,,,50,50,"i could care less what disease he has, he deserves to be put to death, not a lifetime in prison","to take his life away, justice for the life he stole",,,,,1,7,1,60,1,4,4,7,3,1,1,,2
2026-07-06 22:24:15,2026-07-06 22:48:24,0,,100,1449,1,2026-07-06 22:48:25,R_7CslEyfzWsdB5Uh,,,,,,,anonymous,EN,1,P001778,7,7,4,7,7,6,7,7,7,7,7,7,6,7,7,7,6,3,2,1,4,"Assuming they are truthfuly guilty of a crime, leaving them unpunished enourages them to increase the frequency of their crimes and slowly the severity as well. Others won't want to risk their freedom. As far as rehabilitation that won't be the case for all.",4,3,4,7,3,3,4,4,9,4,4,7,4,7,3,1,4,3,7,1,2,4,3,7,7,4,2,4,4,4,5,4,3,3,4,3,7,7,5,3,3,4,3,5,7,5,5,3,4,4,5,5,5,1,4,3,1,4,5,5,4,1,1,7,7,1,1,7,7,3,2,3,1,6,3,4,5,10,5,24,,,,,,,,,50,25,"He is no longer a threat to society, but this is assuming he has been confirmed to be immobile.",Discourage others from commiting a crime out of rage.,2,7,1,53,2,4,6,3,3,3,1,,3
2026-07-06 22:20:12,2026-07-06 22:48:50,0,,100,1717,1,2026-07-06 22:48:51,R_6hdRAPXgAMD48BH,,,,,,,anonymous,EN,1,P000053,5,5,4,5,5,3,3,5,5,3,5,6,5,5,4,3,4,4,3,1,2,"I think it's most important they can't harm others. I'm not convinced for-profit private prisons care much about rehabilitation. And I'm not sure threat of punishment really deters many criminals. I also think a lot of people don't belong in prison who are not serious threats with many being addicts, and also we have seen a lot of innocent people in prison, mostly minorities, who do not belong there but were targeted and falsely charged (as innocence projects have been revealing as more DNA exonerations have occurred), while many white criminals walk free, get a slap on the wrist, expungements and pardons from a very racially biased system. But ideally if someone truly is a criminal, then I think they need locked up for the public's protection and rehabilitated so they can be productive members of society, in a perfect world.",7,3,3,5,1,1,3,1,9,4,3,1,3,5,3,3,3,2,3,2,3,7,5,6,6,7,3,5,4,3,7,2,1,1,1,1,4,3,6,2,1,2,4,2,3,3,5,3,2,3,4,6,6,2,5,3,1,5,4,1,2,1,1,7,7,2,2,6,7,1,3,2,1,7,1,2,6,5,5,47,,,,,25,15,"He is permanently paralyzed and not a threat, and I made it fewer years, although still a long punishment, because I now know they were very young and under the influence, likely immature and hormonal. He might not have intended to kill her when he pushed her. He will also feel guilty and be punished by the knowledge of what he's done for the rest of his life.","People can grow up and change a lot, and he might actually be able to be rehabilitated and provide a positive contribution to society even with a disability, which is better than paying to house and feed and care for him for a much longer stretch of time.  ",,,,,1,7,1,39,2,1,4,3,3,2,2,"My brother is a defense attorney so I'm very familiar with how the accused are treated and the dynamics between the prosecutor, defense attorneys, police and judges. ",2
2026-07-06 22:26:37,2026-07-06 22:48:58,0,,100,1340,1,2026-07-06 22:48:58,R_6bZ6jXFkmL4ISCM,,,,,,,anonymous,EN,0.8999999761581421,P001556,5,6,5,6,5,6,5,6,6,6,5,6,6,5,6,6,6,1,3,2,4,we need punishments.  we need to deter crime.,1,5,1,4,4,3,5,4,9,6,5,6,5,6,5,2,6,6,5,4,6,5,7,5,6,7,6,7,4,5,5,6,5,6,5,5,3,2,6,2,2,4,1,5,6,4,3,3,5,5,5,3,2,5,3,5,4,1,6,5,6,6,6,2,2,6,6,2,2,6,2,4,5,1,6,6,1,5,5,47,,,,,25,25,He still did it.,Punish him.,,,,,1,6,1,40,1,1,4,5,3,3,3,,2
2026-07-06 21:28:58,2026-07-06 22:49:16,0,,100,4818,1,2026-07-06 22:49:17,R_6CxI7lhejGy2u6l,,,,,,,anonymous,EN,0.8999999761581421,P001277,2,2,2,2,2,2,4,4,4,1,2,2,1,2,2,2,2,4,3,2,1,"The whole premise of this is flawed. I don't believe that punishing criminals deters them commiting other crimes. If that was the case, we wouldn;t have over 2 million people locked up. Many of them were not even guilty. This is what conservatives want you to believe. Lock them up! Lock up the immigrants. Lock up the criminals and we will Make America Great Again. This 20th-century backwards thinking is the reason, America still lags behind the world in almost every category.  Criminals are criminals for a reason. They weren't born to one day be criminals. Their environment and oftentimes, the way they were brought up, led these people into crime. Not everyone can use justification, of course. There are some people who are evil, and they deserve to get locked up so they don't hurt anyone else. But the majority of criminals wasting away in some prison are there because of circumstances. And until we get to the root of the problem, finding out what led these people to commit crime, the prison industrial complex will have a revolving door for these people. Why can't we aspire to become an advanced society? There are many factors that one can point to why America has more people locked up than every other industrialized country combined. The justice system in this country needs a reboot. It has failed miserably in handling people who commit crimes. That is one aspect. In my opinion, if we are to address the crime epidemic in America, we have to look at the root of the problem. Humans make mistakes in life. The answer is not punishment. The answer is to inquire! Why and for what reason? If we take the issue from a scientific point of view, most criminals locked up don't belong in prison. Many are there, and they are not even guilty. So let's stop this backward, conservative thinking where they want to lock up everybody. This is detrimental to a society that aspires to be great. I am not against putting people away for a crime they have committed. I am saying that we need to step back and tackle this issue at its root. In my opinion, if a person commits a crime, the first thing that needs to happen is to have this person go through a sustainable psychiatric evaluation. Find out everything . Once we establish the reason the person committed the crime, then we can handle it most humanely. I think America should look to the Scandanavian model . They are much more advanced than us in handling many issues.. I could write a thesis on this. And there are many great books on the subject.. So to answer the question. Prisoners do not get rehabilitated in prison. So this is weak. Then secondly, yes, when they are in prison they can't commit crimes. But the minute they are out, they do it again and again. I don't know the stsatistics, but I venture to say that the majority of prisoners are repeat offenders. This is a huge problem. And it pokes a hole in the argument that criminals need to be punished. If this is true, why do they commit more crimes the minute they get out? So punishment does not do anything. In fact, it makes things worse. The third argument is also false. Punishment doesn't deter anyone from committing more crimes. This is the conservative idea. But I don't want to get started with right-wingers and how they have systematically destroyed this country. I digress. The last argument is really outrageous. Who is the arbitor to determine that criminals deserve to be punished? The Justice Department? They are allowing a criminal corrupt enterprise to run rampant. The corruption of this administration is mind-boggling. So the Justice Department should start arresting their own people. Because they are committing crimes right in front of our eyes. Therefore, unless we start creating a government that works for all Americans and elect officials who have the interest of all Americans as a priority, and not just a few, crime and injustice will continue unabated, and America will go backwards instead of forward",7,1,1,7,2,1,1,1,9,1,1,1,1,1,1,1,1,1,1,1,1,7,1,7,7,1,1,7,4,1,7,1,1,1,1,1,1,1,7,1,1,1,1,1,1,1,7,7,1,1,1,6,7,1,7,1,1,1,4,1,1,1,1,7,7,1,1,7,7,1,1,1,1,7,1,1,7,5,5,47,,,,,20,20,"If he poses no threat to society, then there is no legitimate reason to keep him in prison. Isn't that the reason he is placed in prison to begin with? To not pose any threat to anyone else. So if we use this logic, why should he continue being in prison? Is anyone the Almighty God and has determine this man belongs in jail for life? Maybe the day this happened, he was on drugs and didn't know what he was doing. Maybe he grew up in a violent household where he was beaten and assaulted all through his early life? It makes no logical sense to keep him in prison, given the new circumstances.","The sentence won't accomplish anything. He will become more alienated and bitter in prison. He might hurt another inmate. This man does not need more punishment. He needs a psychiatric evaluation and subsequent therapy.. Not more prison! ",,,,,1,7,1,67,1,1,5,1,1,3,2,"I don't want to start writing a thesis about how I feel here. So, I will keep it very short. Human beings are born with a natural inclination to care. This is how humans evolved.  So, when we see this premise being attacked and challenged, we need to ask ourselves why? Why does a baby who is innocent at birth grow up to be a criminal? It is not in human nature to hurt others. So there has tio be a reason as to why . Environment and circumstance play a huge role in how a person develops from a baby into adulthood. We as a society, are at the point of not to point fingers or take things at face value. We have to inquire in all cases. Not just for criminals.. When we are able to see others as who they really are and not what they do, then humankind can survive for another million years.",2
2026-07-06 22:22:35,2026-07-06 22:49:18,0,,100,1602,1,2026-07-06 22:49:18,R_10aQhAIh4NUwgXD,,,,,,,anonymous,EN,1,P000960,7,6,6,6,7,6,4,5,7,7,5,7,4,7,5,4,6,1,3,2,4,"Because criminals deserve to be punished for their crimes. It sets an example for other people to deter them from committing crimes and prisoners can change their life after rehabilitation. ",3,5,2,5,3,1,3,5,9,2,3,5,5,6,2,2,6,5,3,1,1,2,7,2,3,4,6,7,4,3,6,2,2,2,2,1,7,7,1,4,3,2,2,1,3,5,5,2,4,4,1,5,5,3,6,2,4,4,6,5,6,2,3,7,7,3,3,5,7,5,1,2,1,6,1,1,7,10,5,24,,,,,40,30,"I feel that he deserves 30 years in prison not a life sentence of 50. Darryl is no longer a threat to society and he may have learned a valuable lesson. ","That Darryl may have learned his lesson and he may generally regret the crime that he committed. ",,,,,1,6,6,67,2,2,6,4,1,1,1,I enjoyed taking this survey.  Thanks,2
2026-07-06 22:38:42,2026-07-06 22:49:46,0,,100,663,1,2026-07-06 22:49:46,R_6JP4TMPgFQCx3e9,,,,,,,anonymous,EN,1,P000836,6,7,3,4,6,5,3,2,5,2,7,5,1,2,2,1,5,1,3,2,4,I've known people who served in prison and it did not deter others and rehabilitation is highly uncommon,6,3,2,2,2,1,7,7,9,2,3,6,3,7,1,3,3,3,3,1,2,5,3,5,6,5,3,2,4,5,7,1,2,6,2,1,5,5,6,2,2,1,4,2,4,2,6,5,1,5,2,6,6,2,5,1,2,4,3,2,5,1,2,7,7,1,1,7,7,7,1,2,1,6,1,2,6,10,100,24,,,,,46,43,He was a danger,Punish him for his crimes,,,,,1,6,1,49,1,1,2,3,3,1,1,Very interesting scenarios,2
2026-07-06 22:29:50,2026-07-06 22:50:02,0,,100,1212,1,2026-07-06 22:50:03,R_6Qfb0hfBO1fe2dB,,,,,,,anonymous,EN,1,P001083,6,7,5,6,7,7,7,6,6,6,7,7,7,5,6,7,7,2,1,4,3,I ranked them based on what I believe would work.,7,5,5,6,7,6,7,6,8,6,6,5,7,6,6,7,6,5,7,6,6,7,6,7,7,6,6,7,4,6,5,6,6,4,7,7,5,6,5,5,4,5,5,6,6,6,6,7,6,5,6,6,6,5,6,6,6,7,6,6,6,7,6,7,7,6,6,6,7,6,7,6,6,6,6,6,5,14,78,41,44,35,His crime is rather bad and the sentence is fair and equitable given the circumstances,Hopefully prove a point to him that shit always bites you in the ass.,,,,,,,,,1,6,6,35,1,1,3,4,3,3,3,,1
2026-07-06 22:32:57,2026-07-06 22:50:38,0,,100,1060,1,2026-07-06 22:50:39,R_1CEwB1ODhUY9XT4,,,,,,,anonymous,EN,1,P001654,7,7,7,7,7,7,7,7,7,7,7,7,7,7,5,1,1,2,1,3,4,If you break the law there needs to be consequences.,1,1,1,1,1,1,7,7,9,1,1,6,1,7,1,1,7,7,1,1,1,5,7,1,7,1,7,7,2,5,7,2,1,7,5,2,7,7,5,6,5,7,1,7,7,7,7,1,7,1,3,1,7,1,7,1,1,7,3,7,6,1,1,7,7,1,1,7,7,7,1,7,7,7,1,3,1,10,100,24,,,,,,,,,50,25,second chance,to live a peaceful life as much as he can.,2,7,1,72,1,1,2,5,2,1,1,,3
2026-07-06 22:32:18,2026-07-06 22:50:42,0,,100,1104,1,2026-07-06 22:50:43,R_1N5ha0td7Lr8NxG,,,,,,,anonymous,EN,1,P001343,5,7,4,6,5,4,5,5,5,6,6,7,4,7,4,4,4,2,3,1,4,"I am thinking of violent offenders and think that if they are in prison, they are unable to target more victims",2,2,1,7,4,1,5,4,9,7,2,7,1,7,1,1,4,4,5,4,4,4,4,6,5,7,4,7,4,4,7,7,5,4,4,1,7,5,5,4,2,2,2,4,6,7,6,5,4,4,5,2,4,1,6,5,1,1,7,2,6,1,1,7,7,1,1,7,7,4,1,1,1,7,1,1,6,5,5,24,,,,,,,,,50,50,"He is guilty of murder regardless of his health. ",It will hopefully send a message to others.,1,7,1,42,2,1,4,2,3,1,1,,3
2026-07-06 22:23:52,2026-07-06 22:51:18,0,,100,1646,1,2026-07-06 22:51:18,R_1m8orKDqvYaSf6d,,,,,,,anonymous,EN,1,P000516,6,6,2,6,6,2,1,6,5,5,5,6,3,5,4,4,6,1,2,3,4,Those who commit crimes deserve punishment,4,3,3,6,3,2,3,2,9,6,4,1,3,6,4,2,4,5,4,2,2,3,3,4,4,6,4,6,4,3,7,1,4,5,4,1,6,5,3,2,2,4,4,3,5,3,3,5,3,6,4,7,6,2,6,1,1,1,7,2,4,1,1,7,7,7,1,7,7,1,1,1,1,7,1,1,6,10,100,24,,,,,,,,,50,50,The prison term is based on the crime that was committed.,"It will, perhaps, prevent others from committing similar crimes. ",1,6,1,83,1,1,6,2,1,3,1,,3
2026-07-06 22:31:02,2026-07-06 22:51:44,0,,100,1242,1,2026-07-06 22:51:45,R_6abprdubtBFBP2K,,,,,,,anonymous,EN,1,P000724,7,6,6,7,7,6,5,5,1,7,4,5,5,4,5,5,7,1,3,4,2,I believe everyone needs to be punished for bad things. From there I want people to get the help they need to stop committing offenses in the future.,5,4,3,6,5,2,6,7,9,1,3,3,4,5,4,4,5,4,3,1,3,4,6,2,5,5,4,7,4,3,3,3,3,4,3,1,5,5,5,4,4,4,4,3,5,5,6,5,3,2,4,7,7,3,5,3,1,1,7,2,3,5,5,7,7,2,3,4,4,6,5,1,1,1,1,4,1,10,100,48,40,40,"Even if he poses no threat on society, he did commit a crime and should be punished. He deliberately decided to kill this girl so he should be punished appropriately. ","Shows that this crime is nothing light and hopefully will teach others not to do this or your whole life is gone ",,,,,,,,,1,5,1,32,2,1,4,4,3,3,1,,1
2026-07-06 22:24:27,2026-07-06 22:52:50,0,,100,1702,1,2026-07-06 22:52:51,R_6tloTjuJcUVrNyN,,,,,,,anonymous,EN,0.699999988079071,P000730,7,6,6,4,6,5,6,6,5,6,5,6,4,5,6,4,5,3,1,2,4,"#3 is too vague and #4 is not always true.",4,3,2,5,2,2,4,5,9,3,4,3,4,6,3,3,6,4,4,2,3,4,2,5,3,3,3,5,4,3,6,2,4,3,4,2,5,3,2,2,2,3,2,4,3,4,4,5,3,3,3,3,6,4,4,3,2,1,5,2,4,4,2,6,5,4,5,5,5,4,4,4,3,5,2,3,4,9,100,48,,,,,31,5,"He is expected to be harmless, and should not simply become a burden to the state.",Get him into a convalescent home as a vegetable,,,,,1,5,1,80,1,1,4,2,1,3,1,N/A,2
2026-07-06 22:37:03,2026-07-06 22:53:16,0,,100,973,1,2026-07-06 22:53:16,R_3IEqpq2ofLaGqAh,,,,,,,anonymous,EN,1,P000117,5,5,5,4,5,4,5,4,5,4,5,4,4,5,5,5,5,1,4,3,2,crime should be punishable especially for certain offenses that are dangerours. it doesn't deter other criminals tho.,5,3,5,5,3,1,3,5,9,5,4,7,4,5,3,3,3,4,5,3,3,5,4,5,5,4,3,4,4,5,5,3,3,4,3,3,3,2,6,2,1,4,1,5,2,2,4,5,3,4,4,5,4,3,5,3,1,1,7,2,4,3,3,5,5,3,3,5,5,7,4,4,1,5,4,3,5,10,20,24,,,,,,,,,25,10,long enough for him to learn his lesson if he survives,that no criminal is exempt,2,5,1,41,1,4,3,4,3,3,1,,3
2026-07-06 22:32:50,2026-07-06 22:53:35,0,,100,1244,1,2026-07-06 22:53:35,R_6tskuQCULW29Xyh,,,,,,,anonymous,EN,1,P001632,5,7,2,4,6,3,6,7,5,7,5,4,2,5,5,2,6,4,1,3,2,"Punishment inherently deters more people from committing crimes.  An ounce of prevention is better than a pound of cure.  I'd like to put ""prisoners get rehabilitated in prison"" first, but that area of our justice system is sorely lacking at this moment, and I really wish more focus and emphasis would be put on rehabilitation rather than solely punishing them (which teaches them nothing and leaves them with nothing but more trauma and ill will when they come out, if they come out).",6,1,1,7,1,2,6,4,9,4,3,5,1,7,2,1,5,2,6,1,2,6,3,7,7,6,3,6,4,5,5,3,2,5,4,4,7,7,3,4,4,2,3,3,5,5,6,5,2,4,5,2,5,2,7,2,1,1,4,1,4,1,1,7,7,1,1,7,7,4,3,4,3,6,1,2,5,10,100,24,,,,,,,,,25,25,"He can't do anything, but he should still face the consequences for his crime.","It'll tell others that they can't get away from being punished, and dissuade them from trying any schemes.",1,6,1,39,2,3,4,2,1,3,3,"I don't know if it's a good idea to include that bit about the shark at the end.  The shark is just acting on instinct and is a wild animal, whereas humans perform actions with intent.",3
2026-07-06 22:40:46,2026-07-06 22:53:41,0,,100,774,1,2026-07-06 22:53:42,R_3mt7yhWDLXxRldi,,,,,,,anonymous,EN,1,P001294,3,4,1,1,4,2,4,1,1,1,2,5,2,5,1,1,4,4,3,2,1,"I think that hypothetically, prison could rehabilitate people. That is not the case in the US, where prison further traumatizes people, but it does work in some other countries, particularly in the Nordic countries. I don't believe in the concept of ""deserve"", so I ranked that last. Crime is contextual -- very few people are inherently evil -- and there are crimes perpetuated all the time (wage theft, for example) that are rarely, if ever, criminalized, so I don't think the concept of prison deters most of the crime that goes on.",7,1,7,7,1,1,1,1,9,1,1,5,1,4,1,6,2,1,4,1,1,6,1,6,7,6,1,1,4,1,7,1,1,1,1,1,4,2,6,1,1,1,7,1,1,1,7,4,1,1,1,7,7,1,7,1,1,1,7,1,1,1,1,7,7,1,1,7,7,4,1,1,1,7,1,1,7,10,100,47,10,2,"He is not a threat to society, and probably needs social services more than anything to live a productive live. 2 years would hopefully connect him to services and teach him accountability","I hope he can get counseling, learn some coping skills, and get connected to social services (healthcare, housing) so he isn't desperate when out in society ",,,,,,,,,1,7,1,38,2,1,4,1,3,2,2,,1
2026-07-06 22:33:58,2026-07-06 22:53:45,0,,100,1187,1,2026-07-06 22:53:46,R_6z89mYlnyPfEu3g,,,,,,,anonymous,EN,1,P001122,5,4,3,3,5,1,3,3,5,3,2,2,1,1,2,3,5,2,1,4,3,"I think that in most cases there is some determent and I think that is probably the strongest reason but I don't think in general any of these reasons have been proven. I only chose the one that I thought most worked. I think there should be some punishment, but not it the way that we punish criminals. I actually think that for the most part criminals get worse in prison and commit crimes while they are in prison. ",6,1,4,2,3,1,3,1,9,4,4,3,2,5,3,2,2,2,6,2,2,6,2,5,7,5,2,5,4,3,6,2,5,2,2,2,5,4,4,5,5,3,5,2,2,6,7,7,1,1,3,7,7,1,7,1,1,4,6,2,3,1,1,7,7,7,1,7,7,4,1,1,2,7,1,1,6,10,6,24,15,15,I think that 15 years is a significant enough chuck of someone's life to punish them for a crime of this magnitude. Darryl did not have intent in the first place to kill the victim but made a series of bad choices. There needs to retribution and rehabilitation so that his is no longer a threat.,That the sentence is long enough to create a change in Darryl and satisfy the justice of taking a life. That hopefully he has a long enough time to become a new person.,,,,,,,,,1,5,1,41,2,1,4,2,3,3,1,It was interesting and made me think deeply about how justice is carried out,1
2026-07-06 22:23:03,2026-07-06 22:54:17,0,,100,1873,1,2026-07-06 22:54:17,R_1NU5BN3JVfDKMRr,,,,,,,anonymous,EN,1,P000696,7,7,6,7,7,6,7,7,7,7,7,7,6,6,7,6,6,2,1,3,4," This  order made the most sense to me.",1,4,1,7,4,1,6,7,9,1,4,2,7,7,4,1,4,4,6,1,4,1,7,1,4,3,6,5,4,4,7,4,1,5,5,1,7,7,6,2,1,1,1,6,5,5,6,2,4,1,3,4,4,1,6,4,6,6,4,6,7,1,1,7,7,1,4,7,7,6,1,4,1,6,1,4,3,10,100,24,30,15,"Since he no longer poses a threat to society, I lessened his sentence to 15 years.",Rehabilitate Daryl and prepare him for life after prison.,,,,,,,,,2,6,1,50,1,1,2,3,3,1,1,Thank you for helping expand knowledge on crime and punishment.,1
2026-07-06 22:43:01,2026-07-06 22:56:50,0,,100,828,1,2026-07-06 22:56:51,R_3EbqUJouHALfpXI,,,,,,,anonymous,EN,1,P001750,4,6,5,5,5,3,3,5,5,7,5,6,3,6,5,4,5,3,2,1,4,"I think most importantly criminals can’t commit crime while in prison because they aren’t in society. I also feel without consequence, people will commit crimes. The later two I don’t have as strong feelings about but think they are decent reasons.",3,3,1,7,6,4,5,7,9,5,5,5,3,7,3,1,5,5,3,2,3,4,7,3,2,3,5,6,4,3,7,5,3,5,5,1,5,5,5,2,1,4,3,5,4,4,4,3,2,5,3,4,6,4,3,4,5,2,7,2,5,4,1,5,7,6,2,2,3,7,1,7,5,3,5,7,1,15,50,24,,,,,,,,,16,15,"For his crime ",Teach him a lesson,2,7,1,26,2,1,4,5,2,1,3,,3
2026-07-06 22:26:16,2026-07-06 22:56:58,0,,100,1841,1,2026-07-06 22:56:58,R_3MXMlCYho5U0BjS,,,,,,,anonymous,EN,1,P001228,2,5,3,3,4,4,2,3,3,5,5,3,2,6,3,4,3,4,3,2,1,"I believe effective rehabilitation is the only benefit of prison. ",6,1,3,7,1,1,5,1,9,1,1,4,2,7,1,2,1,4,1,1,2,3,3,5,6,5,1,5,4,3,7,2,4,1,2,1,5,5,7,1,1,1,5,2,2,2,7,2,2,1,2,7,5,2,7,3,2,2,7,2,2,3,1,6,2,4,4,4,6,3,3,1,1,3,4,4,5,10,100,24,,,,,50,50,"Because the presence of limbs was never his problem. It's a heart problem. Rehabilitation is the only way to improve the situation. If he want to harm someone he can find a way regardless of the status of his limbs. ",Keep him from harming anyone else and give him the opportunity to change for the better,,,,,1,7,1,37,2,1,3,4,3,3,1,Very thought provoking study,2
2026-07-06 22:43:54,2026-07-06 22:59:43,0,,100,948,1,2026-07-06 22:59:43,R_3wLlThS3rWnaZqN,,,,,,,anonymous,EN,1,P001786,2,1,2,2,2,1,3,1,2,2,2,2,5,6,2,2,4,3,4,2,1,"I believe rehabilitation should be the primary goal of punishment for a crime. I can see the logic that locking away criminals keep them from reoffending. I don't think punishment deters criminals; I think most people think they will get away with their crimes, and I don't think that a moral imperative to punish is appropriate when managing criminality. ",6,1,3,6,1,1,2,1,9,2,2,4,1,5,1,5,1,2,5,1,1,6,1,7,7,6,1,2,4,1,7,1,4,1,2,1,4,3,3,2,2,1,5,2,2,2,7,5,1,1,1,6,5,1,7,1,1,1,7,2,1,1,1,7,7,6,1,7,7,4,1,1,1,7,1,1,7,10,5,12,10,10,"10 years with rehabilitation seems like a fair time spent away from society. I do not think Darryl's autoimmune disorder is relevant to that; he still requires rehabilitation to be reintroduced.  ","I hope that Darryl addresses the parts of himself that made him choose to act in this way against an innocent party. I hope Darryl shows remorse for his crimes and has a plan moving forward for his life and to not reoffend. ",,,,,,,,,1,7,1,37,2,4,4,1,4,2,2,"No suggestions, very interesting round of questions! Good luck with your data collection!",1
2026-07-06 22:38:15,2026-07-06 22:59:56,0,,100,1301,1,2026-07-06 22:59:57,R_1MagJj6M1m81abz,,,,,,,anonymous,EN,0.8999999761581421,P000332,6,7,3,6,7,4,6,6,5,6,7,7,4,5,7,4,6,3,2,1,4,"The top two are the ones I feel most strongly about. The most important objective is to protect the innocent, and locking up prisoners accomplishes that the most. Threat of punishment also prevents some crime from ever happening, but it doesn't stop the most deranged criminals, which is why physical removal takes the top spot. The bottom two I feel less strongly about. Sure, criminals deserve the punishment, but I don't really care about them, it's the innocent citizens that matter. And rehabilitation is nice when it happens, but it's often not successful, so it gets my bottom placement.",2,6,1,3,7,4,6,6,9,7,6,4,7,5,4,2,6,6,5,6,7,2,6,2,3,2,7,7,4,3,6,5,3,1,3,1,5,4,5,2,3,6,2,7,6,3,2,6,6,7,6,1,1,6,4,2,1,6,1,6,6,4,7,5,2,7,7,2,5,7,1,5,4,1,3,6,1,5,5,47,,,,,,,,,50,50,"He should still receive the maximum penalty because his crime was serious, and onlookers should see that he did not get a more lenient sentence due to his medical condition. In other words, deterrence is still a factor.","I hope that it causes a local chilling effect on serious crime. I also hope that it affects his family, that they tell his relatives never to become a thief or a murderer.",1,6,1,39,1,1,4,5,3,2,2,,3
2026-07-06 22:47:35,2026-07-06 23:00:05,0,,100,750,1,2026-07-06 23:00:06,R_3NDGAlRQnyYude5,,,,,,,anonymous,EN,1,P001698,7,7,7,7,7,7,6,7,6,7,7,7,5,5,7,5,7,3,1,2,4,I think using punishment as an act of justice is highest priority. It also prevents other people from ailing society with crimes.,2,6,2,4,5,4,5,6,9,7,7,6,7,7,4,2,3,6,3,2,2,4,6,5,5,4,6,7,6,7,6,3,3,3,3,1,7,7,3,5,4,6,3,6,6,7,5,5,5,4,3,5,6,6,4,2,2,2,7,3,6,2,3,6,6,4,2,5,5,7,5,5,2,4,3,5,4,10,5,47,,,,,40,40,"Darryl still committed the crime, just because he is ""no longer a threat"" does not undo the crime that he committed.",Provide some sense of justice for tha family of Frankie.,,,,,1,6,2,30,1,1,3,3,3,2,2,,2
2026-07-06 22:33:55,2026-07-06 23:00:25,0,,100,1589,1,2026-07-06 23:00:25,R_6NmGdQXkMTfQS4F,,,,,,,anonymous,EN,1,P001198,5,6,5,5,5,5,5,2,2,5,2,2,2,2,2,5,5,2,3,1,4,A law breaker may be put behind bars for their crimes and this inhibits them from continuing to break laws but it doesn't deter anyone from breaking laws and it certainly doesn't rehabilitate those incarcerated.,7,1,6,7,1,2,2,1,9,2,5,5,2,4,2,4,6,5,2,2,2,6,5,7,7,6,2,5,4,5,7,2,4,2,3,1,3,4,6,2,2,2,6,2,2,2,7,2,2,2,2,7,7,2,7,1,1,1,7,1,1,1,1,7,7,1,1,7,7,1,1,1,1,7,1,1,7,10,5,24,,,,,20,20,A life sentence in most developed nations around the world is 20 years.,"In this sentence, Darryl would be removed from society. He would be provided with counseling and given chores and work he must complete every day. This is in order to teach him to have structure in his life and help him to deal with his anger management and alcholism. He no doubt will have to deal with some heavy grief from killing the woman he loved and for having hurt her family due to their loss.",,,,,1,7,1,56,2,1,5,1,3,3,3,,2
2026-07-06 22:29:03,2026-07-06 23:01:57,0,,100,1973,1,2026-07-06 23:01:57,R_1qqnNuTHovah1in,,,,,,,anonymous,EN,1,P001768,7,7,6,7,7,6,5,7,7,7,5,6,2,7,6,6,7,1,3,2,4,"This was a hard one to order because I do think my last ranked item should be #1, but it currently isn't in society. Our society does very little to actually rehabilitate criminals and I desperate wish we would put more money into criminal rehabilitation, but since we don't, criminals DO deserve some form of punishment and at least while they are incarcerated, they cannot commit more crimes. Punishing criminals is also a great deterrent for people teetering on that line. ",1,5,1,3,6,2,6,7,9,5,3,7,6,6,5,3,6,7,2,1,2,5,6,6,6,4,6,6,4,7,7,3,1,7,6,1,7,6,7,3,2,5,4,5,7,7,7,1,1,2,2,7,1,1,7,1,6,3,6,5,5,6,5,2,3,7,7,2,7,4,6,7,5,1,7,7,1,10,5,47,50,50,"Personally, I would have sentenced Darryl to death, but that wasn't an option. Despite his autoimmune disorder, Darryl murdered someone in cold blood out of desperation for money, if he did it once, he could do it again. I don't want someone like Darryl who turns to murder when in need of money out in society. If he could be sentenced to death to reduce the cost on society, I would prefer that. ","This sentence would take Darryl off the streets and make sure he could never hurt anyone else ever again. Even with his autoimmune disease, he has shown a propsensity toward violence when in need of money. That is not the type of person that should be out walking around in society. ",,,,,,,,,1,7,1,35,2,1,5,6,2,3,1,"Everything went well, but I think you should increase the maximum allowable time by 15-20 minutes. I am down to a few minutes before I time out on Prolific and seeing that timer get so close to being timed out made me feel a little rushed and I cut my answer shorter than I would have liked to make sure I could complete the study before being timed out. ",1
2026-07-06 22:43:05,2026-07-06 23:02:28,0,,100,1162,1,2026-07-06 23:02:28,R_7IMKkgqcKeI02LA,,,,,,,anonymous,EN,1,P000066,3,5,2,3,5,2,3,5,2,1,3,3,1,4,3,1,3,4,1,2,3,"I don't think it deters much, but it does some. Locking up technically does keep them from it temporarily (doesn't reduce the countries crime rate because someone else will be doing it). There are minimal examples of prison rehabilitating people so it can happen, usually makes people much worse, and is not built to improve them. Many crimes are purely subjective, this is a large sliding scale. ",7,1,4,5,1,1,1,2,9,3,1,4,1,4,1,7,2,1,5,2,4,4,1,6,7,7,1,2,4,1,7,2,2,1,3,1,4,4,6,3,2,3,4,3,4,5,6,6,1,4,4,7,6,1,7,4,1,1,7,1,2,6,5,5,7,1,7,1,7,4,5,3,3,1,4,7,1,5,5,47,,,,,1,0,He requires a care that prison is not equipped to handle,deliver as sense of humanity in the world,,,,,1,6,1,46,1,1,4,4,3,2,2,"my 1 year suggested term was dependent on questions that I thought were following. it is structured around the idea that there is actual intent on reform in the prison system. Also, a year is a long time of life, anything that is going to be accomplished in a positive sense can be done in that amount of time, anything else is just a burden on tax payers, and will make the prisoner be worse that when they entered.",2
2026-07-06 22:29:43,2026-07-06 23:03:17,0,,100,2013,1,2026-07-06 23:03:17,R_6FDKK4xRCwQMfgW,,,,,,,anonymous,EN,1,P001441,6,6,4,6,6,6,5,6,5,6,6,7,3,4,5,4,6,3,2,1,4,"Unclear if rehab works. While criminals are locked up, they can’t commit further crimes against society.",3,5,3,5,6,4,6,5,9,4,4,5,6,5,4,3,5,5,4,3,4,4,6,3,4,3,5,5,4,6,5,3,4,5,5,1,5,3,6,2,3,4,3,5,5,4,5,5,3,5,5,2,5,4,5,4,3,2,7,3,5,4,5,3,3,5,4,4,5,4,4,5,3,5,3,3,3,5,1,47,35,35,"He did the crime and took a life, he should be removed from society.",Removal from society and deter others.,,,,,,,,,2,4,1,66,1,1,4,3,3,3,3,None,1
2026-07-06 22:35:04,2026-07-06 23:03:29,0,,100,1705,1,2026-07-06 23:03:29,R_7P9zbxzfGSX3ZUR,,,,,,,anonymous,EN,1,P000173,5,5,5,4,4,1,1,1,4,1,3,3,3,3,1,3,3,3,1,4,2,"This is difficult.  I do not believe any of these apply in all cases, even most.  Prisoners can easily commit crimes in prison, so I put it last.  I suppose that others could be deterred for fear of punishment, which led to my first choice  ",7,1,7,7,4,1,3,1,9,3,1,6,1,4,1,3,1,2,1,1,1,2,1,7,5,5,1,1,4,2,7,1,2,5,4,1,7,3,1,6,6,1,7,1,4,4,7,7,1,1,1,7,7,1,7,1,1,1,7,1,1,1,1,7,7,1,1,7,7,1,1,1,1,7,1,1,7,8,100,24,,,,,,,,,15,0,"I think there is a mistake in your paragraph above.  You said Frankie was only 17.5 years old.  But I am pretty sure you meant to say Darryl.  I do NOT believe minors should EVER receive adult sentences.  They should have other types of rehabilitation to meet their specific needs.  ","In this case I hope he will receive a better rehabilitation.  Also, being paralyzed makes is very difficult for him to hurt anyone anyway, and having committed the crime before a proper adult age of reasoning, he should not receive a prison sentence, but should have been given a non-prison rehabilitation program.  ",1,7,1,56,2,1,6,2,1,3,2,"There are two questions with serious problems!!!!  I think they are attention checks.  The one about lilly pads should have said 'days' not 'minutes', and the correct number was not there, which I believe should be 47 days.  Also the ball and bat question had a non-sensical set of responses.  ",3
2026-07-06 22:40:53,2026-07-06 23:03:47,0,,100,1373,1,2026-07-06 23:03:47,R_6mDviHJ3wAdkzTO,,,,,,,anonymous,EN,1,P001010,5,5,3,3,5,3,3,3,5,5,3,5,2,3,3,2,5,3,2,1,4,"I think the best reason is it prevents prisoners from committing other crimes but I do not think prisoners get rehabilitated in prison at all. The conditions are inhumane and unclean and there are not many resources offered to prisoners to help with rehabilitation and preparing for the outside world. ",6,1,5,7,1,1,6,5,9,5,2,7,1,6,2,2,2,3,2,1,1,2,3,5,7,5,2,3,4,2,7,2,2,1,2,1,5,7,5,4,3,1,6,2,2,2,6,3,1,2,1,5,6,1,6,1,1,1,7,1,1,1,1,7,7,1,1,7,7,5,1,2,1,7,1,1,7,10,100,47,50,50,"While maybe not intentional, he did murder someone. I do think murder should be rightfully punished more severely than most crimes. ",Will deter criminals from causing bodily harm which can get someone killed,,,,,,,,,2,7,2,41,2,1,4,1,3,3,2,,1
2026-07-06 22:27:19,2026-07-06 23:05:30,0,,100,2291,1,2026-07-06 23:05:31,R_5el7ZVPCNKZMqVO,,,,,,,anonymous,EN,1,P000842,7,7,4,7,7,7,4,7,4,1,6,7,2,4,7,5,4,2,4,1,3,"I feel like our society places more of an emphasis separating the classes which in the minds of people in the upper class means removing criminals from their society. When it would really serve a much a greater purpose if we could simply prioritize learning how to contribute to the planet and learn to behave and get along like grownups, but there is a factor of immaturity that doesn't change regardless of how much time goes by. It is not absurd that people should have to  answer for their misdeeds, and it is only through punishment and consequences that people feel justice has been served, although the statistics of people who exit the prison system 'rehabilitated' is shockingly low and in truth people are muych more likely to become better criminals in prison.",7,2,1,7,7,1,3,4,9,1,1,4,1,7,1,1,4,4,7,1,4,5,4,7,7,4,4,1,4,4,7,4,1,3,3,1,7,7,1,4,4,2,4,4,6,6,4,7,2,4,4,4,7,3,6,1,1,4,4,1,1,1,4,3,5,2,1,7,7,7,1,3,1,3,1,7,4,10,100,24,45,50,"He is confined to a prison no matter where he is at, in jail or at home in his own body. I chose the maximum sentence because at least this way he is guaranteed ti get the proper care and guardianship that will be necessary through the prison system.","A life wasted for a life wasted, it's not right but it is what it is.",,,,,,,,,1,7,1,43,2,1,6,5,3,3,1,"This study is going to linger, it will sit with me for quite a while..",1
2026-07-06 22:40:23,2026-07-06 23:05:45,0,,100,1521,1,2026-07-06 23:05:45,R_5k65jiEj3UV2hbL,,,,,,,anonymous,EN,1,P001282,5,4,3,5,5,1,3,5,5,3,4,5,1,5,5,5,4,3,2,1,4,"From what I feel is most to least true. ",4,2,4,5,4,1,6,1,9,5,4,4,3,4,3,3,5,4,5,3,4,5,4,5,7,3,3,3,4,4,6,4,4,4,4,3,5,3,6,3,1,2,5,3,5,4,6,6,1,1,1,6,6,1,6,2,1,1,7,1,1,1,1,7,7,7,1,7,7,2,1,1,1,7,1,1,6,10,5,47,,,,,,,,,25,20,It seems appropriate.,Rehabilitation,1,6,1,27,2,1,5,1,1,3,2,,3
2026-07-06 22:54:04,2026-07-06 23:07:46,0,,100,821,1,2026-07-06 23:07:47,R_15NhgSyF5mMPXyQ,,,,,,,anonymous,EN,0.8999999761581421,P001510,6,6,5,6,6,6,4,6,6,7,5,6,4,6,5,6,5,4,2,3,1,"rehabilitation is the most important reason for punishing criminals, so that they dont repeat the offences.  the second most important reason is that it deters other people from comitting crimes, when they see what criminals have to go through when they are imprisoned.  when criminals are locked up, they cannot roam the streets and commit any other crimes",5,3,4,7,4,1,4,4,9,1,2,1,2,4,1,7,4,4,4,3,7,4,4,4,7,4,3,6,4,4,4,2,1,1,4,1,7,7,3,6,2,7,1,7,7,7,6,6,1,1,1,7,7,1,7,1,1,1,7,1,1,1,1,7,7,1,1,7,7,1,1,1,1,7,1,1,7,10,5,47,,,,,50,1,"because he's no longer a threat, his limbs are paralyzed","the sentence wont accomplish much, because he is paralyzed. prison is no place for someone that is paralyzed",,,,,1,7,1,49,2,1,3,1,1,1,1,,2
2026-07-06 22:49:07,2026-07-06 23:09:10,0,,100,1202,1,2026-07-06 23:09:11,R_6IQrjcZf7CFEcr8,,,,,,,anonymous,EN,1,P001927,3,4,4,5,5,3,4,6,4,5,5,6,1,5,4,2,4,3,2,1,4,"The most applicable reason for me is that while locked up, prisoners cannot commit other crimes against people living in free society. ",7,1,5,7,5,1,5,3,9,4,3,7,2,5,3,3,7,5,5,1,2,5,3,7,7,5,3,6,4,4,7,2,4,1,2,1,5,4,2,4,1,2,5,2,4,2,5,7,3,1,3,4,4,4,5,3,1,1,7,1,2,2,1,7,7,2,2,7,7,6,1,4,1,7,1,3,5,5,100,47,,,,,,,,,50,50,He killed a man,Keep society safe,1,7,1,57,2,1,6,3,1,3,3,Some of these were very hard to answer,3
2026-07-06 22:26:37,2026-07-06 23:12:06,0,,100,2728,1,2026-07-06 23:12:06,R_6prE0ZCBZfLQHfc,,,,,,,anonymous,EN,1,P001417,5,5,4,5,5,4,5,4,3,3,5,5,5,6,4,4,3,3,4,1,2,"
I think it is good to keep prisoners from being free to commit crimes.  I do not think that crimes will decrease by having other criminals in prison.",3,4,3,3,5,6,3,4,9,3,5,4,5,5,3,3,5,4,3,2,3,4,5,3,4,3,4,3,4,4,3,5,4,1,4,2,7,6,4,4,4,5,2,4,5,5,5,5,4,4,3,3,6,4,3,4,4,2,7,4,3,1,1,7,6,6,1,7,7,2,1,4,1,4,2,2,6,5,5,48,,,,,,,,,35,33,I don't know why whether it is made public or not matters.,"Perhaps it would help him to improve ",1,6,1,72,2,1,4,2,1,3,3,,3
2026-07-06 22:55:50,2026-07-06 23:13:05,0,,100,1034,1,2026-07-06 23:13:06,R_3EyGVEZi2km2cTz,,,,,,,anonymous,EN,1,P001415,7,7,7,4,5,1,4,5,4,4,7,7,1,1,4,7,5,1,3,2,4,"When crimes are committed there is a debt to society that must be paid, inmates cannot commit crimes in society, punishment does deter ""some"" crime, and prisoners do not get rehabilitated in prison thus that is my thought process. ",7,1,1,7,1,1,7,7,9,7,4,7,1,7,1,1,5,1,1,1,3,4,7,7,7,6,1,7,4,5,7,1,2,3,4,1,4,1,7,1,1,1,7,2,1,4,5,4,4,4,7,5,7,3,7,1,4,5,2,1,4,7,7,3,3,7,7,1,7,7,7,7,7,1,7,7,1,10,5,47,50,10,"I would recommend this sentence because a minimum price would need to be paid for what happened. Additionally whether the government sees it this way or not anyone under 18 is still a child. Even people 18 are still developing and are like children. ","I would first hope that this person is sent to a juvenile prison and not adult prison. Additionally I would hope that this time would give the offender the opportunity to reflect upon what he did and mature. This should also satisfy the payment requirement to society. ",,,,,,,,,1,7,1,37,1,1,6,5,3,3,1,,1
2026-07-06 22:53:10,2026-07-06 23:13:15,0,,100,1204,1,2026-07-06 23:13:16,R_75WxDuKlDjtEJIx,,,,,,,anonymous,EN,1,P001024,5,5,5,5,5,5,5,5,5,5,5,4,5,6,4,4,5,3,1,2,4,"We need punishment because it does deter people from committing certain crimes. The deter is important, otherwise there's potential for chaos. I next select that prisoners cannot commit other crimes. I think it's important to consider that these prisoners would continue to commit crimes. Next criminals do deseerve to be punished, I think it's a little less important than them preventing committing crimes, and detering them from committing crimes. But I still consider that if someone commits a crime that they should be punished for it. Finally, I do think it's important that prisoners get rehabilitated, however, I don't priortized over those I rank above. It's something that needs to be consider more than it has been though. ",4,4,3,6,3,2,5,2,9,2,3,6,3,6,2,4,4,4,3,4,3,3,5,3,4,3,5,5,4,3,6,2,3,2,3,2,5,5,3,5,5,4,3,4,4,4,4,3,3,3,4,6,6,3,5,3,3,4,4,3,4,1,1,7,7,1,1,7,7,3,3,3,1,7,1,1,7,10,5,47,50,50,"He still destroyed the life of someone. Murder, is the reason why I felt stricter earlier on the discussion when making judgement of crime. It's the one of the crimes that I believe prison is more for punishment/keeping someone off the street. So I still believe that Darryl deserves a life sentence. ","I'm hoping less people will want to commit a crime like Darryl. They will see no matter what circumstances that you receive the punishment that you deserve. ",,,,,,,,,2,6,1,31,2,1,4,5,3,1,1,,1
2026-07-06 22:57:23,2026-07-06 23:13:37,0,,100,973,1,2026-07-06 23:13:37,R_12Lphl3P7o03V9L,,,,,,,anonymous,EN,1,P001425,4,5,4,5,6,5,5,5,5,6,6,5,5,5,5,5,4,1,3,2,4,Because that is how I view them,7,4,4,7,1,1,4,6,9,3,4,7,2,6,1,3,1,4,5,1,4,5,4,1,5,6,6,5,4,3,7,1,4,1,1,1,5,5,7,2,2,2,4,2,1,2,6,5,2,2,2,5,4,2,7,2,1,1,7,1,1,4,1,7,7,4,4,4,7,2,5,2,1,2,6,6,2,10,100,24,,,,,,,,,25,25,Its what he deserves,Nothing really,2,7,1,49,1,1,3,4,3,2,2,,3
2026-07-06 22:49:14,2026-07-06 23:15:27,0,,100,1572,1,2026-07-06 23:15:27,R_3GDmors8Zq7bKHD,,,,,,,anonymous,EN,0.800000011920929,P001591,6,5,6,6,4,6,6,7,7,6,7,7,6,7,6,6,6,3,4,2,1,I've ranked the reasons for punishment in that order considering the rights of the criminals .,6,5,5,6,6,6,6,6,9,7,6,6,6,5,6,6,6,7,6,6,6,6,4,6,5,5,4,6,4,6,7,6,6,6,6,6,5,6,5,5,6,7,5,5,7,7,6,6,6,6,6,6,6,7,5,6,7,7,1,7,7,7,5,7,6,7,6,5,5,4,6,6,4,6,6,6,5,0,100,24,,,,,,,,,35,50,because he had committed two crimes at the same time...killing Frankie and stealing people's vehicles,it will put Darryl in alignment with the rule of law,1,7,6,64,1,2,6,1,2,1,2,,3
2026-07-06 22:53:51,2026-07-06 23:15:48,0,,100,1317,1,2026-07-06 23:15:49,R_52h7o6WdRs5igrz,,,,,,,anonymous,EN,1,P000839,6,7,6,7,7,6,5,6,6,4,5,7,4,3,7,6,7,1,3,2,4,I think that in general the reasons to punish criminals is to protect society from them committing other crimes.,4,5,2,2,4,4,7,3,9,7,6,6,4,5,5,3,6,6,6,5,6,3,7,3,4,2,5,6,4,2,5,2,2,1,4,1,4,4,7,3,2,6,2,7,7,6,4,6,7,5,6,2,5,4,4,3,2,1,7,2,4,4,4,3,2,6,7,2,2,6,4,3,1,2,5,6,2,5,5,47,50,50,"I think that it's still important for him to spend the rest of his life behind bars for brutally murdering someone while trying to rob them. Even if he cannot move around anymore, he's still responsible for what he did and should not be part of society.","I hope that it will ruin his life to be locked up forever, and I hope that others will see how this turned out for him and not want to copy the crime he did.",,,,,,,,,1,7,1,35,1,1,4,4,3,1,1,Thank you!,1
2026-07-06 22:46:34,2026-07-06 23:15:53,0,,100,1758,1,2026-07-06 23:15:54,R_1CZYTxkObfXvm2T,,,,,,,anonymous,EN,1,P001762,4,7,4,6,7,4,3,6,6,3,5,6,4,7,5,4,5,1,3,4,2,I think it is most important to try to rehabilitate criminals but it also needs to be clear crime needs to be punished.,2,2,1,3,4,3,4,3,9,4,4,7,4,7,7,1,5,3,4,1,2,5,4,5,5,5,4,3,4,5,7,4,3,2,4,1,5,4,5,3,2,2,3,4,4,4,4,4,3,4,5,4,3,4,6,3,1,1,7,4,4,1,1,7,7,1,1,7,7,5,1,4,1,6,1,1,6,5,5,47,,,,,50,50,His new diagnosis does not change what he did.,It will punch Darryl for the crime he committed.,,,,,1,7,1,39,2,6,3,1,1,3,3,,2
2026-07-06 22:40:08,2026-07-06 23:16:37,0,,100,2188,1,2026-07-06 23:16:37,R_6zNOAA7zGqbCU7Q,,,,,,,anonymous,EN,1,P000879,6,6,3,5,6,5,4,5,4,6,5,5,3,5,5,5,6,4,2,1,3,"I'm more focused on protecting society and preventing futher harm, and I do not prioritize vengeance, which I think is a driving factor for a lot of punishments for lower criminal acts. ",4,2,2,7,2,1,6,3,9,2,3,3,5,5,5,3,5,3,5,3,4,5,6,5,5,4,3,5,4,3,3,3,3,2,4,1,4,5,3,5,3,3,4,5,5,5,5,5,3,5,5,5,5,3,5,4,4,3,5,5,4,1,1,6,6,3,3,5,5,3,5,6,1,5,5,3,4,10,100,47,,,,,30,30,"While Darryl is no longer a physical threat, whatever compelled him to act this way is still present in his mind - and he does not deserve to be released and become a burden on society and enjoy his freedom just because he is no longer a risk physically. He can still surround himself with people who are more than capable of doing his bidding and be involved in further crimes. ","To bring justice to a man who committed crimes that led to the death of another individual and keep him under monitoring so that he is not able to harm others in the future. ",,,,,1,7,1,31,2,1,4,3,3,1,1,,2
2026-07-06 22:59:40,2026-07-06 23:18:04,0,,100,1104,1,2026-07-06 23:18:05,R_5TNZ1TTHFzLuGeB,,,,,,,anonymous,EN,1,P001213,7,6,7,7,7,6,7,7,7,7,7,6,6,7,6,7,6,2,1,4,3,"First off, its a common saying Dont do the crime, if you cant do the time. This a determent from serious crimes. IF one still commits than  they must be punished. When punished and if the ability is there for change, a common christian value in our country is forgiveness. Lastly, prisoners cannot commit other crimes but they as fuck can learn more knowledge about worse crimes from the best of the best in prison and even end up in Gangs and/death",4,3,2,5,5,1,4,6,9,4,4,6,4,7,3,4,7,5,5,4,5,4,5,3,5,4,5,5,4,3,7,3,3,4,3,3,7,5,1,7,3,5,1,5,5,4,4,5,4,4,5,3,4,4,4,4,4,4,4,4,5,3,3,5,5,4,3,5,5,6,4,7,7,1,7,7,1,5,5,47,,,,,,,,,25,0,He doesn't pose any ill to the public and it allows the money for public sector and not wasted,goal is to prevent the wasteful expenditure of public funds on a symbolic punishment that yields no practical return.,1,7,1,36,1,1,4,4,3,3,3,GO TROJANS!,3
2026-07-06 23:00:09,2026-07-06 23:18:44,0,,100,1114,1,2026-07-06 23:18:45,R_6bc4vB4XSy5E3E5,,,,,,,anonymous,EN,1,P000549,4,5,4,4,4,1,5,5,7,5,4,2,1,4,2,5,5,3,1,4,2,"This was a tough one. It is hard for me to generalize between criminals and crimes and means of punishment since it is pretty general. This is why I ranked these the way they are. I do know that punishment can prevent people from committing crimes, but at the same time not all crimes can be considered punishable. Many prisoners that are locked up wont likely commit crimes.",6,2,3,1,2,1,2,3,9,4,4,6,4,4,4,4,2,5,5,2,1,5,3,4,7,7,2,4,4,4,7,1,2,1,1,1,7,7,3,5,7,3,4,4,5,5,6,6,3,3,2,6,7,2,6,2,5,5,3,5,5,1,1,1,7,7,1,7,7,7,1,1,1,5,1,1,5,5,100,47,40,50,"He severely murdered a minor. He doesnt deserve to see the light of day. ","It should show everyone in society to not to be a threat to others in society or else. ",,,,,,,,,1,7,4,49,2,5,6,4,3,3,3,n/a,1
2026-07-06 22:54:19,2026-07-06 23:18:59,0,,100,1479,1,2026-07-06 23:19:00,R_6ctGF2w2Vj8Du7E,,,,,,,anonymous,EN,0.8999999761581421,P000277,6,6,6,6,6,5,5,7,6,6,6,6,4,5,6,5,6,3,2,1,4,"1 if incarcerated the criminal activity stops, it should deter strongly, unfortunately the person particularly violent crime deserves punishment, criminals may or may not get rehabilitated",2,6,2,1,2,2,5,7,9,6,6,4,6,6,4,4,4,5,6,4,6,4,6,2,2,4,6,6,4,4,6,4,2,6,6,3,7,6,5,5,2,3,2,3,5,6,5,6,6,5,4,5,4,5,6,4,5,4,4,5,6,4,2,2,4,7,7,2,3,5,5,6,1,4,4,4,4,10,5,47,,,,,,,,,30,30,"darryl is guilty of second degree murder, so the punishment should be the same 30 years.",Darryl will not be killing or stealing for 30 years which helps society,2,4,1,71,1,1,4,6,2,1,3,it was interesting,3
2026-07-06 22:58:44,2026-07-06 23:19:04,0,,100,1220,1,2026-07-06 23:19:05,R_7nwQQefnYbgNk6K,,,,,,,anonymous,EN,1,P000518,6,6,4,4,6,4,5,5,6,5,5,6,6,5,3,4,5,4,2,1,3,"I have no idea whether each individual who commits a crime DESERVES the punishment. I believe it is the government's responsibility to keep harmful people contained and to do whatever works to deter criminal behavior. ",4,3,3,6,6,4,5,3,9,4,4,5,4,6,3,2,4,4,4,4,4,4,5,5,5,4,4,5,4,4,7,3,4,3,3,2,5,5,6,2,2,2,4,4,4,5,6,4,3,3,4,7,6,4,4,5,2,4,4,4,5,2,1,6,6,5,5,4,5,5,4,5,2,4,2,4,4,10,5,47,25,20,The minimum within the average range. He was responsible for someone's brutal and painful death.,"For him to not spend a significant amount of time in prison would be a source of pain and dismay to the family and friends of the woman who was killed. ",,,,,,,,,2,2,4,63,2,1,4,4,3,3,1,,1
2026-07-06 22:18:24,2026-07-06 23:19:30,0,,100,3665,1,2026-07-06 23:19:31,R_1H7YvLh5f8pk7W1,,,,,,,anonymous,EN,1,P000204,6,6,5,5,6,3,3,6,5,6,4,5,3,6,5,4,2,1,3,4,2,I agree criminals deserve to be punished and that some can be rehabilitated. Punishment deters some from committing crimes but not all. And just because some one is in prison does not mean they can not commit other crimes.,6,4,5,6,1,1,4,5,9,3,4,6,3,6,1,2,1,5,1,1,2,4,5,2,5,5,4,4,3,2,6,3,2,3,3,1,6,6,6,2,2,3,3,4,4,5,6,5,2,2,2,6,7,3,5,3,4,5,6,3,4,2,5,6,6,2,2,6,7,5,1,2,6,1,7,7,1,10,5,24,,,,,50,50,"He violently to some ones life, and it was not the first time. And it was a minor who still had their whole life ahead of them. That was some ones daughter, sister, aunt, or best friend. He took her life he deserves to have his taken. He deserves the death penalty since there was no chance that her death was cause by any one but him. Not to mention the person driving the vehicle now has to go on trying to live there life with that horrible insident always haunting them because of him. I could go on but I will stop here. Death Penalty!!",That he never does it again and tax payers dollars don't go to supporting him for the rest of his life.,,,,,1,7,1,42,2,1,2,6,3,3,1,Not all people who commit crimes are bad people. Just happens only some get caught.,2
2026-07-06 23:00:17,2026-07-06 23:20:36,0,,100,1218,1,2026-07-06 23:20:37,R_6jemldQilPDxxPq,,,,,,,anonymous,EN,1,P001890,4,2,4,3,5,6,3,5,5,4,3,3,2,4,4,4,5,2,1,3,4,"i do believe that punishment can deter others and the criminal themselves and that if you do commit a crime and are caught then you do deserve some punishment. however it has been proven that some criminals can commit crimes behind bars either to others in the prison or even those outside the prison. its also been proven that prison is not always a good form of rehabilitation ",5,2,3,6,4,6,2,6,9,3,5,7,2,6,2,1,3,1,1,1,4,4,4,3,5,4,3,3,4,1,7,1,4,1,1,1,4,3,6,4,2,2,4,4,2,2,6,1,2,2,2,4,6,1,7,1,4,1,7,2,4,1,1,7,7,1,1,6,7,2,3,6,1,7,1,1,4,10,100,24,35,0,"he is unable to do anything anyway, it would appear as if the universe has decided that Frankie be unable to function for life. also keeping him in prison would cost more than the average which would then cost taxpayers more","since there is not sentence i suppose it would just give frankie much time to think about his actions ",,,,,,,,,1,6,2,27,1,1,3,3,1,3,1,na,1
2026-07-06 23:00:14,2026-07-06 23:20:43,0,,100,1228,1,2026-07-06 23:20:43,R_72FUG6eHoDGcJgt,,,,,,,anonymous,EN,1,P000685,5,5,5,4,5,4,5,5,5,5,5,6,4,4,6,4,5,4,2,1,3,Society gets more safe when criminals are locked in prison and cannot commit crimes.,4,4,4,5,4,1,4,4,9,5,5,4,4,6,4,3,5,4,4,4,4,4,4,3,4,5,4,5,4,4,5,2,4,5,4,2,4,3,6,3,2,4,2,4,4,4,5,4,3,3,3,4,4,3,5,4,4,2,5,4,4,4,4,4,4,4,4,6,6,4,3,2,1,4,4,5,4,4,5,47,,,,,,,,,25,25,On the previous page you said that the typical length is between 20 and 30.,The parents of the victim will feel that justice would be established.,1,4,1,53,2,1,6,4,5,3,3,,3
2026-07-06 22:53:04,2026-07-06 23:20:53,0,,100,1668,1,2026-07-06 23:20:54,R_7rNg0mdjHsG9253,,,,,,,anonymous,EN,1,P001795,4,6,5,6,7,4,4,2,6,4,6,6,1,3,3,4,5,2,3,1,4,"1: When you lock up rapists, murderers and child rapists they are removed from society and kept from commiting more crime. 
2. Criminals have to be punished for their crimes. Any country with a legal statute, abides by this. 
3 Punishment can keep some criminals from reoffending but it does not guarantee reformed people. 
4. Rehabilitation is nearly non existent in the types of for profit prisons that do not put rehabilitation seriously",3,4,3,5,4,1,6,6,9,1,1,7,4,7,1,1,5,3,2,1,4,4,5,1,3,5,4,6,4,3,7,1,3,1,4,1,6,6,7,4,1,2,3,2,4,5,4,4,2,3,1,4,6,3,4,2,4,4,4,4,5,4,1,7,7,4,4,4,4,7,4,5,3,4,4,4,4,10,5,24,,,,,40,40,"The punishment is not what he will not be able to do in the future with his physical limitations, but a punishment for what hes already done. Frankie isnt coming back. Shes dead. He will live, watch TV in prison, probably laugh a few times, be entertained with a tv show, a newspaper, etc. Frankies family will never get the images of her bloody corpse out of their heads from the night he continued to beat her until she was pushed into a place she cant recover from. She will no longer be able to have hopes and dreams, a family, children, grandchildren. She no longer has a voice.","It will get this piece of garbage women beater off the streets. Physical limitations dont always keep abusers from control. Removing him from society is one less abuser out free. ",,,,,2,7,1,53,1,1,3,4,3,2,2,"Great study! As I mentioned in part of the study, my problem with the CJ system is the For Profit private prisons. They are not ethical due to the people who run them. Also there should be a clear cut punishment per crime that does not vary from case to case. Aggravated robbery with no murder is automatic 25 years, with murder, life in prison. Sex crimes against children, should be the severity of the incident(s) i.e. aggravated, indecency etc. X 10 years. For instance, 2 incidents with a child over 2 months, is 2 x 2 x 10 with no parole. All crimes should have a standard punishment that way there is no favoritism or anyone getting off with a lighter sentence based on money or who they know. ",2
2026-07-06 22:22:25,2026-07-06 23:21:45,0,,100,3559,1,2026-07-06 23:21:46,R_77xGvqL1e9KPvYc,,,,,,,anonymous,EN,1,P001721,7,7,7,7,7,7,1,7,7,1,7,7,7,4,4,4,4,1,2,3,4,"Criminals deserve to face accountability for the crimes they commit otherwise there is no order in the world and criminals would continue break the law. Punishment is the only way to keep others in line and continue to lead a safe life. It depends on the criminal. Some really do make bad choices, but others live to break the law and harm others if it makes them feel good. Not all prisoners get rehabilitaed because evidence shows that a lot of criminals are repeat offenders.",1,7,1,2,7,7,7,2,9,4,4,4,4,3,5,1,7,7,4,3,4,2,6,2,1,1,7,7,4,6,4,3,1,1,1,1,4,4,4,6,4,5,2,5,5,5,1,1,7,5,7,4,7,7,1,7,1,1,7,4,7,1,1,7,7,1,1,7,7,5,1,1,2,3,1,1,1,5,5,47,,,,,50,50,"Just because a prisoner is ill or handicapped, doesn't change the crime they commited. The sentence still stands.","To punish a murderer, give some kind of closure or peace to the family. ",,,,,1,7,1,42,2,1,3,2,3,3,3,"The legal and ethical questions were truly engaging and made me think of different scenarios and second guess myself at times. I appreciate you giving me this thought provoking study where I had to stay fully engaged and think of my morals and what our justice system says is right and wrong. Very well put together. ",2
2026-07-06 23:02:31,2026-07-06 23:22:03,0,,100,1171,1,2026-07-06 23:22:04,R_11JqfeyuWnBTgtj,,,,,,,anonymous,EN,1,P000470,6,6,5,5,6,6,5,5,4,4,5,4,4,6,6,6,5,2,1,4,3,i believe in an eye for an eye,6,1,4,7,5,3,6,5,9,5,3,1,3,4,5,4,5,4,4,3,5,5,6,4,5,5,6,6,4,5,5,4,5,6,5,5,5,4,3,3,3,3,5,5,5,4,6,5,2,4,1,7,7,2,5,1,2,1,7,1,1,1,4,7,7,1,1,7,7,4,1,1,1,5,5,6,5,10,100,24,,,,,50,50,it doesn't matter if he poses a threat or not he did the crime he should stay in prison especially for something as bad as that,"maybe open the eyes of the justice system ",,,,,1,7,1,40,2,4,4,4,3,2,3,na,2
2026-07-06 23:01:56,2026-07-06 23:24:59,0,,100,1382,1,2026-07-06 23:24:59,R_5CK1QuMzp6Be9nK,,,,,,,anonymous,EN,1,P001146,7,7,1,7,7,4,4,4,7,6,7,7,4,1,7,5,6,1,3,2,4,"Because I do think they deserve to be punished. And I dont think most of them get rehabilitated in prison. ",1,7,1,1,7,7,7,7,9,2,7,2,7,1,7,1,7,7,7,6,7,1,7,7,5,1,7,7,4,7,1,4,1,4,4,2,7,7,3,4,4,7,1,7,7,7,1,7,7,4,7,1,4,6,3,6,4,1,7,1,7,1,1,7,7,1,1,7,7,7,4,4,1,1,2,3,1,5,5,48,50,50,"Because the time reflects the crime. ","A deterrent to others. He took a life. I could care less about his autoimmune disease. ",,,,,,,,,2,7,4,62,2,1,3,6,3,2,1,,1
2026-07-06 22:54:12,2026-07-06 23:26:29,0,,100,1936,1,2026-07-06 23:26:30,R_61aqs6Ehn74uECd,,,,,,,anonymous,EN,1,P000216,7,6,6,6,6,1,3,6,5,7,6,6,3,3,5,3,6,3,2,1,4,"deterrance and public safety are the top choices above imho.  I don't believe much rehabilitation happens in USA prisons.  Punishment is an ok rationale, but I don't want to see a society of sadists.",5,2,7,5,5,1,5,1,9,1,2,1,1,7,4,4,5,3,3,5,2,5,5,6,7,5,6,2,4,1,7,1,2,1,2,1,5,2,5,5,3,3,5,5,6,5,5,3,1,1,2,6,7,1,7,3,2,1,7,2,2,3,3,5,4,5,2,5,5,5,3,1,1,6,2,2,5,1,20,24,,,,,50,50,"He directly caused the unjust death of Frankie an innocent minor.  Justice demands punishment even though his limbs are frozen.  ",Punish the wrongdoer.  Pay a debt to society.  Justice for Frankie.,,,,,1,7,1,60,1,1,6,1,1,3,1,,2
2026-07-06 23:08:01,2026-07-06 23:28:09,0,,100,1207,1,2026-07-06 23:28:09,R_23f9qmnzDFbH5yB,,,,,,,anonymous,EN,1,P000654,7,7,6,7,7,4,7,7,3,7,7,7,7,6,7,7,7,3,2,1,4,Getting them off the streets is the first priority for the safety of the public. Unfortunately many prisoners are not successfully rehabilitated even though that is the goal.,3,4,3,7,3,1,4,4,9,4,4,7,4,7,1,1,7,5,4,3,4,3,5,4,5,3,5,6,4,1,6,5,4,3,1,1,7,7,3,7,4,6,3,5,6,7,4,7,4,5,4,1,4,3,5,1,4,5,5,3,4,3,5,4,6,4,1,6,7,7,1,4,1,1,7,7,1,10,5,24,,,,,,,,,50,40,He is a violent person with no remorse and it seems only fair to have his life taken away as well.,Atoning for his murder.,1,3,1,31,2,1,3,4,3,1,1,No comments,3
2026-07-06 22:50:39,2026-07-06 23:28:25,0,,100,2266,1,2026-07-06 23:28:25,R_6ZEOAAp2AsC8XJg,,,,,,,anonymous,EN,1,P000719,7,7,2,7,7,4,3,5,5,6,7,7,1,2,5,5,7,1,3,2,4,"Criminals have broken the law and deserve to be punished commensurate with the crime or crimes they committed. They cannot commit crimes against the general public while incarcerated, but they can still commit crimes against other prisoners in the same facility. Punishment no longer seems to deter large numbers of other people from committing crimes, but it does deter some. I don't believe prisoners get rehabilitated in prison. They are just exposed to other prisoners who teach them better criminal behavior and practices. Most who appear to be rehabilitated are just pretending to be.",1,7,1,6,1,1,7,7,9,7,4,5,7,7,1,1,6,6,3,6,6,4,6,1,1,1,5,6,4,6,7,6,2,2,4,1,7,7,2,4,4,5,1,6,5,5,4,2,4,2,5,6,6,5,6,5,3,1,7,3,5,1,1,7,6,5,4,3,5,6,2,6,7,3,3,5,5,5,5,47,,,,,50,50,I don't believe the mitigating circumstances decrease the severity of the crime or the level of punishment Daryl should receive.,It will keep a murderer from being a potential threat to people outside of the prison where he resides.,,,,,2,7,1,78,1,1,4,4,3,3,3,"The study is fine. It made me think. At my age and experience, I believe punishment is for a crime that has been committed. I understand there are all sorts of discussions about the effectiveness of punishment or the deterrent effect, but none of the discussions seems to address the very real fact that someone committed a crime and that behavior should be punished. If we decline to punish offenders, what is the point of even passing criminal laws? I tend to discount the ""reasons"" people commit crimes, and think only that a crime was committed and there is a societal victim. The punishment should fit the crime, and the age, condition or motivations of the criminal don't erase the fact that he or she committed a crime. Thank you for allowing me to participate in this study.",2
2026-07-06 22:55:10,2026-07-06 23:29:11,0,,100,2041,1,2026-07-06 23:29:11,R_6JXhVpvPcyr0xGI,,,,,,,anonymous,EN,0.6000000238418579,P000863,6,6,6,5,6,5,5,2,6,6,6,6,2,2,5,5,6,2,1,3,4,"Punishing Criminals does stop some people from committing crimes, Prisoners still commit crimes in prison to each other. Then prisoners mostly don't get rehabilitated.",6,2,2,6,5,2,7,1,9,5,6,2,2,5,3,2,5,5,3,2,3,5,3,6,6,6,2,2,4,5,6,5,5,2,5,2,5,5,3,3,2,2,2,3,3,3,6,5,3,6,3,5,5,2,6,5,2,3,6,2,2,2,2,6,6,2,2,6,6,5,2,2,5,6,2,2,6,10,20,24,,,,,,,,,50,50,"Darryl Killed frankie so that should be life in prison, know exceptions.",It should show that if You kill someone your going to jail for the rest of your life.,1,6,6,61,1,1,3,1,1,1,1,When You kill someone it should be life in Jail. All other criminals should be taken case by case.,3
2026-07-06 23:12:48,2026-07-06 23:29:26,0,,100,997,1,2026-07-06 23:29:27,R_7i9vopvadrSotnb,,,,,,,anonymous,EN,1,P000003,6,6,5,6,6,5,6,6,5,5,5,6,5,7,5,4,3,4,1,3,2,"I placed deterrence at the top of my list because this is the only way we can all benefit by preventing future crimes. If the fear of punishment persuades a person not to commit a crime, the number of victims will be drastically reduced.

Rehabilitation came second on my list for the simple fact that most criminals will be released back into the community sooner or later. So, by teaching them doing crimes wouldn't be their only option, changing their mindset, and turning them into taxpayers, their recidivism can be curtailed. At the same time, the public's safety will be boosted over the years.

I put incapacitation as third because it is often said that it is only while the criminals are imprisoned can the society be protected from them. No doubt about it, that is a way to provide security mostly but one should remember that this is only until the time of their release.

I placed deserved punishment in the last position because while it is true that holding people responsible is a necessary thing, the main goal of sentencing a person to a certain time/certain degree of suffering should be to serve a purpose and not just be punitive. A system of criminal justice should be aimed at stopping harm, keeping people safe, and shaping offenders in a positive way when the opportunity arises.",4,2,2,6,3,1,5,4,9,1,1,3,4,7,1,3,1,2,1,1,1,5,3,5,6,6,3,3,4,5,7,1,3,5,4,1,5,4,7,4,4,1,4,2,3,4,7,3,1,1,2,7,7,1,7,3,3,1,5,4,5,1,1,7,7,3,1,6,7,3,3,1,1,6,1,3,5,5,5,47,45,35,"In my opinion, a 35, year sentence would be reasonable since the factors at hand only partially alleviate the worries about the possibility of Darryl being a dangerous person in the future. Still, they don't completely remove the necessity for him to be held accountable. Darryl perpetrated a violent crime of such a degree that another person's life was taken; So, the punishment must correspond to the level of damage inflicted and act as justice for the victim and her family.

However, a person's medical condition lessens the risk of him causing physical harm to society. And, Really the information is not disclosed to the public diminishes the necessity for a punishment based on the deterrence factor for the public. Even so, punishment should target other goals like holding the person accountable, acknowledging the gravity of the crime, and making it clear that engaging in violence will lead to serious repercussions.","My wish is that this penalty manages to strike a chord between the merits of the case and the limits of punishment: making Darryl face up to the consequences for the life he has taken while at the same time appreciating that his present situation may make some of the objectives of imprisonment, e.g. deterrence less critical.",,,,,,,,,1,4,1,29,1,1,4,4,3,3,3,Adding visual aids to improve study responses,1
2026-07-06 23:09:27,2026-07-06 23:29:56,0,,100,1228,1,2026-07-06 23:29:56,R_1VLaN1nWfTUd2xF,,,,,,,anonymous,EN,1,P001233,7,7,7,7,7,7,7,7,7,7,7,7,7,7,7,7,7,1,2,3,4,"The top reason for criminal punishment is to punish the person who committed the crime. The thought of being punished prevents others from committing crimes. When a criminal is locked up, they can't commit more crimes in society. They can still commit crimes in prison though. Rehabilitation doesn't work on all prisoners.",2,5,1,3,4,1,6,5,9,3,7,5,7,3,7,1,6,6,7,3,4,4,6,2,6,1,6,6,4,4,7,7,4,2,1,1,5,4,6,3,3,7,1,7,7,7,1,7,4,7,5,4,4,4,4,3,4,1,7,4,6,1,1,7,7,1,1,7,7,6,2,4,4,6,4,4,1,5,5,47,,,,,50,50,I don't care that he is paralyzed. He should still spend the rest of his life in prison for being an alcoholic and a murderer.,That his life is worse than the pain he caused Frankie's family.,,,,,1,7,1,31,1,1,4,4,3,1,1,,2
2026-07-06 22:56:26,2026-07-06 23:30:06,0,,100,2020,1,2026-07-06 23:30:07,R_3aRjJwsrix0T9y2,,,,,,,anonymous,EN,1,P000045,6,5,5,6,6,5,5,5,6,5,5,6,5,6,4,4,6,2,4,1,3,"it seems to make sense to me ",4,4,2,6,3,1,2,2,9,3,3,6,4,7,2,2,4,5,4,2,4,5,6,4,4,5,6,6,4,3,7,1,4,4,4,1,5,5,6,3,2,4,3,4,4,5,6,2,6,2,6,4,4,1,6,4,1,1,7,1,5,4,1,7,6,3,1,6,7,4,1,5,2,5,2,2,5,10,5,24,30,50,"he deserves it as he took away another persons whole life,  carelessly and violently",I hope someone kills him in prison,,,,,,,,,1,6,1,80,1,4,2,3,3,3,2,"fine study, thank you very much",1
2026-07-06 23:13:04,2026-07-06 23:30:45,0,,100,1060,1,2026-07-06 23:30:45,R_1XdMkSJIyx8zI2i,,,,,,,anonymous,EN,1,P000509,3,3,3,3,3,3,3,3,3,3,3,3,2,3,3,2,4,4,2,1,3,"Because it is inherently true that they cannot commit other crimes while incarcerated and sometimes it does deter people from committing crimes, I do not think that prisoners receive proper rehabilitation and not all crimes deserve punishment.",5,2,4,5,1,1,5,3,9,3,2,5,2,6,2,4,3,2,5,1,2,4,3,5,5,5,3,3,4,2,6,3,4,1,4,1,3,3,5,3,2,1,6,1,1,1,6,5,2,2,2,6,6,2,6,2,2,1,7,1,1,2,2,7,6,3,2,6,6,4,2,2,2,5,2,2,5,10,5,24,,,,,34,15,"I do think that he deserves a decent amount of time in prison for her death, however with an autoimmune disease he will likely die much earlier than other people so the sentence could be lessened if he truly is not a threat.",To still get justice but fairly,,,,,1,6,1,41,2,1,3,2,3,3,2,I do not have any suggestions at this time,2
2026-07-06 22:52:33,2026-07-06 23:32:12,0,,100,2379,1,2026-07-06 23:32:13,R_3N3JRVDnyJgFTYl,,,,,,,anonymous,EN,1,P000366,5,5,4,5,5,5,3,3,5,3,7,6,2,3,3,3,5,2,3,1,4,"We are safer when serious criminals are off the streets. I do not think the rehab in prison is adequate. ",4,3,3,5,4,2,4,1,9,3,3,4,4,6,3,4,5,3,6,3,4,4,6,5,6,6,4,7,4,3,7,4,2,6,4,1,4,3,4,3,4,3,4,3,2,3,6,5,2,3,2,7,7,1,7,1,1,1,7,1,3,1,1,7,7,1,1,7,7,2,1,1,1,7,1,1,7,5,5,47,25,25,It was a horrible crime.,"It will keep him away from society and his influence  away from other people,
",,,,,,,,,1,5,1,73,2,1,4,1,1,3,1,none,1
2026-07-06 23:17:48,2026-07-06 23:32:57,0,,100,909,1,2026-07-06 23:32:58,R_13rVKKWL5nyJkI1,,,,,,,anonymous,EN,0.8999999761581421,P001069,7,7,7,7,7,7,7,7,7,7,7,7,7,4,7,7,7,2,3,1,4,i think it's safe for our communities and society if imprisoned criminals cannot commit crimes,1,5,1,4,7,2,7,5,9,7,7,3,7,7,7,7,7,7,7,7,3,7,7,7,7,7,7,7,4,7,7,7,7,4,7,7,7,5,1,1,1,5,1,5,5,6,2,7,7,7,7,5,6,5,1,4,7,2,4,7,7,1,1,5,7,4,1,7,7,2,1,7,1,7,4,1,7,10,5,24,,,,,,,,,20,10,"i think 10 years is a long time, and for his condition, it seems just",regret and remorse,1,7,1,20,2,4,2,4,3,1,1,,3
2026-07-06 23:08:35,2026-07-06 23:33:46,0,,100,1511,1,2026-07-06 23:33:47,R_3cbVfpnqjkpC4Iy,,,,,,,anonymous,EN,1,P001333,6,6,3,6,7,6,5,5,6,6,5,6,4,3,5,6,6,1,2,3,4,"criminals deserve to pay for what they did 

after that, we need a deterrent for others thinking of committing crime, 

people locked up cant do it again, 

i do not believe prisoners get rehabilitated ",4,3,2,6,2,1,6,3,9,6,7,7,5,6,6,2,6,6,6,3,6,5,6,2,4,4,5,6,4,4,6,2,4,3,3,2,6,6,6,5,3,5,4,7,6,6,3,6,6,4,3,4,5,6,3,3,3,5,3,4,3,3,5,7,7,2,2,5,6,3,4,5,2,5,5,6,3,10,100,24,,,,,,,,,40,7,"his life has given him all the bad luck that he had gotten, and all  the punishment he was needed i would do 5-10 years to get him punishment, but to waste tax payer dollars fully on him, is not right ","to show sometimes life gives you the punishment needed ",1,6,2,30,1,1,3,4,3,1,1,,3
2026-07-06 22:56:10,2026-07-06 23:35:34,0,,100,2363,1,2026-07-06 23:35:34,R_6FIqncmNJDgFXJD,,,,,,,anonymous,EN,1,P000568,7,7,4,7,7,1,1,1,4,6,5,3,4,4,4,4,4,1,2,4,3,"I chose this order because they do deserve to be punished for what they did, it teaches others what is wrong, they learn and can be rehabilitated, but also other people not locked up can commit those others crime. ",1,7,1,7,7,4,7,7,9,7,4,7,7,7,4,1,1,4,5,7,4,4,4,4,5,5,7,7,4,4,7,3,1,1,4,1,5,5,6,4,4,6,1,6,5,6,4,4,7,6,4,3,4,3,5,1,4,1,7,4,7,1,7,7,7,1,1,1,7,7,5,1,1,4,1,1,1,10,5,47,,,,,40,40,Max sentence for the crime but not too long,teaches him to not do the crime again,,,,,2,7,7,23,2,1,2,1,1,3,3,,2
2026-07-06 23:17:54,2026-07-06 23:35:42,0,,100,1068,1,2026-07-06 23:35:43,R_1SVwLHbcjz1g3eN,,,,,,,anonymous,EN,1,P000449,7,5,4,6,7,6,3,6,6,7,5,6,6,7,5,6,6,3,2,1,4,"The first reason is to keep those who commit crimes, out of areas in which they will do more harm. It is also a very big dettereant for others who might want to commit a crime, to not follow through. In some way, I also beilive criminals deserve to be punishned, and it is really beneficial when there are rehabilitation programs in prsion, but it isn't the strongest reason.",3,5,3,7,4,1,6,3,9,5,5,6,2,6,1,4,3,5,2,1,2,5,5,3,6,3,2,7,4,2,6,1,2,5,3,1,6,4,5,5,2,2,2,3,3,5,5,2,1,4,2,6,5,2,6,2,2,6,1,3,3,2,1,7,7,3,2,6,6,5,3,3,1,2,4,5,3,10,100,24,,,,,30,15,"He has a disese that disables him completly. Even if he wasn't in jail, he would be restricted for the rest of his life. The disese might also shorten his life. While his actions were awful, I think the timing depends on different factors, the diesase being one of them.","I hope it will bring peace to the family of the victim, and teach the criminal a lesson.",,,,,1,6,1,20,2,1,4,5,3,1,1,,2
2026-07-06 23:18:52,2026-07-06 23:36:49,0,,100,1076,1,2026-07-06 23:36:49,R_6g9XpDghMj4WnYt,,,,,,,anonymous,EN,1,P000919,6,6,6,6,7,6,1,7,5,4,7,5,1,2,6,4,6,1,3,2,4,"I definitely agree that criminals should be punished and obviously they can't commit crimes out in society. Though I'm sure they still commit crimes inside of prison. But I really don't think that a lot of prisoners get rehabilitated in prison. Some of them come out worse. ",1,4,1,3,4,1,7,7,9,4,4,4,6,4,4,2,6,6,1,5,3,1,4,4,2,1,4,5,4,5,3,4,3,1,1,1,6,7,4,6,4,6,1,6,6,5,1,2,4,6,7,1,4,6,1,7,2,1,7,4,4,6,6,4,4,5,4,2,3,4,2,4,5,1,7,7,1,10,100,24,,,,,,,,,50,50,"It doesn't matter to me what his health is. He committed a crime, he should do his time. ","He took someone's life so his should be taken as well. ",1,7,1,48,2,1,4,4,3,3,3,Best of luck with the study!,3
2026-07-06 23:10:37,2026-07-06 23:37:07,0,,100,1590,1,2026-07-06 23:37:07,R_1Eo8A15sefsiJxF,,,,,,,anonymous,EN,1,P001326,6,7,6,6,7,4,7,7,7,7,7,7,5,4,6,6,5,1,3,2,4,"1; there have to be consequences for your actions, we should  learn this as children
2; statistics show that the same perpetrator will continue to commit crimes idd he is released immediately back to the streets after a crime
3: If others know that there are consequences for committing a crime, it acts as a deterrent.
4: I put this last as rehabilitation rates are low unfortunately",1,4,1,5,5,4,7,7,9,2,3,3,5,7,3,2,4,5,3,5,5,6,6,1,3,6,6,6,4,6,7,2,3,5,4,1,7,5,5,1,1,1,4,2,2,1,6,2,3,4,3,5,5,3,5,3,5,3,7,6,5,5,5,3,6,6,4,4,6,6,4,5,1,2,5,5,3,10,100,24,,,,,,,,,50,50,I believe a life taken can never be given back so it is just to give equal retribution,It should hopefully act as a deterrent,2,7,1,63,1,1,6,5,2,3,3,yes,3
2026-07-06 22:53:41,2026-07-06 23:38:20,0,,100,2678,1,2026-07-06 23:38:20,R_6ODk8cjFzriLti9,,,,,,,anonymous,EN,1,P001161,5,6,3,5,5,5,1,6,6,3,3,7,2,5,3,3,6,4,3,1,2,"When a criminal is locked away from society, they are unable to harm other people. I think it would be wonderful if criminals actually received rehabilitation in prison, however I don't really believe that most do.  ",5,1,4,7,3,1,6,1,9,5,1,3,1,7,1,1,5,5,6,2,4,5,5,7,7,4,3,5,4,5,7,7,4,1,1,1,7,7,1,6,4,2,3,4,5,7,7,7,1,1,1,7,7,1,7,1,1,1,7,1,3,1,1,7,7,7,1,7,7,1,1,1,1,6,2,1,7,10,100,24,,,,,,,,,50,5,"He murdered someone and should be help completely accountable. He could however get time off to go to a permanent nursing facility since he is not able to harm anyone anymore. ","I hope it keeps the criminal from hurting anyone else ever again. ",1,6,1,64,2,1,4,1,1,3,3,Very thought provoking survey for sure!!!,3
2026-07-06 23:07:51,2026-07-06 23:39:27,0,,100,1895,1,2026-07-06 23:39:27,R_5zrbUng5qcWzLnX,,,,,,,anonymous,EN,1,P001675,6,7,5,5,5,7,4,7,7,7,7,7,4,7,7,7,4,2,3,1,4,I think not being able to commit more crimes is very important. Also justice is the 2nd most important because a lot of crimes involve victims. Then showing others what could happen if they commit crimes helps prevent more crimes. Then lastly prisoners getting rehabilitated is rated last but also so important.,3,4,1,6,5,1,7,4,9,4,5,6,4,4,5,1,7,5,7,3,4,4,5,5,7,4,6,6,4,6,7,4,5,2,4,1,7,7,3,7,4,3,2,5,5,7,5,6,4,5,5,6,7,2,4,4,3,1,7,3,4,1,1,7,7,1,1,7,7,4,1,1,1,7,1,1,7,10,100,24,50,50,Because he still committed the crime he should still face the punishment for ending a life.,I would hope it would make a example of not to commit a serious crime unless you are ready to a accept the punishment.,,,,,,,,,1,7,1,31,2,1,2,3,3,1,1,It was a great study,1
2026-07-06 22:56:49,2026-07-06 23:42:01,0,,100,2712,1,2026-07-06 23:42:02,R_7cnCfommAQNORoM,,,,,,,anonymous,EN,1,P001524,6,6,6,5,5,2,1,2,2,1,5,5,5,7,4,4,5,3,4,2,1,"In most prisons, in the US at least, there are programs for therapy and learning a trade.  It is true that violent crimials need to be away from society. There needs to be some punishment for breakng the law. I don't see though, that imprisonment is a deterrent. ",6,1,5,7,2,1,6,1,9,1,1,6,2,7,1,1,2,2,3,1,1,4,3,7,7,6,4,3,4,1,7,1,2,3,1,1,4,3,7,1,1,4,5,3,4,2,6,6,4,1,1,7,7,1,7,1,1,1,7,1,1,1,1,7,7,1,1,7,7,4,1,1,1,7,1,1,7,5,5,48,40,20,"His emotional state led to the original crime and I don;t think he intended muder, bit assault and robbery leading to death is a very serious crime.","I don;t know how old Darryl is but 20 years would be enough for a paralyzed  he may get rehabilitated, but 20 years for a paralyzed person will cause them to die in prison anyway.",,,,,,,,,1,7,1,55,2,1,6,1,1,3,2,"The time about the lilly pads...the amount of minutes, any choice,  did not seem to add up.",1
2026-07-06 23:04:54,2026-07-06 23:42:12,0,,100,2237,1,2026-07-06 23:42:12,R_5DAqSi5GQFE7sJR,,,,,,,anonymous,EN,0.699999988079071,P001818,6,6,5,6,6,6,6,7,6,6,6,6,5,5,6,6,6,1,2,3,4,"Punishment must come from bad actions to deter criminals, which then also helps prevent other people from thinking of doing the same and thinking they can get away with it. While they're locked up, they can't harm the law abiding people. Ideally, they get rehabilitated. But, that's not always possible.",3,4,3,5,7,5,6,4,9,4,4,6,6,3,5,2,5,5,4,5,4,3,6,5,3,3,6,7,4,5,6,5,4,5,5,2,6,4,6,4,3,5,2,5,6,5,2,5,6,5,6,4,4,5,4,4,4,1,7,5,6,3,1,5,7,3,5,5,7,5,4,6,1,6,2,3,6,5,5,24,,,,,35,35,"The answer doesn't change. The fact was, Darryl still committed a crime that led to the death of an innocent person. He still should face the consequence from that action, regardless of what happens after the crime is committed. If he contracted an autoimmune disease, then he'll be less of a threat to society once he serves his 35 years in this scenario.
Also, whether something is made public or not shouldn't matter. Once again, if you commit a crime leading to an innocent person's death, the punishment shouldn't be diminished due to lack of publicity, nor events post-crime (unless the events are directly proven to be tied to the crime in court).","Holding people accountable is key, no matter the ""asterisks"" defenses or prosecutions may try to throw in. Everyone also deserves the right to a fair trial. But if they are convicted, especially of a heinous crime, they should have to carry out a heavy sentence to that crime. ",,,,,1,6,2,32,1,1,3,3,3,1,1,,2
2026-07-06 23:28:27,2026-07-06 23:42:37,0,,100,850,1,2026-07-06 23:42:38,R_5PdN0HeDKthblno,,,,,,,anonymous,EN,0.8999999761581421,P001839,5,6,6,6,6,6,2,6,7,6,6,7,4,6,5,4,6,2,4,1,3,i think its important to put away those that are dangerous to everyone and that criminals especially some should be punished and for lesser offenses they should get rehabilitated,6,4,3,5,1,1,3,6,9,5,5,7,4,6,3,4,4,3,3,1,3,5,4,4,5,5,1,4,4,3,6,2,5,4,5,1,5,6,4,4,5,3,3,1,3,4,4,4,3,5,4,6,6,3,4,3,1,1,7,1,4,1,1,7,7,4,4,6,6,7,3,6,2,7,3,4,6,10,5,47,,,,,,,,,50,9,i still think someone could do harm even like that and he should still be in prison for a long time for killing someone,hopefully he comes back reformed,1,7,1,25,1,4,3,5,3,3,3,,3
2026-07-06 23:29:29,2026-07-06 23:42:41,0,,100,791,1,2026-07-06 23:42:41,R_5JGA46sTlbV9wid,,,,,,,anonymous,EN,1,P000114,5,5,3,5,5,6,6,2,7,5,5,5,5,6,5,3,5,4,3,1,2,because the justice system isn't always just and people get put behind bars that don't always need to be there,7,1,3,7,1,1,3,1,9,1,1,5,1,7,1,1,3,2,4,1,2,5,1,5,6,7,1,3,4,1,7,3,1,1,1,1,7,5,7,3,1,2,3,1,4,5,7,7,1,1,1,7,5,1,7,1,2,6,5,1,3,1,1,7,7,7,1,7,7,7,1,1,1,3,5,5,3,10,100,24,,,,,50,50,he violently killed a woman that's a crime that deserves the most regardless of his disease,"to teach people that its never worth it seek help don't let your anger win ",,,,,1,7,1,45,2,1,3,5,3,3,3,I liked it,2
2026-07-06 23:29:17,2026-07-06 23:42:58,0,,100,820,1,2026-07-06 23:42:58,R_3HAMg9plgn8Q0JH,,,,,,,anonymous,EN,1,P001293,3,7,5,5,5,7,6,6,4,4,6,6,7,7,5,7,6,1,3,4,2,i sincerely believe that criminals deserve to be punished,5,4,4,5,5,5,6,5,9,6,3,6,5,5,5,4,4,7,6,6,6,5,6,5,7,4,3,5,4,5,5,4,4,4,5,5,3,5,5,4,3,7,7,5,5,7,6,6,6,5,6,5,4,4,3,2,6,7,6,7,6,7,6,4,5,6,5,7,6,3,3,1,5,4,4,5,5,10,100,24,,,,,26,11,to learn and correct the mistake,the sentence,,,,,1,7,5,31,2,1,4,7,2,3,1,,2
2026-07-06 23:04:53,2026-07-06 23:44:14,0,,100,2361,1,2026-07-06 23:44:15,R_1l0l40ezb8ML3LP,,,,,,,anonymous,EN,1,P001400,4,6,2,2,6,3,4,4,2,3,3,3,1,2,2,4,6,3,2,1,4,I actually had a tough time with these rankings. The criminal justice system here is just too complex and hypocritically for me to truly feel good about ranking these four reasons in priority order from favorite to least favorite.  Meh.  Not a fan of the ranking questions or ranking system.  :(,6,1,3,7,1,1,2,3,9,3,2,3,1,7,2,2,2,3,2,1,1,6,3,7,7,6,1,4,4,3,7,1,2,2,1,1,3,2,6,1,1,1,6,1,2,2,7,2,6,4,5,6,6,1,7,1,2,3,5,1,1,1,1,7,7,1,1,7,7,7,7,1,1,7,1,1,4,5,5,47,,,,,50,50,"He had every chance to stop and he chose violence every step of the way!  Dude ignored a restraining order, broke into the female's place, beat the hell out of her, then chased her while she was screaming for her life, until his actions get her killed.  The sentence must fit what he actually did, not what he became later!","Definitely wanted to hold him accountable for taking a life.  Sends a clear message that Murder carries dire consequences even if the offender is deemed no longer dangerous.  It also gives the victim's family some measure of justice.  Some things in life can never be truly and efficiently fixed, but those things can still be answered for!",,,,,1,7,1,45,1,1,4,3,3,2,2,This was a highly intriguing and engaging study.  cheers!!,2
2026-07-06 23:20:24,2026-07-06 23:44:54,0,,100,1470,1,2026-07-06 23:44:55,R_7U0cLEfVhLoXLhL,,,,,,,anonymous,EN,1,P001455,4,5,5,5,6,3,4,6,5,6,5,5,4,4,2,3,6,1,3,2,4,"I do think that crime shouldn't go unpunished and by the nature of them being in prison they can't commit crimes outside of prison, although they still can in prison- I do think that for some people it deters them from commiting crimes, but also sometimes people aren't thinking of the consequences while they are comitting the crime, and/or don't care if they go to prison.  I'm not sure how many prisoners actually get rehabilitated in prison- so that's why I have that last. ",5,2,4,5,3,1,4,4,9,3,3,3,3,4,4,4,3,3,4,3,3,5,3,6,6,4,3,3,4,4,7,2,4,2,2,1,5,4,5,4,3,3,3,3,5,5,6,3,2,3,3,6,5,2,6,4,2,1,7,3,4,4,3,6,6,4,4,6,6,4,2,3,3,6,2,2,5,5,5,47,,,,,,,,,22,5,"Can Daryl even go to prison at all if he has permanently paralyzed limbs?  That seems like punishment enough?  ","I""m actually not sure.  I don't see prison as the right answer really given his condition.  But what else is there? ",1,7,1,41,2,1,6,2,1,3,1,"the question about the lily pads- the answer was in minutes instead of days. ",3
2026-07-06 23:34:26,2026-07-06 23:46:40,0,,100,734,1,2026-07-06 23:46:40,R_6OjoyKCUDn1MNYN,,,,,,,anonymous,EN,1,P000336,3,3,3,3,3,3,3,3,3,3,5,3,3,7,4,3,3,4,3,2,1,I think prison should be focused on rehabilitation and not punishment. Punitive prisons are not effective and they’re inhumane,7,1,7,7,1,1,2,1,9,1,1,1,1,4,1,7,2,1,5,1,1,6,2,7,7,2,1,1,4,6,7,5,2,1,1,2,7,2,7,2,3,3,5,1,5,6,7,6,1,1,1,7,7,1,7,1,1,1,7,1,1,1,1,6,7,1,1,7,7,1,1,1,1,7,1,1,6,5,100,47,,,,,15,2,"He should face some justice for her family, but ultimately he poses no threat to society.",I hope he will become a remorseful person who deeply regrets his actions and eventually contributes something to society,,,,,1,7,1,25,1,1,4,1,1,2,2,,2
2026-07-06 23:27:05,2026-07-06 23:46:50,0,,100,1185,1,2026-07-06 23:46:51,R_36lIJLsauTr9axP,,,,,,,anonymous,EN,1,P000670,5,5,5,5,5,4,5,5,5,5,6,5,3,4,4,3,5,4,2,1,3,"I have had much experience with friends and family going to jail, and I have seen that incarceration only makes criminals worse when they are released.  I believe in other ways to enforce justice, like restorative justice and community service.  ",6,1,6,7,3,2,3,1,9,3,2,7,2,5,1,6,2,2,4,1,1,6,3,6,6,6,2,2,4,3,7,1,3,1,1,1,3,2,7,2,1,1,5,1,2,4,7,4,1,1,1,7,7,1,7,2,1,3,3,3,1,1,1,5,6,3,2,4,6,1,1,1,2,7,1,1,7,10,100,24,10,8,"He still needs to be punished for killing her, but his sentence should be reduced on account of the fact that he is essential imprisoned in his own body.  ","Sends a message that her life was valuable, hopefully deters other criminals from killing people, and gives him accountability for taking her life. ",,,,,,,,,1,4,1,50,2,1,4,3,3,2,2,This really made me think!,1
2026-07-06 23:22:31,2026-07-06 23:47:53,0,,100,1522,1,2026-07-06 23:47:54,R_3kPZRcBbAw7p5Cx,,,,,,,anonymous,EN,0.10000000149011612,P001548,6,7,5,6,6,6,6,7,6,7,7,5,5,7,6,5,6,3,1,2,4,Punishing crime discourages others from engaging in criminal activities. Crime is an offence that deserves to be punished.,1,6,1,2,5,3,6,5,9,2,6,5,5,6,6,1,6,6,6,3,3,1,5,5,6,2,1,7,4,6,7,3,3,1,4,1,5,5,3,1,2,6,1,5,7,6,5,7,6,6,7,2,2,5,1,2,6,7,5,5,7,7,5,6,6,5,6,5,5,2,2,3,1,2,6,5,3,5,5,47,21,15,"Darryl had no intention of killing Frankie, but things escalated. ","I hope the sentence will change Darryl to a better person, one who obeys the rule of law and society at large.",,,,,,,,,1,6,5,36,2,1,4,6,2,2,2,The study was interesting to complete.,1
2026-07-06 23:34:52,2026-07-06 23:50:10,0,,100,918,1,2026-07-06 23:50:10,R_3hsgmOQ1Wgdjdvg,,,,,,,anonymous,EN,1,P001374,6,6,6,5,6,5,6,6,6,5,5,5,3,4,5,6,6,1,2,3,4,"I think crime without punishment sets a bad example, but I am not convinced the current prison system (at least in the United States) does an ample job to rehabilitate prisoners. ",5,2,4,5,3,2,1,2,9,1,1,2,2,7,2,4,2,2,5,1,2,5,4,7,7,5,2,5,4,1,7,1,2,1,1,1,2,3,7,2,1,1,3,1,2,2,7,2,1,1,1,6,7,1,7,1,1,1,7,1,1,1,1,7,7,1,1,7,7,4,1,1,1,7,1,2,5,5,5,47,,,,,,,,,20,20,"The new circumstances do not change the original crime. Parole can be possible after 10 years, but the minimum standard sentencing is required. ","I hope for rehabilitation and that Darryl is able to gain anger management and training in skills that can make him a living after prison. ",1,5,1,32,1,1,6,1,1,2,2,"I have nothing further, but I hope you have a great day! ",3
2026-07-06 23:26:28,2026-07-06 23:50:47,0,,100,1458,1,2026-07-06 23:50:48,R_6rLL41AvE9tWFHz,,,,,,,anonymous,EN,1,P001465,7,7,7,7,7,7,7,7,7,7,7,7,7,7,7,7,7,1,3,2,4,Deterrence matters most because it protects future victims. Serious crimes also deserve real consequences. Locking dangerous people up keeps the public safe. Rehabilitation is good when it works but prison does not always change people.,3,5,1,5,6,3,6,6,9,4,4,4,5,7,2,2,5,5,3,3,4,3,6,2,4,4,6,6,4,6,7,2,3,5,5,1,6,6,5,3,3,3,3,4,5,6,7,3,1,2,3,7,7,2,6,4,5,6,2,4,5,7,7,1,1,1,7,1,1,7,5,5,5,4,6,6,3,5,5,47,50,50,He still killed someone during a violent crime. His condition lowers the future threat but it does not erase what he did. A serious sentence is still deserved.,It should hold him accountable and show that taking a life has serious consequences. It also gives justice for the victim.,,,,,,,,,1,7,1,59,1,1,4,6,2,1,1,the ball is .05 but the slider doesn't show decimals.,1
2026-07-06 23:25:59,2026-07-06 23:50:49,0,,100,1489,1,2026-07-06 23:50:49,R_3ZHVDOuyDHm8d2w,,,,,,,anonymous,EN,1,P001580,7,7,7,7,7,7,7,7,7,7,7,7,7,7,4,7,7,2,1,3,4,"Punishment is an end in itself. It sets justice, deter future crime and helps deter. It also changes a criminal mindset.",1,6,1,6,7,5,7,7,9,7,6,4,6,6,6,1,7,7,7,5,4,7,7,5,4,2,6,7,4,5,7,2,6,4,5,1,7,7,4,5,5,1,1,1,1,1,7,4,5,7,4,6,7,4,6,4,5,7,2,5,5,4,4,2,5,7,6,2,6,7,7,7,7,1,6,6,4,5,1,47,50,50,"He still deserves life, no matter his health condition. He took Frankie's life. A life for a life.","Justice, for one. Deterrence to society's criminals, second. For example, without this crime and murder will rise. Lastly, protection of society from this killer and others who copy or do exactly the same.",,,,,,,,,2,7,4,70,1,1,6,7,2,1,3,"Study sur ey is highly slanted to leftist thinking, by only barely hiding it.",1
2026-07-06 23:18:30,2026-07-06 23:51:11,0,,100,1961,1,2026-07-06 23:51:12,R_6Ga4ABr1YEQwTAZ,,,,,,,anonymous,EN,1,P000269,7,7,7,7,7,6,4,7,7,7,7,7,1,4,7,6,6,1,3,2,4,"You do the crime, you need to pay. We also need to protect people from more crime from them. If there is no threat of punishment there will be more crime. Im not sure on the rehab.",1,6,1,4,7,4,7,7,9,3,3,6,5,6,4,1,7,7,3,4,5,4,6,4,4,4,5,6,4,5,5,2,2,6,5,2,6,6,5,5,3,4,3,4,5,5,5,3,4,3,4,5,6,4,4,5,4,6,2,4,6,4,1,6,7,3,3,6,6,5,3,4,4,6,1,4,5,10,100,24,50,50,That kind of violence should not be out.,Keep people safe.,,,,,,,,,1,6,1,51,2,1,4,5,1,1,1,,1
2026-07-06 23:28:39,2026-07-06 23:51:22,0,,100,1362,1,2026-07-06 23:51:23,R_7VBHFRvuctmkFtY,,,,,,,anonymous,EN,1,P000694,6,7,4,6,7,7,4,6,6,7,6,6,4,6,6,4,6,1,4,2,3,I just feel this is a fair listing..,1,3,1,7,4,1,6,6,9,4,4,4,4,5,3,3,5,5,4,1,4,4,5,7,7,4,4,6,4,5,7,4,1,2,4,1,5,3,3,5,5,3,4,4,4,4,5,4,4,4,3,6,7,4,5,5,4,5,3,4,5,4,3,4,5,3,3,5,6,6,2,4,1,4,4,4,2,5,5,47,,,,,45,10,I chose this sentence because while the crime was undeniably horrific his total physical paralysis and the fact that he's no longer a threat significantly changes the equation compared to his original state..,My Hope Is that his time served acknowledges the gravity of his actions for the victim's memory while recognizing the traditional goals of incapacitation are no longer relevant given his condition..,,,,,1,7,1,50,1,1,6,5,3,2,2,Interesting study..,2
2026-07-06 23:20:06,2026-07-06 23:52:35,0,,100,1949,1,2026-07-06 23:52:36,R_63otxnqDxIAOEBb,,,,,,,anonymous,EN,1,P001388,7,7,6,6,6,6,3,6,6,7,6,6,6,5,5,5,5,1,2,3,4,I believe the most important reason is to punish criminals as they might have inflicted serious harm on others,3,6,2,6,4,2,6,6,9,6,6,4,5,6,4,2,6,6,6,1,3,4,5,5,6,4,5,6,4,6,6,3,4,3,4,2,6,6,5,4,2,5,2,4,5,5,6,5,5,5,6,6,6,5,5,5,6,6,1,5,6,2,2,7,7,2,2,6,7,5,2,5,1,6,4,3,5,5,5,47,,,,,,,,,20,5,"He is no longer a threat ","Just to satisfy the victim’s family ",1,5,1,60,1,5,6,5,3,3,3,It is a long survey 🙂,3
2026-07-06 23:30:50,2026-07-06 23:52:59,0,,100,1328,1,2026-07-06 23:53:00,R_3EcGVxwgupIbmzG,,,,,,,anonymous,EN,1,P000029,4,7,2,6,6,1,1,3,1,6,4,5,1,4,3,1,4,1,3,2,4,One and two explain themselves. Three and our don't happen in decreasing order.,1,1,1,7,4,1,6,3,9,1,5,4,4,7,1,1,7,5,1,4,4,4,5,7,4,7,5,7,4,4,7,3,3,4,4,1,7,5,2,4,1,1,5,3,5,5,7,4,3,1,5,6,7,4,5,4,4,4,4,4,4,1,1,7,7,7,7,2,7,4,2,3,6,2,4,5,3,5,5,47,,,,,50,50,The crime hasn't changed just because his condition has.,Remove him from society.,,,,,1,3,1,56,1,1,3,4,3,3,3,Thank you!,2
2026-07-06 23:31:00,2026-07-06 23:55:32,0,,100,1472,1,2026-07-06 23:55:33,R_3YTpHNcKL34p3DX,,,,,,,anonymous,EN,1,P000837,7,7,5,7,7,5,4,5,5,6,5,7,2,5,7,5,7,1,3,2,4,"they need to be punished first and foremost, some cant be rehabilitated, also sometimes doesn't deter them from committing crimes, sometimes they just try harder to not get caught",1,5,1,3,6,5,7,6,9,4,4,7,7,5,5,1,6,6,4,5,5,2,7,2,3,2,7,7,4,5,4,7,4,3,5,2,5,5,6,2,2,4,2,4,6,6,3,4,5,5,5,3,5,5,3,5,4,7,4,4,5,4,5,3,4,5,4,4,4,5,5,5,4,1,7,7,1,10,5,47,,,,,,,,,50,50,"do the crime, do the time",don't be soft on crime,1,6,1,32,2,1,1,7,4,3,3,none,3
2026-07-06 23:44:31,2026-07-06 23:57:04,0,,100,752,1,2026-07-06 23:57:04,R_5otXsFAFCXV9jKW,,,,,,,anonymous,EN,1,P001135,7,6,4,6,7,4,4,6,6,6,6,7,2,3,5,4,4,2,3,1,4,"Society needs to be safe. ",4,4,2,5,6,2,7,1,9,2,2,4,5,7,4,4,7,7,4,3,4,5,4,1,1,1,5,5,4,2,5,2,2,3,4,1,3,3,4,2,2,1,1,4,4,4,4,5,1,1,6,4,4,2,4,6,1,7,1,3,4,5,5,5,4,7,5,1,4,6,1,4,1,1,4,7,4,10,100,34,,,,,50,50,He is a violent murderer,A safer society,,,,,1,7,1,53,2,1,4,7,3,3,1,n/a,2
2026-07-06 23:25:52,2026-07-06 23:59:05,0,,100,1992,1,2026-07-06 23:59:05,R_6fkBsPQoDEzc8iY,,,,,,,anonymous,EN,0.20000000298023224,P000112,4,7,6,7,7,7,6,7,2,7,7,7,1,5,7,5,4,2,1,3,4,Because I believe that the most effective is punishment deters other from committing crimes and I really don't think most prisoners get rehabilitated in prison,1,7,1,1,3,1,7,7,9,3,4,7,6,2,3,5,7,7,7,2,7,3,3,6,7,7,7,7,4,6,7,2,7,1,6,2,6,4,7,2,2,3,2,3,3,5,3,2,3,6,6,3,3,3,5,2,3,3,6,3,6,3,4,5,7,3,5,2,3,7,3,7,1,2,4,7,1,5,5,47,50,50,Because he's a piece of crap and he deserves to be by behind bars the rest of his life,I hope the sentence will cause his unrelenting misery and suffering,,,,,,,,,1,4,1,39,1,1,4,4,3,3,1,,1
2026-07-06 23:37:37,2026-07-07 00:00:50,0,,100,1393,1,2026-07-07 00:00:51,R_6JK1H5Gtm3Rece2,,,,,,,anonymous,EN,1,P001576,7,7,5,7,7,4,7,7,7,7,7,7,4,5,4,4,6,3,2,1,4,"I live in a great area but the town next to me is having some crime issues. They are sited, get released...and then do it again. It's ridiculous. ",1,5,1,2,6,1,7,1,9,4,4,4,6,7,2,1,7,5,1,4,6,4,7,5,7,5,7,7,4,7,7,7,2,5,4,4,6,4,6,2,3,2,4,4,4,5,5,7,1,1,4,7,4,1,6,3,3,1,6,7,7,4,2,7,5,5,4,6,7,4,1,1,1,4,4,4,4,10,100,12,,,,,,,,,35,25,"Because it wasn't first degree murder, I'm not sure life would be appropriate. I would want someone to be put away long enough to break the cycle for them.",The sentence will allow people to be safe.,1,3,1,48,2,1,3,4,3,1,1,,3
2026-07-06 23:45:21,2026-07-07 00:00:52,0,,100,931,1,2026-07-07 00:00:52,R_5rv6wIPeIcuO4RL,,,,,,,anonymous,EN,1,P000907,7,5,7,7,7,6,2,6,7,7,7,7,5,5,5,7,6,1,2,3,4,i believe in the united states justice system. i honestly think that it's almost too lax at times because you sometimes here about people who commited a crime then get out on bail and then commit another crime.,2,5,2,3,6,4,7,7,9,6,3,3,6,6,3,2,6,7,6,6,5,5,7,5,6,4,6,7,4,3,6,2,6,3,4,1,6,4,5,2,2,5,2,6,3,4,5,5,3,3,5,6,5,3,6,5,6,4,6,6,6,3,3,5,5,2,4,6,6,6,2,4,2,2,4,7,2,10,100,36,,,,,,,,,25,25,he still committed the crime. just because he suffered from a disease or injury doesn't excuse his actions.,"it will teach criminals that no matter what they do, if they commit the crime, they deserve to be punished.",1,6,2,33,1,1,4,2,1,1,1,i think that the study has a good length and the questions were engaging.,3
2026-07-06 23:42:08,2026-07-07 00:03:35,0,,100,1287,1,2026-07-07 00:03:35,R_14bdTVi1IK2fBrb,,,,,,,anonymous,EN,1,P000903,6,5,6,6,6,5,3,7,5,6,6,6,6,5,6,5,6,1,3,2,4,"First of all, they have to face consequences for their crime. If they are put away, yes they won't have access to commit more crimes.  If punishment is shown, it helps other see maybe its not worth it. They have a chance to mend their ways and become a member of society again but only after they've served their time. ",1,5,1,4,4,6,4,2,9,1,1,7,5,6,6,1,6,7,5,4,5,3,6,1,6,4,6,6,4,5,5,2,1,5,5,2,5,5,7,2,2,1,3,1,1,1,5,5,3,2,2,7,7,2,7,2,1,1,7,1,6,3,4,7,6,4,4,5,6,6,1,2,1,5,1,1,7,5,5,47,25,25,"He still needs to serve time, its not right that he can just get away with it if he has a disease. That's a touch break, but he literally killed someone, whether he meant to or not, it was his choice. So, 25 years and his autoimmune disorder is just his extra punishment. ","I would hope that he has time to think about what he did and that he uses the time in prison maybe to grow other skills that could serve him better. ",,,,,,,,,2,7,1,46,2,1,5,2,1,1,1,I thought that this survey was interesting. You had good use of examples and I think that will give you a good read on people's responses. Best of luck on your research.,1
2026-07-06 23:26:20,2026-07-07 00:03:44,0,,100,2243,1,2026-07-07 00:03:44,R_5f8RYDSalDc3ypd,,,,,,,anonymous,EN,1,P000362,5,4,5,5,5,6,5,7,7,7,6,7,7,7,5,4,6,4,1,3,2,"I think punishment is necessary for big crimes. Small petty crimes like drug use or minimum age requirements etc, I don't feel should be punishable. Prisons do give criminals the chance to get rehab though which is nice. And the reason I went with #3 in that spot is because even when they're locked up they still commit other crimes. And #4 is there because I don't feel all criminals committed a serious enough offense to be punished as harshly as they were. ",6,2,2,7,2,2,7,7,9,5,5,4,4,7,3,2,3,3,3,1,3,4,5,6,7,4,3,7,4,2,6,3,3,2,3,1,6,6,7,2,4,1,3,2,1,3,4,5,3,4,3,5,5,2,7,1,4,3,7,2,3,3,4,6,5,3,3,5,5,7,5,7,4,1,7,7,1,5,100,12,50,50,"I would give him the max solely because it was a minor that he killed and a woman as well. There is 3 things in life I will protect over myself, all women, all children, and my family. So to commit a serious offense like that to a woman I fully believe he deserves to spend the rest of his life locked up.",That he never can commit another crime like that again.,,,,,,,,,1,7,1,30,1,1,3,3,3,2,2,I think society really needs to reevaluate some of its laws.,1
2026-07-06 23:45:24,2026-07-07 00:05:20,0,,100,1196,1,2026-07-07 00:05:21,R_5HDuKEyh25GJDyx,,,,,,,anonymous,EN,1,P001240,6,6,5,5,6,5,6,6,6,5,5,6,5,6,3,4,6,4,3,1,2,"I made public safety and rehabilitation paramount, deterrence secondary and retribution tertiary, since prevention is the most important goal.",5,3,2,6,3,1,5,4,9,1,1,2,3,7,1,6,2,2,2,1,1,5,3,5,6,6,3,3,4,5,7,1,3,3,3,1,7,4,5,5,5,1,5,1,5,5,7,2,1,1,1,7,7,1,7,3,4,3,6,4,5,1,1,7,7,2,1,7,7,1,1,1,1,7,1,2,6,5,5,47,,,,,50,50,I recommended 50 years because the crime was severe and caused irreversible loss.,"I hope this sentence delivers justice, protects society, and acknowledges the victim’s suffering.",,,,,1,4,1,29,1,1,6,1,1,3,3,n/a,2
2026-07-06 23:36:10,2026-07-07 00:05:22,0,,100,1752,1,2026-07-07 00:05:23,R_6f31eVSLHc6Vhzy,,,,,,,anonymous,EN,1,P000276,7,7,1,6,7,5,7,7,7,6,7,7,7,7,1,7,6,2,3,1,4,"I ranked preventing further crimes first because protecting the public has the most immediate impact.I placed deserving punishment second because accountability is an important part of justice.Deterring others came third since punishment may discourage some people from offending,but it is not always effective.I ranked rehabilitation last because ,while it is valuable,rehabilitation outcomes vary and are not guaranteed for every prisoner.",1,6,1,1,7,1,1,1,9,1,7,7,7,7,6,7,7,7,7,7,7,7,7,7,7,1,7,7,4,7,7,7,1,7,7,1,7,7,4,6,6,7,1,7,7,7,1,7,7,7,7,1,7,7,1,7,7,7,4,7,7,1,7,7,7,1,1,7,7,7,7,1,1,7,7,7,7,5,5,47,30,15,"I reduced the sentence because his permanent paralysis eliminated any future threat and the strict confidentiality order means public deterrence is impossible.With incapacitation and general deterrence off the table,the remaining purposes are retribution and proportional accountability.","I hope  the sentence accomplishes proportional justice,giving Frankie's family official recognition that her life mattered and that Darryl is being deprived of his freedom as direct consequence.It holds Darryl accountable despite his cndition,signaling that even a permanently disabled person must face serious consequences for taking a life without excessive punishment that serves no goal.",,,,,,,,,1,7,1,28,1,1,6,7,1,3,3,,1
2026-07-06 23:52:10,2026-07-07 00:06:26,0,,100,856,1,2026-07-07 00:06:27,R_67qZmjcKjsm5wu4,,,,,,,anonymous,EN,1,P001007,7,5,2,4,5,5,7,4,7,3,7,5,6,4,6,4,2,2,3,4,1,"I feel rehabilitation is what should be brought upon first, depending on the severity of the charge.",1,4,1,1,5,1,7,7,9,3,7,7,7,1,7,1,3,7,5,1,4,1,7,7,4,4,2,6,4,4,7,5,1,7,4,1,7,7,6,4,4,7,1,7,7,7,4,4,1,5,7,4,7,4,4,7,7,7,1,7,6,5,6,7,7,4,5,4,3,7,7,7,7,2,3,7,7,5,5,47,,,,,,,,,30,30,The attack was intentional and caused Frankie’s death.,"To ensure accountability ",1,7,1,19,1,1,2,5,2,2,2,,3
2026-07-06 23:46:21,2026-07-07 00:08:01,0,,100,1299,1,2026-07-07 00:08:02,R_5G6AF0K3To1mi9h,,,,,,,anonymous,EN,1,P000562,1,5,2,3,4,1,1,2,1,2,3,5,1,1,2,1,5,4,2,1,3,"I based this on what I observe today. Firstly I think rehabilitation would be a great first priority, however I have not observed that to typically be the case. Firstly I think it is important to get violent offenders away from the public as a means to protecting people. I think punishment does serve as a deterrent for generally honest people. IN last place I put that criminals deserve to be punished because I think its a tragic reality to take years of people's lives. Yes it needs to be done but I don't its something we ought to relish. ",4,2,4,6,1,1,4,1,9,1,1,4,1,6,1,4,2,2,4,2,2,5,2,6,6,4,2,2,4,4,7,2,5,2,1,1,6,2,6,3,2,2,3,2,2,3,6,4,1,2,2,6,6,1,6,1,1,3,4,1,2,1,2,6,6,3,2,6,6,3,1,2,1,5,2,2,4,5,5,47,,,,,25,25,"It is not clear to me that a life outside of prison would be much better for Darryl so it is difficult to justify a shortened sentence based on these factors. Given the circumstances a release from prison and state sponsored medical care could result in a worse quality of life. Keeping the sentence the same satiates the publics desire for justice while also catering to Darryl's disability. ","I believe this is the sentence that attempts to minimize the suffering of all parties involved. ",,,,,1,6,1,29,1,3,6,4,3,2,2,On the question asking how long it would take the amount of algae to double in size the units were marked in minutes not days.,2
2026-07-06 23:41:53,2026-07-07 00:08:21,0,,100,1588,1,2026-07-07 00:08:22,R_5qvzKuJbtplf7nq,,,,,,,anonymous,EN,1,P000083,5,5,5,5,6,3,4,5,3,5,5,4,2,5,5,4,5,4,2,1,3,People can't commit crimes while they are locked up and if there was no punishment people would be less hesitant to commit crimes.,6,3,6,7,2,1,5,5,9,4,4,6,3,4,3,6,4,3,5,2,4,6,3,5,6,5,4,4,4,3,7,4,5,2,4,1,5,5,6,2,1,3,4,3,3,3,6,4,2,4,3,4,4,2,5,1,3,4,4,2,3,3,4,6,4,5,4,4,5,5,2,3,2,3,5,5,3,10,5,47,,,,,,,,,5,1,"Because his limbs are paralyzed he no longer poses a threat to anyone. He should be given a short sentence. ",That he'll learn his lesson and never do anything like that again,1,5,1,27,1,1,4,4,3,3,3,,3
2026-07-06 23:45:41,2026-07-07 00:09:58,0,,100,1457,1,2026-07-07 00:09:59,R_5nCLN5au9Teqao9,,,,,,,anonymous,EN,1,P001605,4,4,4,4,4,4,4,6,4,6,4,4,4,6,4,4,4,4,1,2,3,"I feel like deterring others from crime is most important, followed by ensuring crimes cannot be committed more than once by the same person. I also feel rehabilitation falls to be the next important, although I do disagree that all ""criminals"" deserved to be punished.",4,2,4,5,4,1,4,4,9,1,2,7,2,5,1,4,4,4,4,1,2,4,4,4,5,7,4,6,4,4,6,4,4,4,3,1,4,4,4,3,4,1,1,1,1,1,7,4,1,1,3,6,4,1,7,4,1,1,7,1,2,1,1,7,7,1,1,7,7,5,4,1,1,4,4,5,4,10,20,47,25,25,Because he should have to serve his sentence despite any outside circumstance,Teach the offender a lesson.,,,,,,,,,1,4,1,32,2,1,3,4,3,3,3,Thank you for letting me participate!,1
2026-07-06 23:40:44,2026-07-07 00:11:04,0,,100,1820,1,2026-07-07 00:11:05,R_6dGc2clhkRn7mDA,,,,,,,anonymous,EN,1,P001138,7,5,4,4,6,1,1,2,1,4,4,5,1,6,1,1,7,2,3,1,4,"Firstly, not all crime is immoral. Some things are ""criminal"" but society does not benefit from punishing the criminal, as in the case of shoplifting or speeding, partly because the the crime itself is a normal product of society, circumstance, or a consequence of socioeconomic deficits maintained by society. Punishment is an ineffective deterrent for crimes which are products of mental health effects caused by poverty, like gang violence and larceny. Whether they should be punished should be determined based on harms actually done to a victim. Walmart is not severely harmed by the shoplifting of a loaf of bred, so there can be no just punishment for such crime which results in the loss of potential employment or housing of the perpetrator, especially in the context of what it was they stole (food). I arranged these in order of how they actually serve society; prison is a poor deterrent, and there is very little rehabilitation done in American prisons, if any. Some criminals do deserve to be punished, of course. The best logical, pragmatic justification for prison is that they are removed from society such that they cannot commit more crimes, but that is without considering other factors and that actually does not apply to all crimes. There are plenty of people who manage to continue committing drug and sex crimes in prison, as well as white color crimes like financial fraud and wire fraud. ",7,1,4,7,1,1,4,6,9,4,4,7,1,7,1,1,4,2,5,1,2,5,2,6,7,5,2,4,4,6,7,2,1,3,1,2,4,3,7,4,4,4,5,3,4,3,3,6,4,4,7,6,7,4,5,3,1,1,7,4,4,1,3,7,7,1,1,7,7,4,4,3,1,7,1,2,6,10,100,24,,,,,50,50,"Frankie's extant loved ones deserve to know that Frankie has received justice, just as Frankie still deserves justice in death; or rather, the perpetrator still deserves to have justice done to him.","Justice. Purely justice. Justice is not a display, it is not for show, it is not a parade. It is justice.",,,,,1,7,1,35,1,1,3,1,3,3,1,"It was an interesting questionnaire. ",2
2026-07-06 23:45:15,2026-07-07 00:14:02,0,,100,1727,1,2026-07-07 00:14:02,R_71ocvHWuEVVnnC8,,,,,,,anonymous,EN,0.800000011920929,P001931,5,6,6,5,5,5,3,6,4,6,5,5,5,5,4,6,5,2,1,3,4,"Without any punishment, there is nothing to deter someone from continuing to commit the crime.",3,3,3,6,3,1,4,4,9,3,3,4,4,6,3,3,5,4,5,5,3,5,6,5,6,5,5,6,4,5,6,3,3,5,4,3,5,5,6,1,1,2,1,2,2,2,5,4,4,2,4,3,6,2,7,1,3,1,7,3,4,4,3,7,7,5,1,6,6,5,1,4,5,5,1,1,4,5,5,47,40,0,No there is no deterrence since it will be sealed and he will also be no threat since he will be paralyzed.,It would help him with the medical care he rightfully will need to just live.,,,,,,,,,1,7,1,25,1,4,4,3,1,3,3,,1
2026-07-07 00:00:12,2026-07-07 00:18:25,0,,100,1093,1,2026-07-07 00:18:26,R_1QRSF2JBp1vwZTv,,,,,,,anonymous,EN,1,P001587,7,6,5,6,7,6,6,6,7,7,6,6,4,4,6,6,6,1,3,2,4,"Society can't thrive if there are no shared values and expectations. If there are no consequences for violating the laws that protect those values and expectations, then society does not truly hold to those values and expectations.",3,4,1,7,4,4,7,5,9,4,4,4,5,7,1,1,6,6,3,1,1,2,6,2,4,1,4,7,4,3,7,2,4,1,4,1,7,5,6,5,1,4,4,4,4,7,6,3,1,4,4,4,7,3,6,1,3,7,1,4,6,4,2,7,4,4,4,5,7,4,4,1,1,4,3,4,2,5,5,47,,,,,,,,,50,50,"Darryl killed a teenage boy. I'm not opposed to someone finding repentance/peace with God/bettering themselves in prison, but you don't get to rejoin society after that.","Removing Darryl from civil society, as we should do for all violent criminals",2,7,1,27,1,1,4,5,3,3,3,"Questions too vague. ""Crime""/""criminals"" covers far too broad of a spectrum for most of these questions to be meaningful",3
2026-07-06 23:59:50,2026-07-07 00:20:02,0,,100,1212,1,2026-07-07 00:20:03,R_5uIl7NKMYprfL9c,,,,,,,anonymous,EN,0.8999999761581421,P001387,4,2,2,1,5,2,2,2,2,1,2,2,1,4,1,1,5,4,2,3,1,"I think the goal of prison should be rehabilitation (even though right now that is absolutely not the case). 

Punishment may deter some people from committing crimes, although it's not a very convincing argument when the reasons for some of that crime still exist.

""Prisoners can't commit other crimes"" is a weak argument - it's not like crime concentrates in a single person.

Punishment purely for the sake of punishment is both evil and also won't actually stop anyone from committing crimes once they leave prison again. ",7,1,4,7,1,1,2,1,9,1,1,3,1,5,1,4,1,1,5,1,1,4,1,6,6,7,1,1,4,1,7,1,2,1,1,1,2,1,6,1,1,1,6,1,1,2,7,5,1,1,1,6,7,1,7,1,1,1,7,1,1,1,1,7,7,1,1,7,7,1,1,1,1,7,1,2,7,5,5,47,15,5,"He literally can't reoffend. Sending him to prison for ages is not going to bring anyone back from the dead, it will just cause more suffering. ","What does sending anyone to prison accomplish? I don't know that there should be no consequences at all, but the American prison system is deeply evil and designed to cause maximal suffering while solving none of the problems that caused that suffering in the first place. ",,,,,,,,,1,7,1,37,3,3,5,1,1,2,2,In the future you should probably include mixed race or other as options for racial categories - I had to pick one.,1
2026-07-06 23:58:39,2026-07-07 00:20:37,0,,100,1317,1,2026-07-07 00:20:37,R_5S2zuXAs6fXln1U,,,,,,,anonymous,EN,1,P001740,7,7,7,7,7,7,7,7,7,7,7,7,7,7,7,7,7,3,1,4,2,I ranked them in this order because punishment deters crime and the prisoners get rehabilitated in prison and prisoners can still commit other crimes while they are locked up as they can harm other inmates or the guards which is why its last.,4,5,1,3,4,1,6,7,9,6,7,7,7,7,5,1,7,7,7,6,6,6,7,6,7,5,7,7,4,5,7,4,4,6,2,2,7,6,7,4,3,7,1,7,7,7,4,6,6,4,5,6,7,5,5,5,5,5,7,5,5,5,3,2,7,3,3,6,6,5,4,7,6,6,4,5,5,10,5,47,,,,,50,50,"I recommend life in prison as Darryl still committed the crime and killed a human, which should be punished even if he became permanently paralyzed.",I hope this sentence will prevent people from doing the same and that he will reflect on his crime.,,,,,1,7,1,22,1,4,3,6,2,3,3,,2
2026-07-07 00:08:06,2026-07-07 00:25:27,0,,100,1041,1,2026-07-07 00:25:28,R_565XigVevuciR22,,,,,,,anonymous,EN,1,P001015,7,7,7,7,7,7,1,7,7,7,6,6,5,3,6,6,6,1,2,3,4,It is most important that criminals get punished so they know what they did is wrong. Punishment can help reduce repeat offenders. Criminals cannot commit crimes in the outside world while in jail. Rehabilitation doesn't seem to be an important in American prisons.,2,4,1,7,7,2,7,1,9,1,1,3,1,4,1,1,7,7,3,1,2,4,5,5,7,3,4,5,4,6,7,4,5,2,3,1,6,6,4,6,2,4,3,4,4,4,6,2,1,1,2,7,7,1,7,1,1,1,7,1,2,1,1,7,7,1,1,7,7,4,1,3,1,7,1,1,6,10,100,24,,,,,50,40,"He still needs to serve time for what he did, but if he is no longer a threat to society that time does not need to be as long.",He will realize that what he did was wrong and that he has to face the consequences.,,,,,2,7,2,25,2,1,3,1,1,3,3,Easy to understand,2
2026-07-06 23:48:55,2026-07-07 00:26:28,0,,100,2253,1,2026-07-07 00:26:29,R_6MizoSdlmUtLUnY,,,,,,,anonymous,EN,1,NONSTANDARD_4,6,7,6,7,7,5,6,6,7,7,6,7,5,7,5,6,6,1,2,4,3,"All criminal should be held accountable . When criminals are punished, those who are not hardened criminals will become more aware of the consequences of committing crimes. I do not believe that most criminals are properly rehabilitated during their prison term. Prisoners often commit other crimes while incarcerated. ",4,2,2,5,3,2,5,2,9,2,2,7,4,6,2,2,4,5,3,2,1,1,2,6,4,4,3,3,4,5,7,3,1,1,1,1,7,6,6,4,4,2,4,2,4,4,4,3,6,2,6,6,6,2,6,6,4,4,4,6,5,1,1,7,7,1,4,6,7,4,4,2,2,4,1,4,7,10,100,24,,,,,,,,,50,50,"He planned his action and just because he's not a threat to society, he took a man's life that can never be returned.",That just because someone becomes sick or disabled before completing is no justification for discharge when a life has been taken.,2,7,2,77,2,2,6,2,1,3,1,The study was interesting but somewhat vague at times,3
2026-07-06 23:51:39,2026-07-07 00:27:56,0,,100,2176,1,2026-07-07 00:27:57,R_6tioiTtdLvORS9M,,,,,,,anonymous,EN,0.8999999761581421,P000188,5,3,4,5,5,3,6,5,4,7,4,5,2,5,6,4,6,4,3,1,2,Because if they are in prison they can't harm people from the outside and getting prisoners rehabilitated is a big plus for them because it can help them long term with teaching them useful stuff,6,3,4,7,4,1,5,3,9,4,4,5,3,7,2,5,6,5,3,3,2,5,6,6,6,4,2,3,4,5,5,1,3,2,4,2,5,3,4,2,3,4,3,5,5,6,4,4,4,2,2,4,5,2,6,3,2,1,7,3,2,2,2,7,1,2,2,6,6,4,1,2,2,5,4,5,5,10,5,24,20,2,Should at least be punished for muder,Knows that what he did was wrong,,,,,,,,,1,7,1,28,1,1,2,3,1,1,1,Everything was fine,1
2026-07-07 00:04:53,2026-07-07 00:29:32,0,,100,1479,1,2026-07-07 00:29:32,R_5v6T2aemLcoxbso,,,,,,,anonymous,EN,1,P000641,5,5,4,5,3,1,3,5,2,2,2,2,1,7,2,3,5,2,3,1,4,"Assuming punishment means incarceration, I think its main purpose should be keeping others safe, when a person truly cannot safely remain in society. Secondarily, I do think some crimes warrant punishment as a matter of justice. Lastly, I think deterrence is weak, as studies show it isn't particularly effective. And prisons are not appropriate settings for people to access restorative and rehabilitative services. ",7,1,6,7,1,1,1,1,9,2,2,3,1,4,1,5,3,2,3,1,2,6,3,6,7,6,3,2,4,2,7,2,3,2,2,1,2,2,6,3,2,1,5,1,3,2,7,4,1,1,2,7,7,1,7,1,1,1,7,1,1,1,1,7,7,2,1,7,7,2,1,1,1,7,1,1,6,10,5,47,,,,,20,18,"I only reduced the original sentence I suggested from 20 to 18, because Darryl no longer poses a threat. The bulk of the sentence is a matter of justice-- maliciously taking the life of a partner warrants a serious sentence of nearly two decades. ","I hope it brings some type of closure and sense of justice to the victim's family. ",,,,,2,5,1,35,1,1,6,1,1,2,2,Interesting study,2
2026-07-07 00:12:28,2026-07-07 00:32:26,0,,100,1198,1,2026-07-07 00:32:27,R_5HjIjZMAzzKgVoe,,,,,,,anonymous,EN,1,P001759,5,6,5,2,4,5,5,6,4,6,6,5,2,1,5,4,6,4,2,1,3,Because I believe this ranking accurately represents the order of importance.,4,1,1,6,1,2,2,2,9,1,2,2,4,4,4,4,4,1,6,1,4,4,2,6,4,6,5,1,4,5,7,1,2,1,1,1,6,6,3,6,3,3,4,2,3,5,7,6,2,2,4,6,7,1,7,1,1,1,7,4,4,3,1,3,7,1,1,6,7,3,1,3,2,7,1,1,7,5,100,28,,,,,,,,,25,10,Because he no longer poses a threat to society.,"Rehabilitation and determent from committing more crimes ",1,6,1,19,2,1,3,2,3,3,3,,3
2026-07-07 00:00:25,2026-07-07 00:33:48,0,,100,2003,1,2026-07-07 00:33:49,R_61iHWjQ3nQj9APO,,,,,,,anonymous,EN,1,P000448,7,7,7,7,7,7,7,7,7,7,7,2,5,7,7,6,7,1,4,2,3,"A thriving society needs to have justice. For that to happen, crimes and criminals must be punished and reduced greatly. There would be fewer crimes when criminals are locked up; the prisoners get rehabilitated and return as better people. It also serves as an example to others.",1,3,1,7,5,4,1,5,9,2,2,1,3,7,5,1,7,7,7,1,1,1,7,1,7,7,7,7,4,1,7,1,6,3,4,1,5,4,6,2,3,5,1,6,5,4,5,1,5,6,1,5,7,1,6,1,7,7,1,7,7,1,1,7,7,1,1,7,7,1,2,2,1,7,1,6,7,10,5,47,30,30,"The number of sentences should not change because of the criminal's health. He should still serve his time, but he should be well taken care of.",The sentence will teach him and others the consequences of committing a grave crime.,,,,,,,,,2,7,1,33,2,2,6,5,2,1,1,,1
2026-07-06 23:53:49,2026-07-07 00:34:43,0,,100,2454,1,2026-07-07 00:34:44,R_6idhV6rxs3mnfLH,,,,,,,anonymous,EN,0.8999999761581421,P001480,7,1,7,7,7,7,4,7,7,7,7,7,7,7,7,7,2,1,3,4,2,l ranked according to the way criminals should be treated,4,5,1,2,4,2,6,4,9,5,5,2,4,4,4,4,5,7,6,4,2,6,6,4,6,2,4,4,4,4,4,4,4,5,4,4,6,5,2,5,4,5,3,4,6,5,1,5,4,5,6,4,6,7,6,4,7,7,2,7,7,4,4,4,4,3,4,5,5,3,3,4,4,4,4,4,2,5,5,47,,,,,,,,,38,28,Darryl deserves this kind of punishment,the power and safe society,2,6,4,49,2,1,4,4,3,2,1,,3
2026-07-07 00:07:13,2026-07-07 00:34:51,0,,100,1657,1,2026-07-07 00:34:51,R_7K0WB5uwKL4WxH0,,,,,,,anonymous,EN,1,P000976,6,6,4,7,6,5,1,5,5,4,7,7,5,5,6,3,4,1,4,2,3,"I think that criminals being punished does deter and help to reform but it also keeps the criminals off the street which is just as important. I do not think punishment to criminals deters random people/others. ",4,3,2,6,1,1,7,3,9,3,5,4,2,7,4,3,6,5,2,1,4,4,3,2,5,5,4,3,4,5,7,5,3,1,2,1,3,2,6,2,1,3,5,1,3,4,5,5,1,4,1,5,7,3,6,1,3,4,5,3,2,2,2,7,7,1,1,7,7,6,2,2,1,5,3,3,3,5,5,47,,,,,,,,,50,50,"Even though Darryl is now paralyzed, I do not think he should just have his sentence waived. He killed what legally amounts to a child that was under 18 years of age. At this point, the death penalty would be more justified than letting him get away with the murder. ",Make Darryl pay for the crime he committed.,1,7,1,37,1,1,2,3,1,3,3,"The very first page of ratings seemed to have a formatting error but other than that there were no issues. I found the scenario to be highly unlikely though with how Frankie was taking pictures of the other person's house. A cop that directed an individual to do this should lose their job as that is highly dangerous. ",3
2026-07-07 00:12:43,2026-07-07 00:35:11,0,,100,1347,1,2026-07-07 00:35:11,R_6ocG8ornl9by6dk,,,,,,,anonymous,EN,0.20000000298023224,P001262,5,6,6,6,6,6,6,6,6,5,6,5,6,5,6,7,6,4,3,1,2,In no particular order offender must be punished for their crime against humanity.,5,6,6,6,6,5,5,5,9,5,5,5,6,6,5,6,5,5,5,6,5,6,4,5,6,5,5,6,4,6,6,5,4,5,5,5,5,4,6,5,4,4,4,5,5,4,6,6,6,6,4,6,5,5,5,5,4,5,3,5,6,6,5,5,6,6,6,4,5,6,3,5,6,5,5,4,6,5,5,47,,,,,21,1,Darryl is already permanently disabled and poses no future danger. Price would be purely punitive with no rehabilitative benefits given second chance.,"It holds Darryl accountable while recongnizing his current state, and focuses on restitution and reflection rather than incapacitation.",,,,,1,3,2,56,1,1,5,6,2,3,3,,2
2026-07-07 00:12:21,2026-07-07 00:36:17,0,,100,1435,1,2026-07-07 00:36:17,R_3X3yCHzRkg1oPkt,,,,,,,anonymous,EN,1,P001802,4,6,6,5,6,3,5,6,5,5,4,5,2,5,4,3,5,3,2,1,4,"i think the most important thing is to make sure that criminals don't commit more crime- the recidivism rate shows that most will continue to commit crimes (reasons aside). 

For this same reason, I do not have confidence that prison is an effective form of rehabilitation so i do not see that as a reason to send people away",5,1,3,7,3,1,6,5,9,4,3,5,2,6,2,2,2,2,3,2,3,5,3,6,7,5,2,1,4,3,7,2,5,1,2,1,4,3,5,5,5,4,3,3,4,5,5,4,1,3,4,5,5,2,6,2,4,1,7,4,5,2,1,7,7,4,1,6,6,6,2,3,3,6,2,3,6,5,5,47,25,20,"regardless of what is happening now, he killed someone in the past. He needs to be punished for what he did, not punished or rewarded for what he will not do. While he may not pose a threat to society physically, he has the mind and temperament for crime.",I think that Frankie and her family deserve justice.,,,,,,,,,1,4,1,29,2,1,5,2,1,3,2,I just want to say that I answered the shark question under the idea that humans and sharks operate under different codes of morals and ethics lol,1
2026-07-07 00:16:27,2026-07-07 00:36:45,0,,100,1218,1,2026-07-07 00:36:46,R_7limTmQjLHUOrm1,,,,,,,anonymous,EN,1,P001550,6,6,6,6,6,4,6,6,6,6,6,6,2,6,6,5,6,2,3,1,4,"People don't actually get rehabilitated in prison so that's last and people not committing crimes while in prison is the only good outcome of having prisons so it is first. ",2,3,2,2,3,2,6,4,9,4,4,7,4,6,2,2,3,4,3,3,3,5,3,5,6,3,3,3,4,6,7,1,1,1,1,1,5,2,7,1,1,2,3,2,2,2,3,4,2,2,2,4,6,2,4,2,1,2,6,2,2,1,1,7,1,1,1,7,7,6,5,3,1,6,1,1,5,5,5,47,50,50,He had no reason to kill the woman and he killed her so he deserves to rot.,A punishment for what he did.,,,,,,,,,2,5,1,20,1,3,3,4,3,3,3,,1
2026-07-07 00:13:46,2026-07-07 00:38:49,0,,100,1502,1,2026-07-07 00:38:49,R_3naUfmUnxWhDLLr,,,,,,,anonymous,EN,1,P000180,6,6,4,7,7,7,7,7,7,7,7,7,5,6,7,2,7,2,3,1,4,"Well it is common sense to lock up people who commit crimes so they can not commit another crime
And I really do not believe  prison rehabilitated anyone",3,3,2,5,1,1,6,7,9,2,6,7,6,7,2,6,6,6,6,1,1,1,1,1,1,6,1,1,4,1,7,1,1,1,1,1,7,7,7,1,1,3,1,1,6,4,7,6,6,6,2,2,7,2,7,1,7,7,1,1,7,6,1,7,6,6,2,6,7,7,7,6,7,1,6,5,1,10,100,24,50,50,Because it was premeditated and he killed her while committing a robbery,"Keep him off the streets for good
Frankie never had a chance to live her life",,,,,,,,,2,7,1,51,1,1,2,6,2,3,2,It was a very interesting study,1
2026-07-07 00:06:55,2026-07-07 00:39:24,0,,100,1948,1,2026-07-07 00:39:24,R_3XpOMbsjzjEvRq9,,,,,,,anonymous,EN,1,P000098,6,6,5,6,6,5,5,6,6,6,6,6,5,6,4,4,5,3,2,1,4,"Public safety is the most immediate and tangible benefit of punishment — keeping criminals off the streets protects communities first. Deterrence comes second because it prevents future harm. Retribution matters for justice, but it's more about moral satisfaction than practical outcomes. Rehabilitation is valuable but often underfunded and uncertain, making it the weakest justification in practice.",6,3,3,6,5,1,5,3,9,4,3,5,4,7,2,2,4,3,3,2,3,4,6,5,6,4,4,6,4,4,7,2,3,4,3,1,6,5,4,3,4,3,3,5,5,6,6,4,1,2,3,6,7,2,6,3,3,1,6,4,5,1,1,7,7,4,2,6,7,3,2,1,1,6,2,2,5,5,100,47,,,,,,,,,25,15,"He's paralyzed and no longer a threat, but he still took a life. The crime was serious, and Frankie was a minor, which makes it worse. However, the permanent disability and lack of future threat justify a reduction from the standard 20-30 year range."," Accountability without excessive punishment; it recognizes the severity of the crime while acknowledging that Darryl is no longer a danger to society. It also sends a message that taking a life has serious consequences, even when circumstances change.",1,7,1,41,1,1,5,2,1,3,3,No major comments.,3
2026-07-07 00:16:53,2026-07-07 00:39:32,0,,100,1358,1,2026-07-07 00:39:33,R_53ygWbybMq14fQ2,,,,,,,anonymous,EN,1,P001640,6,7,7,7,7,7,1,7,7,7,7,7,4,4,7,7,7,1,3,2,4,"It's most important that there's a consequence for depriving law abiding citizens of their right to freedom, safety, and property in society. Criminals are antisocial and have already crossed the line of being rational members of the community. Whatever mindset led them to commit a crime, especially serious ones like rape or murder, likely would take serious work and money to make a dent in fixing. It's safer for everyone who doesn't harm a peaceful community that criminals be kept away from the vulnerable.",2,7,1,5,6,6,6,6,9,5,6,7,6,6,4,4,7,7,7,5,5,2,5,3,3,1,4,7,4,5,6,2,5,4,3,1,5,5,4,4,3,5,1,5,6,5,5,4,2,3,5,6,7,2,5,4,3,3,5,4,5,5,2,4,5,5,5,3,4,6,1,3,1,1,4,5,2,5,5,47,,,,,36,36,It doesn't matter if he's paralyzed now and doesn't pose a threat. He should still be punished for his actions and for murdering his ex. This is what he made of his life and shouldn't be shown extra sympathy.,"For Darryl to take to his grave the gravity of what he's done and the life he deprived from someone he once cared for. He is still alive and she is gone forever. The punishment is for him alone to bear in his mind and heart. It also gives comfort to society that if their lives are taken, the killer won't receive a pat on the back and comfort from the state. It's not fair to the victims.",,,,,1,5,1,40,2,4,3,5,3,1,1,The shark is a wild animal and incapable of knowing right from wrong. It just wants to survive and protect itself. I don't understand why you would bring a child anywhere that's near shark breeding grounds. Why take the risk? Go somewhere else.,2
2026-07-07 00:15:28,2026-07-07 00:40:44,0,,100,1516,1,2026-07-07 00:40:44,R_7U7h83Gs4v57Jvz,,,,,,,anonymous,EN,1,P001775,6,4,6,6,6,6,6,6,6,6,6,4,6,6,6,4,4,2,3,4,1,"Rehabilitation addresses causes of crime, desert ensures fairness, deterrence may discourage offending, and incapacitation is weakest because effects end after release.",6,2,2,6,2,1,2,4,9,2,6,2,6,7,2,1,6,6,2,1,2,4,6,6,7,6,6,6,4,6,7,1,2,1,2,2,6,5,5,3,3,1,5,1,4,5,7,2,2,2,6,6,6,1,6,2,2,1,6,6,6,1,1,7,7,2,1,6,7,1,1,1,1,6,1,2,6,4,5,47,,,,,30,10,"Because he committed a very serious crime, prison is warranted, but permanent paralysis greatly reduces future danger and need for incapacitation.",This sentence holds him accountable while recognizing he no longer poses an ongoing physical threat to society.,,,,,1,5,2,30,2,1,2,2,1,3,3,,2
2026-07-07 00:27:18,2026-07-07 00:46:43,0,,100,1164,1,2026-07-07 00:46:44,R_3v24CYawpcx7NXT,,,,,,,anonymous,EN,1,P001970,5,5,5,5,4,4,3,5,5,5,5,5,4,4,4,4,5,2,1,3,4,There certainly needs to be some type of deterrent for incentivizing people to commit crimes and skirt the law.,4,3,4,5,1,1,4,2,9,4,4,5,4,5,5,3,3,4,4,2,4,4,4,3,4,5,4,6,4,3,7,2,3,5,4,1,5,4,5,3,3,4,2,3,4,5,5,4,4,3,3,5,6,3,5,3,2,2,5,2,3,3,2,6,5,5,4,5,6,5,2,2,1,4,3,4,4,5,5,47,20,13,He committed the crime at such a young age and is also contending with a debilitating disease.,I hope it is long enough to make a significant impact but lenient enough to give Darryl a legitimate chance of living a decent life.,,,,,,,,,1,5,2,46,1,1,4,4,3,3,2,,1
2026-07-07 00:28:13,2026-07-07 00:48:31,0,,100,1218,1,2026-07-07 00:48:32,R_7Au6x8O5O5uWBax,,,,,,,anonymous,EN,1,P001553,7,7,6,7,7,4,4,7,7,7,7,6,4,4,7,7,7,1,2,3,4,Punishment like jail and prison deters others from doing the same or similar acts and causes people to think before they act.,1,7,1,1,7,7,7,7,9,7,7,7,7,1,7,1,4,7,4,4,4,4,7,4,7,4,4,7,4,4,7,4,4,4,4,1,7,7,7,1,1,7,1,7,7,7,4,4,4,4,4,1,4,7,1,7,7,1,7,6,7,1,1,7,7,7,1,7,7,4,1,4,1,7,1,1,7,10,5,47,,,,,,,,,50,50,Because hes a murderer and scum.,Lifelong regret,2,7,1,41,2,1,4,1,1,1,1,No comments.,3
2026-07-07 00:36:28,2026-07-07 00:49:03,0,,100,755,1,2026-07-07 00:49:04,R_61HhcTwtJPrqKLM,,,,,,,anonymous,EN,1,P000058,6,6,6,6,6,6,4,6,6,6,6,6,4,6,6,4,4,3,2,1,4,"I feel that is the best rankings ",4,4,2,4,4,4,6,6,9,4,4,6,6,6,4,4,6,6,6,6,6,4,6,6,6,4,6,6,4,4,6,2,6,6,6,1,5,5,6,4,2,4,4,5,6,5,5,6,6,6,4,4,6,5,4,6,5,4,4,7,6,6,4,6,6,6,4,6,6,6,4,6,4,4,4,4,4,10,20,24,,,,,50,50,"time for the crime ",he would die in prison,,,,,2,6,4,46,1,1,5,6,2,3,3,none,2
2026-07-07 00:29:43,2026-07-07 00:50:12,0,,100,1229,1,2026-07-07 00:50:13,R_1KCWmimeNIGEeGd,,,,,,,anonymous,EN,1,P001379,6,6,6,6,7,7,6,7,7,7,7,7,7,7,7,6,6,4,2,1,3,"Those who have committed crimes have proven that they are in fact capable of disobeying the law, and locking them up prevents them from doing it again until their sentence is over. This, in turn, deters would-be criminals from committing crimes. Some prisoners can be rehabilitated but others cannot. Criminals do deserve consequences, but it's not as important as the other three.",3,5,2,6,6,1,5,2,9,4,4,7,4,6,2,2,6,6,5,3,5,4,6,4,5,2,6,6,4,3,6,6,4,6,5,1,7,7,1,7,6,5,2,5,5,7,4,5,4,4,4,4,5,4,4,6,4,1,7,5,4,1,1,7,7,1,1,7,7,4,1,3,1,7,1,1,7,5,5,47,50,50,"He took someone else's life away from them, so the same should be done to him. Frankie doesn't get the option to ""go free"" at any point, so why should he?",I hope that it will be justice enough for Frankie's loved ones and that they can find some closure and peace.,,,,,,,,,1,7,1,38,2,1,3,2,1,1,1,The study was very well written and made me consider things about myself that hadn't crossed my mind. A truly unique experience.,1
2026-07-07 00:07:25,2026-07-07 00:52:05,0,,100,2679,1,2026-07-07 00:52:05,R_3rAPTtRV1tuQG9a,,,,,,,anonymous,EN,0.5,P000499,6,7,6,6,6,7,2,7,7,7,6,5,6,6,5,7,6,1,2,3,4,"To avoid further crimes, criminals should be punished once they commit serious crimes
prisoners are taught how to be good people of good virtues while at prison making them change their immoral behaviour.
being locked in prison controls them since they are caged and therefore they can not commit other crimes",6,5,2,6,5,5,5,5,9,5,6,1,5,7,3,2,2,2,2,4,2,6,6,5,7,7,2,3,4,6,7,5,5,6,4,1,7,7,5,7,7,5,5,6,6,6,6,2,2,4,3,5,7,1,5,2,7,7,1,5,7,5,6,7,7,6,3,7,7,1,7,5,1,7,7,6,7,10,5,47,,,,,30,50,He has killed a minor and dated a minor,"Instead of being killed by the society, he will stay there for life giving him a chance to survive",,,,,1,6,2,25,2,1,5,7,1,2,2,It is evident tha criminals deserve punishment to keep the society a safer place to live in.,2
2026-07-07 00:41:02,2026-07-07 00:54:55,0,,100,832,1,2026-07-07 00:54:56,R_31bHZhSz3OMX69z,,,,,,,anonymous,EN,1,P001882,7,7,1,7,7,1,1,1,1,1,1,3,1,1,5,1,1,2,3,1,4,"You do not want me to be sheriff ",1,7,1,1,7,7,7,7,9,7,7,7,7,1,7,1,7,7,7,6,1,1,7,1,3,1,7,7,4,6,2,4,2,4,4,1,6,6,4,3,2,7,1,7,7,7,1,6,7,7,7,1,4,7,1,7,7,4,1,7,7,6,5,5,1,2,7,1,1,7,5,4,7,1,7,7,1,10,100,24,,,,,50,50,"Criminals ","End their life ",,,,,2,7,3,66,1,1,4,7,2,1,1,,2
2026-07-07 00:23:07,2026-07-07 00:56:22,0,,100,1995,1,2026-07-07 00:56:22,R_5ensvNeOvJGCaor,,,,,,,anonymous,EN,1,P000382,6,7,7,6,6,7,6,5,5,4,7,7,6,4,4,6,6,2,1,3,4,just feel it is the right way to put them,7,4,2,7,1,1,4,7,9,1,4,1,2,7,7,4,4,2,4,1,3,5,7,5,7,6,4,6,4,3,7,1,1,3,1,1,5,5,5,4,3,4,4,3,4,5,7,6,2,4,2,6,6,2,6,2,6,1,7,2,6,1,1,7,7,6,1,7,7,5,5,4,1,3,6,6,3,10,100,24,,,,,,,,,20,20,I would find him as a adult and make him serve a juvenile then got to the big boy house,that just because you are young you can't just go kill someone,2,7,1,61,1,1,5,3,1,2,2,,3
2026-07-07 00:40:31,2026-07-07 00:57:51,0,,100,1039,1,2026-07-07 00:57:51,R_7kWw0D8zLpcxzG1,,,,,,,anonymous,EN,1,P001090,6,6,3,6,7,5,5,4,6,4,6,6,3,4,6,5,6,2,3,1,4,"I think the most important thing is that when criminals are in prison they can no longer commit crimes.  Unfortunately for a lot of criminals, I don't think prison always learn their lesson once they are released.   I also don't believe that is deters others from committing crimes as much as it should.",4,5,2,3,4,3,6,6,9,5,5,7,5,3,5,3,6,7,6,3,5,2,5,5,5,3,5,5,4,4,6,3,3,6,3,1,5,5,5,3,3,5,2,5,5,5,3,6,5,5,6,2,5,4,2,5,2,1,7,3,4,1,1,7,7,1,1,7,7,3,1,3,2,5,2,3,6,5,5,47,,,,,50,50,"I would still recommend a life sentence. Even though Darryl has been paralyzed, he can still pose a threat to society in other ways, and his history shows that he is likely to commit another similar crime in some way.","I hope this would accomplish keeping Darryl away from the public, he is obviously a danger to society.",,,,,1,3,3,39,1,1,3,2,1,1,1,,2
2026-07-07 00:38:45,2026-07-07 00:58:15,0,,100,1170,1,2026-07-07 00:58:16,R_3NaLPi7HgTOgaOd,,,,,,,anonymous,EN,0.800000011920929,P000767,6,6,5,6,7,7,5,5,5,6,6,6,5,6,6,5,5,4,2,3,1,"I chose the first for criminals are human beings and deserve a second chance to life,  and the rehabilitation helps them, they desrve to be purnished is my list since the crime is already done nothing will change.
",3,2,3,5,2,1,1,3,9,6,5,3,2,6,3,3,5,3,2,2,3,4,4,6,3,5,3,3,4,2,6,2,3,2,2,3,4,4,4,3,4,4,3,4,5,5,4,5,3,4,4,5,6,4,5,4,5,4,2,5,5,3,1,4,6,5,2,6,5,4,2,6,3,4,3,5,5,10,5,32,,,,,,,,,21,5,"He posses no threat to the society , life is already punishment enoigh",It will be enonugh for him to rehabilitate,1,6,3,31,2,1,2,5,2,2,2,,3
2026-07-07 00:21:56,2026-07-07 00:59:23,0,,100,2246,1,2026-07-07 00:59:24,R_6FNi7KJnyXOhfFL,,,,,,,anonymous,EN,1,P001305,5,6,3,5,5,5,4,5,6,4,5,5,2,6,3,3,5,2,3,1,4,"The first rank was just the most obvious to me second they do deserve to be punished for sure so that was just the natural 2nd to me. I ranked number three that one because people know the risk of punishment and they don't care they commit crime anyway. And last is the rehabilitation because lets face it, this just doesn't happen in this country's prison system very often at all, especially not like they claim. For profit prisons don't want any criminals rehabilitated they want money.",6,2,6,7,2,1,7,6,9,5,5,7,2,7,2,2,3,2,6,1,3,7,2,7,7,5,5,1,4,3,7,3,5,5,3,2,5,5,7,2,1,1,5,3,3,2,6,5,2,3,3,5,5,2,6,1,1,1,7,1,2,1,1,7,7,1,1,7,7,1,1,5,1,3,2,6,3,,100,24,50,50,"If you kill someone you deserve to rot, why should they get sympathy? They are alive, the victim has no chance for anything. It doesn't get worse.",To ruin their life like they ruined so many others and literally stole someones life. At least they get to live.,,,,,,,,,2,5,1,42,1,1,2,2,1,3,3,,1
2026-07-07 00:37:31,2026-07-07 01:00:54,0,,100,1403,1,2026-07-07 01:00:55,R_6uUKPhYN0LZBs5E,,,,,,,anonymous,EN,1,P001458,5,6,5,5,5,4,4,5,5,5,5,5,4,4,4,4,5,4,1,2,3,"I believe punishment does deter crime, at least somewhat and would be the first choice. And when criminals are locked up, they can't go around committing crimes too. Rehabilitation can occur in prison, but not so much in the US system, as there is a very high rate of criminals committing crimes after release. As for deserving to be punished, yes depending on the crime, but that wouldn't be a top reason to punish them in my opinion.",6,4,3,6,3,1,4,2,9,4,3,4,3,6,2,3,3,3,4,2,3,5,4,6,6,5,4,4,4,2,7,1,2,3,4,1,4,3,7,2,1,3,3,4,4,3,6,5,3,2,3,4,5,2,6,1,1,1,7,1,1,1,1,7,7,1,1,7,7,1,1,1,1,5,2,2,5,10,5,47,20,9,He is less of a threat to society as he no longer can move his limbs. It would be doubtful that he could commit similar violent crimes if he can't move.,"I would hope he would be rehabilitated perhaps turn his life around. Although since he now can't use any of his limbs, I am not sure what sort of life he can expect.",,,,,,,,,2,5,1,58,1,1,5,3,3,3,3,"Interesting survey. Only comment I would make is about the shark question. I assume its a question in regard to punishing the shark, or at least that is the expectation. In my mind it isn't about punishing it, simply that it should be killed so it can't kill any other swimmers.",1
2026-07-07 00:29:24,2026-07-07 01:01:27,0,,100,1922,1,2026-07-07 01:01:28,R_12r4VcEo4vZc92g,,,,,,,anonymous,EN,0.8999999761581421,P001412,7,7,6,6,6,5,4,3,6,7,3,6,5,7,6,5,5,1,3,4,2,"because I believe justice is served when criminals are punished, when they are in prison they get rehabilitated and serves as an example to the other members of the society ",3,6,2,6,7,6,3,1,9,5,7,4,5,2,6,2,3,5,3,2,2,7,6,6,6,6,3,3,4,2,6,5,7,5,3,2,5,2,7,1,1,7,2,5,6,7,3,6,6,6,7,1,5,5,1,7,5,7,6,2,7,6,1,7,3,1,1,5,7,1,6,7,1,5,3,3,3,5,5,47,,,,,,,,,20,25,I think this is fair for second degree murder,this sentence will teacu the criminals about crime,1,7,1,41,2,1,2,3,1,3,1,,3
2026-07-07 00:35:21,2026-07-07 01:02:32,0,,100,1630,1,2026-07-07 01:02:32,R_1Nb8kDeukNVUKDQ,,,,,,,anonymous,EN,1,NONSTANDARD_5,7,5,6,6,6,5,6,7,7,6,5,5,5,6,4,6,6,4,1,3,2,"While I feel that punishments in the USA are often too punitive in severity, I think that threat of punishment is a very important deterrent to criminals. I would also like the state to more seriously contribute to the rehabilitation of prisoners. I believe the system exists but does not achieve its aims well enough. The other reasons are less important to me than detterrence and rehabilitation, but I want to also say that I think few people are bad and irredeemable and so it is not the case that all criminals deserve to be punished with the same severity.",6,4,4,6,3,1,3,4,9,4,3,3,3,6,2,2,2,2,4,2,3,4,3,6,7,7,4,5,4,2,7,2,4,3,5,1,6,5,2,5,5,2,3,4,5,6,6,5,1,2,2,6,7,2,6,2,3,4,6,4,4,2,1,2,6,3,3,5,6,5,3,4,1,4,4,4,4,5,100,47,,,,,25,7,"Darryl's unfortunate circumstance does not mean he should not be punished for his crime. I personally would like to give an even shorter sentence based on his health circumstances, but I also wondered whether the family of the victim would feel the sentence to be too lenient and kept that in mind. If I were the judge, I would give the option to further reduce his sentence dependent on good behavior. Additionally, I would further reduce the sentence if the victim's family petitioned for its reduction. There is also the concern for the cost to the state for Darryl's care. Weighing all these factors and thinking about the common sentence lengths for able-bodied murderers, I made my choice.","I hope it would contribute to deterrence generally, so that anyone committing a violent crime might be dissuaded by a fear of losing their freedom for a significant period of time.",,,,,2,6,2,40,1,1,3,4,3,2,3,Thank you for this opportunity. I am not sure that I have comments that would be helpful because I am not entirely sure of the aims of this study. I answered to the best of my ability and I hope my responses are helpful. I wish you the best of luck in your research.,2
2026-07-07 00:33:21,2026-07-07 01:02:52,0,,100,1771,1,2026-07-07 01:02:53,R_1fWOceWujGcWFix,,,,,,,anonymous,EN,0.5,P000148,7,7,7,7,7,6,7,7,7,7,6,6,3,4,6,6,6,1,2,3,4,"the core is that criminals deserve to be punished, because that is the reason for punishment, a sense of someone committing some act against people in society demands the punishment of the perpetrator.

second is functional ....punishment does indeed deter offenses, society strives for less offenses, so thats easy

3 ...the whole point of locking up prisoners is for a sense of justice and to protect society from them 
4 i only believe in the possible rehabilitation of some types of prisoners",2,6,2,2,2,3,7,6,9,3,3,2,6,7,5,3,6,6,6,4,4,2,6,6,6,2,6,6,4,6,7,3,3,4,4,1,6,6,2,5,5,6,2,6,6,6,3,5,4,4,5,6,6,4,3,3,3,4,6,5,5,4,1,6,4,7,7,3,7,5,2,4,1,2,7,6,2,5,100,47,40,40,"although i would hate to have the government tax payer pay for his medical problems, he still deserves to be in prison, under whichever care under state supervision .","justice for frankie, and justice for her family",,,,,,,,,2,6,1,47,1,1,3,6,2,1,1,"some of these questions are thought provoking, and have illuminated a bit more to myself the way in which i tend to think, for good or for bad.",1
2026-07-07 00:37:34,2026-07-07 01:03:34,0,,100,1559,1,2026-07-07 01:03:35,R_3FFALVmB01jgEBT,,,,,,,anonymous,EN,1,P000241,7,5,5,7,7,3,5,5,6,6,7,7,5,5,5,4,5,2,4,1,3,"for one it gets them off the street which is the best as long as ALL of them get locked up. protects people. and the rest the need to be punished and if the get rehabiltated great. I put the deters last cause I don't think it really deters because some get shit sentencing when should get life but get the lightest sentences. ",2,7,1,2,5,6,6,7,9,6,2,7,7,5,7,1,3,5,3,3,5,3,7,5,5,3,6,7,5,7,6,5,5,5,2,1,3,3,7,1,1,4,1,3,4,2,3,1,7,5,4,1,2,7,1,6,5,6,7,5,7,4,6,3,4,4,3,4,3,7,5,7,3,5,5,4,4,10,5,47,,,,,50,50,Due Diligence is not an excuse. Should have been more careful,"lets people know that they can't get away with shit even if they aren't being resposible. ",,,,,1,7,1,48,1,1,3,6,2,3,3,nothing at this time,2
2026-07-07 00:31:09,2026-07-07 01:05:31,0,,100,2062,1,2026-07-07 01:05:32,R_3Hnvfm1pUTJYH9V,,,,,,,anonymous,EN,1,P001547,4,3,1,3,5,2,7,5,4,7,6,5,5,6,5,6,7,4,2,1,3,"Imprisonment is mostly a preventative measure, in my eyes. I don't hold malice or judgement towards criminals, I simply think crimes should be deterred and prevented as much as possible by locking up or isolating offenders from society. I also strongly believe in rehabilitation, but I don't think it's a reason to ""punish"" them, that doesn't make sense to me. I don't really see it as ""deserving"" or ""undeserving,"" I just hold beliefs that I feel would do the most good. ",4,2,3,5,4,1,4,3,9,1,1,4,2,4,1,5,3,3,3,4,1,5,3,7,7,3,2,2,4,5,5,4,4,2,4,4,4,2,6,1,1,1,5,1,1,1,6,4,1,3,3,6,7,2,5,4,4,2,7,3,2,5,6,2,4,3,4,5,7,1,1,2,1,6,2,3,4,5,5,47,,,,,,,,,35,0,"I recommended a sentence of zero years, since Darryl is permanently paralyzed and cannot inflict physical harm onto others. Under these circumstances I believe imprisonment to be pointless, and that he should have to pay reparations instead. Either that, and/or have an alternative sentence that does not involve imprisonment. Possibly some kind of mandated counseling, or house arrest.","I would hope these alternative sentence(s) will accomplish the maximum benefit for the victim's family, and everyone involved in situation, including future people Darryl could harm (even if not physically) without unnecessarily sending a paralyzed person into prison. It isn't principled to do so, in my opinion.",1,3,1,22,2,1,2,2,3,3,2,,3
2026-07-07 00:42:31,2026-07-07 01:07:20,0,,100,1489,1,2026-07-07 01:07:21,R_1dGpJ5m7oL0Kywp,,,,,,,anonymous,EN,0.8999999761581421,P001436,7,7,6,7,7,3,2,7,7,6,7,7,4,5,7,4,7,1,3,2,4,I ranked the reasons for punishment in the decreasing order of their overall effectiveness in preventing crime.,2,3,2,6,6,2,5,7,9,6,4,6,4,6,3,5,5,6,5,5,4,2,7,3,1,4,6,7,4,5,7,2,4,6,4,1,6,6,6,2,2,1,1,1,1,5,6,5,1,4,4,2,5,3,6,4,4,1,7,6,6,5,5,4,5,7,5,6,7,5,1,2,6,5,5,6,3,5,5,47,,,,,,,,,50,50,He beat and murdered another person which justifies the max sentence.,Inhibit others from doing similar crimes,2,7,1,84,1,1,5,5,2,3,1,Today's criminal justice system has become more focused on winning than on reaching a verdict based on the facts of the case.,3
2026-07-07 00:50:39,2026-07-07 01:09:03,0,,100,1103,1,2026-07-07 01:09:04,R_1atRfPEuM2DkCuC,,,,,,,anonymous,EN,1,P001256,5,5,5,5,5,5,7,3,5,5,5,5,3,6,3,3,5,1,2,4,3,"I think that it's true that a lot of criminals deserve punishment, especially for severe crimes. Punishment can deter other people from committing crimes but not always. Prisoners don't always get rehabilitated unfortunately, with some more deserving who did petty small crimes. And it's not always true that when locked up, prisoners could still commit crimes.",5,3,3,5,5,1,7,7,9,5,6,7,5,5,1,3,7,5,6,3,1,5,3,3,7,1,3,5,4,1,1,1,5,1,2,1,7,6,5,1,1,2,3,3,3,3,2,5,3,1,3,1,3,3,3,1,1,1,7,1,1,1,1,7,7,1,1,7,7,3,1,1,1,7,1,1,7,5,5,47,25,15,"I chose 15 years since his permanent paralysis means he isn't a threat to anyone, so a maximum sentence feels uneccessary. But someone lost their life, so he would still need to face a serious consequence despite his health.","I would hope it would show that there's some justice over someone being killed. And acknowledging the reality is, he can't reoffend and the public wouldn't learn a lesson from a secret trial.",,,,,,,,,1,7,1,30,2,1,5,1,1,1,1,I thought the situations were pretty thought provoking and made me think about how different actions affect justice.,1
2026-07-07 00:32:08,2026-07-07 01:09:38,0,,100,2249,1,2026-07-07 01:09:38,R_7uyrUrvHnFjSo8L,,,,,,,anonymous,EN,1,P001443,4,5,4,4,4,4,4,4,5,6,5,5,4,4,5,4,4,3,2,1,4,"Most people do not get rehabilitation in prison,  the only real benefit is that they are no longer in the street to reoffend",4,4,1,5,3,1,5,6,9,4,4,6,3,4,4,4,3,3,5,3,3,4,4,4,3,4,4,3,4,4,4,4,3,1,4,4,5,5,2,5,5,3,4,3,3,4,4,4,3,4,4,4,4,4,4,3,3,2,6,3,3,3,1,1,5,3,3,4,5,5,4,5,5,2,4,4,2,5,100,47,,,,,50,50,We punish for what he did not what he could do now,Making him and frankie even,,,,,1,5,1,28,1,1,4,4,5,3,3,,2
2026-07-07 00:34:42,2026-07-07 01:11:07,0,,100,2185,1,2026-07-07 01:11:07,R_6DzENrZoA6e6V6h,,,,,,,anonymous,EN,1,P000699,7,7,7,7,7,7,7,7,7,7,7,7,6,7,7,7,7,2,3,1,4,"I ranked public safety first because preventing offenders from committing additional crimes while incarcerated is the most immediate benefit of imprisonment. I ranked deserving punishment second because accountability is an important part of justice. I placed deterrence third because punishment may discourage some people from committing crimes, but its effectiveness can vary. I ranked rehabilitation last, not because it is unimportant, but because rehabilitation outcomes differ from person to person and are not guaranteed.",1,7,1,2,7,1,7,3,9,7,7,7,7,7,3,1,7,5,7,3,2,2,7,6,6,2,3,4,4,5,6,6,5,2,3,1,7,5,5,1,4,7,1,5,7,7,1,7,6,5,6,5,7,5,3,3,7,7,1,7,7,1,2,7,7,1,3,7,7,1,7,7,1,2,5,6,4,1,5,47,,,,,,,,,30,30,"Although Darryl no longer poses a threat to society and the case will remain confidential, he intentionally organized and carried out a violent assault that resulted in another person's death. The seriousness of the crime has not changed, so the punishment should primarily reflect the gravity of the offense and accountability for his actions.","I hope the sentence provides justice and holds Darryl accountable for taking a life. It should affirm that serious violent crimes have serious consequences, even when the offender no longer presents a future danger or the case is not publicly known.",2,7,6,52,1,1,5,7,2,1,1,"Thank you for the opportunity to participate. The study was interesting and thought-provoking, and the questions encouraged me to think carefully about different perspectives on punishment and justice. The instructions were clear and easy to follow.",3
2026-07-07 00:56:12,2026-07-07 01:11:28,0,,100,916,1,2026-07-07 01:11:29,R_7k2p7DvjeJpcUqg,,,,,,,anonymous,EN,1,P000367,5,7,7,6,7,4,5,6,6,7,6,7,3,6,7,6,5,3,2,1,4,Firm believe that the first thing about being locked up as they punishment that those people from wanting to commit more crimes and the mentality of a criminal I understand it’s supposed to be punished as far as rehabilitation gets goes. There’s no rehab rehabilitation in prison. That’s a massive lie.,5,5,1,6,2,1,3,7,9,5,4,7,4,7,3,6,5,3,6,3,5,3,7,7,4,6,3,7,4,2,6,3,2,2,6,1,6,5,6,2,2,4,5,5,5,5,6,5,6,5,1,5,5,3,5,2,6,2,7,3,6,6,6,3,6,5,3,4,6,5,4,7,2,1,7,6,2,10,100,24,30,35,I don’t care about Daryl‘s health issues he needs to pay for taking the life. He did especially of a 17 1/2 year-old.,It will punish the daylight out of Daryl. He needs to be inside prison. He needs to suffer.,,,,,,,,,2,7,1,62,1,1,3,5,2,2,2,"To be honest, I found this a very well written survey and enjoyable.",1
2026-07-07 00:39:26,2026-07-07 01:12:22,0,,100,1976,1,2026-07-07 01:12:22,R_5EZ3T9VN0TGIq9R,,,,,,,anonymous,EN,1,P000463,7,7,6,6,7,7,7,6,7,7,6,7,5,6,5,5,6,4,1,2,3,"I ranked punishment as a reason for deterring others from committing future crimes as number one on my list. I believe it works and studies have shown that it acts as a  true deterrent. Obviously, criminals who are locked up can't commit more crimes that endanger the general public. That was a easy second choice option. This is very important in terms of public safety. Third, is prisoner rehabilitation which I believe is important when prisoners are released from jail. It is extremely necessary that people are giving the opportunity to change their lives for the better while in prison so they can make a positive contribution to society once they are released. It also address the issue of recidivism in a positive and thoughtful way.  ",4,2,1,5,6,1,2,5,9,5,5,1,6,6,2,2,2,6,1,2,4,4,5,4,4,5,6,6,4,6,7,4,2,2,5,1,7,6,5,5,5,5,1,4,5,6,2,1,5,5,6,6,7,4,7,1,6,5,6,6,6,4,2,6,5,5,4,5,6,6,6,6,2,5,6,5,4,10,100,24,,,,,30,30,I still believe Darryl poses a threat to society and my original sentence of 30 years in prison should be upheld.,I think it will force Darryl to focus on his actions and how his crime has affected Frankie's loved ones and relatives.,,,,,2,6,4,52,1,2,5,5,3,1,1,"I think the study was excellent and informative. It made me think real hard about the issue involving criminal justice in our society today. ",2
2026-07-07 00:46:15,2026-07-07 01:13:10,0,,100,1614,1,2026-07-07 01:13:10,R_6QCBAwd8KZnQjn3,,,,,,,anonymous,EN,0.20000000298023224,P001752,5,5,3,4,4,2,2,4,2,5,2,4,1,2,1,1,3,3,1,2,4,"I think it should be obvious that Punishment is at least some detterant, and mostly locked up prisoners can't commit other crimes against society at large.  Criminals do deserve to be punished, as do all who have sinned, which is all of us.  I think that prisoners fairly rarely get rehabilitated in prison in this country (and perhaps most countries).  I don't think that prison is honestly oriented towards rehabilitation, I think it is mostly about non-prisoners feeling good about punishing others, the ones who got caught.

I wish prison was really about rehabilitation, and I think that the way we run them is a stain on society.",7,1,5,5,1,1,1,1,9,3,1,3,1,4,4,4,3,3,6,4,4,5,4,6,5,6,4,5,4,1,7,1,1,1,3,1,6,2,7,2,2,2,5,4,4,5,5,6,1,1,3,7,7,1,5,1,1,5,1,1,1,4,1,6,6,4,2,6,7,4,4,1,1,6,2,3,7,5,5,47,,,,,,,,,15,5,"He needs time to reflect and reconsider life.  Prison might not help that.  Also, it needs to be long enough to say we are taking it seriously, but I don't really want him to be a burden on the prison system for no purpose.",Give him separation from his line of business and decisions to change his ways.,2,4,1,46,1,1,4,6,2,2,1,,3
2026-07-07 00:54:50,2026-07-07 01:14:56,0,,100,1205,1,2026-07-07 01:14:57,R_5Kvt1o4t5p8M82t,,,,,,,anonymous,EN,1,P000668,5,7,6,6,6,5,7,7,6,6,6,6,4,3,6,4,6,1,3,2,4,"I feel if you do the crime, you should do the time.  I don't believe prison rehabilitation works very well.",1,6,1,2,7,5,7,7,9,5,6,5,6,3,4,2,5,6,6,5,2,5,6,2,4,2,6,7,4,3,5,4,3,3,4,3,6,5,5,5,4,5,2,5,5,5,2,5,4,5,5,1,4,5,2,6,2,1,7,3,5,1,1,7,7,5,1,6,7,4,5,4,2,5,3,4,5,10,5,24,50,50,He killed her.  50 years is too easy for him.,The death penalty.,,,,,,,,,1,6,1,49,1,1,2,3,1,1,1,,1
2026-07-07 00:52:38,2026-07-07 01:15:50,0,,100,1391,1,2026-07-07 01:15:51,R_1qWKXO7xBM1eVd7,,,,,,,anonymous,EN,0.8999999761581421,P001433,7,7,6,7,6,5,6,7,7,6,6,7,6,6,7,5,7,1,2,3,4,I ranked it this way because I believe it is better. from deserving to be punished to agreeing that punishment deters others from committing crimes to what happened when they are locked up.,5,6,6,6,5,7,6,6,9,6,6,5,7,6,5,6,6,5,6,7,5,7,7,6,6,6,5,7,4,6,6,6,7,7,6,5,5,6,6,6,7,7,3,6,7,6,7,6,7,6,7,6,7,6,6,7,6,6,7,5,6,6,6,6,6,5,7,6,5,5,3,7,7,7,6,7,5,10,1,24,,,,,50,50,I'll still sentence him to 50 years in prison whether he has a disease or not,"it'll teach others a lesson and we'll have less people like Darryl in our society, ",,,,,2,5,7,46,1,1,3,2,1,1,1,,2
2026-07-07 01:04:26,2026-07-07 01:20:02,0,,100,936,1,2026-07-07 01:20:02,R_6f0yF2PuF0XVMFn,,,,,,,anonymous,EN,1,P001489,7,7,7,7,7,7,2,7,1,7,6,7,2,7,7,5,3,1,2,4,3,"I just that criminals is the best because its true for every criminal they deserve punishment no matter what and prisoners cannot commit other crimes is the weakest because plenty of criminals still commit crimes in prison.
",1,7,1,1,5,2,7,7,9,7,7,7,7,5,7,1,7,7,1,7,5,1,7,1,2,2,3,7,4,5,3,6,3,1,6,1,7,7,1,4,3,7,1,7,7,7,3,1,7,7,7,7,7,5,1,5,7,5,7,7,7,7,7,5,7,7,7,3,3,7,1,7,2,1,7,7,1,10,100,40,,,,,50,50,He still committed a horrible crime and he deserves a long sentence.,To show why I made my choice,,,,,2,7,1,20,2,1,3,5,3,1,1,,2
2026-07-07 00:56:39,2026-07-07 01:22:53,0,,100,1574,1,2026-07-07 01:22:54,R_1UJ6DEVe3yHxXHj,,,,,,,anonymous,EN,0.8999999761581421,P001118,6,6,6,6,6,7,6,6,6,7,6,5,4,4,6,6,6,1,4,2,3,"i rank them this way because i feel people should be held accountable for their decision first. keeping offenders in prison helps protect others, rehabilitaion is important and detternce can help, but i see it as the least certain reason",4,5,3,3,4,4,4,6,9,2,4,4,4,6,3,3,5,4,5,5,4,3,5,4,4,3,4,6,4,4,3,4,4,3,2,4,5,6,5,2,3,5,3,5,5,5,4,5,5,4,5,4,6,4,4,5,5,3,5,5,5,3,4,6,6,5,4,6,7,4,5,5,3,5,5,4,4,,5,47,30,20,"i see the crime as a very serious crime which also led to someones death, so a long prison sentence is still appropriate. His condition reduce the need to protect society, but he should still be held accountable","hold him accountable, provide justice for the victim, and reflect the seriousness of the crime.",,,,,,,,,1,5,1,47,1,1,2,4,1,1,3,,1
2026-07-07 01:05:39,2026-07-07 01:29:12,0,,100,1412,1,2026-07-07 01:29:12,R_5lGMX7EtP2qITB4,,,,,,,anonymous,EN,1,P001197,6,6,6,6,7,6,6,6,6,7,6,6,4,4,6,6,6,3,2,1,4,The majority of crime in the US is committed by a small percentage of criminals. If we removed these criminals crime rates would drop drastically.,1,6,1,4,2,1,4,6,9,4,5,5,6,6,4,2,4,5,3,3,4,4,5,4,4,3,5,6,4,5,6,3,4,3,4,2,5,4,4,3,2,2,3,1,2,4,4,3,2,3,5,3,5,4,4,3,2,2,5,4,6,5,2,6,6,6,6,3,4,4,2,2,1,4,4,4,4,10,20,24,50,50,"Its even worse that he tried to rob a minor, and then killed her. Her being a minor stiffens the penalty in my opinion. He also would become a ward of the state any way if released due to his auto immune disease. He should not be allowed to re-enter society as he has shown his tendency for rash and impulsive violence.",It is the more humane choice to have this disabled criminal stay institutionalized versus releasing him back into society. Especilaly after killing a minor.,,,,,,,,,1,6,1,47,1,3,3,4,3,3,3,N/A,1
2026-07-06 23:59:36,2026-07-07 01:29:33,0,,100,5397,1,2026-07-07 01:29:34,R_16btGHwAUJGL0L3,,,,,,,anonymous,EN,1,P001036,5,4,5,5,4,5,4,4,5,5,4,3,3,7,5,1,5,3,2,1,4,"I chose to order the reasons for punishment in the order that I did because the reasoning that prisoners can't commit other crimes ""against the public"" is the one that is most factual and this can be determined mainly by logic rather than needing further research or interpretation, whereas reasons 2-4 are more vague, are a bit harder to say they are a fact without further research, and how or who is interpreting their meaning and effectiveness. ",4,2,5,7,3,1,4,4,9,4,5,7,3,7,7,1,3,3,5,3,3,5,2,7,7,5,3,1,4,4,7,1,4,3,1,1,4,3,6,3,3,4,5,4,4,4,5,5,3,2,3,6,6,3,5,2,1,4,3,2,4,2,2,7,7,2,2,6,6,5,5,1,1,2,3,4,2,10,100,24,50,25,"With Darryl becoming permanently paralyzed I think 25 years is enough of a sentence to give her family the justice they need because facts are she's never coming back and therefore must pay back this debt to the family somewhat but I did cut it in half from the first time I sentenced him because being paralyzed, depending on his support system and frame of mind, can feel like death to the person, and so I feel as though God already dished out some justice of his own. I also don't believe he is a danger to anyone anymore and left me feeling like this in combination with the prison sentence itself is sufficient. He gave this family a life sentence but he is now serving his own life sentence.","I feel as though keeping this person in prison any longer than 25 years is not justice but rather a burden on the system since this guy is unable to really care for himself which places a strain on the system because of this since logically he's going to require medical care while serving his debt to society and this family. I also think it is a waste of taxpayer money and space that could be used for an individual who actually is a danger to society. I wanted to be fair to everyone including the criminal in the hopes that maybe he can become a better person that may be able to pass on some wisdom to others experiencing issues in life or even possibly be of some inspiration to the family of the victim so that this death of this young lady doesn't become a never ending pain for them until they die themselves of broken hearts and instead maybe achieve forgiveness and peace for both sides. ",,,,,,,,,1,7,1,46,2,1,3,4,3,3,3,NA,1
2026-07-07 01:18:15,2026-07-07 01:29:56,0,,100,701,1,2026-07-07 01:29:57,R_5aXO6P8XpxXwDQn,,,,,,,anonymous,EN,1,P000754,7,7,7,7,7,7,7,7,7,7,7,7,7,6,7,7,7,1,2,3,4,it shows other people who commit crimes that they will go to prison if they mess up,1,7,1,6,5,1,6,7,9,7,7,7,7,6,5,1,1,3,7,3,6,5,6,2,2,3,6,7,4,5,7,1,2,6,4,1,5,3,6,1,1,3,1,5,5,6,5,7,3,2,5,2,5,5,5,3,3,6,7,6,7,5,5,7,5,7,7,1,7,7,2,5,1,1,7,7,1,10,5,47,,,,,,,,,31,30,"it should be the same time no matter what happened ","will stop others from doing crime ",1,7,1,44,1,1,3,7,2,1,1,,3
2026-07-07 01:12:43,2026-07-07 01:31:32,0,,100,1129,1,2026-07-07 01:31:33,R_52QB5QmNmhemUUa,,,,,,,anonymous,EN,1,P000339,5,7,6,5,7,5,6,6,7,6,5,6,5,5,5,5,6,1,2,3,4,"First and foremost, if you commit a crime, there should be a corresponding punishment/consequence. Also, I would think that punishment as deterrence would also be effective. The last two I don't rate very high; it is true that while they are locked up a prisoner couldn't commit other crimes, but I don't rank it very high. And lastly, I am not sure how effective prison is at rehabilitating prisoners.",4,3,3,6,1,1,5,1,9,3,1,6,3,6,3,1,5,3,5,1,3,3,5,5,7,6,5,5,4,3,7,1,5,3,3,1,5,2,7,2,2,4,6,3,4,3,7,3,3,3,3,5,6,1,6,1,3,1,7,3,1,1,1,7,7,1,1,7,7,3,1,1,2,7,1,1,7,5,5,24,,,,,40,40,"I recommend a lengthy sentence, because he committed a terrible crime. To me it does not matter that he may be suffering from a terrible disease.","i view this as both punishment for a severe crime, and hopefully as deterrence. ",,,,,1,6,1,49,1,1,4,1,1,3,2,"Very interesting study, thanks",2
2026-07-07 01:16:28,2026-07-07 01:31:43,0,,100,915,1,2026-07-07 01:31:44,R_3CJComq7UKvKaWm,,,,,,,anonymous,EN,1,P000806,7,5,5,5,5,5,4,5,5,1,5,5,4,4,5,5,4,2,3,1,4,basic response to getting caught doing something illegal is punishment.  What form that is varies.,5,3,4,5,6,1,6,1,9,1,3,4,4,7,4,7,4,5,4,1,4,5,5,4,4,5,1,7,4,1,7,1,4,4,5,1,4,1,4,1,1,1,1,1,4,4,5,4,1,1,3,5,5,1,5,3,1,1,7,1,1,1,1,7,7,7,7,1,7,1,4,1,5,7,1,4,4,2,100,47,,,,,,,,,30,30,Don't change the sentence.  Potentially change the sentence due to new information.,Be fair but overridden.,1,4,1,69,1,1,4,2,1,3,1,,3
2026-07-07 01:13:12,2026-07-07 01:35:27,0,,100,1334,1,2026-07-07 01:35:28,R_5uVyNZ4Qa5qmUcI,,,,,,,anonymous,EN,1,P000069,3,4,4,5,5,3,4,5,3,6,5,5,2,5,4,4,5,1,3,2,4,"Do the crime, do the time, so containment, time to think and not be able to commit any other crimes out in the general population, creates the incident and person to be seen as example of what can happen, and to rehabilitated in hopes crime isn't repeated ",4,4,3,5,6,4,7,5,9,3,5,7,5,4,4,2,4,5,6,4,4,3,6,6,5,5,4,7,4,5,7,7,2,5,3,1,5,4,4,4,4,2,4,2,2,4,6,3,2,5,3,4,6,5,4,4,4,2,6,5,3,2,4,7,5,2,2,5,6,6,2,3,4,5,4,2,5,10,100,3,,,,,50,20,Half the time for the crime due to age and physical presentation,Rehabilitate and teach lesson what to do and not do!,,,,,1,5,3,49,2,1,4,4,5,3,2,,2
2026-07-07 01:16:04,2026-07-07 01:41:55,0,,100,1550,1,2026-07-07 01:41:55,R_1d5AjpxB7Q8XDax,,,,,,,anonymous,EN,0.20000000298023224,P001744,4,2,2,3,5,2,2,6,6,2,4,5,1,6,3,3,5,3,1,2,4,"We know prison doesn't rehabilitate, it often makes things worse. Not all criminals deserve to be punished, some commit crimes unknowingly and some are mentally ill and need help not prison. There is some basis to the notion that punishment can deter others from committing crimes so that got first rank. ",6,1,3,7,2,1,3,2,9,3,2,4,1,5,2,4,3,2,6,1,1,5,2,6,6,5,2,3,4,1,7,3,3,3,3,1,3,3,6,4,2,3,5,2,4,3,7,5,3,1,2,7,7,1,7,2,1,1,7,2,2,2,1,6,5,7,1,7,7,3,1,2,1,6,2,2,5,10,5,47,15,10,"The family of the woman Darryl killed needs to see that justice was served and although there really is no justice for taking a life, that's how society perceives prison. Ten years in prison gives Darryl a chance to atone mentally for his crimes and get some training and mental health care (assuming he ends up in a decent prison that actually offers these things) ","It will give the family a bit of closure and it will allow enough time for Darryl to get the help he needs to be a productive member of society. ",,,,,,,,,1,6,1,48,1,1,4,2,1,3,2,"Honestly, this wasn't an easy thing to answer because it's so nuanced. My answers almost make me sound like I don't think people should be punished at all but that isn't true. The system we have in place though isn't helping. I would like to see our prison system totally overhauled so that inmates can serve their time in dignity and get the help that most of them desperately need.",1
2026-07-07 01:15:07,2026-07-07 01:44:53,0,,100,1786,1,2026-07-07 01:44:53,R_3PSkTv5FhcHENfp,,,,,,,anonymous,EN,1,P001522,6,7,7,6,6,4,4,6,6,4,6,6,6,5,5,6,5,1,2,4,3,"punish first than see if the criminal has an intention to ger rehab , meanwhile society is secure ",7,4,4,7,2,2,7,1,9,1,2,1,4,7,7,1,3,6,6,4,1,5,6,7,5,6,6,6,4,5,5,1,6,1,4,1,7,5,7,4,5,4,1,5,3,5,7,6,1,1,1,7,7,6,7,2,3,1,7,3,5,1,1,7,7,7,1,4,7,1,3,1,1,7,7,7,4,5,5,47,,,,,30,25,"accountability and medical reality . home confinement since has some health limitation is the right way to do ","I hope the criminal understand society is not only there to punish but also to help people facing problems ",,,,,1,7,7,56,1,1,6,4,4,3,3,"I did enjoy this study , is the kind of study make me passionate about society ",2
2026-07-07 01:24:45,2026-07-07 01:45:36,0,,100,1251,1,2026-07-07 01:45:37,R_5oLzFT60wzc7WMJ,,,,,,,anonymous,EN,1,P001639,7,7,7,7,7,7,7,7,7,7,7,7,4,4,6,4,6,1,2,3,4,Because that's how I think they rank.,2,5,1,4,4,5,7,7,9,7,7,6,6,7,2,1,4,6,4,1,4,1,7,1,1,4,7,7,4,5,4,4,4,4,4,2,6,6,6,1,1,2,1,6,6,6,4,4,4,6,6,4,4,5,4,5,6,7,1,4,6,1,2,7,4,2,1,1,7,6,4,6,4,1,6,7,1,10,10,24,,,,,,,,,50,25,Don't want the state to have to care for him for 50 years.,You kill = you answer for it.,2,6,4,53,2,1,5,7,2,3,3,,3
2026-07-07 01:31:52,2026-07-07 01:47:35,0,,100,942,1,2026-07-07 01:47:35,R_6PLX4ke4JqxtlUr,,,,,,,anonymous,EN,1,P000743,7,7,7,7,7,7,7,7,7,7,7,7,6,7,7,7,7,2,1,3,4,"It just made the most sense ",4,4,1,7,4,1,7,7,9,7,4,7,4,7,7,7,7,4,7,4,2,6,4,7,7,4,4,1,4,3,1,7,4,4,4,1,7,6,1,5,5,4,3,4,7,7,7,7,4,6,7,6,7,1,7,1,2,1,7,4,4,1,1,7,7,1,1,7,7,6,1,7,1,7,1,1,7,10,100,24,,,,,50,50,In my opinion he deserves it based on the severity of his crime(s).,I'm not sure to be honest maybe force him to acknowledge his wrong doings.,,,,,2,7,6,32,1,2,4,1,1,3,1,,2
2026-07-07 01:01:09,2026-07-07 01:48:31,0,,100,2842,1,2026-07-07 01:48:32,R_6Lp7bNYga1K90n7,,,,,,,anonymous,EN,1,P001928,7,7,7,7,7,6,6,7,7,7,6,5,6,6,6,7,6,1,2,3,4,"I ranked it in an order that seemed more logical to me ",3,3,2,4,5,1,7,2,9,5,5,2,5,7,5,1,6,4,6,1,5,6,6,7,7,5,7,7,4,3,6,6,5,4,6,5,6,5,5,3,2,2,2,4,5,5,5,6,1,4,5,6,7,5,5,3,6,6,3,3,6,5,5,7,5,1,3,7,7,6,6,7,1,6,6,7,1,5,100,47,37,8,"Since he no longer poses a threat to the dociety i consider this a reasonable punishment. The only reason i choose to not give him a higher sentence is becaise he lost his limbs, i have no intereet in reducing his sentence due to his age, even minors should have a sense of empathy, a minor should’t go around causing harm to others with the expectation of getting a lower punishment. 
The number of years given is reasonable to me because loosing a limb or limb while being isolated in a jail cell is enough time for someone to think about their actions and have a change of heart. ","Make him be a better human going forward ",,,,,,,,,2,7,1,52,2,2,5,2,1,1,1,"this was very interesting. thumbs up guys! ",1
2026-07-07 01:27:01,2026-07-07 01:51:54,0,,100,1492,1,2026-07-07 01:51:55,R_7DSGu1ESRGQmzTA,,,,,,,anonymous,EN,1,P001483,6,6,7,5,5,7,3,6,7,7,7,7,7,5,5,5,5,3,1,2,4,These are the main reasons that I think punishment is needed when people commit crimes. I put these in the order of what matters the most to me.,3,4,1,5,7,2,3,2,9,6,6,4,3,4,5,3,2,3,4,2,4,4,5,2,5,4,3,6,4,2,7,1,6,2,3,1,5,3,7,2,2,4,3,4,6,7,5,7,4,1,3,4,5,5,5,2,1,1,7,1,3,1,1,7,6,1,1,7,7,7,1,4,1,7,2,1,6,5,5,47,,,,,,,,,50,50,I think he deserves to be in prison for life regardless of his ailment.,I hope it will keep him away from society and punish him for what he did.,1,7,2,46,1,1,4,1,1,3,1,,3
2026-07-07 01:29:10,2026-07-07 01:53:06,0,,100,1436,1,2026-07-07 01:53:06,R_1DqDzhcwUrpOwpq,,,,,,,anonymous,EN,0.8999999761581421,P000810,6,6,5,6,7,7,6,6,7,7,6,6,6,5,6,6,7,4,1,2,3,Punishment for crimes prevents others from thinking about committing the same crimes as well as keeping criminals off the street.  They have a chance at rehabilitation and stating a new life when they get out of jail.,7,6,1,4,7,1,7,4,9,6,6,6,4,7,1,4,7,6,6,2,4,6,6,5,2,4,6,7,4,2,6,1,2,6,6,1,4,3,6,2,2,3,4,3,5,5,6,2,2,3,3,6,5,2,6,2,6,6,4,5,5,1,1,7,7,1,2,7,6,7,1,1,1,6,2,6,7,10,100,24,,,,,,,,,50,50,He did the crime now he has to do the time regardless of his physical condition.,I hope it will prevent further crimes while preventing others from doing the same crimes.,1,7,1,53,1,1,5,7,2,1,1,"Fun study, thanks.",3
2026-07-07 01:36:22,2026-07-07 01:55:03,0,,100,1120,1,2026-07-07 01:55:04,R_5us736tYOJXuMOv,,,,,,,anonymous,EN,1,P000360,6,6,7,6,6,6,5,5,6,7,6,6,5,6,4,5,6,1,4,2,3,"They deserve punishment and they cant commit crimes are priority.  I feel that prison time does help to rehab some prisoners but not always.  I do not feel that it deters others from committing crimes because if that was true, we would have a lot less crime of any kind.",3,4,3,3,5,4,6,6,9,3,5,5,3,6,3,5,4,6,3,3,3,3,6,4,4,5,5,6,4,2,6,3,4,6,4,1,5,6,7,2,2,2,1,2,3,5,5,3,5,4,3,4,4,4,5,6,4,4,3,4,5,2,2,6,4,3,3,5,5,5,3,2,2,3,5,4,4,15,5,47,25,25,Because he commited the crime before the illness and he deserves the sentence that anyone else would get.,That he pays for the crime he committed,,,,,,,,,2,5,3,53,2,1,3,6,2,3,1,"I felt it was written well with no questions that were hard to understand.  ",1
2026-07-07 01:40:27,2026-07-07 01:56:12,0,,100,945,1,2026-07-07 01:56:12,R_3fQ8WFc9iH62SIP,,,,,,,anonymous,EN,0.6000000238418579,P001230,6,6,5,6,6,6,5,5,5,5,5,6,5,6,3,4,6,4,2,1,3,"I put protecting society first because the primary objective of punishment is to prevent further harm and that is the most immediate and practical. I put deterrence in second place because in some cases it might deter people from committing crimes, although it is not a good deterrent. I put rehabilitation in third place because if offenders' behaviour can be modified, it can decrease future crime but rehabilitation doesn't always work, and it is not the same for everyone, and programs are not equal. I placed punishment for crime last because although there's a role for accountability, I think the main purpose of the justice system should be to keep people safe and keep people from committing crime again.",5,2,3,6,3,1,5,3,9,2,1,3,2,7,1,3,3,2,2,1,2,5,3,5,6,6,3,3,4,4,7,1,1,3,3,1,7,5,5,2,2,2,5,1,5,6,7,3,1,1,2,6,7,1,7,2,3,1,6,5,5,1,1,7,7,3,1,6,7,1,1,1,1,7,1,2,5,5,5,47,30,25,"I suggested 25 years because the crime was a violent robbery where a person was killed, which is a very serious crime, and deserves serious punishment. The new information alters some of the objectives of sentencing, though. Since Darryl is permanently paralyzed and experts conclude that he no longer poses a threat to society, incapacitation is less important. Similarly, the general deterrent effect of the sentence is likely to be limited, since the case will be kept confidential. Despite this, there is still a need for the victim to be held accountable and to be given justice. A lengthy prison sentence recognizes the seriousness of the harm caused while taking into account the reduced need to protect the public from future violence.","I hope this sentence will have a purpose of accountability for the loss of life, value the life of the victim, and make sure the punishment fits the crime and not just for the purpose of prevention.",,,,,,,,,1,4,2,46,1,1,4,6,2,2,2,NA,1
2026-07-07 01:43:59,2026-07-07 01:59:07,0,,100,907,1,2026-07-07 01:59:07,R_7sskP28WVjhoiip,,,,,,,anonymous,EN,1,P000610,4,3,1,3,5,3,2,2,2,3,3,4,1,1,2,2,4,4,2,3,1,"I think that in an ideal world prison would be for rehabilitation, not that our current justice system accomplishes this. Deterring crime and preventing them from committing additional crimes are next in priority, with actual punishment being last. ",7,2,4,5,2,1,3,2,9,3,2,3,2,5,3,3,2,1,6,1,3,7,2,6,6,5,3,1,4,3,7,1,1,1,2,1,2,3,6,4,1,2,3,2,4,3,7,5,1,1,1,6,7,1,6,2,1,1,7,4,4,1,1,7,7,2,1,7,7,1,1,1,2,7,1,1,6,5,5,47,,,,,20,15,"I think since he no longer poses a physical threat, there is less need for him to be in prison, but that he still needs to pay for his crimes and receive rehabilitation. Just because he isn't a physical threat doesn't mean he will stop drinking and being abusive, for example.","Rehabilitation, hopefully dealing with drinking and anger problems that led to the situation in the first place. ",,,,,1,7,1,37,2,1,2,1,1,3,2,,2
2026-07-07 01:31:37,2026-07-07 02:02:46,0,,100,1868,1,2026-07-07 02:02:47,R_3WnGMZya8KmqNFf,,,,,,,anonymous,EN,1,P001896,6,5,4,5,5,5,4,5,5,6,5,6,2,7,4,5,6,4,2,1,3,"I'm very torn on this placement.  I think, initially, the primary reason you incarcerate someone is to remove the threat that they present to society until they can work out their issues (if they can).   I do feel that punishment and ""examples"" can be a deterrent - if you ask people why they slow down when they see a cop, it's because they know they can be ticketed.  But, I think that has limits and isn't a great analogy for more serious crimes.  I have seen successful rehab programs that have good outcomes, so I think - occasionally- incarceration can get someone on a better path and prepare them for reentry to society.  I really like the way the Netherlands handles their prisoners and it's because their focus is on reintegrating people into society.  I have a hard time saying that criminals deserve to be punished because I think saying it's ""deserved"" is a slippery slope.",4,2,4,6,2,1,5,6,9,5,4,4,4,5,3,4,3,4,3,2,5,5,5,5,7,4,4,5,4,3,7,4,4,2,4,1,6,3,7,5,3,4,4,3,5,5,6,3,3,4,4,5,5,4,5,4,2,1,7,4,4,2,2,6,5,3,4,6,5,3,2,2,3,5,2,4,4,5,5,47,,,,,25,10,"I don't think there's an easy answer for this.  As a minor, Darryl was still operating with an underdeveloped brain. Since he was also under the influence of alcohol, there is an argument to be made that he was not making rationale decisions.  That doesn't excuse his behavior and it shouldn't mean he has no consequences for taking someone's life.  "," Since he was also under the influence of alcohol, I think it's fair to argue that 10 years would be enough to sober him up, gain some maturity and brain development, and potentially allow him to find a skill that would help him matriculate into society as an adult.  Even if he's disabled, he might be able to provide value back to society as a public speaker or sobriety counsellor or cautionary tale for others.  I would hope the reset would give him an opportunity to be able to function within his disability.  ",,,,,2,4,1,51,2,1,6,2,1,3,3,I found this study difficult because I'm a person who sees a lot of gray areas.  I wish there were opportunities to explain the rationale for each of my choices (if I wanted to).,2
2026-07-07 01:54:36,2026-07-07 02:07:39,0,,100,782,1,2026-07-07 02:07:40,R_38FzpcMS6AZ6l2a,,,,,,,anonymous,EN,1,P000984,5,5,5,3,5,3,3,5,5,3,5,5,2,3,5,3,6,2,3,1,4,"I do not believe prison is a place to rehabilitate people, it is basically to keep criminals away from others",6,3,4,6,1,1,5,1,9,3,3,3,2,5,1,4,5,5,5,3,5,4,3,6,5,3,3,4,4,3,7,3,1,3,4,1,2,2,6,2,2,2,4,4,2,2,6,5,2,1,2,7,7,2,6,1,1,1,7,2,1,1,1,7,6,5,1,6,7,1,1,3,1,5,3,2,4,5,5,47,,,,,,,,,50,20,He is no longer a threat to others.,Allow him to think about his crimes and ways to change.,1,6,1,68,1,1,4,2,1,3,2,,3
2026-07-07 01:52:36,2026-07-07 02:13:11,0,,100,1235,1,2026-07-07 02:13:12,R_6JarKZqrzf5Cg58,,,,,,,anonymous,EN,1,P001341,4,3,4,4,4,4,2,4,2,3,4,3,3,4,3,3,4,4,2,3,1,"I don't really subscribe to the belief that everyone who's classified as a criminal *deserves* to be punished, and I have doubts as to whether punishment truly serves as a deterrent to other potential criminals. ",7,1,4,6,1,1,4,1,9,2,2,3,1,4,2,4,1,1,6,1,1,6,2,5,7,6,1,3,4,2,7,1,2,1,3,1,5,4,4,4,3,3,5,1,2,4,7,6,2,1,2,7,7,1,7,1,3,1,7,2,2,1,1,7,7,1,1,7,7,3,1,1,1,7,1,1,7,10,5,24,30,20,"It seemed like an appropriate sentence for the type of crime that was committed. However, if not for his disability, I might have made it longer. ","I hope it will communicate that this type of violent crime is unacceptable in civilized society. ",,,,,,,,,1,4,1,42,1,1,4,1,1,3,3,"I thought everything was well laid-out and straightforward. Thank you. ",1
2026-07-07 01:58:43,2026-07-07 02:18:13,0,,100,1170,1,2026-07-07 02:18:14,R_1ohxtdEtuQCxdLz,,,,,,,anonymous,EN,1,P001638,6,5,5,6,6,6,6,5,4,5,5,6,6,6,6,5,5,1,3,2,4,I think it’s most important that criminals get punished for their crimes.,3,6,1,6,5,1,6,5,9,3,2,7,5,6,3,4,6,6,3,3,3,5,6,6,5,5,4,5,4,3,6,3,3,3,5,3,7,7,1,7,2,5,2,6,5,5,5,3,2,5,4,1,7,3,4,7,3,2,6,5,5,6,6,6,5,6,5,5,5,3,3,6,2,6,2,5,6,5,5,47,40,10,"I recommended a 10-year sentence to maintain legal accountability and retribution for taking a human life, while drastically reducing the time from the original 40 years because his permanent paralysis eliminates any threat to society and the case's strict confidentiality removes any potential for public deterrence.
","I hope this sentence serves as a just and necessary punishment for the value of a lost life, while realistically adapting to the fact that his permanent medical incapacitation and the case's secrecy completely eliminate the need for public safety or general deterrence.
",,,,,,,,,1,7,1,23,2,4,6,2,1,3,3,I loved this!,1
2026-07-07 01:37:21,2026-07-07 02:23:49,0,,100,2787,1,2026-07-07 02:23:50,R_7r3b0XAzfMgTV05,,,,,,,anonymous,EN,1,P000002,7,7,7,7,7,7,7,7,7,7,7,7,7,7,7,7,7,3,1,2,4,"The right sequence of priority ",1,1,1,7,7,1,7,7,9,7,7,7,7,7,1,1,7,7,7,7,7,1,7,7,7,7,7,7,4,7,7,7,7,7,7,1,7,7,4,4,4,7,1,7,7,7,4,7,1,7,7,7,7,4,4,4,4,4,4,4,7,1,1,7,7,1,1,7,7,4,1,4,7,1,1,1,1,10,100,24,,,,,,,,,25,15,"His disability made him less dangerous to the public 
","Enough punishment that he would learn from and not be a repeat offender/criminal ",2,7,1,49,1,1,6,2,1,3,3,,3
2026-07-07 02:01:43,2026-07-07 02:25:35,0,,100,1431,1,2026-07-07 02:25:35,R_72tNbmL3KeQNd3o,,,,,,,anonymous,EN,1,P000929,7,7,7,7,7,7,6,7,7,7,7,7,7,2,7,7,7,1,3,2,4,"I selected that criminals deserved to be punished first because of the phrase, ""An eye for an eye."" I feel as if, despite someone's mental health, reasoning, or speical circumstances behind committing the crime, everyone should be punished fairly, and their punishment should reflect on their crime. Number two is important because typically, people who commit crimes tend to be reoffenders. Keeping people who have these tendencies out of society is good. I ranked punishment deters other people from crimes second to last, because I don't really believe it deters anyone from serious crimes, same with the last question, I don't believe in rehabilitation or deterring people from crimes. I feel as if people who can commit horrendous acts are not able to rehabilitate, and they will not be deterred from committing their crime in mind.",1,6,1,2,7,6,7,4,9,7,6,6,6,7,7,1,7,7,7,7,7,2,7,5,7,1,7,7,4,7,4,4,4,6,4,2,7,7,2,5,6,7,1,4,7,7,1,7,6,7,7,2,1,6,1,6,6,1,6,5,7,1,1,7,7,1,1,6,6,4,1,5,2,5,2,2,5,10,5,24,,,,,,,,,50,50,"Just because Darryl developed an illness does not change the fact that he beat a man to death. He cannot take back the fact that he took a human life for his own selfish reasons; disease or not, the crime he committed still stands; he should fulfill his punishment fully.","I hope this sentence will cause David, for the rest of his life, to reflect on his selfish actions of killing another man for his own selfish purposes, just to end up rotting in prison either way. I hope he is severely punished and lives his life wondering in a cell what life outside is like, knowing he'll never get to experience it because of his actions.",1,7,1,21,2,4,4,2,1,3,3,,3
2026-07-07 02:03:14,2026-07-07 02:29:57,0,,100,1602,1,2026-07-07 02:29:58,R_7N1VonQuusM4GHA,,,,,,,anonymous,EN,1,P000150,6,6,5,6,7,6,4,6,7,5,7,6,5,6,6,5,5,1,2,4,3,"Because criminals deserve to be punished, if you commit a crime you must suffer the consequences. Even though the criminals are in prison doesn’t always mean they will change. The person has to want to change.just because they are locked up doesn’t always change their mindset.",3,3,1,3,6,5,7,6,9,5,5,7,6,6,5,2,6,6,6,5,3,1,6,5,6,5,5,6,4,4,5,4,4,4,5,1,7,7,6,5,1,2,2,4,4,7,4,5,5,4,5,3,5,3,4,5,5,7,1,5,6,2,4,7,6,2,2,5,6,7,5,5,3,2,4,6,1,10,100,24,50,50,He killed someone and does not deserve to be out of prison.,I hope it helps people understand there are consequences for their actions.,,,,,,,,,2,7,1,51,2,1,2,7,2,1,1,"It was an interesting study ",1
2026-07-07 02:15:47,2026-07-07 02:30:41,0,,100,893,1,2026-07-07 02:30:42,R_5qymPmby3UW8KsA,,,,,,,anonymous,EN,1,P000077,5,6,6,4,6,4,5,6,7,7,6,6,5,6,5,4,6,4,2,3,1,Although I believe prison time can rehabilitate prisoners I'm afraid many of them become career criminals.,4,2,3,7,4,1,7,2,9,2,4,6,4,6,2,2,5,5,3,5,6,3,3,5,5,5,5,5,4,2,7,1,1,5,4,1,6,5,7,2,2,1,4,3,1,1,6,2,2,2,2,6,4,3,6,4,4,4,6,3,3,4,4,7,7,6,2,6,7,1,1,1,1,6,2,2,6,10,100,24,,,,,,,,,50,50,He told someone's life willingly. He should serve his sentence regardless of his physical condition and age.,You just can't kill someone and not get punished for it.,1,7,1,67,1,1,2,4,3,3,3,,3
2026-07-07 02:11:20,2026-07-07 02:30:49,0,,100,1169,1,2026-07-07 02:30:50,R_7GizpHeW1k7J0QN,,,,,,,anonymous,EN,1,P000973,6,6,6,4,6,6,5,6,4,7,6,7,4,6,7,5,5,4,3,1,2,"I think the criminals being locked up is the most important because then they can’t cause other crimes, and they also get help and rehabilitation while in prison which is the second most important.",5,2,4,7,3,2,7,6,9,5,3,7,3,7,1,3,5,5,7,1,1,4,1,7,7,5,3,7,4,7,7,2,6,1,3,1,5,7,1,5,6,2,3,3,4,6,4,7,2,4,7,6,6,3,5,2,6,5,5,2,4,1,1,7,7,1,1,6,7,6,2,1,2,5,3,5,3,5,5,47,50,50,"He is dangerous, and needs to be kept away from the public as he could hurt others.","To keep the public safe, teach him to never hurt others again. No matter how much the court thinks he can’t commit a crime again, he’s still dangerous.",,,,,,,,,1,7,1,23,2,1,4,1,1,1,1,,1
2026-07-07 02:00:54,2026-07-07 02:31:49,0,,100,1854,1,2026-07-07 02:31:50,R_3wuJ6M7nzwJm3el,,,,,,,anonymous,EN,1,P001432,4,5,5,4,5,5,1,6,6,3,5,5,2,3,2,2,6,3,1,2,4,"I believe crime deserves punishment, but I also believe that only the most extreme criminals that are a daily threat to society should be imprisoned. I think prison, generally as it is today, is unethical. But the threat of serious punishment e.g. fines, bans, labor, or probation is a good thing because it deters people who would be criminals from resorting to crime. ",7,1,7,7,3,1,2,1,9,5,5,3,1,7,1,2,1,2,5,1,1,6,3,7,7,6,1,2,4,4,7,2,3,1,1,1,6,3,7,5,1,1,5,2,1,5,7,3,2,3,2,7,7,1,7,1,2,1,6,1,3,1,1,7,7,2,1,7,7,1,1,1,1,7,1,1,7,10,100,24,,,,,12,5,"The situation did not put emphasis on his age and his girlfriend being a minor so I'm assuming Darryl isn't a pedophile. I recommended 5 years knocked off his previous sentence, which was 12 years. I think 12 years is more than enough for a person to realize their mistakes and change their mind. I chose to knock off 7 years because I think getting suddenly paralyzed is a terrible punishment as is, whether you call it karma or God's wrath, and I wouldn't want Darryl to be in prison for as long. I don't think he would survive a very long sentence with a disability like that. Also, assuming his condition is permanent, I agree with the expert in saying that he poses less of a threat to other women/girls like Frankie when he gets out.","With any imprisonment I hope that the prisoner realizes their mistake and changes their mind. No matter how bad your situation is you should not have to resort to killing another person, be it murder or manslaughter, unless in self defense. I think there is always another solution. So I hope Darryl in his sentence realizes that hurting another person and being responsible for their death is never acceptable, and I hope when he gets out he is able to get back on his feet and make amends with God and society for what he's done.",,,,,1,6,1,21,1,1,1,1,1,3,2,I love the question about the shark. That's so interesting. Thank you for your money if you accept this submission and thanks for the interesting study!,2
2026-07-07 01:44:16,2026-07-07 02:32:16,0,,100,2880,1,2026-07-07 02:32:17,R_1CBDF1734B699cz,,,,,,,anonymous,EN,0.30000001192092896,P001317,7,7,7,7,7,7,7,7,7,7,5,5,3,2,5,6,7,1,3,2,4,To me it is the criminal getting Punished for their crime that is the most important. Which leads to the criminal being taken out of the community for a time. While they are incarcerated they are not able to commit more crimes in the community. Because it is not punishment to me it is the protection of the innocent and law abiding.  I feel that there is no rehabilitation in prison. it should just a place of self reflection with the least ability to do anything.,1,6,1,1,5,1,7,7,9,7,7,1,6,7,4,1,7,7,7,1,6,2,7,6,7,5,7,7,4,7,7,1,1,7,6,1,6,7,3,3,2,5,3,1,7,7,4,3,6,1,7,3,7,2,7,7,7,4,7,3,7,1,1,7,7,7,6,1,7,7,6,1,6,1,6,7,1,10,100,47,,,,,25,0,"He is already paralyzed so incarceration would do nothing but be a burden on society. I do believe his ability to receive support from the government should be limited. ",It will give him time to reflect on the fact that actions have consequences.,,,,,1,7,1,59,1,1,2,5,5,1,1,I liked the ability to explain my answers.,2
2026-07-07 02:10:17,2026-07-07 02:35:33,0,,100,1515,1,2026-07-07 02:35:34,R_5kz9n0XjyQS4qBh,,,,,,,anonymous,EN,1,P001448,6,6,5,6,6,5,5,5,6,6,6,6,4,5,5,5,5,1,3,2,4,"To keep criminal activity in check, I believe crimes have to be punished; it not only stops that particular criminal, but it can also deter others from committing crimes and possibly rehabilitate the criminal.",3,5,3,5,5,3,6,5,9,5,3,6,5,5,5,2,5,5,5,2,3,3,6,3,4,3,5,5,4,5,6,4,4,5,4,2,5,4,6,3,3,2,3,3,5,5,5,5,3,5,6,4,4,5,5,6,3,5,3,5,5,5,6,3,6,5,5,4,6,6,5,2,2,2,6,6,2,5,5,47,,,,,,,,,30,30,"I believe that since Darl didn't have the disease when he killed Frankie, he should still receive the same sentence as if he didn't have the disease.",I think it would send a message to people who think about committing a crime that they will serve their time no matter what.,1,6,4,55,1,1,3,6,2,3,1,"This was a great study with no issues. Thank you ",3
2026-07-07 02:14:33,2026-07-07 02:37:01,0,,100,1348,1,2026-07-07 02:37:02,R_5TG1eqOm0lD26sb,,,,,,,anonymous,EN,1,P000413,6,5,5,5,4,5,3,5,5,5,5,5,5,5,5,4,6,1,2,4,3,"They deserve to be punished because if you kill someone, the #1 reason you're locked up isn't to get rehabilitated (which is important). Also, without the threat of prison, more laws would be broken.",4,4,1,6,6,1,7,5,9,1,1,7,4,7,4,2,6,7,5,1,3,5,6,2,1,1,5,6,4,2,7,2,4,3,4,1,3,2,7,1,2,1,1,1,1,1,5,1,3,2,3,3,4,2,4,3,1,1,7,1,4,1,1,7,7,1,1,7,7,6,1,2,1,6,2,2,5,10,100,47,50,50,"He should get the necessary medical care in prison still hopefully, since it's his right but he took someone's life. Use of limbs or not, he doesn't deserve his freedom.",Justice served for the family of the victim,,,,,,,,,2,7,1,42,1,1,6,3,3,1,1,,1
2026-07-07 02:04:31,2026-07-07 02:37:03,0,,100,1952,1,2026-07-07 02:37:04,R_7DMkXM9PgYboduG,,,,,,,anonymous,EN,1,P000595,7,7,7,7,7,7,5,7,4,4,7,7,6,7,6,7,7,2,1,4,3,It becomes an example to the society not to commit crime,5,7,2,4,6,4,7,7,9,2,4,4,6,6,3,3,4,3,3,5,1,4,7,7,7,6,5,7,4,3,7,5,6,4,4,5,7,5,4,1,4,4,1,4,7,5,7,1,4,7,7,6,7,7,4,4,7,7,1,7,5,7,6,7,7,4,7,7,7,7,7,4,4,4,4,4,4,4,5,47,,,,,30,30,"Even if Darryl no longer poses a future threat ad the case will remain confidential, the sentence can still reflect the seriousness of the offense, the violation of the restraining order, the history of abuse and the loss of frankies's life.","i hope the sentence primarily achieves justice and accountability by recognizing the seriousness of the crime and the harm caused. it should also affirm that severe acts of domestic violence resulting in death have serious consequences, while acknowledging the impact on the victim, her family and the community.",,,,,1,7,1,52,1,1,6,7,2,3,2,none,2
2026-07-07 02:12:01,2026-07-07 02:37:34,0,,100,1532,1,2026-07-07 02:37:34,R_11bTHYUX2tFnn86,,,,,,,anonymous,EN,1,P000755,7,7,3,6,6,5,2,4,6,7,7,7,3,4,7,6,5,3,2,1,4,"The only solution to a criminal's act is punishment and in the most severe types of act , locking the person up protects society from that person and disallows them from committing further crimes against society. Theoretically, punishment is supposed to deter crime, but as we have come to realize many people are not scared of the punishment likely due to weaknesses in the justice system such as DAs who fail or refuse to prosecute serious offenses. Without a doubt, criminals deserve to be punished as there is no other choice for them once the crime is committed. It does deter to an extent. Finally, we are led to believe that prisoners are rehabilitated in prison, but I believe this only happens to a small extent and is rare. ",2,4,1,7,4,1,6,4,9,5,5,5,6,6,2,1,7,6,5,3,4,4,7,5,4,2,6,7,4,5,7,1,4,6,6,1,7,6,5,4,3,4,2,5,5,6,4,1,4,3,4,3,6,6,3,2,4,2,7,5,6,6,7,2,4,7,3,5,5,7,5,6,1,4,5,6,2,5,5,47,,,,,50,50,"The maximum sentence of 50 years is appropriate for murder in this case. A restraining order was issued and he broke the order and showed up to the significant other's apartment in a threatening manner and beat her. This is a perfect example of a breakdown of the protections our system offers that are supposed to protect the innocent. Darryl showed he is out of control and has no regard for another person's life and as we see, someone died. Alcohol being involved plays no role in my opinion as that was a choice he made to drink. Also, the age situation also plays no difference in my opinion on the sentence. ","It will protect society from the out of control and dangerous Darryl. He killed someone and needs to be placed away from innocent people as he is likely to commit this type of serious offense again. ",,,,,1,6,1,45,1,1,6,4,2,3,3,"I have a J.D. if that matters in your research. Thanks for the invite and good luck. ",2
2026-07-07 02:17:57,2026-07-07 02:39:34,0,,100,1296,1,2026-07-07 02:39:34,R_1hExR7HfPLEXkYC,,,,,,,anonymous,EN,1,P001812,7,7,6,6,6,4,5,6,7,7,7,7,4,5,6,6,6,3,2,1,4,"Well in last place for starter prisoners getting rehabilitated. Quite honestly that is more of a rarer feet. Because a lot of prisons Dont prepare them for the real world, and after years and years that can feel like quite the culture shock. Locking them up and ensurign their punsoihemnt deters them and others Are effectively the sssential reasons. ",4,5,3,4,2,1,3,6,9,4,5,7,6,7,4,2,5,6,6,1,2,6,5,7,5,6,4,6,4,1,7,1,1,4,1,1,5,4,5,5,2,3,5,4,2,3,7,4,1,5,2,6,5,1,7,2,4,2,7,1,4,4,3,7,7,4,2,7,7,6,4,4,1,1,1,4,2,10,100,5,,,,,15,10,"I gave him less years but still, perhaps we dp an alternate punishment by ,mental facility for 10 years.",He still needs to pay respectfully to society for the ;loss of the others life that was indirectly entirtely his fault.,,,,,2,6,4,33,1,1,4,6,2,3,2,This was certainly an ointeresting study. I will say that some pages felt very repetetive and it did feel like it was simnply just 'TOO' Long,2
2026-07-07 02:13:15,2026-07-07 02:39:44,0,,100,1588,1,2026-07-07 02:39:44,R_5o7vqNG0ZYW2zzX,,,,,,,anonymous,EN,1,P001260,7,7,7,7,7,7,7,7,7,7,7,7,7,7,7,7,7,1,3,2,4,because criminals deserve to be punished,4,7,1,7,7,4,7,7,9,7,4,7,7,7,7,1,7,7,7,7,4,4,7,7,7,1,1,7,4,7,7,7,7,7,4,1,7,7,4,4,1,7,4,5,7,5,1,7,7,7,7,4,7,7,1,4,7,7,1,7,7,7,7,7,7,7,7,7,7,7,1,7,7,4,7,4,1,10,100,47,,,,,,,,,50,20,because darryl deserve the punishment,lesson,2,7,1,72,1,1,4,7,2,2,2,,3
2026-07-07 02:14:39,2026-07-07 02:44:07,0,,100,1768,1,2026-07-07 02:44:07,R_50OuekYYaRebGH8,,,,,,,anonymous,EN,1,P000748,2,5,4,4,3,3,4,5,4,4,4,5,2,5,4,3,5,2,3,1,4,"Prisoners rarely get rehabilitated while in prison so I put that last. Punishment doesn't deter people from committing crimes as much as you would think, so that one is next to last. Often times, there are people who are safer while prisoners are locked up so that's number one, and I feel neutral about the statement that criminals deserve to be punished.",4,3,2,4,2,1,4,4,9,5,4,6,4,4,2,4,2,3,5,1,1,4,2,4,7,6,4,1,4,4,4,3,4,1,2,1,5,4,4,6,7,1,7,1,1,4,4,4,4,4,4,4,6,2,5,1,1,3,6,1,4,1,1,7,7,1,1,7,7,7,4,4,4,7,1,3,4,5,20,47,,,,,,,,,27,35,"Having paralysis in your limbs does not give you an excuse to have lost such control over your emotions, especially with a child.",Everyone loses control over their emotions sometimes. Hopefully Darryl will be able to learn how to lash out less and consider whether such actions would help any or only make things worse for everyone.,1,6,1,22,2,1,3,3,3,3,2,"Grouping all criminals or prisoners as the same made this difficult for me since in my mind, someone who's only crime is doing drugs cannot be compared to someone who's crime is sexually assaulting a child, for example.",3
2026-07-07 02:09:07,2026-07-07 02:44:13,0,,100,2106,1,2026-07-07 02:44:13,R_7zBZ5odq3la9HQx,,,,,,,anonymous,EN,1,P001728,3,3,3,2,1,1,1,5,6,6,5,5,3,7,2,3,5,3,4,2,1,"I ranked the reasons for punishment in this order because first and foremost I believe that prison should not be a place meant to punish criminals for long periods nor a place used to scare people. I think the ideal goal of prison is rehabilitation, as many criminals have not committed crimes that make them a permanent danger to society because not all criminals commit crimes to hurt people. For the second option, those who commit crimes out of desperation or ignorance deserve another chance at life, and hopefully through a better prison system that will educate them or gift them will skills useable outside of prison. This will effectively reduce crime rate by lowering the chance of repeat offenses.",6,1,3,7,3,1,3,1,9,5,1,6,2,7,3,4,2,4,5,1,2,6,2,7,7,6,2,2,4,5,6,2,1,1,3,1,6,3,2,4,2,3,5,3,5,5,7,6,5,1,1,7,7,1,7,2,1,1,7,1,1,1,1,7,7,1,1,7,7,3,1,1,1,7,2,2,7,10,100,47,20,5,"I recommended a much lesser sentence for Darryl in the case of permanent paralysis for the reasoning that he is unable to commit any further crime, and is no longer a threat to society which reduces the need to contain him. However, he is not free to go as he needs time to reflect on his poor decisions.","Since there is no worry of a later crime being committed, hopefully this prison sentence will provide adequate time and resources for Darryl to change his way of thinking. Even if he cannot commit a crime, his mindset as a reformed individual is important. Hopefully Darryl will help advocate for preventing the conditions that led to him committing the crime, to be one step further in preventing similar crimes happening to other people. ",,,,,,,,,1,7,1,21,2,2,2,1,5,3,2,,1
2026-07-07 02:20:50,2026-07-07 02:44:55,0,,100,1444,1,2026-07-07 02:44:56,R_114ML5JdbJ2QVeF,,,,,,,anonymous,EN,1,P000636,6,6,5,5,6,7,5,3,6,7,4,4,7,5,5,4,6,4,1,3,2,"I ranked deterrence first because I believe one of the main goals of punishment should be to prevent future crime. If the consequences of committing a crime discourage others from offending, it can help improve public safety and reduce the overall crime rate.",5,4,5,5,6,6,7,6,9,4,6,5,5,7,7,5,6,4,6,7,7,5,4,5,6,6,4,5,4,5,7,6,7,4,5,7,5,4,5,6,7,6,5,6,7,4,7,7,5,5,4,4,5,6,6,6,7,1,3,6,5,4,5,6,4,6,7,5,5,6,4,5,6,4,6,7,5,2,5,47,,,,,30,36,"i recommended a 15-year prison sentence because the seriousness of the crime still warrants a substantial punishment, even though Darryl no longer poses a threat to society and the case will remain confidential. His current physical condition and the fact that the sentence cannot serve as a public deterrent are relevant factors","I hope the sentence provides accountability for the offense, acknowledges the harm done to the victim, and reinforces that serious crimes have serious consequences. I also hope it allows for whatever rehabilitation or personal reflection is possible during incarceration while balancing justice with compassion for Darryl’s current condition.",,,,,2,5,4,25,2,1,6,6,2,2,1,none,2
2026-07-07 02:22:32,2026-07-07 02:47:27,0,,100,1495,1,2026-07-07 02:47:28,R_5CVFjso5LYWmYvm,,,,,,,anonymous,EN,1,P001724,7,7,4,7,7,7,4,7,7,7,7,7,4,4,7,6,7,1,3,2,4,"simple logic, irrefutable evidence and rational reality. These questions are sort of silly, you do the crime, you do the time. ",1,7,1,4,7,7,7,7,9,7,7,7,7,6,4,1,7,7,7,4,7,1,7,1,1,1,7,7,4,7,6,5,4,6,4,1,7,5,7,1,1,5,1,7,4,5,1,7,7,7,7,1,1,7,1,7,5,6,3,5,7,7,7,1,1,7,7,1,1,7,4,7,4,1,7,7,1,5,5,47,,,,,50,50,"Darryl health condition is absolutely irrelevant. (nice try the liberal marshmallows would attempt to argue with, but there will be no pity from sane people) 

Darryl exhibited dangerous and malicious behavior, anger control issues, substance abuse and violence. Put that defect in the hole. Leave him there. A person DIED by his hands, drunk or not, HE made ALL the decisions in your fake story, and say what you want, but right at this precise moment, there are assuredly hundred of thousands of humans out of control, black out drunk or high RIGHT NOT, and you know what a lot of them are NOT doing? They may be breaking a low on using drugs, but they are not out getting their girlfriend's dead, because they are not dangerous or violent in the first place. So yeah, for one thing, victimless crimes like buying federally illegal weed in a vape shop should not even BE a crime for adults, but if you get high and then go kill your GF in anger, even accidentally, its not an accident if you went there and caused the mayhem that caused it, so straight to jail for him. ","Removing one more dangerous POS off the streets. Simple. Hate that taxpayers have to pay for them though, bring back prison labor, let companies pay to hire the ones that are safe enough to let work under watch (by guards armed to drop them if they pull some BS on the job.) You go soft on crime, you get trashed 3rd world cities like Portland, Baltimore and Minneapolis and Seattle and Chicago and... you go hard on crime, you get flying cars and hoverboards... Liberals kiss criminals asses like crackhead George Floyd and then can't figure out why every store in their town locks up the bread aisle or simply closes down and leave the area completely. 

Bottom line: You do a crime, you get to be removed from society. You got a bleeding heart and don't like that? Cool, opt out, and let them rape, rob and kill you or your children or loved ones, and when they do, you can let them live in your spare bedroom and make them chicken noodle soup and kiss their ass, but if they do it at my house? I'm going  to teach them what castle doctrine means point blank and in multiple high speed lessons. ",,,,,2,7,4,55,1,1,4,7,2,1,1,"The shark thing is a thin metaphor and pretty irrational. WE EAT sharks in soup (humans do, I mean) so yeah, kill it, ,make it a tuna sandwich and a bowl of soup, that fin in their nets was worth big bucks, what a ridiculously weird scenario that only a liberal could have thought somehow made sense in this study's context ""shark innocence"" because of its ""environment"" - is stupid. Its a predator, like a serial killer, just different motives, ""oh it was about the sharks survival instinct though, see the metaphor to a desperate human?"" yeah, no, its just dumb, all the way around, this shark noise in this study. Eat the shark, regardless of the girl. ",2
2026-07-07 02:29:18,2026-07-07 02:47:51,0,,100,1112,1,2026-07-07 02:47:51,R_1nSXSF69Fj6A6Aq,,,,,,,anonymous,EN,1,P001472,7,6,6,5,6,6,7,6,2,6,6,6,6,6,6,6,6,2,4,3,1,Because They need to be rehabilitated and punished for their crimes or else they will keep doing crimes.,3,6,2,3,3,2,6,2,9,6,6,7,6,6,6,2,6,6,6,3,6,5,6,6,6,4,7,6,4,5,7,2,6,6,7,1,6,7,5,5,2,5,3,6,6,6,7,6,6,3,2,6,7,2,6,3,7,7,3,6,6,6,3,2,4,5,4,5,4,7,7,7,7,4,4,4,4,5,5,47,,,,,,,,,25,15,I think its long enough but its still fair enough for what happened,To make Darryl learn his lesson,1,6,1,26,1,4,5,6,2,3,3,It was an interesting study,3
2026-07-07 02:33:32,2026-07-07 02:50:34,0,,100,1021,1,2026-07-07 02:50:35,R_3qh3BOBeX0lzN1R,,,,,,,anonymous,EN,1,P000581,4,4,4,4,4,4,4,4,4,4,4,4,4,4,4,4,4,1,2,3,4,"The ranking reflects a balanced view of the various functions of the justice system, including rehabilitation, public safety, and deterrence, all of which are important considerations.
",4,4,4,4,4,4,4,4,9,4,4,4,4,4,4,4,4,4,4,2,4,4,4,4,4,4,4,4,4,4,4,4,4,4,4,4,5,5,2,5,2,4,4,4,4,4,4,4,2,4,4,5,6,3,4,4,4,4,4,4,4,3,2,4,6,3,2,5,4,5,2,2,1,5,2,3,4,5,5,47,,,,,50,50,He is an animal and deserves to rot in prison forever,Take him off the streets forever,,,,,2,2,1,29,1,1,3,3,3,3,1,"Great study, thank you.",2
2026-07-07 02:38:17,2026-07-07 02:50:36,0,,100,739,1,2026-07-07 02:50:36,R_5bIw43ZaxillTKZ,,,,,,,anonymous,EN,0.699999988079071,P000944,6,5,4,5,6,5,3,5,5,5,5,5,2,2,5,4,6,2,3,1,4,"Obviously getting a criminal off the streets prevents further crimes and obviously if you commit a crime you deserve a consequence. I dont know that prison has proven to be a deterrent, though. Certainly prisoners in theory get rehabilitated, but often that is not the case as far as I know.",5,2,6,2,2,1,5,1,9,5,5,1,3,5,2,4,5,4,5,2,2,5,4,7,7,3,4,2,4,1,7,1,1,1,1,1,5,3,4,5,5,3,5,3,3,3,6,5,2,3,4,5,5,2,6,2,1,1,7,1,2,1,1,7,7,1,1,7,7,2,1,1,1,7,1,2,5,5,100,47,20,5,The prison likely is not well equipped to deal with a paralyzed prisoner. There probably will need to be a special facility for him. It would be costly to keep him off the streets when he is unable to commit any crime.,It gives Darryl a chance to not live in inappropriate conditions while still giving him a consequence for his crime.,,,,,,,,,1,7,1,42,1,1,5,2,1,3,2,"On the question about a lilly pad doubling in size, the scale was in minutes, which was an obvious mistake. It should be days. Other than that, thank you for the opportunity to participate, this is important research and I appreciate your work!",1
2026-07-07 02:10:30,2026-07-07 02:50:53,0,,100,2423,1,2026-07-07 02:50:54,R_3sQDnAouU61EywV,,,,,,,anonymous,EN,1,P000559,7,7,7,7,7,7,7,7,7,7,7,7,7,2,7,1,7,2,1,4,3,"social civilized morality ",3,1,1,7,1,1,1,7,9,7,1,7,7,7,1,1,7,1,1,1,1,7,7,6,7,7,7,7,4,1,1,7,1,1,1,1,7,7,7,1,1,1,7,1,1,7,7,1,1,1,1,7,7,1,7,1,7,7,1,7,7,1,1,7,7,1,1,7,7,7,7,7,7,7,1,1,7,10,100,24,30,30,He still killed the lady,"tijme to think, when your alone with your thoughts, it will allow you to become better or worse, and your actions will demonstrate those results either way.",,,,,,,,,2,3,1,53,1,2,3,4,3,3,3,"many of your questions and especially those about foundational black Americans, were egregiously negatively assumptive. in ANY court USA, if someone tortures, mames kills and or robs you of your wages, you are OWED!!!! YT people do not get to attack, limit, redline, bomb our progress in Black Wallstreet, and every other form of systematic hyper racism, and then have the nerve to complain about the very circumstances that THEY CREATED!!!! or have the unmitigated temerity, to say we should pull ourselves up by our boot straps. smh   the level of lack of awareness and accountability, is absolutely ASTONISHING!! It seriously makes one question their supposed level of intellect.",1
2026-07-07 02:32:44,2026-07-07 02:52:44,0,,100,1199,1,2026-07-07 02:52:45,R_7YzeN2wLvpp9DGo,,,,,,,anonymous,EN,1,P000841,7,7,3,7,5,4,4,7,7,7,5,7,6,7,6,4,7,4,3,1,2,"Deserved to be punished explains itself with other reasoning and so ranked last, along with detouring others is a more automated process, ranking this next to last.
Rehabilitation is the aspired goal and so ranked this two,
And ranking cannot commit other crimes in first place under the assumption the individual thinks they are above the law with personal choices.",6,5,1,4,6,1,5,7,9,1,4,6,1,4,4,2,5,5,6,1,4,4,5,4,6,4,4,6,4,3,4,5,2,1,3,4,7,7,4,4,3,3,4,5,7,7,4,5,4,4,5,4,4,5,3,4,3,4,7,2,3,1,1,7,7,1,1,7,7,4,1,4,1,7,1,1,4,10,100,47,,,,,,,,,50,25,Given his condition and physical handicaps twenty five years will impact criminal with equal severity.,A change of human character and accountability for their actions.,2,4,1,37,1,1,4,1,1,3,3,"Interesting study, ",3
2026-07-07 02:32:46,2026-07-07 02:53:27,0,,100,1240,1,2026-07-07 02:53:28,R_1elBrxH5CATanhl,,,,,,,anonymous,EN,1,P000187,5,5,4,4,4,4,4,4,4,4,5,5,4,5,4,3,4,4,3,2,1,"I think helping the people be better is important to society.  I think through rehabilitation, we are more likely to have success in society overall!",3,3,3,4,2,2,4,1,9,3,4,3,4,4,2,4,4,4,4,4,3,4,3,5,6,5,4,3,4,4,5,4,3,3,4,2,5,3,6,2,3,2,3,4,3,2,6,4,1,2,2,7,6,6,6,2,3,3,6,3,4,1,1,7,7,1,1,7,7,5,1,2,1,6,1,1,6,4,5,47,15,15,I think at this point in years it will be easy to tell if Darryl has learned from the tragedy he caused.,It will turn Darryl into a better piece of society overall.,,,,,,,,,1,6,1,37,1,1,6,2,1,3,3,I thought it was a really interesting study overall!!  Good luck with everything!!,1
2026-07-07 02:37:31,2026-07-07 02:53:40,0,,100,969,1,2026-07-07 02:53:41,R_7cyWggWHN0Rb6A9,,,,,,,anonymous,EN,1,P001331,4,5,3,3,4,1,5,2,3,1,3,1,1,1,2,2,5,2,1,4,3,"Only the first one is true - prisoners do not get rehabilitated in our current system as it stands, since many criminals are repeat offenders. Additionally, prison rapes and murders are common experiences, especially for those who serve extended services. Criminals ""deserving"" to be punished is a subjective opinion that one could hold or not while the bottom two ones are provably false.",6,7,5,7,1,1,3,1,9,2,4,5,3,3,1,7,2,1,6,1,1,6,1,7,7,5,2,2,4,1,7,1,2,1,1,1,5,5,5,4,3,2,5,2,1,5,7,4,2,3,4,7,7,2,7,1,1,1,7,1,3,1,1,7,7,4,1,6,6,3,1,2,1,6,1,1,1,10,5,16,30,2,"Darryl can no longer take care of himself on his own - he poses very little threat to society, and it would be ideal for him to be out of prison at around 20.","Him being under 18 completely changes my position, as I had assumed he was a grown adult due to the mention of two factory jobs. I hope that he is able to get situated in a comfortable juvie situation that gets him back on his feet financially without taking him out of society for too long.",,,,,,,,,1,7,1,21,3,1,4,2,1,3,2,"""Blacks""? I understand the questions are strongly worded on purpose but maybe better language could be considered without the assumption of a white survey taker",1
2026-07-07 02:40:32,2026-07-07 02:53:48,0,,100,796,1,2026-07-07 02:53:49,R_7szTXv2SUH8tQsd,,,,,,,anonymous,EN,1,P000511,6,6,7,5,6,6,4,7,4,5,6,6,7,4,6,5,5,1,4,3,2,"it is very necessary criminals deserve to be punished and then prisioner ",7,5,6,5,6,6,5,5,9,5,4,6,6,5,7,6,6,6,5,6,5,5,6,6,7,6,5,6,4,5,6,7,6,7,5,6,6,6,7,6,7,6,5,7,6,5,6,5,5,7,6,6,6,7,6,5,6,5,5,6,7,5,7,4,5,6,5,6,6,4,7,6,6,5,7,6,6,9,62,31,,,,,26,26,"i feel like it is very necessary ","it is needed ",,,,,2,6,7,62,1,1,5,7,2,1,1,,2
2026-07-07 02:28:23,2026-07-07 02:57:16,0,,100,1733,1,2026-07-07 02:57:17,R_6s4lx4aXT7fJKqq,,,,,,,anonymous,EN,1,P000647,4,6,4,6,6,6,4,6,6,6,6,6,6,6,6,6,4,4,2,3,1,"we should consider more changing this criminals rather than just punishishing them,so for me prison being cosidered as a rehabilitation place for prisoners.",5,5,5,6,5,6,3,3,9,3,5,6,4,6,3,4,3,5,4,3,3,4,4,4,5,6,3,5,4,5,5,5,5,5,4,3,3,5,6,1,2,4,4,3,4,5,5,4,5,3,3,5,5,3,5,4,5,5,3,5,5,3,5,5,3,3,3,5,5,3,6,5,4,5,5,5,5,0,100,24,,,,,,,,,50,36,He is paralyzed and does not pose security threat to the society.,The sentence will try to reason out with the victims,1,6,3,29,1,2,5,6,2,1,2,I enjoyed the survey.,3
2026-07-07 02:31:03,2026-07-07 03:01:08,0,,100,1805,1,2026-07-07 03:01:08,R_5mvZzmluHVTnTJS,,,,,,,anonymous,EN,0.20000000298023224,P001119,4,1,1,1,1,1,1,4,6,1,1,4,4,5,4,4,1,4,2,3,1,"Prisoners should be educated, rehabilitated and reformed in ways that are acceptable and enforce the human nature. I believe it's not always a person's choosing to commit a crime but rather they are ill directed by unwanted thoughts they lack guidance on how to ground them",4,4,4,7,4,4,4,1,9,4,4,4,4,5,4,1,4,4,6,1,4,4,4,7,7,6,4,4,4,1,7,1,1,7,1,1,7,7,4,1,1,1,7,1,4,7,4,7,4,1,4,7,7,4,4,4,4,4,1,4,7,1,1,7,7,1,1,7,7,1,5,7,1,7,1,1,7,10,100,24,50,50,"Anything done against or for Darryl does not bring Frankie back to life. ",Lifelong regret in Darryl,,,,,,,,,1,1,7,30,2,1,6,7,2,3,3,,1
2026-07-07 02:54:24,2026-07-07 03:01:26,0,,100,421,1,2026-07-07 03:01:26,R_5VkD1aNxz8bGvyV,,,,,,,anonymous,EN,1,P000047,7,7,7,6,5,6,6,6,7,7,7,6,6,7,7,7,6,3,4,2,1,because i believe some of them need time and guidance more instead oof punishments,7,6,7,7,7,7,7,6,9,7,7,7,6,7,7,6,6,7,4,7,7,5,7,7,7,7,7,7,4,7,7,6,6,7,6,7,7,7,6,6,7,6,7,6,3,6,6,7,7,7,7,7,6,7,7,6,7,7,6,6,7,7,7,7,7,6,7,6,6,6,6,6,7,6,7,7,7,11,53,25,27,35,"Severity of the crime: Frankie Williams lost her life in a violent assault. That cannot be overlooked, regardless of Darryl’s current health.",Accountability,,,,,,,,,1,7,7,25,2,1,6,7,2,3,3,none,1
2026-07-07 02:43:33,2026-07-07 03:01:33,0,,100,1080,1,2026-07-07 03:01:34,R_1rPmxuvJ1y1UF5P,,,,,,,anonymous,EN,1,P000479,6,7,4,5,6,6,6,5,3,7,6,7,1,5,5,4,6,2,3,1,4,The safety of society is the most important reason to lock up criminals. Rehabilitation rarely works.,2,2,1,4,5,2,6,7,9,4,2,6,4,4,4,4,7,6,4,4,4,1,6,5,1,2,6,6,4,5,7,1,2,3,4,1,6,5,7,2,2,5,1,5,6,6,7,5,1,3,4,5,7,3,6,4,2,6,7,2,5,1,2,7,4,3,2,5,5,2,2,4,5,1,6,7,1,5,5,47,,,,,30,25,He still needs to answer for Frankie's death.,Make him realize what he did.,,,,,1,7,1,60,1,1,3,5,2,1,1,,2
2026-07-07 02:42:14,2026-07-07 03:05:40,0,,100,1406,1,2026-07-07 03:05:41,R_7VnzoyFBzCt7RYt,,,,,,,anonymous,EN,1,P000749,7,7,5,7,7,7,6,7,5,7,6,6,4,7,4,6,7,1,2,3,4,I ranked them from least important to me to most important to me. Criminals have been punished since time began as far as I know and it should continue that way. However the current system has obvious flaws like the recidivism rate being high among criminals.,4,5,1,4,1,1,5,5,9,7,6,4,5,6,4,3,4,5,4,2,6,5,5,5,6,6,2,3,4,5,7,2,1,1,4,1,6,6,5,2,2,1,5,2,1,5,7,1,1,1,1,4,6,1,7,1,4,1,7,1,1,2,2,7,2,2,2,7,7,7,1,2,1,1,4,7,1,10,5,47,30,30,I don't care how long his life expectancy is or what his ability to reoffend is. Darryl still needs to be punished to the maximum extent of the law within reason.,I hope that it will teach others not to do what Darryl did.,,,,,,,,,1,7,1,46,1,1,3,3,3,1,3,"This was a very interesting and thought-provoking survey, one of the best I've taken!",1
2026-07-07 02:46:18,2026-07-07 03:06:15,0,,100,1197,1,2026-07-07 03:06:16,R_3FVBVFrRSiM6guY,,,,,,,anonymous,EN,1,P000307,7,6,7,6,6,5,6,6,7,7,6,6,7,7,7,7,6,1,2,3,4,It shows the order to be followed,6,7,2,6,6,7,6,6,9,6,6,7,6,6,6,6,6,6,7,6,6,6,5,6,6,5,5,6,3,6,6,6,6,7,7,6,6,7,7,6,6,7,6,6,7,6,7,6,6,6,5,6,7,7,6,7,6,6,5,6,5,6,6,6,5,6,6,6,5,2,2,6,3,6,6,7,7,10,67,29,,,,,,,,,21,14,Because the crime committed by Darryl is not a small crime.,To change him to a better person,1,5,5,49,2,1,6,6,1,2,2,,3
2026-07-07 02:45:16,2026-07-07 03:06:21,0,,100,1264,1,2026-07-07 03:06:22,R_7OoAaKhH6siQJ8f,,,,,,,anonymous,EN,1,P000239,7,7,6,6,7,5,6,6,7,6,5,6,6,6,5,4,6,2,1,3,4,"Deterrence is most important because it helps prevent future crimes. Accountability matters because there needs to be consequences and the priso ment provides safesty and rehabilitation. ",4,1,1,7,5,4,4,3,9,7,7,3,7,7,3,1,7,7,7,1,7,4,7,6,1,4,4,3,4,1,6,4,1,1,1,1,5,1,6,2,1,1,1,7,1,1,6,7,1,1,1,4,7,1,7,1,6,6,1,7,7,1,1,7,7,1,1,7,7,1,6,4,1,7,1,5,6,5,5,47,,,,,50,40,"Even though he is no longer a physical threat, the severity of the crime still requires punishment. ",Hold him accountable,,,,,1,7,1,67,1,1,5,5,2,3,2,,2
2026-07-07 02:28:31,2026-07-07 03:07:54,0,,100,2363,1,2026-07-07 03:07:54,R_1V1qzro86tDc7yh,,,,,,,anonymous,EN,0.8999999761581421,P000603,7,7,7,7,7,7,7,7,7,7,7,7,7,6,7,6,6,4,1,3,2,The main focus in punishing offenders is to prevent crimes an also help the prisoners to reform.,4,4,1,5,4,3,4,1,9,4,4,3,4,6,3,2,6,6,4,4,3,3,5,4,6,4,4,7,4,4,6,4,5,2,2,1,7,7,6,5,4,6,2,4,6,6,7,7,4,6,4,4,6,3,5,4,7,4,3,7,6,3,4,6,7,3,2,6,6,4,3,5,1,6,1,5,5,5,5,47,,,,,,,,,50,40,"I took 10 years off the sentence because he is permanently paralyzed and can no longer pose a threat to society; the trial was confidential, so he was not deterred by the public. But I did keep a stiff 40-year sentence, for he brutally took a human life, which is a serious matter, hence the serious punishment and moral accountability no matter how ill e will be or how private his trial was.","This sentence is for retribution and justice I hope under the particular circumstances, the public deterrence and physical incapacitation are no longer relevant factors, the goal of this is to enforce a severe, proportional punishment for murder and respect the value of the victims life.",2,7,6,45,1,2,4,4,2,1,1,None. Thank you.,3
2026-07-07 02:37:48,2026-07-07 03:08:56,0,,100,1867,1,2026-07-07 03:08:56,R_7dzVN2ipz7eHW44,,,,,,,anonymous,EN,1,P000126,7,7,6,7,7,7,6,7,7,7,7,6,2,1,7,5,7,2,1,3,4,"1 and 2 were close because I do believe that criminals deserve to be punished, but I also think that people who get sent to prison for committing crimes set an example of what can really happen to those thinking of doing the same. 3 and 4 were also a close tie because I don't think that either one of those things is really true. Crimes still happen in prisons, and only a select few really get rehabilitated. ",2,4,1,2,6,3,7,7,9,7,7,7,7,7,1,1,6,5,1,5,6,3,6,2,2,4,6,7,4,5,1,6,1,5,6,7,5,5,6,3,1,7,2,6,3,3,1,5,6,7,7,5,6,4,3,4,4,7,6,6,6,7,7,3,7,7,2,5,6,7,6,7,7,1,7,7,1,10,100,24,,,,,50,50,"Daryl's personal health does not change the crime he committed, and he should be punished for it. Neither does the fact that the case will never be made public have any bearing on my decision. If anything, the fact that Frankie was only 17.5 years old only reinforces my stern sentence since she had so much life left to live.","I hope that Daryl lives every day for the rest of his life, reflecting on what he did and feeling terrible for it. If a personal handicap were an automatic get-out-of-jail card, inmates would be doing this to themselves just to get out. ",,,,,2,7,1,47,2,1,6,6,2,3,1,"This was an interesting study, and I would enjoy participating in similar ones in the future if there is an opportunity. ",2
2026-07-07 02:46:49,2026-07-07 03:09:16,0,,100,1347,1,2026-07-07 03:09:17,R_1PaxR7Y1d3nn1Hb,,,,,,,anonymous,EN,0.699999988079071,P000643,7,7,7,7,7,7,7,7,7,7,7,7,7,7,7,7,7,4,2,1,3,before rehabilitation begins the criminals needed to prevented from commit other crimes,4,3,3,7,7,3,7,6,9,7,7,2,6,7,1,1,7,7,7,2,4,2,7,7,7,2,7,7,4,7,7,1,1,7,1,1,7,4,3,3,3,1,4,1,1,1,7,1,1,1,1,7,7,1,7,1,7,7,1,7,7,1,1,7,7,1,1,7,7,7,1,4,1,7,1,1,7,10,5,24,,,,,,,,,24,11,he was a minor and he is not a threat to society,rehabilitation,1,7,4,38,1,1,5,7,2,3,1,,3
2026-07-07 02:46:36,2026-07-07 03:09:22,0,,100,1365,1,2026-07-07 03:09:22,R_6cAvIrZRQxEU46o,,,,,,,anonymous,EN,1,P000527,5,3,3,1,5,5,5,5,5,5,3,5,5,5,1,3,3,4,1,2,3,I have been to prison so I know how it really is and this is the way it is and there is no way around it.,5,3,3,5,1,1,5,5,9,1,5,4,1,6,1,3,3,3,3,3,1,2,4,4,5,5,3,5,4,3,5,5,4,3,5,1,5,2,7,3,1,1,6,5,1,4,5,5,3,5,3,3,3,3,5,3,3,3,6,3,3,3,5,7,7,3,3,6,7,5,5,5,1,5,3,5,5,10,100,24,,,,,25,25,I think that if you commit murder you should get a minimum of 25 years in prison and you only have to do 80 percent of that so I am giving him enough of a break.,I hope that after serving this sentence he comes out a reformed man and knows that killing is wrong and he will not do it again.,,,,,2,4,1,41,1,1,3,5,2,3,3,I think that you should get the proper punishment for the crime that you committed I literally served three years in prison for telling a police officer I slept with his wife and the beat the crap out of me.  Now I am a convicted violent felon and cannot get a real job that is why I work on Prolific.,2
2026-07-07 02:56:07,2026-07-07 03:10:54,0,,100,887,1,2026-07-07 03:10:55,R_1OlhLI5FbUiqblQ,,,,,,,anonymous,EN,1,P000825,6,6,3,6,6,5,4,6,6,7,6,6,5,5,6,3,5,2,4,1,3,"The main goal is to get criminals out of daily life so they won't harm innocent people. Whether a criminal ""deserves"" to be punished depends by on the case, however we can agree extreme criminals should pay for their crimes.",4,2,1,6,3,1,7,4,9,5,5,3,3,5,6,3,5,6,3,3,2,5,4,5,7,2,5,5,4,5,7,6,3,3,2,1,6,7,5,4,2,6,3,4,6,6,3,5,5,4,5,3,6,3,5,3,3,1,6,3,5,1,1,5,5,2,2,5,7,5,1,3,3,6,1,3,5,10,100,17,,,,,,,,,40,40,"He still killed a person in cold blood, no matter their age or if he has a disease. Brutal murder with no excuse. He should receive the time, no matter if he's a threat to society or not anymore.","Even if he isn't dangerous anymore, it's the act/gesture of actually carrying out and assigning the sentence. It is an act of justice for Frankie and proves that society will live up to its rules.",1,7,1,19,2,1,3,3,1,3,2,,3
2026-07-07 02:51:28,2026-07-07 03:13:31,0,,100,1322,1,2026-07-07 03:13:32,R_6SGP8WVAD6WrQQo,,,,,,,anonymous,EN,0.10000000149011612,P001945,3,7,4,7,7,5,2,6,5,5,5,4,5,5,4,3,5,1,2,3,4,Deterrence was my number one priority as a way of ensuring that everyone is safe. Incarceration comes second as this will ensure safety when these criminals are in prison. Rehabilitation was third as this could assist in reducing criminal activity but not necessarily. The reason why I put the idea that “criminals deserve to be punished” last is that the primary purpose of punishment is deterrence.,4,6,5,1,4,5,3,5,9,5,4,5,5,6,3,4,6,4,5,5,5,2,7,3,2,3,3,1,4,4,5,3,3,6,5,5,6,4,1,7,4,6,4,7,7,7,5,7,6,5,7,5,7,7,5,4,3,5,1,4,3,5,3,5,4,3,7,4,5,4,5,4,6,5,4,3,5,5,5,6,23,5,"Since he is not a danger to the community anymore and the case will stay confidential, a lighter sentence would be more fitting in this instance. This is because the purpose of punishing him in the first place does not apply as much in this instance.","Here is a sentence that I believe will make Darryl responsible for his actions, but at the same time, recognize that he doesn’t represent any danger to the society anymore.",,,,,,,,,2,5,4,65,1,1,2,7,2,3,3,no thanks,1
2026-07-07 02:57:37,2026-07-07 03:13:51,0,,100,974,1,2026-07-07 03:13:52,R_7esITrseFts1WWK,,,,,,,anonymous,EN,1,P001561,7,7,7,7,7,7,6,4,5,7,7,7,2,4,7,4,7,2,3,1,4,because i dont think prison helps rehabilitee so its last,1,7,1,1,3,2,7,5,9,5,4,7,7,6,7,1,4,5,4,5,5,5,6,4,3,1,6,6,2,1,6,4,1,6,6,1,5,6,7,2,1,5,1,6,5,6,4,7,7,7,7,2,4,7,3,7,7,4,2,7,7,5,5,6,5,3,5,5,7,4,1,4,4,1,4,7,1,5,5,47,,,,,,,,,30,30,"I chose 30 years because the assault was intentional, planned, and continued even after the victim became unresponsive, ultimately resulting in death. Although Darryl no longer poses a threat to society due to his medical condition, the seriousness of the offense has not changed. I believe the sentence should reflect the severity of the crime and hold him accountable for his actions.","I hope the sentence provides accountability, recognizes the seriousness of taking a life, offers justice for the victim and the victim's family, and reinforces that violent crimes have significant consequences.",1,5,5,39,2,1,3,7,2,1,1,,3
2026-07-07 02:57:15,2026-07-07 03:14:10,0,,100,1015,1,2026-07-07 03:14:11,R_71MyZrEzivNKIr4,,,,,,,anonymous,EN,0.8999999761581421,P000344,7,6,6,6,7,5,6,6,6,6,6,6,6,7,6,6,6,2,3,1,4,"My number one concern is the safety of society. as a whole. I want to protect people from criminals. The easiest way to accomplish that is to keep criminals and others separated. I do believe punishment deters crime. As such, punishment is central to controling crime. I do not want to commit crtime because I do not want to get punsihed. I imagine others are the same. Once sealed off from society, if prisoners can gain some skill or better themselves, I believe they should be given the option.",3,5,2,4,3,2,6,6,9,5,5,5,5,7,1,1,7,7,6,1,1,1,7,1,1,2,6,7,4,1,7,1,2,6,1,1,5,1,7,1,1,6,2,6,6,6,6,6,1,2,2,7,7,2,6,2,1,1,6,4,4,5,5,3,3,5,5,3,3,5,2,2,1,3,5,5,3,5,100,47,,,,,50,50,"Darryl killed a person. As such, life life should be forfit. There is no apologizing for taking a life like that.",Darryl will be kept away from society and society will be safer.,,,,,1,5,1,38,1,1,4,5,2,1,1,,2
2026-07-07 02:50:03,2026-07-07 03:18:38,0,,100,1715,1,2026-07-07 03:18:39,R_1gXZKv9bHLM1Qum,,,,,,,anonymous,EN,1,P000345,6,6,5,6,5,6,5,6,6,6,6,6,5,5,4,4,5,1,2,3,4,"I ranked desert first because punishment should be based on moral accountability  people should face consequences for their actions. Deterrence comes next because the threat of punishment helps maintain social order. Incapacitation is important for public safety, but it's a passive benefit. Rehabilitation, while valuable, is the least certain and often least effective in practice, so I ranked it last.",3,4,2,5,4,2,6,6,9,4,3,5,5,6,2,2,6,5,4,3,3,3,6,3,3,3,6,7,4,4,7,2,2,4,3,1,5,5,5,5,5,5,2,4,5,5,6,4,2,2,3,7,6,2,6,3,4,4,3,4,5,2,1,6,6,5,3,3,6,3,4,3,2,4,5,5,3,5,5,47,28,15,"I recommended 15 years because, while Darryl's actions caused a tragic death, he no longer poses a physical threat to society due to his permanent paralysis. The case not being public removes the need for a deterrent sentence, but accountability and the seriousness of the crime still matter. This sentence acknowledges the harm done, respects the victim, and is proportionate to the circumstances.","I hope this sentence holds Darryl accountable for his actions while recognizing that his current condition changes the practical need for a lengthy prison term. It also sends a message that even when public scrutiny is removed, serious crimes carry serious consequences.",,,,,,,,,1,7,1,27,1,1,6,6,2,1,1,"Interesting study, clear instructions and thought provoking scenarios. No major issues. Thanks",1
2026-07-07 02:50:16,2026-07-07 03:20:53,0,,100,1836,1,2026-07-07 03:20:54,R_7rY6HTyjtVhS0LL,,,,,,,anonymous,EN,0.800000011920929,P001220,5,6,4,5,5,5,4,6,6,5,5,6,5,6,4,3,5,4,2,1,3,I ranked them that way because I think the primary purpose of punishment should be protecting society.,6,2,2,6,2,1,5,3,9,2,2,6,2,7,2,2,2,2,2,1,1,6,5,6,7,6,2,5,4,3,7,1,1,3,2,1,5,4,6,2,2,2,4,2,3,4,7,2,1,1,2,7,7,1,7,2,2,1,6,2,5,1,1,7,7,2,1,6,7,1,2,1,1,7,1,2,6,5,5,47,35,15,I think should reflect both the severity of the crime and the reduced risk he now poses,I hopes it provides some sense of justice for frankie family while also allowing Darryl to serve a meaninful punishment without it being excessive given his condition,,,,,,,,,1,6,2,41,1,1,6,3,3,3,2,It was a good study overall,1
2026-07-07 02:41:08,2026-07-07 03:22:39,0,,100,2490,1,2026-07-07 03:22:39,R_5WQgt2WrBXH0cq5,,,,,,,anonymous,EN,1,P001075,5,5,4,4,4,3,4,5,5,5,4,4,3,5,4,4,4,3,1,2,4,"This study, or rather its line of questions, is extremely ambiguous in my humble opinion. The order listed is meant for VIOLENT CRIME only and there is absolutely nothing that distinguishes whether you mean someone who takes a boot off of their car from one who shoots an innocent bystander. You need to make a change in someone's life who commits an offense, thus my ranking.",1,2,1,4,4,1,6,6,9,3,3,7,4,5,3,3,3,4,3,1,3,4,4,5,3,4,1,3,4,1,4,3,1,1,2,1,7,7,5,4,4,4,3,4,5,6,4,3,3,4,4,7,7,4,5,4,2,3,4,4,3,3,1,7,6,1,3,5,7,3,3,4,3,7,4,4,4,10,5,24,,,,,,,,,49,20,"I DON'T BELIEVE ANYONE ON EARTH HAS THE RIGHT TO IMPOSE ON ANOTHER PERSON'S RIGHT TO LIVE WITH THE EXCEPTION OF SELF DEFENSE. ","I HOPE HE WILL UNDERSTAND THAT NO HUMAN ON EARTH CAN HARM ANOTHER HUMAN WITHOUT EQUAL CONSEQUENCES. ",2,3,1,50,2,2,6,5,2,3,3,I took my time and thoroughly read through every scenario and now the study is saying that I have timed out??????,3
2026-07-07 03:00:47,2026-07-07 03:24:18,0,,100,1410,1,2026-07-07 03:24:18,R_5k3VAJGc4vqxeYp,,,,,,,anonymous,EN,0.800000011920929,P000253,6,6,6,6,6,6,6,6,6,6,6,6,6,6,6,6,6,4,1,2,3,"Deterrence protects society, imprisonment prevents harm, rehabilitation offers hope, while punishment alone is less effective.",6,6,2,6,4,6,6,6,9,4,6,2,6,6,6,3,5,5,3,4,5,5,5,5,5,5,5,5,4,6,6,6,5,5,5,5,6,6,6,6,6,4,4,4,5,5,5,5,5,5,5,5,5,4,5,5,5,5,5,5,5,6,5,5,5,6,3,5,6,6,4,2,5,5,4,5,5,5,5,24,,,,,30,15,The punishment reflects the crime's severity and provides justice despite reduced future public safety risk.,"Deliver justice, recognize the victim's loss, and reinforce accountability for serious violent crimes.",,,,,1,7,7,42,2,1,2,7,2,2,1,"thanks ",2
2026-07-07 02:57:59,2026-07-07 03:25:17,0,,100,1637,1,2026-07-07 03:25:17,R_5zPfXdsoIriZYnn,,,,,,,anonymous,EN,1,P001159,6,4,5,5,6,6,5,5,7,7,3,5,7,6,5,5,6,4,2,3,1,"I ranked rehabilitation first because helping offenders change their behavior can reduce future crime and improve public safety over the long term. I placed deterrence and incapacitation next because they help prevent crime, while I ranked deserved punishment last because I think preventing future harm is more important than punishment alone.",5,5,6,5,6,5,6,5,9,5,6,5,5,6,6,6,5,3,3,3,5,3,5,3,5,3,3,3,4,5,5,3,3,5,6,3,5,5,6,5,3,6,3,5,6,7,3,2,6,5,2,5,6,7,2,5,6,7,3,5,6,5,5,6,6,4,4,6,6,5,2,5,1,5,5,6,5,1,5,47,30,25,"Although Darryl no longer poses a threat to society and the sentence will not deter others because it remains confidential, he intentionally committed a violent robbery that resulted in the death of another person. A substantial prison sentence is still appropriate to hold him accountable for the seriousness of his actions, though I would reduce it somewhat because incapacitation and public deterrence are no longer relevant.",I hope this sentence holds Darryl accountable for causing Frankie's death and reflects the seriousness of the crime.,,,,,,,,,1,6,6,36,2,1,2,7,2,2,2,,1
2026-07-07 03:09:34,2026-07-07 03:25:37,0,,100,962,1,2026-07-07 03:25:37,R_6B2pcb29TPmlDYo,,,,,,,anonymous,EN,1,P000121,4,1,3,5,5,5,3,5,1,6,5,5,6,6,3,2,3,4,3,2,1,That seemed to be the most logical and fair order,7,1,4,7,1,1,5,1,9,1,1,7,1,7,7,1,1,1,1,1,1,7,1,7,7,7,1,1,4,1,7,3,1,1,1,1,5,3,6,1,1,1,6,1,1,6,7,7,1,5,1,7,7,1,7,1,5,1,7,1,1,1,1,7,7,1,7,7,7,7,7,1,1,7,1,7,1,10,100,47,,,,,30,50,Was Daryl committing stagatory rape? Did Frankie give Daryl the disease or did Daryl give it to Frankie resulting in her breaking into his apartment? I assume Daryl is a piece of shit and even broke up with frankie so he could go get his dick wet and spread his AIDS around and Frankie was going to try stopping that resulting in her death so yeah Daryl can rot in hell.,Daryl dies in prison,,,,,2,7,1,35,1,1,2,5,2,2,2,I wish I had more detals on the Daryl and Frankie story such as more background and context.,2
2026-07-07 03:14:59,2026-07-07 03:28:19,0,,100,799,1,2026-07-07 03:28:20,R_3rIjVOPBevZQwya,,,,,,,anonymous,EN,1,P000439,7,7,7,7,7,6,6,6,7,7,7,7,6,7,6,6,6,4,2,3,1,"Criminals need rehabilitation to change their criminal ways to contribute to society, crucial. Punishment is needed to others don't do the same thing, very important. While in prison criminal do not pose a threat to society and can be rehabilitated and they deserve punishment for their crimes",3,5,2,4,4,2,7,4,9,3,4,4,4,5,5,3,5,6,3,2,2,4,5,4,4,5,6,6,4,4,6,4,5,4,4,2,5,6,6,2,2,3,3,2,5,5,5,4,2,3,4,4,4,4,4,3,4,6,1,5,6,6,2,4,5,6,5,4,5,2,4,4,2,3,4,5,3,10,100,24,,,,,50,35,"He still needs to be punished for his crime, and rehabilitated but if he no longer poses a threat he sentence can be less severe",Make him feel remorse and sorrowful over his crime,,,,,1,2,4,43,1,1,6,7,2,3,3,,2
2026-07-07 02:56:23,2026-07-07 03:29:12,0,,100,1968,1,2026-07-07 03:29:12,R_3S2i1upJgyk6uR5,,,,,,,anonymous,EN,1,P000116,6,7,6,7,6,6,6,6,6,6,6,6,4,6,4,4,6,3,2,1,4,"I prioritized preventing criminals from harming others and deterring future crimes because these directly protect society. I placed rehabilitation last because prison systems often fail to truly reform people, making it the least reliable reason.",4,2,4,7,2,1,6,5,9,2,2,1,2,7,1,2,6,4,1,2,3,5,6,4,5,2,2,5,4,4,7,1,1,2,1,1,6,5,6,2,2,5,3,5,4,6,7,4,1,1,2,5,7,1,7,2,1,1,6,2,2,1,1,7,7,2,1,6,7,1,1,1,1,7,1,2,6,5,5,47,,,,,,,,,35,25,"He brutally killed a teenager and so he deserves serious punishment. But since he's paralyzed and the case is secret then a 25 year sentence is fair less than before, but still substantial.","It gives justice for Frankie and shows that killing a young person has serious consequences, while not being excessively harsh since Darryl can never harm anyone again.",1,7,1,34,1,1,3,6,2,2,2,All good,3
2026-07-07 03:17:42,2026-07-07 03:33:11,0,,100,929,1,2026-07-07 03:33:12,R_6Wi9vJZFy9ehwVb,,,,,,,anonymous,EN,1,P001439,7,7,7,7,7,7,5,6,5,7,6,7,4,4,6,6,6,2,3,1,4,"In order to have a fair society, we must punish those who disrupt that system for their own personal gain.",2,5,1,3,6,6,6,6,9,5,5,3,5,4,5,2,7,6,6,3,4,4,5,3,4,2,3,5,4,5,6,2,4,4,4,1,6,4,7,1,1,3,3,5,5,4,4,4,6,6,6,3,5,5,3,6,4,4,5,4,5,3,3,5,5,3,4,5,5,2,2,1,1,3,3,3,3,10,100,24,,,,,,,,,40,30,"The other issues that come into play still do not negate the fact that Darryl killed a man.  He may not have intended to kill him, but he did",To keep Darryl off the streets and to serve as a warning to other criminals.,1,7,1,59,1,1,2,4,1,3,3,,3
2026-07-07 03:02:38,2026-07-07 03:34:47,0,,100,1928,1,2026-07-07 03:34:48,R_68UujY4ueGBgwfT,,,,,,,anonymous,EN,1,P000937,7,6,6,7,6,6,6,4,6,5,6,6,6,6,5,6,5,2,3,1,4,Well I thought these were obvious. Firstly the dangerous people need to be put away from us; second in importance is to show that justice is served. It's also a deterrent or something to hold over peoples' heads so that they don't abuse women and children more than they already do. Lastly is the possibility of rehabilitation which I dont think works or those programs don't really work,1,7,1,7,3,1,6,5,9,7,7,7,7,7,2,1,6,6,7,6,6,1,6,7,6,6,6,2,4,7,7,7,4,1,1,6,7,7,1,7,1,7,1,7,7,7,5,5,5,4,5,4,6,2,4,2,1,1,7,1,1,1,5,7,1,3,1,7,7,5,1,1,1,7,1,1,5,4,5,47,,,,,,,,,50,50,he's evil,make us all feel better,1,7,1,50,2,1,4,1,1,1,1,,3
2026-07-07 03:10:04,2026-07-07 03:35:42,0,,100,1537,1,2026-07-07 03:35:42,R_6nemj119xDn7kLj,,,,,,,anonymous,EN,,P001745,7,7,7,7,7,7,7,7,7,7,7,7,7,7,7,7,7,1,2,3,4,It is a viable chronology of the events that follows once a criminal is arrested,6,7,2,6,6,3,7,2,9,3,5,3,3,3,5,1,6,7,7,7,3,5,7,5,6,2,2,7,4,2,6,3,6,7,2,1,6,6,6,3,3,6,1,6,6,6,5,6,6,6,6,5,7,6,3,6,7,7,5,7,7,3,2,6,6,5,4,5,5,4,4,6,3,3,5,5,6,5,5,47,25,15,"I gave 15 years because a death resulted from his violent actions and there must be accountability. But since expert's testimony states he is no longer a threat, a lower sentence is appropriate.",Holding him accountable for the death of Frankie,,,,,,,,,1,7,1,49,2,1,4,6,1,2,1,n/a,1
2026-07-07 03:14:14,2026-07-07 03:37:05,0,,100,1371,1,2026-07-07 03:37:06,R_3Gv4fri9xdxjCi5,,,,,,,anonymous,EN,1,P000739,4,7,5,4,7,5,4,5,5,7,3,7,4,4,5,4,5,4,3,1,2,"I tried to rank them in what I think may be ""correct"" or the ""best"" answers. I kept thinking about people locked up unjustly or for victimless crimes.",4,1,5,7,4,1,5,5,9,2,3,7,4,5,1,2,3,3,3,1,4,4,4,5,5,4,3,4,4,4,5,3,2,3,3,1,5,4,5,5,5,3,4,4,4,5,4,5,1,3,3,7,5,1,7,1,1,3,5,3,2,4,5,6,4,7,7,6,7,7,5,1,4,3,2,1,4,5,5,47,,,,,,,,,9,9,"The person who committed the murder was also a criminal and harmed society. If it was a law abiding citizen I would have said 5 years. I am leaning more lenient, because to me what I recommend is still severe enough.","To have some type use of the term we call ""justice"".",1,7,1,75,1,1,4,4,3,2,2,"It made me think! These questions are deep philosophical topics. I notice that I  lean on the lighter side of punishment but that said, there are some people out there like the violent gang members that absolutely should be eliminated not imprisoned. I love Dexter! He always made sure the person was guilty.",3
2026-07-07 03:17:11,2026-07-07 03:37:11,0,,100,1199,1,2026-07-07 03:37:11,R_6kvpPvpDt4ZBqow,,,,,,,anonymous,EN,1,P001867,5,6,5,6,6,6,6,6,6,6,6,6,3,4,6,6,6,2,3,1,4,This order made the most sense to me logically.,2,5,2,3,5,4,6,7,9,6,6,6,6,4,6,2,5,6,6,4,4,4,5,3,5,2,5,4,4,6,6,3,3,3,3,3,6,5,4,5,4,5,3,5,6,6,4,5,4,5,5,4,5,5,2,4,6,5,5,2,5,5,5,6,5,6,6,2,6,5,5,5,5,2,5,7,2,5,100,47,44,39,"This is no excuse for his actions. His new condition is now merely a second layer of justice, natural justice if you will.",I hope this sentence will keep Darryl off the streets for life.,,,,,,,,,2,7,6,22,1,1,4,6,3,2,2,,1
2026-07-07 03:17:14,2026-07-07 03:37:38,0,,100,1223,1,2026-07-07 03:37:39,R_6qPVMhvPdgKzFv5,,,,,,,anonymous,EN,1,P001410,6,7,7,7,7,2,2,4,7,7,5,6,2,5,5,6,5,2,1,3,4,I believe when punishment is correctly enforced it can have the affect of detering other from committing crimes in sometimes. Criminals deserve to be punished so they get the bad guys off the streets. I believe locking up prisoners does stop them from committing other crimes in society but they still can commit crimes in prison which does not hurt the public but can hurt other inmates or officers. Some prisoners i believe get rehabilitated in prison but i feel that is such a low number but still very possible.,1,6,1,1,4,1,7,7,9,1,1,7,5,7,4,1,7,7,5,4,4,1,7,1,1,2,7,7,4,3,6,4,1,1,4,1,6,5,1,5,6,3,1,3,6,6,4,3,5,2,2,3,5,4,5,6,6,4,6,6,7,6,4,4,6,5,5,2,5,4,1,3,1,2,6,6,2,5,5,47,,,,,50,50,"I still believe he should get max sentence because this was a reoccuring issue of dv, he was served papers and asked to leave but choose to assault her leading to her death. The sentence of prison time does not change just because of his age.","I hope this sentence helps him rehabiliate himself in prison and maybe he can get his high school diploma while in prison, take classes and work to learn he skills that he may need if he ever was to get out of prison, but the sentence accomplishes that you can't assault and kill people and get away with it",,,,,1,5,1,49,2,1,2,7,2,1,1,,2
2026-07-07 03:24:04,2026-07-07 03:37:47,0,,100,823,1,2026-07-07 03:37:47,R_5m1Mt5YAfTNizcp,,,,,,,anonymous,EN,1,P000182,6,7,7,7,7,7,6,6,7,7,7,7,4,7,6,7,7,2,3,1,4,"If they pay for their crimes, it teaches a lesson to never commit a crime again.",7,7,1,7,4,4,7,6,9,1,1,4,6,7,4,1,7,7,7,1,1,6,3,7,5,1,5,5,4,4,7,1,1,7,1,1,7,7,5,1,1,1,1,1,1,7,7,4,6,1,4,7,7,4,7,1,4,7,1,6,6,1,1,7,7,1,1,7,7,7,1,6,1,7,1,6,7,4,76,29,,,,,50,26,"If he stays in jail that's fine, as long as he receives the proper medical care.",To rehabilitate Frankie.,,,,,1,7,1,47,2,2,3,3,3,3,1,"Great survey, thanks!",2
2026-07-07 00:46:39,2026-07-07 03:39:53,0,,100,10394,1,2026-07-07 03:39:54,R_1MRn0qrwM2KZ18N,,,,,,,anonymous,EN,1,P001102,7,6,5,7,7,5,6,6,7,7,7,5,1,6,5,3,5,3,1,2,4,"The first three are obvious reasons and are self-explanatory. The last choice was ranked this way due to the fact that prisoners gain hardly any rehabilitation in prison. There are educational and religious opportunities, but very few, if any, mental health counseling or substance use recovery programs. They do the bare minimum just to be able to say they offer something. The crime rates would drop if there were any decent true rehabilitation in the prison system.",5,5,1,7,1,1,6,7,9,2,5,7,5,7,1,1,5,6,6,1,2,3,5,3,3,6,5,6,4,2,6,5,2,1,1,1,7,7,5,5,4,5,3,3,4,4,5,6,2,2,3,6,7,5,3,3,3,5,5,3,3,1,1,6,5,3,1,6,6,5,1,3,5,1,2,7,1,10,100,24,,,,,,,,,50,50,"Daryl premeditated his actions. His hands and feet were the murder weapon, which is very violent and personal. There was a moment that he could have walked away, but he made a conscious decision to deliver the final blow that led to his death. I believe that a person that can take a life in such a mean and calculated way deserves life in prison. In this instance, a life for a life.",This sentence will hopefully give the victim's family some sort of peace of mind knowing that he paid for what he did to a young boy with his whole life ahead of him. This sentence can set the bar for violence such as this to deter others from committing such a heinous act.,2,7,1,52,2,1,3,6,2,1,1,This study will give great insight into societal perspectives for a subject that is highly important to address. Excellent survey!,3
2026-07-07 03:12:41,2026-07-07 03:39:59,0,,100,1637,1,2026-07-07 03:39:59,R_59kNMoHglufHIUV,,,,,,,anonymous,EN,1,P000041,5,6,5,5,5,5,5,5,5,3,4,4,5,5,6,5,5,3,1,4,2," Reasons with forward-looking, preventive benefits (deterrence, rehabilitation) rank higher because they aim to reduce future harm to society. Retribution ranks lower since it's backward-looking. Incapacitation ranks last because it's the most limited — a temporary fix that doesn't solve the underlying problem.Note: this is a philosophical/policy question where reasonable people disagree — someone prioritizing justice-as-desert, cost-effectiveness, or victim considerations might rank these quite differently.",6,5,6,5,5,6,6,5,9,6,6,5,6,5,6,5,6,5,6,5,5,5,5,5,6,6,6,4,4,5,5,6,4,6,5,5,5,5,5,6,6,6,5,5,5,6,6,6,6,5,3,5,5,6,5,6,6,6,5,5,5,5,6,5,5,6,6,5,5,6,4,5,5,5,6,4,5,9,5,47,25,20,"Darryl's paralysis removes the need for incapacitation (he's no longer a threat), so the sentence drops slightly. But it doesn't drop drastically because retribution still applies—he caused Frankie's death, and that culpability doesn't change with his physical condition. Deterrence also still holds generally, even if this case stays confidential."," Mainly retribution—holding him accountable for the harm caused, regardless of future risk. It also upholds the law's general deterrent effect, since the broader legal consequence for such crimes remains real even if this case isn't public.",,,,,,,,,1,6,5,30,1,1,6,6,1,2,1,none,1
2026-07-07 03:22:53,2026-07-07 03:40:31,0,,100,1057,1,2026-07-07 03:40:31,R_5qXgRGigVCWWUKZ,,,,,,,anonymous,EN,1,P001751,6,6,5,6,5,2,3,7,6,7,7,7,1,4,5,3,7,3,1,2,4,"I believe that punishment deters most reasonable and rational people from committing crime, so I put that first. Incarceration keep criminals away from the rest of society, that's important too. Criminals deserve to be punished is less clear. I don't know of they deserve it, but they certainly earned it. Finally, I don't believe prison is good for rehabilitation so I put this last.",3,5,1,7,2,3,4,5,9,5,4,5,5,7,3,2,6,7,5,4,5,4,6,5,6,3,5,6,4,4,7,2,4,5,6,1,5,5,6,3,3,6,4,6,6,6,4,6,3,6,5,2,4,5,5,4,2,1,6,2,4,4,7,5,3,6,4,5,6,5,3,2,2,4,5,6,5,5,5,47,,,,,,,,,30,10,"It seems that nature is contributing to his punishment, so we don't need to be as severe when punishing him. But he still needs to do some time.","Remind him that he did something wrong, and remind others that you can't escape justice.",1,6,1,52,1,1,5,4,3,2,3,no comments or suggestions,3
2026-07-07 03:29:17,2026-07-07 03:40:51,0,,100,694,1,2026-07-07 03:40:52,R_3l5oI7jIrIFspGh,,,,,,,anonymous,EN,1,P000529,2,2,2,3,3,2,1,4,3,2,4,2,3,4,3,3,6,4,1,3,2,"Its an example thing. Seeing others punished can deter crime. The goal is effective rehabilitation but the system does not operate as it should, often making the problem worse",7,1,5,7,1,1,1,2,9,1,1,3,1,7,1,5,1,1,1,1,1,6,1,6,7,6,1,2,4,3,7,1,2,1,1,1,3,4,7,2,1,1,5,1,1,4,7,4,1,1,1,5,5,1,7,2,1,1,7,1,1,1,1,7,7,1,1,7,7,3,1,4,1,7,2,5,4,5,5,47,10,2,"If he is not a threat to society, no amount of punishment is going to change what happened, so no sense keeping him in the system",perhaps he will be thankful for having a second chance and change his life for the better,,,,,,,,,2,4,3,48,1,1,3,1,1,2,2,,1
2026-07-07 03:00:43,2026-07-07 03:42:17,0,,100,2493,1,2026-07-07 03:42:17,R_1qCdq6QkBglvXvW,,,,,,,anonymous,EN,0.699999988079071,P001018,7,7,7,7,7,7,4,7,7,7,4,4,7,7,4,4,7,2,1,3,4,I ranked justice first because offenders should be held accountable. Deterrence comes second since punishment can discourage crime. Incapacitation is third because it only works during imprisonment. Rehabilitation is last because it is not always effective for every offender.,6,7,7,6,7,7,7,4,9,1,1,2,2,6,2,2,5,6,3,6,2,2,7,6,7,1,1,7,4,5,6,3,6,7,4,6,5,6,4,6,1,6,1,6,6,6,4,6,6,5,6,1,7,5,2,4,3,7,1,7,6,1,5,5,6,2,2,6,7,1,1,7,1,4,3,3,3,1,5,47,,,,,35,30,"Even though Darryl no longer poses a threat and the case will remain confidential, he is still responsible for causing Frankie's death through a violent assault. The sentence should reflect the seriousness of the crime and hold him accountable, regardless of his current condition.","To provide justice for the victim, reinforce accountability for serious crimes, and affirm that severe acts of violence carry serious consequences.",,,,,1,5,5,40,1,1,6,7,2,1,1,survey was clear,2
2026-07-07 03:15:08,2026-07-07 03:43:04,0,,100,1676,1,2026-07-07 03:43:05,R_5MPS1bDbucGiXhy,,,,,,,anonymous,EN,1,P000544,7,7,6,7,7,5,5,7,6,7,7,7,4,5,6,5,6,2,3,1,4,I ranked in importance to society...,3,4,1,5,5,1,6,7,9,4,3,5,3,7,2,3,6,6,3,1,3,2,6,5,1,2,5,6,4,5,7,1,1,3,5,1,5,5,7,3,3,4,2,4,5,4,3,6,5,4,5,5,6,1,5,4,1,3,5,3,5,4,1,4,6,7,4,1,2,5,4,5,1,3,4,6,2,10,100,47,,,,,,,,,20,20,these other matters don't affect his culpability in the crime,punishment for Darryl and a warning to others,1,7,1,56,1,1,3,5,3,3,1,,3
2026-07-07 03:16:32,2026-07-07 03:45:05,0,,100,1712,1,2026-07-07 03:45:06,R_4C9fl8kcQr8YBjA,,,,,,,anonymous,EN,1,P000200,6,6,6,6,6,6,6,6,4,7,7,5,4,7,5,5,6,4,2,3,1,"Prison is a good place to rehabilitate criminals and help them evaluate their choice consequences changing for the better. It deters them from committing crimes in society and therefore cannot commit any other crime. Lastly, criminals deserve to be punished for their crimes.",4,4,1,5,5,4,4,3,9,4,4,4,4,6,3,2,5,5,4,4,4,3,6,4,4,5,6,6,4,5,6,6,3,6,4,2,4,5,4,2,2,4,2,5,5,5,5,4,4,4,4,3,4,3,5,4,5,5,2,6,5,4,5,4,5,3,3,5,5,4,3,3,2,5,3,4,4,5,5,47,20,10,I would give him 10 years imprisonment since he no longer poses a threat to society but he still needs to learn a lesson for his crime.,That he will pay for his actions of killing someone who would be alive and thriving if her life was not ended.,,,,,,,,,1,5,4,50,1,1,4,2,1,3,1,N/A,1
2026-07-07 03:27:18,2026-07-07 03:48:23,0,,100,1265,1,2026-07-07 03:48:24,R_7P0jTFM2pSJ0t8g,,,,,,,anonymous,EN,1,P001913,7,7,4,5,7,5,7,7,7,7,6,7,4,5,7,5,7,4,2,1,3,"Most important is preventing criminals from causing further harm, secondly is to try and prevent others from committing similar crimes. I'm iffy on the rehabilitation angle of prison, and I don't really care about what criminals 'deserve' so much as I just want them to not cause problems.",1,6,3,4,6,7,5,7,9,1,3,4,7,7,2,2,7,7,4,4,5,1,7,5,5,4,7,7,4,4,7,3,1,1,2,1,6,7,6,5,1,1,1,6,6,7,5,4,2,2,3,6,7,4,6,4,2,7,3,4,7,4,4,7,5,7,6,4,5,7,1,4,1,1,4,7,1,5,5,47,,,,,50,50,"Murder should be a life sentence. ",Committing murder makes you unfit to exist in society. Hopefully a life sentence will prevent them from existing in society ever again.,,,,,1,7,1,28,1,1,3,7,4,3,3,,2
2026-07-07 03:35:36,2026-07-07 03:48:40,0,,100,783,1,2026-07-07 03:48:41,R_6ilssWAIPWGNVCR,,,,,,,anonymous,EN,1,P001281,7,7,7,7,7,7,7,7,7,7,7,7,7,7,7,7,7,1,3,2,4,I think criminals absolutely deserve to be punished and removing them from society not only ensures they don't commit more crimes but it also should stop them from wanting to commit crimes.,1,7,1,4,7,1,7,7,9,5,7,7,7,7,1,1,1,5,4,1,1,4,7,1,7,4,7,7,4,1,7,1,1,1,1,1,4,3,7,4,1,1,4,1,1,4,7,1,1,1,1,4,7,1,7,1,7,7,1,4,5,1,1,7,7,1,1,7,7,5,4,7,4,7,1,1,7,5,5,24,,,,,,,,,25,10,Regardless of his physical condition he still committed a crime and deserves a punishment,I hope it will make him think about his actions and express remorse,1,7,1,27,1,2,2,4,3,3,3,,3
2026-07-07 03:38:31,2026-07-07 03:52:59,0,,100,868,1,2026-07-07 03:53:00,R_1C5usWrTTTwbLQR,,,,,,,anonymous,EN,1,P001756,6,7,5,5,7,5,2,7,6,6,5,6,5,5,6,5,7,4,2,3,1,"I ranked rehabilitation firts because reducing reoofending and helping people successfully return t society has the greatest long-term benefit. Detterance is second because it discouraging crime can improve public safety. Incapacitation is third because it prevents crime only while offenders are incarcerated. I ranked deserved punishment last because, while accountability is important, I believe ht justice system should focus more on reducing future crime and improving outcomes than on punishment alone. ",3,2,2,6,1,1,3,2,9,1,1,5,2,7,1,5,5,2,2,1,2,6,1,6,7,7,3,5,4,6,7,2,2,1,2,1,6,5,5,2,1,1,2,3,5,5,7,2,2,2,1,3,6,2,6,1,2,1,7,5,6,1,1,6,7,1,1,7,7,2,2,1,1,7,2,1,7,5,5,47,,,,,30,30,"I recommend the full 30 years because the crime resulted in a person's death and involved serious violence. Although Darryl no longer psoes a threat to society, the sentence should still reflect the severity of the offense and provide accountability.","I hope that it holds Darryl accountable, provides justice for the victim and her family, and upholds confidence in the justice system.",,,,,1,6,2,32,1,2,6,3,3,2,2,,2
2026-07-07 03:41:18,2026-07-07 03:53:04,0,,100,706,1,2026-07-07 03:53:05,R_5cSoriTI76K8OOU,,,,,,,anonymous,EN,1,P000672,6,7,5,6,7,3,5,7,7,7,5,5,4,4,5,5,6,3,1,2,4,I ranked the first two because they have to do with keeping others in society safe. The final two are good by-products that may or may not occur.,3,5,3,3,7,4,5,5,9,4,5,4,5,6,3,3,5,6,4,3,4,3,5,2,2,3,6,5,4,3,7,4,4,3,5,1,4,3,5,4,3,2,1,3,3,3,3,5,2,3,4,5,4,3,4,4,3,4,1,4,4,3,2,5,5,7,7,5,4,5,5,5,2,3,5,5,2,5,5,47,50,50,His disease does not negate the need for punishment. He still has his brain and unethical standards.,His punishment should be a warning to others and should keep someone who is very willing to be violent away from others he might influence.,,,,,,,,,1,5,1,36,2,1,4,6,2,3,3,,1
2026-07-07 03:25:25,2026-07-07 03:54:33,0,,100,1748,1,2026-07-07 03:54:34,R_55Pnqdmue1bJFlL,,,,,,,anonymous,EN,1,P001946,5,5,5,6,5,6,5,6,3,5,5,4,6,5,6,5,6,4,1,2,3,"I prioritized deterrence and incapacitation because preventing future crime protects society directly. Rehabilitation matters too, since it helps people reintegrate long-term. I ranked ""deserve to be punished"" last because it only addresses the past, not future harm or benefit to society.",5,6,5,4,5,5,5,5,9,5,5,6,6,5,6,5,6,6,6,3,5,5,6,5,6,6,5,6,4,6,5,4,5,6,5,5,5,5,5,6,5,6,6,5,6,6,5,5,6,6,5,5,5,6,5,3,5,5,4,5,6,6,5,5,5,5,5,5,5,3,4,3,6,5,5,6,5,5,5,47,21,15,"Even though Darryl no longer poses a physical threat and the case won't be public, I still believe he deserves meaningful punishment for taking Frankie's life. The severity of his actions — repeated violence that ultimately caused her death — warrants real consequences regardless of whether it serves any future protective purpose","Since Darryl can't reoffend and the punishment won't be publicized, this sentence isn't about protecting others or deterrence. It's meant to reflect that his actions had serious, irreversible consequences and that justice requires accountability for harm already caused, not just prevention of future harm.",,,,,,,,,1,6,5,23,1,1,4,6,2,1,2,the study was good,1
2026-07-07 03:30:21,2026-07-07 03:56:03,0,,100,1541,1,2026-07-07 03:56:04,R_3Do90oZmkPYPKRA,,,,,,,anonymous,EN,0.8999999761581421,P000705,7,7,6,6,6,7,6,7,6,6,7,7,7,6,7,6,7,2,3,1,4,"The only goal should be to keep citizens safe.  So we have to get these criminals off the street. ",1,6,1,1,7,4,5,7,9,5,6,7,7,2,2,1,7,5,1,4,1,1,7,3,3,3,6,6,4,7,4,3,4,5,5,2,7,5,4,6,3,7,2,7,7,7,4,4,3,5,5,5,7,6,5,3,5,1,7,6,6,1,1,6,6,3,4,5,7,4,3,5,1,2,6,7,4,10,5,47,,,,,40,40,"While the disease makes him no longer a threat, he still must be punished and have consequences for his actions","That one, he will be punished for the crime he commits, and prevent others from doing similar crimes",,,,,1,5,1,48,1,1,4,4,3,1,1,,2
2026-07-07 03:22:28,2026-07-07 03:59:47,0,,100,2239,1,2026-07-07 03:59:48,R_1i4XUYAUK5opFAy,,,,,,,anonymous,EN,1,P001142,7,7,7,7,7,7,7,7,7,7,7,7,5,4,7,7,7,1,2,3,4,"I put criminals deserve to be punished as number 1 because it's the most important benefit. Everything else follows from there. I'd put ""prisoners get rehabilitated in prison"" even lower if I could, or get rid of it altogether.",1,7,1,1,7,7,7,7,9,7,7,7,7,6,2,1,7,7,7,5,7,1,7,1,1,1,7,7,4,7,6,7,6,6,4,5,7,7,7,5,3,7,1,7,7,7,1,7,7,7,7,1,5,6,1,7,6,7,2,5,7,5,7,4,4,7,7,1,4,7,7,4,5,1,7,7,1,5,100,24,,,,,50,50,The additional circumstances don't matter. He deliberately took actions that led to the murder of Frankie and he should serve that punishment for life.,"It will bring justice for the murder of Frankie, and such a harsh punishment for a young criminal will serve as a warning and deterrent for future offenders.",,,,,2,7,1,29,1,1,4,7,3,3,3,,2
2026-07-07 03:42:52,2026-07-07 04:00:12,0,,100,1040,1,2026-07-07 04:00:13,R_3EtJIxDCM6MxB7j,,,,,,,anonymous,EN,1,P001147,7,7,7,7,6,6,5,6,6,7,7,7,6,4,5,5,5,1,3,2,4,"those are reasons that align with what I believe ",1,6,1,3,4,3,6,7,9,6,7,7,5,5,3,2,6,7,5,4,4,2,7,2,3,3,6,6,4,5,5,5,4,6,6,3,5,4,5,5,2,4,1,5,5,5,3,6,5,5,6,4,4,5,3,5,4,7,4,4,5,3,2,5,5,4,3,4,4,5,1,5,3,1,7,7,1,10,100,47,50,50,"it is what he deserves for his crime ","I hope it will bring justice to the victims family and properly punish the murderer ",,,,,,,,,2,5,1,27,2,1,2,7,2,1,1,,1
2026-07-07 03:35:59,2026-07-07 04:04:35,0,,100,1715,1,2026-07-07 04:04:36,R_3MQF9AJxg8UkmAX,,,,,,,anonymous,EN,1,P000861,6,6,5,5,6,5,5,5,5,5,5,6,6,7,2,4,6,4,3,1,2,I just think keeping people safe and helping people get their lives back on track matters more than punishing someone just because they deserve it.,5,2,2,7,2,1,5,2,9,2,2,3,3,7,1,3,2,3,2,1,2,5,4,5,6,6,3,5,4,4,7,1,3,3,2,1,6,4,6,3,3,1,5,2,5,5,7,2,1,1,2,7,7,1,7,2,3,1,6,4,5,1,1,7,7,1,1,7,7,2,1,2,1,7,1,2,5,0,5,47,,,,,,,,,40,25,"I chose this sentence because what he did was really serious, but I also think his health situation and the fact that he isn't a threat anymore should be considered.",I hope the sentence makes him face the consequences of what he did while also considering that he's not a threat to anyone anymore.,1,5,1,46,1,1,4,1,1,3,2,Interesting study. Made me think about some different viewpoints.,3
2026-07-07 03:55:39,2026-07-07 04:11:13,0,,100,934,1,2026-07-07 04:11:14,R_3Z6uK8BjifPJxSh,,,,,,,anonymous,EN,1,P001324,6,7,6,6,6,6,5,7,7,7,6,6,6,6,6,6,6,4,2,1,3,I think the main issue is to get criminals off the streets.  This will deter other criminals and give us a chance to rehabiliate them.,2,3,1,5,4,3,5,6,9,4,6,3,5,3,7,4,3,2,3,2,3,1,3,6,5,4,2,3,4,5,6,3,4,5,4,2,6,5,6,3,2,6,2,4,5,5,4,5,4,3,3,4,4,4,5,3,6,1,7,6,6,5,3,4,7,3,3,6,6,3,4,3,1,5,5,6,6,10,100,24,,,,,,,,,50,50,"Regardless of his condition, he still committed the crime.  There are plenty of cases where minors get tried as adults.",This would be a lesson to other possible criminals.,1,5,2,57,1,1,4,2,1,1,1,Very interesting survey,3
2026-07-07 03:45:26,2026-07-07 04:11:46,0,,100,1579,1,2026-07-07 04:11:46,R_6aB9ePxc45dkM5b,,,,,,,anonymous,EN,1,P001136,7,7,7,7,7,5,7,7,7,7,7,7,5,5,7,7,7,1,2,3,4,"I believe criminals deserve to be punished for what they did to society and putting them in prison will help stop others from committing crimes, Not all of them but it will deter a good amount. it's pretty obvious that if they are behind bars they cannot commit other crimes. There are some prisoners that get rehabilitated in prison, but not all of them do, some of them actually come out to be more hardened criminals.",1,7,1,1,5,5,6,6,9,7,4,5,7,3,6,1,6,7,7,2,6,1,7,1,2,1,7,7,4,7,7,2,5,6,6,1,6,7,5,3,2,5,1,7,6,6,3,7,2,1,6,4,3,3,6,7,3,7,1,6,7,2,6,6,2,7,7,5,7,3,3,4,1,1,7,7,1,10,5,47,,,,,50,50,"He was still responsible for her death. He broke into her place, He beat her and he chased her and hit her and she fell in front of a vehicle causing her death. It doesn't matter that he contracted some disease, he still deserves punishment for what he did.","Hopefully people will see by this that You won't get off From a crime just because something happens to You that is bad. The details of the case may never become public, but the sentence will show people that what he did was severe.",,,,,1,6,1,64,1,1,3,6,3,1,1,I don't have anything to share,2
2026-07-07 03:38:28,2026-07-07 04:12:18,0,,100,2029,1,2026-07-07 04:12:19,R_62X2PmlrmAiUNDO,,,,,,,anonymous,EN,1,P001969,7,7,7,7,7,7,1,1,7,7,5,7,1,2,1,1,7,1,3,2,4,"I really only think the first one is true. I, 100%, agree criminals deserve punishment. They can commit crimes in prison though. Punishment of criminals only deters weak or scared people, not hard-core criminals. And prisoners that are rehabilitated in prison is the tiniest of tiny percentage. I ranked them in this order because this is the order that I believe the statements are true.",1,6,1,2,1,1,6,7,9,5,5,7,7,3,1,1,2,5,1,1,1,1,5,1,1,4,5,6,4,6,7,3,1,2,1,1,6,7,6,4,2,3,3,2,6,5,5,1,5,6,6,5,7,6,5,6,5,7,1,1,7,7,1,7,7,7,7,5,5,7,7,5,2,1,5,6,1,5,5,47,,,,,,,,,50,50,"I would recommend this because he took another person's life. Really, I think he should get death. He knew the man was unresponsive and he still chose to kick him again, why? It's not even like the man knew at that point. ","I hope that this sentence would give the Darryl the rest of his life to have to think about the consequences of killing someone and how it affects so many people, not just the victim. I also hope that it would show people that killing someone is serious and that the punishment will not be reduced. If you get caught, you're gone!",2,5,1,47,2,1,4,6,2,3,1,,3
2026-07-07 03:55:38,2026-07-07 04:12:21,0,,100,1002,1,2026-07-07 04:12:21,R_6q3Ek5AeDqzlnhW,,,,,,,anonymous,EN,0.5,P000464,5,5,4,4,5,6,3,4,4,4,5,5,4,4,6,5,4,1,2,3,4,"Criminals, specifically violent criminals, absolutely deserve some form of punishment, and these established punishments can deter others. However, prisoners absolutely can commit crimes while locked up. As far as the American prison system goes, specifically in privately owned prisons, there is a severe lack of rehabilitation occurring.",4,4,3,7,5,1,1,2,9,4,4,7,4,6,2,4,2,2,3,1,2,5,4,6,6,7,1,5,4,2,7,1,5,1,1,1,5,3,4,2,2,3,5,2,3,2,7,5,3,4,2,7,7,1,7,1,1,1,7,2,3,1,1,7,7,1,1,7,7,3,3,5,1,7,1,1,7,10,100,24,20,20,"He committed the crime while he was entirely physically able, there was no indication of any physical deterioration at the time. Therefore, I don't think the sentence itself should change. However, he shouldn't be in genpop, due to being paralyzed. ","I truly hope for steadfast rehabilitation for every prisoner, regardless of the crime. Obviously, that isn't realistic, especially in America, but that is what I hope for.",,,,,,,,,2,7,1,21,1,1,1,2,1,3,1,Thank you for the opportunity! It was a fun survey! :D,1
2026-07-07 02:41:58,2026-07-07 04:14:28,0,,100,5550,1,2026-07-07 04:14:29,R_7EGPIF4UCV5BM2p,,,,,,,anonymous,EN,1,P001216,6,7,5,5,6,6,6,6,6,5,6,6,6,6,6,6,4,1,2,4,3,I think if you commit a crime that you should have to pay,3,4,3,3,6,2,7,7,9,5,5,7,4,6,4,3,6,5,5,5,3,3,6,5,5,4,3,5,4,5,6,5,6,6,5,6,7,5,5,5,6,1,4,2,5,4,6,5,5,6,4,6,6,5,5,5,6,7,6,6,7,5,7,6,6,6,5,7,6,5,4,2,2,6,6,7,6,10,5,24,50,50,"Because he made a choice to commit a crime and it ended the life of a young girl. Regardless of his condition now, he deserves to get punished. She did not deserve what he did to her.",I hope it will make him think about and regret what he did.,,,,,,,,,1,6,7,49,2,1,3,6,2,1,1,"I think this study was interesting, and I enjoyed doing this study, and would be willing to complete others",1
2026-07-07 03:57:05,2026-07-07 04:17:08,0,,100,1203,1,2026-07-07 04:17:09,R_5rCyRZZRnnWlgQw,,,,,,,anonymous,EN,1,P001287,6,5,5,6,7,6,3,5,3,7,6,5,4,5,6,6,6,1,3,2,4,"As a stability, morality standpoint, villainous behavior trickles down to preventive further crime, deterrence of crime, and rehabilitation efforts. Without the knowledge of morality, punishment can be vague and excused. Prisoners need to be sustained to then be rehabilitated, as a last resort. Deterrence comes naturally. ",5,6,3,5,7,3,7,7,9,5,6,3,6,5,3,5,6,6,6,3,3,5,5,7,6,3,5,6,4,3,5,5,5,5,4,3,5,5,2,3,4,4,4,5,4,4,3,5,5,3,5,3,4,3,5,3,6,4,4,5,5,6,1,3,7,1,3,7,7,6,1,6,1,5,5,5,5,5,5,47,30,20,"I recommended this sentence, as it does not excuse Darryl's actions, in which were serious, considerate, and directly leading to a death, which is Frankie. There is no doubt punishment should occur. Due to the act of being permanently paralyzed, it is applicable that Darryl is no longer a threat to society, therefore the staying time should decrease. The punishment is less of a public example, and more staying in line with the harm done, justice approval, and responsibility metrics for crime.","Accountability for crime without being overly strict. Maturity from darryl's side, societies side, and a recognization of Frankie's life. The act of violence cannot be ignored. ",,,,,,,,,1,7,3,22,1,1,4,3,2,3,1,"Thanks, hope to see you again",1
2026-07-07 03:52:01,2026-07-07 04:17:26,0,,100,1525,1,2026-07-07 04:17:27,R_5ogf8jZrZENb0xr,,,,,,,anonymous,EN,0.8999999761581421,P000945,4,7,7,7,7,7,4,7,7,1,7,7,7,4,7,7,7,2,1,4,3,"this is the more moraly way to make our society productive ",4,4,1,6,6,2,7,6,9,3,3,6,6,7,6,2,4,6,4,4,4,4,4,4,4,1,4,4,4,6,6,6,4,2,4,2,4,4,5,2,3,6,2,3,6,6,6,4,6,6,3,6,6,2,6,2,6,6,6,4,6,4,4,4,4,3,4,4,4,5,4,6,4,4,4,4,4,5,5,47,,,,,25,25,a life was lost and accountability must be taken despite illness,to serve justice for the victim and her family,,,,,1,6,1,53,2,1,4,6,2,3,3,the sturdy was good and interactive,2
2026-07-07 03:53:48,2026-07-07 04:18:02,0,,100,1453,1,2026-07-07 04:18:02,R_6fOeuVAXyfUZiPU,,,,,,,anonymous,EN,1,P000060,5,6,6,6,6,5,6,6,6,7,6,6,7,6,6,5,6,4,3,2,1,Prison offers a chance for prisoners to change their behavior and while there they cant commit other crimes. This system will make other persons loathe committing such crimes that would take them to jail.,3,5,1,6,6,6,7,4,9,2,2,3,7,6,3,3,6,5,5,2,5,3,6,5,4,7,5,7,4,5,6,6,3,6,3,1,6,6,5,5,5,5,1,4,5,6,7,6,3,5,3,6,7,2,7,4,6,6,3,6,6,2,1,1,6,1,1,7,6,1,5,6,3,6,3,4,5,10,5,24,,,,,40,11,Despite being a minor he has to pay for committing murder.,Rehabilitation.,,,,,1,5,6,31,1,2,4,4,3,3,3,,2
2026-07-07 03:58:14,2026-07-07 04:23:39,0,,100,1524,1,2026-07-07 04:23:40,R_5zATEitFMEk9XqJ,,,,,,,anonymous,EN,1,P001095,7,7,7,7,7,7,7,7,7,7,7,7,7,7,7,7,7,4,3,1,2,"First criminals get locked up and can harm society any further, then they get rehabilitated, before they can be released.",4,4,4,7,6,6,6,6,9,3,4,3,3,5,3,4,6,2,6,3,4,1,5,5,4,4,4,3,4,6,7,3,3,3,2,2,3,3,7,1,1,2,2,3,3,2,6,3,2,2,7,6,4,2,6,2,2,4,4,4,4,2,4,7,6,4,4,6,6,4,2,4,4,5,5,4,3,1,1,24,50,26,"He still deserves punishment ","He can pay for his crime ",,,,,,,,,1,6,1,48,2,3,4,4,3,3,3,,1
2026-07-07 04:13:44,2026-07-07 04:26:03,0,,100,738,1,2026-07-07 04:26:03,R_6feoyOzFHT9Tfnx,,,,,,,anonymous,EN,1,P000465,4,6,4,4,5,5,5,3,4,5,6,5,4,5,4,6,4,2,1,4,3,I believe punishment should first prevent future crimes and protect society.,3,6,5,4,5,5,5,5,9,4,4,5,5,5,3,5,4,4,6,6,4,6,5,5,5,3,5,5,4,4,3,5,6,4,5,3,4,5,6,4,1,5,2,4,5,5,5,4,3,3,3,5,4,3,4,3,4,5,3,3,5,3,5,5,3,5,3,3,3,5,3,4,5,5,5,3,5,9,41,30,,,,,25,30,the seriousness of the crime,I hope the sentence provides justice for the victim and holds Darryl accountable for the harm he caused,,,,,2,7,1,31,2,2,2,5,3,3,3,,2
2026-07-07 03:46:48,2026-07-07 04:26:29,0,,100,2381,1,2026-07-07 04:26:29,R_6PT3R98dE3EYQRH,,,,,,,anonymous,EN,0.800000011920929,P000982,7,7,7,7,7,7,7,7,7,7,7,7,7,7,7,7,4,1,4,2,3,This order priortizes justice and accountability first then broader social benefits like deterrence and rehabilitation as the weakest reason.,3,7,2,7,7,1,7,6,9,5,5,7,5,5,6,6,6,7,6,7,4,2,7,2,7,6,6,7,4,6,5,6,6,6,6,6,4,5,5,1,5,6,2,6,6,6,6,5,6,6,3,6,6,6,6,6,6,6,4,5,6,5,5,5,4,5,6,6,4,3,3,2,1,5,5,4,5,10,5,24,,,,,50,50,"Even though Darryl is no longer a danger to society because of his condition, I believe the punishment should still match the seriousness of his actions. He repeatedly hurt Frankie, ignored the restraining order, and his choices ultimately led to her death. He should still be held accountable for the harm he caused.","I hope this sentence provides justice for Frankie, recognizes the pain caused to her loved ones, and sends a message that violent actions have serious consequences.",,,,,1,7,6,49,1,2,6,7,2,1,1,,2
2026-07-07 04:02:33,2026-07-07 04:26:41,0,,100,1447,1,2026-07-07 04:26:41,R_6dMTRLuQDfjk946,,,,,,,anonymous,EN,0.10000000149011612,P000599,7,7,6,6,6,6,4,6,6,7,7,7,6,6,6,6,6,1,3,4,2,I ranked in other of sequential preference.,3,6,6,5,4,6,5,4,9,5,5,6,6,5,4,3,6,6,6,4,5,4,6,4,6,2,6,6,4,5,6,6,5,4,4,3,5,4,5,4,3,6,3,6,6,6,6,6,6,6,6,5,7,5,5,4,5,7,3,4,6,4,3,5,3,3,4,5,5,4,3,7,2,4,5,5,4,10,100,24,,,,,,,,,35,25,He no longer pose threat to the society,not sure,2,6,2,26,1,1,6,5,2,1,1,great study,3
2026-07-07 04:04:34,2026-07-07 04:27:33,0,,100,1378,1,2026-07-07 04:27:33,R_1QcKiERrO59xNAK,,,,,,,anonymous,EN,1,P001050,6,6,6,6,6,6,6,6,6,6,6,6,4,4,5,2,6,2,1,3,4,Well it's definitely a deterrent  and a civil society needs some sort of order. The rehabilitation I'm not sure we put enough money into.,4,5,2,5,5,1,4,5,9,5,5,2,3,5,4,2,5,5,3,2,2,4,5,5,7,6,5,3,4,3,6,2,4,4,4,1,4,4,2,4,5,4,2,4,5,5,4,4,4,4,3,5,6,2,6,2,5,1,7,3,5,5,2,6,7,2,2,6,7,5,3,4,2,5,3,3,4,10,100,25,,,,,,,,,25,15,"He was younger and has a better chance of rehabilitation,",That he becomes a functional member of society again.,2,6,1,67,1,1,3,3,1,3,3,I found it very engaging and kept me focused throughout.,3
2026-07-07 04:11:46,2026-07-07 04:35:28,0,,100,1422,1,2026-07-07 04:35:29,R_3ErSCcHmhyPfuTf,,,,,,,anonymous,EN,1,P001487,7,7,7,6,6,7,7,7,6,7,7,7,7,7,7,7,7,1,3,2,4,"That is how  I think they should be ranked. Punishment for crimes will definitely come first, then the fact that it would deter others from committing crimes for fear of consequences. The last is rehabilitation in prison.",1,6,1,2,7,3,7,7,9,5,7,6,5,7,2,3,6,7,7,5,2,2,7,2,2,2,5,6,4,3,5,5,5,4,4,1,5,4,7,2,2,6,1,7,7,6,1,7,7,6,3,4,5,3,2,4,5,5,4,3,7,2,1,7,7,7,1,7,7,3,4,6,2,4,6,7,3,1,5,47,30,5,His conditions show he poses no threat to society anymore. So the 5 years would do.,"As a deterrent to troublemakers, so that they know that they can never commit a crime and go scot-free.",,,,,,,,,2,6,3,27,2,2,4,6,2,1,1,It is an interesting study.,1
2026-07-07 03:47:01,2026-07-07 04:38:24,0,,100,3082,1,2026-07-07 04:38:24,R_6nOXsWwTV8T7lWV,,,,,,,anonymous,EN,0.8999999761581421,P001955,6,5,6,6,6,5,5,6,6,4,3,5,4,3,4,6,6,4,3,1,2,"i ranked , while they are locked up, prisoners cannot commit other crimes as most important purpose of punished. rehabilitation comes second because helping offenders change can reduce future  crime after released. Deterrence is important  because it may prevent others from committing crimes, but it's effects are not always certain. I also believe punishment should focus more on preventing future crime and improving public safety.",4,5,3,6,5,3,5,5,9,4,5,3,5,5,4,3,5,5,5,3,6,5,3,4,5,5,3,6,4,4,5,5,4,5,3,4,6,4,3,1,2,4,4,5,5,6,5,5,4,5,4,4,5,3,4,3,6,6,1,6,5,5,5,6,6,4,3,6,5,5,6,5,5,5,5,5,5,5,5,47,,,,,,,,,25,15,"I recommended 15 years because, Although Darryl no longer posses threat to society and the case will remain confidential, the offense is still serious and should carry meaningful consequences.","I hope the sentence provides accountability for the crime, and reinforces that serious offences have meaningful consequences.",2,6,3,32,2,1,4,2,2,1,2,I enjoyed taking part in the study and I am looking forward to participating in your future studies.,3
2026-07-07 04:10:02,2026-07-07 04:39:09,0,,100,1746,1,2026-07-07 04:39:09,R_31vbwzH1TUVxeER,,,,,,,anonymous,EN,1,P000710,5,6,5,5,5,5,5,5,5,4,4,5,5,6,3,4,6,1,4,2,3,"First, Criminals deserve to be punished to pay their debt to society.  Next of importance is that removing criminals from society keeps them from continuing to offend.  Finally, I think the rehab aspect of prison is more significant than prison deterring crime.",4,3,5,5,4,2,4,1,9,5,4,2,2,7,2,1,4,3,2,2,3,4,4,5,4,4,3,4,4,2,7,1,4,2,5,1,4,4,6,2,2,4,4,3,4,3,5,4,4,1,4,4,4,3,5,3,3,2,7,2,2,3,2,5,6,5,4,3,7,2,2,4,2,7,1,3,4,5,5,47,,,,,25,25,That Darryl is no longer a threat to society should not affect the punishment he receives for his acts.,I hope that Darryl would be rehabilitated so that he is no longer a threat to society irrespective of his physical condition.,,,,,1,7,1,67,1,1,6,4,3,2,2,It was thought provoking.,2
2026-07-07 04:20:55,2026-07-07 04:43:29,0,,100,1354,1,2026-07-07 04:43:30,R_7bDZ4PX1FHQ1uDf,,,,,,,anonymous,EN,1,P000777,7,7,4,5,7,7,1,1,5,4,5,5,5,7,5,1,7,1,3,2,4,"Because criminals deserve to be punished for their crimes, but bail reform makes it so they just end up on the street doing the same old stuff. Theoretically, in prison, people cannot commit other crimes. Criminals are going to do what they want regardless of the consequences. In the US, prisoners don't get rehabilitated a lot of the time. It's just a place for them to stay, but we don't do enough for them to actually get better.",1,1,1,7,7,2,3,3,9,1,1,7,6,7,1,1,1,1,1,1,1,3,5,5,7,7,1,7,4,7,7,1,1,4,2,1,7,7,5,2,3,2,7,1,5,7,7,1,1,1,5,5,1,3,7,1,1,1,4,5,4,1,1,7,7,1,1,7,7,7,1,5,1,1,5,5,3,5,100,24,25,25,"Just because he can't pose a threat anymore doesn't mean the way he thinks has changed. He needs more time to change his perspective. ","Hopefully rehabilitate his mind so that he doesn't spread evil to others he knows. ",,,,,,,,,1,7,1,29,1,1,4,3,3,2,2,"I think that the justice system in our country is more focused on punishing as opposed to rehabilitating them and teaching people the error of their ways. Good study, team!",1
2026-07-07 04:33:46,2026-07-07 04:48:01,0,,100,855,1,2026-07-07 04:48:02,R_54pyoRydG8fXfK2,,,,,,,anonymous,EN,1,P001506,6,6,4,3,5,5,4,6,5,6,6,6,4,4,5,4,4,4,2,1,3,"Because I think justice is best when it's bettering society, not just being vengeful against ""bad people""",4,4,4,7,4,2,4,3,9,4,3,4,3,5,4,4,5,4,5,1,3,4,5,5,6,3,4,6,4,4,7,4,4,5,4,3,6,2,7,1,2,1,2,1,4,1,5,4,4,4,4,5,5,3,6,4,2,3,4,2,5,3,1,5,5,4,2,5,7,5,1,3,3,6,1,3,5,5,5,47,25,0,I think in his condition parole or probation or something will be better. If literally none of his limbs work it would be very hard for the prison workers to feed/bathe etc for him.,It wouldn't accomplish anything which is why another situation needs to be figured out.,,,,,,,,,1,2,1,31,1,1,2,4,5,3,3,"In one of the questions you asked how many ""days"" it would take the lily pad or something, but then on the slider it says we have to indicate how many ""minutes""",1
2026-07-07 04:22:52,2026-07-07 04:48:43,0,,100,1550,1,2026-07-07 04:48:44,R_7dfKmGRfdVBq5MG,,,,,,,anonymous,EN,1,P000692,7,7,7,7,7,7,5,7,7,7,4,7,7,7,2,7,7,3,2,4,1,I believe rehab can go a very long way in changing a criminals outlook on life but when there locked up that doesn't mean they can't still commit crimes,1,1,1,3,1,1,3,7,9,1,7,7,3,7,4,2,1,1,1,1,1,7,2,4,5,7,7,7,4,1,7,1,2,2,3,1,6,6,1,5,4,1,1,1,1,4,5,1,4,3,3,1,5,3,5,1,4,1,7,3,5,5,2,3,7,3,2,5,5,5,1,4,7,4,1,5,4,10,5,24,,,,,35,15,"Even with the autoimmune disease, he deserves to spend a bit of time behind bars. He killed someone in cold blood.",Maybe he will learn not to ever do something this stupid again,,,,,2,7,1,28,1,1,2,5,3,3,2,none,2
2026-07-07 04:31:18,2026-07-07 04:50:38,0,,100,1160,1,2026-07-07 04:50:39,R_5GwdGLICuhFF463,,,,,,,anonymous,EN,1,P001975,7,7,7,7,7,7,2,7,7,7,7,7,4,5,7,7,4,3,2,1,4,"I think that the best part of a criminal being locked up is the fact that they cannot commit other crimes due to being locked up. Some cases, it does deter other criminals. They definitely do deserved to be punished but that's not really a ""reason"".",1,7,1,1,3,6,7,7,9,7,7,7,7,7,1,1,7,7,7,7,1,5,7,5,7,1,7,7,4,7,7,7,3,3,1,1,7,7,1,7,7,7,1,7,7,7,4,1,7,7,7,1,4,1,7,7,7,1,7,7,7,1,1,7,7,1,4,7,7,1,7,1,1,3,7,7,4,10,5,47,,,,,,,,,30,25,He carried out and planned an assault that resulted in death.,To let people know that its not okay to assault someone.,1,7,1,28,2,1,2,4,3,3,3,,3
2026-07-07 04:18:03,2026-07-07 04:51:41,0,,100,2018,1,2026-07-07 04:51:42,R_54ylM8iTc47zFrb,,,,,,,anonymous,EN,1,P000847,6,6,5,6,6,6,6,6,6,5,5,6,5,6,2,5,6,3,2,4,1,"I think the main goal of punishment should be to help people change so they're less likely to reoffend. Deterrence is also important because consequences can discourage crime. Holding people accountable matters too, but I don't think punishment should be based only on retribution. Keeping offenders off the streets improves public safety, but I see that as more of a temporary benefit than a long-term solution.",5,2,2,6,3,1,5,4,9,1,2,3,2,7,1,2,1,2,1,1,1,5,3,5,6,6,5,2,4,5,7,1,2,5,2,1,7,5,5,2,2,1,5,2,5,6,7,2,1,2,2,6,7,1,6,2,1,1,6,5,5,1,1,7,7,2,1,6,7,2,1,2,1,6,2,3,5,0,5,47,,,,,,,,,28,24,"I recommended 24 years because the crime was very serious and resulted in a person's death. Although Darryl no longer poses a danger and the case will not be public, he should still be held accountable for his actions","I hope it provides justice, reinforces personal accountability, and gives Darryl an opportunity to reflect on his actions and, if possible, rehabilitate himself.",1,5,1,28,2,2,6,4,3,3,3,I don't have any suggestions or comments for improvement.,3
2026-07-07 04:33:58,2026-07-07 04:52:57,0,,100,1138,1,2026-07-07 04:52:58,R_52xWXWTjvVDpvfV,,,,,,,anonymous,EN,1,P001875,6,6,6,6,6,5,5,5,6,6,5,5,3,3,2,3,5,1,2,3,4,I think that if you commit a crime you need to be punished and this may deter you from committing a crime in the future. While behind bars you can not hurt others and hopefully prison will prepare you for something else when you get out.,2,2,1,6,1,2,6,7,9,1,2,7,2,7,1,2,5,7,2,1,1,1,2,5,2,6,1,7,4,2,7,1,4,5,2,1,4,2,7,2,2,2,1,1,1,1,6,2,1,1,2,2,5,1,5,2,2,1,7,1,2,2,1,7,7,7,1,1,6,1,1,1,1,1,2,6,1,10,50,24,40,30,I think murder requires a long prison sentence.,Make him pay for taking a life.,,,,,,,,,2,6,1,66,1,1,3,3,1,2,1,It measures how you feel about criminals.,1
2026-07-07 04:30:19,2026-07-07 04:56:07,0,,100,1547,1,2026-07-07 04:56:08,R_18FX1HGQzon6rR6,,,,,,,anonymous,EN,1,P000799,7,7,7,7,7,7,7,7,7,7,7,7,7,6,7,7,7,2,3,1,4,Too many crominals are released and commit more crimes.,1,7,1,1,7,1,7,7,9,5,7,7,7,7,7,1,7,7,7,4,2,2,7,1,1,1,7,7,4,7,1,3,5,3,7,1,7,7,4,4,1,6,1,3,6,7,2,7,7,7,7,4,7,7,1,7,7,4,7,7,7,1,1,7,7,1,7,1,4,7,5,7,7,1,7,7,1,10,100,24,,,,,,,,,25,30,17 is old enough to know better,It removes a murderer from the streets.,2,7,1,32,1,1,2,7,2,1,1,,3
2026-07-07 04:41:40,2026-07-07 04:57:51,0,,100,970,1,2026-07-07 04:57:52,R_7bJDT2aFHKjSNb3,,,,,,,anonymous,EN,1,P001193,6,5,5,5,6,6,5,5,5,6,6,6,5,6,5,6,6,4,2,3,1,"my personal list of most important to least important ",7,1,4,7,1,1,6,1,9,1,1,4,1,5,1,4,5,3,5,1,3,5,2,3,7,4,2,6,4,3,7,1,1,1,1,1,3,2,6,2,2,2,3,2,2,2,7,3,2,2,2,6,6,2,6,2,1,1,7,2,3,1,1,7,7,1,1,7,7,2,1,1,1,7,1,1,7,10,100,47,,,,,15,10,His paralysis is worse than any punishment,to make him remorseful,,,,,1,7,1,55,1,1,6,1,1,2,2,I enjoyed taking this survey,2
2026-07-07 04:41:31,2026-07-07 04:58:41,0,,100,1030,1,2026-07-07 04:58:42,R_6q4UflCSgmvaEBr,,,,,,,anonymous,EN,1,P000134,5,7,5,5,5,5,5,3,5,6,5,5,3,4,5,4,6,2,1,3,4,"I believe that to some degree, punishment does deter some crimes.  There should be a form of punishment that deters and at the same time gives a chance for rehabilitation. ",3,3,5,6,3,1,5,7,9,5,5,4,3,5,3,3,5,3,3,4,5,4,5,4,5,5,5,5,4,4,5,1,1,3,4,1,7,5,4,4,4,4,3,4,5,5,5,4,3,2,3,5,5,3,5,3,3,5,4,3,3,1,2,6,5,3,3,5,5,3,1,1,1,5,3,3,5,10,5,47,,,,,50,25,"The crime is no less serious, yet under these circumstances I would cut the sentence.","It would show some mercy. ",,,,,2,7,1,71,1,1,4,6,2,1,1,,2
2026-07-07 04:46:04,2026-07-07 05:01:51,0,,100,946,1,2026-07-07 05:01:51,R_6n8H0By07CiVpXx,,,,,,,anonymous,EN,1,P001820,3,3,4,4,2,4,1,4,1,2,3,1,1,5,1,2,7,4,2,3,1,"I think that the first three reasons, while not true in a lot of cases, are at least grounded in something hypothetically possible. The fourth reason is an arbitrary moral judgement, so cannot be a strong justification for punishment.",7,2,3,7,1,1,4,1,9,2,1,4,2,6,1,4,3,1,5,1,1,5,1,4,7,5,1,6,4,1,7,3,2,1,1,1,3,2,7,1,1,1,3,1,1,1,7,6,2,1,1,5,6,2,7,1,3,1,7,2,1,1,1,7,7,5,2,6,6,1,1,1,1,7,1,1,7,10,100,24,,,,,,,,,25,10,"If he was that young when he committed the crime, and he didn't intend to kill Frankie, then it is fair for him to receive a lesser sentence.",He will mature and reflect on the consequences of his actions.,1,7,1,23,2,1,4,1,5,2,2,,3
2026-07-07 04:50:31,2026-07-07 05:03:18,0,,100,767,1,2026-07-07 05:03:19,R_3qdGETEsOLugqWL,,,,,,,anonymous,EN,0.8999999761581421,P001614,5,6,6,5,5,5,5,4,5,6,4,4,6,5,4,5,5,4,2,3,1,prisoners deserve a second chance by trying to make them bettter without purnishment.,5,5,5,6,4,3,5,4,9,4,5,4,6,5,6,4,4,6,5,5,5,4,6,4,6,5,6,4,4,5,5,6,6,6,4,4,4,4,5,6,6,6,4,5,4,5,6,5,6,4,4,6,5,3,4,6,5,4,6,4,6,4,6,4,6,4,4,5,6,4,6,5,6,4,6,5,6,5,5,47,35,15,"His permanent paralysis eliminates future danger and the victim's age removes public deterrence value. However, accountability for taking a life and the brutality of the attack still demand significant punishment though reduced from my original 35-year sentence.

"," Given his permanent paralysis and the fact that the case will never be public, a life sentence would serve little practical purpose beyond pure retribution",,,,,,,,,1,6,2,22,1,1,3,6,2,2,2,,1
2026-07-07 04:41:28,2026-07-07 05:05:05,0,,100,1417,1,2026-07-07 05:05:05,R_6kIHKChnNPXb3cg,,,,,,,anonymous,EN,1,P000700,6,7,7,7,7,7,4,7,7,7,7,7,7,5,7,6,7,1,2,3,4,"Every criminal deserves to be punished and the fear of consequences will also deter others from committing crime. Though come criminals still have cells outside that aide crime on their behalf, but being in prison reduces their ability to commit crime and give them a chance at rehabilitation.",2,5,1,4,5,4,7,6,9,2,4,4,5,6,5,2,5,5,2,4,4,2,6,4,6,3,5,6,4,4,4,5,4,2,4,4,5,4,4,4,4,5,2,5,5,5,2,2,5,5,6,2,2,6,2,5,6,4,6,5,6,1,4,7,7,1,1,7,7,4,1,6,1,5,1,1,5,10,100,24,,,,,50,46,Because he's an heartless and souless human being,Will serve him as an heavy punishment,,,,,2,7,6,38,1,2,5,5,3,3,1,,2
2026-07-07 04:43:36,2026-07-07 05:09:32,0,,100,1555,1,2026-07-07 05:09:32,R_5p3ATDmE4VkFOq1,,,,,,,anonymous,EN,1,P000279,6,7,7,7,7,7,4,7,7,1,7,7,7,7,7,7,6,1,2,3,4,based on the timeline of events,4,4,4,7,7,1,7,7,9,2,6,6,6,7,1,6,7,6,7,3,5,1,7,1,7,1,3,7,4,2,7,1,6,6,4,1,7,6,2,5,2,7,1,7,7,7,7,7,4,2,1,6,6,4,6,4,7,4,6,7,7,4,4,7,7,7,1,7,7,6,3,7,1,5,3,6,4,10,100,48,41,50,the shear act of killing a minor amount to the toughest punishment possible,serve justice to the family,,,,,,,,,1,5,5,34,1,2,4,2,1,1,1,N/A,1
2026-07-07 04:36:18,2026-07-07 05:12:28,0,,100,2170,1,2026-07-07 05:12:29,R_1CO3NBWDipYluLr,,,,,,,anonymous,EN,1,P000456,6,6,5,6,6,4,5,5,4,3,6,5,5,5,6,4,6,1,2,3,4,I think they deserve to be punished and hopefully when they are in prison they get help.,2,2,2,4,2,3,5,5,9,4,6,5,5,5,6,5,5,5,6,3,5,6,4,5,4,6,4,5,4,4,5,6,2,3,6,5,5,5,4,6,4,5,2,3,4,5,5,3,3,5,5,3,5,5,3,5,5,6,2,6,5,2,4,4,3,6,5,5,2,3,5,4,3,6,4,5,5,10,5,47,,,,,,,,,40,40,I think he deserves a long time as currently he is a danger to society.,I hope this shows how important it is to spend time in prison.,2,3,3,32,2,1,4,6,2,3,2,Well done!,3
2026-07-07 04:47:17,2026-07-07 05:17:53,0,,100,1836,1,2026-07-07 05:17:54,R_5e9Nsx17T3hwBAc,,,,,,,anonymous,EN,0.8999999761581421,P001513,3,6,4,6,4,6,4,7,5,6,4,4,4,4,1,5,5,4,3,1,2,Some crimes deserve the criminal never comes out of society again. But I think the most important for them to get rehabilitation; at least we should try.,3,3,4,4,7,2,4,3,9,1,3,4,2,7,4,1,7,6,6,4,4,3,5,4,5,4,3,6,4,6,6,7,4,7,4,1,6,6,6,4,4,2,2,3,3,6,2,6,3,4,4,6,7,4,3,4,5,4,4,5,6,3,5,6,7,6,3,6,6,4,2,6,2,6,3,3,5,5,5,47,,,,,,,,,36,25,"He is a drug dealer, so he can still do that even when he is sick.","To help everyone understand that if you commit a crime, you'll get some sort of punishment.",1,7,1,46,2,3,4,4,1,3,1,,3
2026-07-07 04:59:59,2026-07-07 05:18:05,0,,100,1085,1,2026-07-07 05:18:06,R_1QVD3xI810fDGSw,,,,,,,anonymous,EN,1,P001259,7,7,7,7,7,7,7,7,7,7,7,7,4,7,7,7,7,2,3,4,1,"My primary reason is that prisoners get rehabilitated in prison. I strongly believe that prison is a place of reform and without that, there is no true point to prison other than psychological torture. I do believe that prisoners deserve to be punished, as they must be held accountable for their actions. I think that prison is a strong deterrent for crime as the criminal will always second guess their decisions before doing them and lastly, I feel that keeping them in prison keeps them from committing more crimes albeit I think this matters far less to me because prison should be a place for reform first. ",6,3,5,7,1,1,2,1,9,1,1,3,2,7,1,3,6,6,2,1,3,6,2,7,7,7,5,5,4,5,7,1,4,3,3,1,4,2,5,3,1,2,3,4,3,3,6,3,2,1,1,4,7,1,7,1,1,1,7,1,1,1,1,7,7,1,1,7,7,2,2,1,1,7,1,1,7,10,100,24,,,,,18,18,I feel that he needs to sit with what he's done and really feel the weight of it. I don't think that we should feel sympathy just because of his autoimmune disease.,I hope that he understands the true gravity of what he's done and reforms himself in prison with the help that's offered (even though we need to do more to get them more programs).,,,,,2,6,1,36,1,2,3,1,3,1,1,,2
2026-07-07 05:02:15,2026-07-07 05:19:33,0,,100,1038,1,2026-07-07 05:19:33,R_33VqCtsDEflnLeh,,,,,,,anonymous,EN,1,P001501,7,7,7,6,7,7,7,7,7,7,7,6,7,7,7,6,7,1,4,2,3,I think that every criminal deserves punishment and jail is a great way to stop them from committing crimes. I am a huge believer of rehabilitation and i think when criminals are locked away it deters their friends from wanting to do crimes.,4,4,1,7,1,2,7,5,9,4,1,6,4,7,1,6,6,4,1,3,5,4,5,1,3,5,4,7,4,1,6,1,4,1,1,1,6,6,1,7,7,7,2,4,7,6,7,1,6,1,1,7,7,1,7,1,4,3,7,2,6,1,1,7,7,1,1,7,7,7,1,6,1,7,1,1,7,10,100,24,50,50,Regardless of his condition he still had a plan to rob someone and that led to their unnecessary death so i think that he deserves the maximum sentence.,I would hope that this sentence will show people that regardless of yor situation crime will not be tolerated by any means.,,,,,,,,,2,7,7,28,1,2,3,4,3,2,2,,1
2026-07-07 04:59:20,2026-07-07 05:21:57,0,,100,1357,1,2026-07-07 05:21:58,R_1OW1nhkjpfnnB4k,,,,,,,anonymous,EN,1,P001811,1,5,3,3,4,4,4,5,4,4,4,5,3,5,4,3,4,4,2,1,3,"I think the most important reason for punishment is that while a criminal is locked up, they can't commit other crimes that would affect society. If a murderer is locked up in a prison, he won't be able to murder other people outside the prison. Inside the prison however, we hear all the time about crimes such as murder taking place so it's not a perfect system. I think punishments for certain crimes is next because it does deter people from risking committing a crime. If the punishment for stealing a car is 5 years, I think a person is much less likely to try than if the punishment were 6 months or 1 year.I place prisoners get rehablitated at 3 because while I do think it's important, I think most people that go to prisons in the U.S. are not rehabilitated, if anything they are put in an environment that sets them up for failure and encourages recidivism. And finally I put deserves to be punished at 4 because I don't believe that punishment is the primary reason for prison, or should be, I think it's primary reason is to keep the rest of society safe until we can hopefully rehabilitate the offender so they can learn how to be a productive member of society. Punishment is a part, especially for more severe crimes like murder or sexual assault, but I think once a person has paid their debt, they should be given a second chance.",6,3,3,5,3,1,3,4,9,3,3,5,2,7,1,3,3,3,5,1,4,4,3,5,6,5,3,4,4,4,7,4,3,1,1,2,5,5,5,3,2,3,4,3,3,3,7,4,1,1,3,7,7,1,7,1,1,1,7,1,3,1,4,5,7,4,3,4,5,7,1,1,1,3,5,6,2,5,100,24,,,,,,,,,20,15,"The automimmune disease make me want to slightly easier on him, but he still needs to do some time.",Hopefully it will show that prosecutors can be tought but fair.,2,7,1,25,1,1,2,4,3,2,2,,3
2026-07-07 05:06:38,2026-07-07 05:31:25,0,,100,1486,1,2026-07-07 05:31:25,R_1TYWmhVwh5ZW17X,,,,,,,anonymous,EN,1,P000796,4,4,3,3,3,4,3,3,3,3,3,3,4,4,3,3,4,4,3,2,1,"I think my number 1option is chosen because I believe everyone can change and have a change at a normal life for 2 while there getting better they stay out of trouble 3 I don't really like making examples out of people I feel it should be fair not determined on scaring others 4 true some criminals do deserve punishment but in my opinion prison and jail systems aren't what people need unless there extreme danger ",7,1,4,7,1,1,5,4,9,5,5,6,5,5,1,4,2,2,5,1,2,5,5,5,7,7,3,2,4,4,6,2,4,3,1,1,5,4,3,4,4,2,5,3,2,3,7,4,1,2,2,5,5,1,7,1,6,4,1,1,2,1,1,6,7,4,4,5,7,7,2,2,1,1,7,7,1,5,10,47,,,,,50,50,I don't agree with murder tho think they should stay there in my opinion if convicted,"that even the worse people have fair true trials ",,,,,1,7,1,21,1,1,2,4,1,3,2,"was nicely set up ",2
2026-07-07 05:12:55,2026-07-07 05:32:24,0,,100,1168,1,2026-07-07 05:32:24,R_7ZNwwXHRga40EbY,,,,,,,anonymous,EN,1,P000664,7,7,7,7,7,7,7,7,7,7,7,7,7,7,7,7,7,1,4,2,3,I ranked them based on the most sensitive reasons that criminals deserve,4,7,4,5,5,4,5,7,9,5,7,4,6,4,6,3,5,4,5,4,6,4,7,6,7,4,7,7,4,3,6,7,4,7,4,2,7,6,6,4,1,4,2,4,6,7,6,6,6,4,2,7,7,1,7,1,7,7,7,6,7,1,1,7,7,1,1,7,7,4,1,5,4,7,4,1,7,10,5,47,,,,,50,50,"A crime was committed and according to the laws he must be punished so as to provide justice to the victim and the victim's family ","It was accomplish justice served ",,,,,2,7,1,25,2,2,6,7,2,1,1,,2
2026-07-07 05:03:36,2026-07-07 05:32:28,0,,100,1732,1,2026-07-07 05:32:29,R_5n8cmJOLbnM1SeM,,,,,,,anonymous,EN,1,P001880,4,7,7,4,5,5,5,5,7,7,7,7,5,5,5,5,4,1,2,3,4,"I ranked accountability first because people should be held responsible when they intentionally harm others. Deterrence is next because consequences can discourage future crime followed by protecting the public while someone is incarcerated rehabilitation is still important, but I ranked it last because it is most effective when it happens alongside accountability, and public safety",1,6,1,6,5,5,7,7,9,4,6,7,7,6,5,3,7,2,5,5,7,5,7,7,5,1,7,7,4,7,4,7,3,3,7,1,7,7,1,7,7,6,1,7,5,7,1,5,5,5,6,1,4,7,1,7,7,5,1,7,7,4,3,5,5,3,3,5,5,3,1,1,3,7,1,1,7,5,5,47,50,25,"I reduced the sentence because expert testimony indicates Daryl no longer possesses a danger to society, and the case will remain confidential reducing any public deterrent value however, his action still resulted in the violent death of another person during an attempt attempted robbery so a significant prison sentence is appropriate to reflect the seriousness of the crime and provide accountability","I hope you provides accountability injustice for the victim in her family while reflecting the severity of the offense, the Senate should recognize the harm cause, even if protect protecting society in public deterrent are less significant considerations in the scenario",,,,,,,,,1,5,1,43,2,2,6,4,3,1,1,Thank you so much. This was very interesting,1
2026-07-07 05:22:38,2026-07-07 05:40:11,0,,100,1053,1,2026-07-07 05:40:12,R_6BXZjCQplL9iX4W,,,,,,,anonymous,EN,1,P000318,6,7,2,7,7,6,2,7,4,7,7,7,1,2,7,2,7,2,3,1,4,It is the logical order and the most important priority scale,1,7,1,2,4,3,7,2,9,3,6,7,7,7,6,1,7,7,6,5,4,1,7,3,1,1,7,7,4,7,1,6,1,4,6,3,7,7,1,4,5,6,1,7,7,7,5,6,1,1,3,4,5,3,3,3,6,7,1,6,7,6,5,5,1,7,2,3,3,3,2,3,1,1,7,7,1,10,5,47,50,50,Because what he did is horrific and deserves the strongest punishment possible,Keep him away from civilized society,,,,,,,,,1,7,1,37,2,2,2,7,3,1,1,,1
2026-07-07 05:24:34,2026-07-07 05:45:21,0,,100,1247,1,2026-07-07 05:45:22,R_1LUuvyEoU61PN5q,,,,,,,anonymous,EN,1,P000648,5,6,5,5,5,5,5,5,6,5,5,6,5,5,5,4,5,1,3,2,4,"I feel as though my answers would be dependent on the crime, but generally, I believe the majority of criminals deserve to be punished and so that they cannot recommit, although this being a means to deter criminals from doing these same crimes and for these criminals to also learn to be better is a plus.",4,5,3,7,4,1,5,5,9,5,5,7,6,7,1,1,4,4,5,3,2,5,5,6,7,5,5,5,4,4,7,6,4,2,4,5,6,6,3,3,3,3,3,3,3,4,5,6,5,4,5,6,7,4,7,4,2,1,7,4,5,1,1,7,7,1,1,7,7,1,1,4,3,7,1,2,7,10,100,24,,,,,,,,,50,50,The information above does not change anything and if anything I'm more enraged by the murder because of the age of Frankie.,I hope he will be properly punished for murdering someone. I don't think he deserves a second chance when he took someone's life away.,1,5,1,19,3,1,2,1,3,3,3,,3
2026-07-07 05:21:01,2026-07-07 05:46:28,0,,100,1527,1,2026-07-07 05:46:29,R_7PQ2O5Y3jfnXJN7,,,,,,,anonymous,EN,1,P001516,4,6,6,6,6,6,6,6,6,6,6,6,4,6,6,4,6,3,1,2,4,"I ranked deterrence first because preventing future crime is the most effective way to protect society. Punishment sends a clear message that crime has consequences, which helps discourage others from offending. I placed incapacitation second because keeping dangerous individuals off the streets directly improves public safety. Third, I ranked the idea that criminals deserve punishment, since accountability and fairness matter, but they are secondary to preventing harm. I ranked rehabilitation last because, while helpful, it is not always guaranteed and is less central to the purpose of punishment compared to deterrence, safety, and justice",2,4,2,6,4,2,6,4,1,1,2,2,3,6,2,2,3,4,4,1,2,2,5,4,5,6,4,1,4,6,6,2,2,4,4,2,6,6,4,4,4,2,2,2,6,6,6,4,2,2,2,6,6,2,6,2,4,4,6,6,6,2,2,6,6,2,2,6,6,2,2,2,2,6,2,2,4,5,5,47,,,,,,,,,30,20,"I recommended 20 years because Darryl committed a brutal and intentional killing, and a serious punishment is still necessary to reflect the severity of the crime. Even though he is now permanently paralyzed and no longer poses a threat to society, the fact remains that he beat a person to death and continued the assault even after the victim was already unresponsive. His physical condition reduces the need for incapacitation and deterrence, but it does not erase the seriousness of what he did. A 20‑year sentence holds him accountable for a violent second‑degree murder while recognizing that his current medical condition changes the risk he poses going forward.","I hope this sentence holds Darryl accountable for taking a life in a brutal and deliberate way. Even though he is now permanently paralyzed and no longer poses a danger to society, the seriousness of the crime still requires a substantial punishment. A 20‑year sentence recognizes the gravity of beating someone to death, reinforces that violent actions have consequences, and affirms the value of the victim’s life. At the same time, it avoids unnecessary severity now that Darryl is physically incapacitated. The goal is to balance justice, responsibility, and fairness without resorting to excessive punishment.",1,7,7,63,1,1,2,4,3,3,3,,3
2026-07-07 05:30:33,2026-07-07 05:50:23,0,,100,1189,1,2026-07-07 05:50:24,R_3L22hippk4tZ7r3,,,,,,,anonymous,EN,0.20000000298023224,P001165,6,5,5,5,5,2,5,6,5,7,5,6,2,3,3,5,6,3,1,2,4,"I wish I could rate rehabilitation higher but I do not think our system does well at that.  I do believe the higher prospect of punishment deters criminal activity and that that is the goal.   ",4,5,5,6,3,1,2,2,9,3,2,3,3,5,3,3,3,3,3,2,3,2,5,2,5,5,5,5,4,2,7,2,3,3,3,1,4,3,3,5,5,3,2,4,6,7,5,5,3,2,3,5,3,3,6,1,1,2,6,3,3,2,2,7,5,6,5,5,7,2,1,2,2,5,3,3,5,5,5,47,15,0,"If Daryl is no longer a treat to society and his punishment is unknown then a prison sentence would not protect society nor would it deter others.  ","I would hope both deter others and protecting society from further action by the criminal. In the second example a prison sentence would not accomplish either. ",,,,,,,,,1,5,1,65,1,1,4,3,3,2,3,"In the very last question Prosecutor is misspelled. 
This was a very interesting and thought provoking experiment. Thanks. ",1
2026-07-07 05:15:23,2026-07-07 05:54:05,0,,100,2321,1,2026-07-07 05:54:05,R_5uK6r8pWCE1qyHy,,,,,,,anonymous,EN,0.8999999761581421,P001825,5,7,7,7,7,6,4,6,6,7,6,7,7,7,5,7,7,4,3,2,1,Rehabilitation is the best way to empower criminals in a way they can have their their mind away from crime,5,4,1,6,4,5,7,4,9,4,4,5,6,7,4,2,5,6,6,3,4,4,5,5,5,4,4,6,4,5,6,5,4,4,4,1,5,5,6,5,4,5,2,5,5,5,3,5,3,5,5,4,6,2,4,4,3,7,1,6,6,2,1,1,7,1,1,1,7,1,5,6,2,3,2,4,3,10,100,24,,,,,50,50,He still murdered this girl despite him being paralyzed now. when he killed he was not paralyzed,He stays there forever,,,,,2,6,4,39,2,2,6,2,3,1,1,,2
2026-07-07 05:25:45,2026-07-07 05:54:53,0,,100,1747,1,2026-07-07 05:54:54,R_35Qtgmp6oy46Q7f,,,,,,,anonymous,EN,1,P001610,5,4,4,4,5,5,1,4,2,2,4,6,1,5,4,1,6,2,1,3,4,"I think that there should be reasonable and equitable consequences for our actions in society, but I do not believe our prison system does much to help with rehabilitation.",2,1,4,7,4,1,6,3,9,2,1,4,4,7,1,2,3,3,4,1,1,5,6,5,6,4,3,6,4,4,6,3,4,1,2,1,5,4,6,2,1,1,4,4,2,3,5,5,2,1,5,4,5,3,6,3,1,1,7,1,4,1,1,7,7,2,1,6,6,1,1,2,1,7,1,2,5,5,5,47,40,0,"Sending Darryl to prison in this case would cause a greater strain on the prison system due to the care he needs, so it is not realistic to sentence him. It is more likely that he will be put in a situation that worsens his health and does not meet the standards that prisons should uphold. ",I don't think there is much that can be accomplished by sentencing someone who is paralyzed like this.,,,,,,,,,1,7,1,31,2,2,4,1,1,3,3,,1
2026-07-07 05:32:40,2026-07-07 05:55:08,0,,100,1348,1,2026-07-07 05:55:09,R_7DMnKJvbM1Nyxd4,,,,,,,anonymous,EN,1,P001502,7,7,7,7,7,7,4,7,7,6,7,7,6,3,7,6,6,1,3,2,4,I rank them because I feel like people who commit crimes should be held accountable for their actions first and I think keeping the offenders incarcerated will also protect them from the public and I believe punishment may discourage some people from convening crimes.,7,7,1,4,7,5,7,7,9,7,6,7,6,5,7,2,4,5,3,5,3,4,7,6,6,7,7,1,4,5,5,2,4,6,5,1,7,7,4,5,5,6,1,5,7,7,5,3,5,5,7,4,7,6,4,7,7,1,5,7,5,5,5,7,7,1,1,7,7,4,4,1,1,1,7,7,1,5,100,47,,,,,45,46,I would give the same sentence because I feel like this crime is very serious and nothing will change based on whether the cases public or if it's confidential so I think the defendant has a history of violence and I believe the Senate should reflect the severity of the offense,I hope this sentence will help the offender be more accountable and send a clear message of their serious acts,,,,,2,7,4,36,2,2,3,2,3,3,3,,2
2026-07-07 05:14:54,2026-07-07 05:57:04,0,,100,2530,1,2026-07-07 05:57:04,R_5K76QI6UDF9ZsYp,,,,,,,anonymous,EN,1,P001477,2,2,2,1,2,1,3,5,5,5,3,3,1,4,1,2,3,4,1,2,3,"I think punishment can deter prisoners from commiting crimes, but in our current society the focus is more on punishment than prevention. I dont think punishing criminals for crimes just for the sake of punishment improves the world for anyone. ",7,1,6,7,1,1,1,1,9,2,2,3,1,2,2,7,1,2,6,1,1,7,1,7,6,6,1,2,4,1,7,1,4,2,1,1,5,2,5,5,3,1,5,1,2,4,7,6,1,1,4,7,7,1,7,1,3,1,7,4,1,1,1,7,7,3,3,7,6,4,1,1,1,7,1,2,4,5,5,47,,,,,,,,,5,5,I don't think adding years to daryl's sentence will help anyone,Maybe daryl will regret his actions.,1,7,1,21,1,1,4,2,1,2,3,It is really hard to give sentences in a hypothetical! Especially since I don't really believe that jail time helps with rehabilitation,3
2026-07-07 05:23:47,2026-07-07 05:59:23,0,,100,2136,1,2026-07-07 05:59:24,R_6stCjDfYlkQVYKB,,,,,,,anonymous,EN,1,P001885,6,5,4,5,5,5,5,6,6,4,5,3,6,5,5,4,6,4,2,1,3,"I put public safety first because keeping criminals off the streets protects other people. Deterrence came next because punishment can make some people think twice. Rehabilitation is important, but it doesn't always work. I put ""they deserve punishment"" last because I'd rather focus on preventing more crime than punishing someone just for the sake of it.
",4,4,4,4,4,3,3,4,9,3,4,5,4,4,5,4,4,3,6,1,2,4,4,5,6,4,4,3,4,4,7,4,4,4,4,4,7,5,4,5,5,2,5,1,2,7,7,5,2,4,3,4,6,1,7,1,4,5,4,1,4,2,1,7,7,1,1,7,7,5,4,4,5,7,1,3,7,10,100,24,,,,,50,50,"I would still recommend 50 years because the seriousness of the crime has not changed. Darryl intentionally assaulted Frankie, violated a restraining order, chased her while she was trying to escape, and his actions caused her death. Although he is now permanently paralyzed and experts say he no longer poses a threat, the punishment should still reflect the harm he caused and his responsibility for the crime. The fact that the case will remain confidential also does not change the severity of what happened.","I hope the sentence holds Darryl accountable for his actions, recognizes the seriousness of the victim's death, provides justice for the victim and her family, and reinforces that severe violent crimes deserve serious consequences regardless of whether the offender remains a future danger.",,,,,1,5,1,33,1,1,2,4,3,3,3,,2
2026-07-07 05:39:27,2026-07-07 06:04:16,0,,100,1488,1,2026-07-07 06:04:17,R_1JezlHsnsqgW8m1,,,,,,,anonymous,EN,1,P000220,6,6,6,6,6,5,6,6,6,5,6,6,6,6,6,6,6,4,3,2,1,"Ideally, prison would serve as a way to retrain maladjusted people to be better citizens. Second, it's not fair to subject law-abiding people to criminals loose on the streets (particularly violent criminals). I put deterrence third because I don't think it always works (a poor hungry person will still steal food even if they know the consequences of getting caught). Finally, the idea of criminals ""deserving"" to be punished is an abstract moral idea of justice that doesn't really matter that much.",5,3,3,6,2,1,4,5,9,5,3,5,4,7,2,3,2,2,5,2,4,4,4,4,5,3,4,4,4,2,7,2,5,2,1,1,5,3,7,2,1,3,3,2,3,2,3,5,4,4,6,4,6,2,5,2,1,1,7,2,5,1,1,7,7,1,1,7,7,3,1,1,1,7,1,3,4,5,5,47,,,,,,,,,25,20,Murder is a serious crime and someone who has committed it is not effectively stopping themselves from doing the wrong thing. A serious punishment/rehabilitation period is necessary to make Darryl learn the difference between right and wrong.,Teach him the difference between right and wrong and hopefully get him on the path to doing something productive with his life.,2,1,1,39,1,2,5,2,3,3,3,"I support adopting a more sensible rehabilitation model like they use in Scandinavian countries. However, extremely violent criminals with no remorse should not be treated with kid gloves. It doesn't have to be either or. You can have a ""soft"" system for some crimes and a more punishing approach for real monsters.",3
2026-07-07 05:42:28,2026-07-07 06:04:25,0,,100,1317,1,2026-07-07 06:04:27,R_3HoCwYcItTSeLqy,,,,,,,anonymous,EN,1,P000193,5,6,4,6,7,5,3,6,7,6,4,6,4,5,6,5,5,1,2,3,4,"A person who committed a serious crime deserves to be punished, otherwise the laws broken would have no weight.  By punishing the offender it lets others know that breaking laws offers limited rewards as you can simply look at others who are in prison for doing the same things.",4,1,4,7,2,1,6,5,9,5,5,4,3,6,2,4,3,3,4,1,3,5,7,5,3,4,4,7,4,3,7,2,1,4,4,1,2,1,7,1,1,1,4,2,3,3,7,3,5,2,4,7,7,1,7,1,1,2,7,1,2,5,4,7,4,7,7,3,7,2,1,2,1,2,6,7,1,10,5,47,25,25,He committed a very serious crime and he must be punished.  I do have concerns about his health situation but that does not mean that he should not be punished.,Let others know that committing serious crimes result in serious consequences.,,,,,,,,,1,6,1,58,1,1,4,3,3,2,2,Very interesting - many thanks..,1
2026-07-07 05:49:20,2026-07-07 06:04:32,0,,100,911,1,2026-07-07 06:04:32,R_3n0H0fpRk03aNgQ,,,,,,,anonymous,EN,1,P001868,7,7,7,7,7,7,7,7,7,7,7,7,7,7,7,7,7,1,3,4,2,They deserve punishment but we all should have a change to change and try again for the best,1,3,1,7,3,4,7,1,9,1,4,7,5,7,1,1,2,6,6,1,3,3,7,3,7,5,7,7,4,6,7,7,5,1,5,1,6,5,5,1,1,5,1,4,5,5,7,4,1,1,6,5,7,1,6,4,7,7,1,6,6,5,1,2,7,7,7,3,7,1,1,1,1,1,6,7,1,10,50,35,50,50,He decided to kill someone. That should be enough,show others they just can't go out there and kill people,,,,,,,,,1,7,1,45,2,4,4,6,2,2,2,"People have free will.. unfortunately. ",1
2026-07-07 05:32:38,2026-07-07 06:05:32,0,,100,1974,1,2026-07-07 06:05:33,R_6uCK7th7IcsNk7m,,,,,,,anonymous,EN,1,P000110,6,6,6,6,6,7,5,2,5,5,6,5,3,4,6,5,6,1,3,2,4,"I think those who have committed the most serious and egregious of crimes deserve to be punished (those that commit assault, domestic abuse, rape, CSA, human trafficking, serious drug trafficking, financial fraud, racketeering, and especially white collar criminals).",4,3,3,6,6,3,6,6,9,5,5,7,4,7,3,2,5,5,6,4,5,4,5,7,6,3,4,4,4,6,6,4,2,3,2,2,6,5,6,5,4,4,3,4,4,4,3,5,5,5,5,4,5,4,4,2,4,2,5,3,4,2,6,7,4,6,6,2,2,5,1,4,1,4,2,4,4,5,5,47,,,,,50,50,I don't care if he is no longer a threat to society he practically tortured and murdered a minor. Tf he deserves life,Keep him away from others and revoke his freedom for the suffering and loss of life he caused.,,,,,1,6,2,23,2,2,4,4,3,3,3,it was a nice survey about people's own personal morality towards crime and criminals,2
2026-07-07 05:28:08,2026-07-07 06:07:46,0,,100,2378,1,2026-07-07 06:07:47,R_7CCkgIfb8i0oRCz,,,,,,,anonymous,EN,1,P001030,7,7,7,7,7,7,6,7,7,7,6,7,5,6,7,5,7,4,3,2,1,I ranked them that way based on long term public safety and crime reduction.,3,5,1,5,2,3,7,7,9,4,6,7,4,7,6,5,7,6,4,4,5,3,7,3,3,3,7,7,4,2,7,3,4,6,6,1,5,4,6,2,1,4,2,5,6,6,2,6,4,5,5,3,6,4,5,6,5,6,6,4,7,2,2,7,7,3,2,6,7,7,5,6,3,2,5,4,2,5,100,47,,,,,,,,,35,0,His paralysis eliminates his capacity to reoffend.,It would minimize unnecessary costs.,1,6,1,42,1,6,4,5,2,3,1,,3
2026-07-07 05:52:00,2026-07-07 06:08:51,0,,100,1011,1,2026-07-07 06:08:52,R_6ZBVUV5I9Q4c8CX,,,,,,,anonymous,EN,1,P001833,7,7,7,6,7,6,7,7,5,7,7,7,7,7,7,4,7,3,1,2,4,"If criminals know that if they commit a crime, they should be afraid to be punished and that should keep them from committing crimes. ",1,7,1,1,7,7,5,7,9,1,1,7,7,7,7,5,5,5,7,1,5,5,7,7,7,5,7,5,4,7,7,1,7,5,1,1,6,6,4,2,1,3,4,5,5,6,5,5,1,5,7,3,5,7,6,5,7,7,1,6,6,1,1,6,6,1,1,7,7,7,7,3,4,6,6,4,6,10,100,24,,,,,,,,,50,50,"He took someone's life. He should do life. ","It should show every one that crime does not pay. ",2,7,4,49,2,2,3,5,3,1,1,"None at this time. Good survey. It really made me think. Thank you ",3
2026-07-07 05:32:47,2026-07-07 06:19:29,0,,100,2801,1,2026-07-07 06:19:29,R_6FhdpkxNzc7t5L6,,,,,,,anonymous,EN,1,P001167,5,5,6,6,5,5,4,4,3,5,4,4,3,5,5,4,4,1,3,4,2,Committing crime they should be punish accordingly. rehabilitation inside prison should be given as term comes they become productive in the society as the reform.,6,4,5,5,4,3,7,5,9,2,4,6,3,4,5,4,4,7,4,7,5,5,7,4,6,3,3,4,4,4,6,3,4,3,4,4,6,4,3,2,5,4,2,4,4,5,6,4,5,4,4,4,6,7,7,1,4,4,5,4,6,3,6,6,7,1,3,6,6,3,1,3,1,7,5,6,6,10,5,47,,,,,50,40,There's no consideration of the crime  he committed beforehand even of what disability occurred to him after then. He deserved to comply what the sentences given to him.,Hoping this serve him a hard lesson to learn..,,,,,1,6,4,62,2,3,5,4,3,3,2,Thank you for this very interesting topics. Crimes should be paid accordingly for those who break the laws of any crimes committed.,2
2026-07-07 06:09:30,2026-07-07 06:20:45,0,,100,674,1,2026-07-07 06:20:45,R_1uL5ebut6hhMeAN,,,,,,,anonymous,EN,1,P000886,5,4,5,4,5,5,5,5,4,5,5,4,5,4,5,5,4,1,3,2,4,I ranked on my opions and experiences,5,6,5,4,5,5,6,6,9,6,6,6,5,5,6,6,5,5,5,5,5,5,5,6,6,5,5,5,4,5,6,5,6,6,5,5,5,6,5,5,5,6,5,5,6,5,6,5,6,5,6,5,5,5,6,5,5,4,5,5,4,5,5,4,5,5,5,5,5,5,5,4,5,5,5,5,5,4,28,22,,,,,,,,,20,25,well he committed a crime and needs to serve time no matter what his condition,I hope the sentence accomplish other criminals to not do anymore criminal acts.,1,1,4,48,2,2,6,6,3,3,3,,3
2026-07-07 06:05:14,2026-07-07 06:22:05,0,,100,1010,1,2026-07-07 06:22:05,R_7Br22oylag6ZU8W,,,,,,,anonymous,EN,0.8999999761581421,P000174,3,2,5,2,6,3,5,5,4,5,3,4,2,6,3,2,6,3,2,4,1,"I believe the whole goal of the prison system should be for criminals to understand what they did was wrong, and prepare them better ways and life once getting out.",4,2,3,6,4,2,5,4,9,2,3,3,2,6,2,3,6,5,3,2,2,4,4,6,5,4,3,3,4,4,6,2,4,3,5,2,5,4,6,2,1,2,4,3,5,5,3,4,2,3,4,5,4,3,4,3,3,2,6,3,3,4,2,6,5,4,3,5,5,5,3,2,3,6,3,3,4,10,5,47,,,,,25,22,Just because he is no longer a threat to society does not mean he gets to roam free with no punishment for previous crimes.,"I hope this will allow him to reflect on what he has done, learn from his mistakes, and come out a better person.",,,,,1,6,1,22,2,1,4,4,2,2,2,,2
2026-07-07 05:52:15,2026-07-07 06:25:24,0,,100,1989,1,2026-07-07 06:25:25,R_3anpRb3xn0S0kcK,,,,,,,anonymous,EN,1,P001612,7,7,7,7,7,7,7,7,7,7,7,7,7,7,7,7,7,1,4,2,3,I ranked the reason for punishment because I believe we should be liable if we commit a crime. I also took into consideration the level of crime that a person made. I think it's reasonable to give justice to the victim.,4,5,1,7,5,6,4,5,9,4,4,4,4,7,2,1,5,5,5,3,3,3,5,3,5,3,5,4,4,5,7,4,4,4,4,1,4,4,5,3,2,4,2,5,5,5,7,4,4,4,6,4,7,4,4,4,7,7,1,7,6,4,5,4,4,4,4,4,4,4,4,4,1,1,6,6,2,5,5,47,50,50,"Darryl killed an innocent person. The victim was very young and she lost her life because of Darryl. Even Darryl has permanent paralyzed limbs, it's not about him only, it's more for the victim that needs justice.",I hope this will help Darryl realize the consequences of his action. I wish him well too.,,,,,,,,,1,4,1,45,2,3,4,7,2,3,3,Thank you for this meaningful study!,1
2026-07-07 06:15:27,2026-07-07 06:39:41,0,,100,1454,1,2026-07-07 06:39:42,R_3XE3s6zHT1SqCCl,,,,,,,anonymous,EN,1,P000542,5,7,5,6,7,6,4,5,5,6,6,7,5,4,6,4,4,3,2,1,4,"For really bad people like murderers, they need to be locked up cause the could take more innocent lives if there were no consequences and sometimes but not all the time, people wont commit crimes because of the punishment they could get into like jail or prison which could ruin their future for other opportunities. Also it depends on the crime but definitely criminals deserve to get punished because if they dont then they can and or will do it again because there are no consequences. ",1,4,3,4,4,1,7,7,9,5,5,7,4,5,3,2,4,4,3,2,3,5,6,4,5,4,6,4,4,5,5,4,4,4,4,3,5,4,4,2,5,3,4,3,5,4,1,2,3,4,4,4,4,3,3,4,3,2,7,4,5,3,3,6,5,4,4,5,5,7,1,3,4,3,4,6,2,5,5,47,40,25,He deserves punishment but since he is paralyzed there is really no risk of him ever being able to hurt someone again.,"Show him he deserves to pay for his crime even if karma did get him and he got sick, it doesnt mean he can be scott free",,,,,,,,,2,4,1,21,2,1,2,4,3,1,1,,1
2026-07-07 06:28:28,2026-07-07 06:48:05,0,,100,1177,1,2026-07-07 06:48:05,R_58UKl9rvdikJPdD,,,,,,,anonymous,EN,1,P001965,4,5,5,5,5,6,5,5,5,6,6,5,3,6,5,5,5,4,3,2,1,This order lookd best,2,2,1,1,7,5,6,5,9,6,7,6,6,5,6,2,2,7,2,2,2,2,2,2,3,5,2,6,4,3,4,1,4,4,4,1,5,7,6,4,4,4,2,4,4,4,2,2,6,6,6,2,6,6,1,6,3,6,3,5,6,6,4,6,2,7,6,5,6,6,5,4,1,4,5,6,1,5,100,47,,,,,50,50,"He still needs to be held accountable for the crime, regardless of any disease he contracts.",Deterrence for other criminals.,,,,,2,7,1,52,1,1,2,6,2,1,1,--,2
2026-07-07 06:35:19,2026-07-07 06:54:52,0,,100,1173,1,2026-07-07 06:54:53,R_5tDPm2n5qC9UQ7G,,,,,,,anonymous,EN,1,P000718,6,6,4,5,6,5,3,6,4,6,4,5,5,5,2,3,6,3,1,2,4,"Most people I know don't want to go to jail. Criminals in jail can't commit crime. Crime that harms others deserves some type of punishment. In my country rehabilitation is not the primary role of incardination.  ",5,1,2,6,7,1,3,5,9,5,5,3,4,7,1,2,1,1,1,1,2,2,4,4,5,5,3,5,4,3,7,1,3,5,5,1,4,3,7,2,2,2,4,2,2,3,5,1,1,3,1,5,5,3,6,5,2,2,6,3,4,1,1,7,7,5,3,5,7,5,4,3,2,2,3,3,2,5,5,47,35,35,"He took a life. He did so over a purse. He could have walked away. He has to pay the price for the life he took. Circumstances do matter but the young lady is dead. It doesn't matter what he can't do, what matters is what he did.",It will serve justice and serve as a deterrent to others. He will have some opportunity for release and some life back in society after his sentence.,,,,,,,,,1,7,1,56,2,1,6,4,3,3,3,This was difficult because there were a lot of questions I was surprised you didn't focus a bit more on the role of rehabilitation in prisons. That's a problem here.,1
2026-07-07 06:19:38,2026-07-07 06:57:16,0,,100,2257,1,2026-07-07 06:57:17,R_7ff55xkNgwe3SUc,,,,,,,anonymous,EN,1,P001250,6,6,4,6,6,4,2,7,7,7,4,5,5,7,7,6,7,2,1,4,3,"I ranked this way because the first is a broad preventitive impact  ,the second will uphold moral responsibility and accountability the third will deal with incapacitation then the last cause its temporary will contain harm without addressing underlying causes",4,6,1,1,7,7,6,4,9,6,6,6,5,4,4,2,4,6,4,6,5,6,5,4,4,6,5,6,4,3,4,4,5,2,5,5,6,5,4,3,7,3,2,3,4,1,5,6,4,2,7,2,5,3,1,2,6,7,2,6,7,5,5,4,4,2,6,5,6,7,4,7,6,5,4,4,6,5,5,47,,,,,50,25,i choosed 25 cause his permanent paralysis eliminates future danger the sentence should still reflect the moral gravity .,I do hope that it affirms that justice still demands proportional accountability.,,,,,1,7,4,62,1,2,5,2,1,1,1,It was very interesting.,2
2026-07-07 06:52:58,2026-07-07 07:01:23,0,,100,504,1,2026-07-07 07:01:23,R_61QrqpXya326LaF,,,,,,,anonymous,EN,1,P001509,4,6,4,4,5,4,4,4,4,4,4,5,3,3,4,3,5,4,3,1,2,"I think keeping the public safe and rehabilitating criminals are the most important reasons for the justice system ",3,4,2,4,4,2,4,4,9,4,4,7,4,4,4,4,4,4,3,2,3,4,4,5,5,4,2,3,4,4,7,2,4,1,4,1,3,2,3,2,1,3,4,3,4,4,4,3,4,4,4,4,6,4,4,4,1,1,4,1,3,2,1,4,5,3,3,6,6,3,1,1,1,6,1,1,6,10,100,47,,,,,30,30,"The autoimmune disease does not change the fact that he committed murder. ",Keep him off the streets and make sure he has plenty of time to think about the life he took,,,,,1,5,1,23,1,1,4,2,3,3,3,,2
2026-07-07 06:33:50,2026-07-07 07:01:43,0,,100,1672,1,2026-07-07 07:01:43,R_6ElIGdEzy97JpBL,,,,,,,anonymous,EN,1,P001166,2,3,2,3,2,1,2,2,3,1,3,3,1,5,1,2,4,4,3,2,1,"I put rehabilitation as the number one reason because to me I feel that's the most important thing we should focus on with prisoners in America. It is also what we lack the most in American prison systems. For number two, I thought it was also important because we can't just let proven criminals be free to commit more crime. I think number three is kind of important but also isn't very true for most criminals; if it was true there would be way less crime. I put number four as, especially for non-violent crimes, I think that criminals don't neccisarily deserve to be punished and many of them act out of neccesity from systemic oppresion.",6,1,6,7,3,1,2,2,9,3,2,6,1,6,1,7,3,1,4,1,1,7,3,7,7,7,2,3,4,1,5,1,3,1,1,1,6,5,3,5,2,1,7,1,1,5,6,5,1,4,2,7,7,1,7,1,1,1,7,1,1,1,1,7,7,1,1,7,7,2,1,1,1,7,1,1,7,10,100,24,10,3,"I recommended this sentence because Darryl would not be safe or be able to participate in much during his time in prison if he was paralyzed. So, there is no point extending his sentence if he won't even be able to commit a violent crime again.",I hope this sentence will give Darryl the resources neccesary to get help for any mental illness he could be suffering from and to help him find a job or a legitimate way of making money. A.K.A. rehabilitation.,,,,,,,,,1,7,1,19,2,1,2,1,1,3,2,"With all due respect, I think the use of the word ""blacks"" was disrespectful and had racist connotations toward the black community. It also made me feel a bit uncomfortable.",1
2026-07-07 06:14:11,2026-07-07 07:05:18,0,,100,3066,1,2026-07-07 07:05:21,R_5PtTLL00ffBeM3e,,,,,,,anonymous,EN,0.800000011920929,P001866,4,7,1,4,4,1,4,4,7,7,4,1,1,4,1,1,7,3,2,1,4,"Prisoners cannot commit other crimes because they are incarcerated. They cannot harm anyone else outside in society due to guarded supervision. Punishment deters others from committing crimes is a half truth, some people still commit them regardless if another person has committed that crime. Criminals deserve to be punished, I feel like that is also a half truth, a mistake does not make you a complete criminal. Prisoners get rehabilitated in prison is another half truth, some prisoners come out and experience a whole different world or society when time is served.",4,1,4,1,4,1,4,4,9,1,1,4,1,4,4,4,4,4,7,1,4,7,4,7,7,4,1,4,4,4,4,4,4,1,4,1,7,7,7,1,1,1,7,1,1,1,4,4,1,1,4,4,4,4,4,1,4,1,7,4,4,7,4,4,4,4,7,4,4,7,4,4,1,4,7,4,7,10,100,24,,,,,,,,,5,1,"Darryl has a 50/50 chance of surviving his auto immune disorder. In my beliefs this lesson that Darryl is experiencing is called ""Karmic justice"" or ""Divine justice"". Regardless if his sentence is reduced or has no sentencing, his ""karmic punishment"" is to become immobile or possibly face death on his own circumstances.","The understanding of why not to cause harm to others, because you never know what karmic debt you will create onto yourself.",1,7,1,30,1,4,2,4,5,3,3,"I was not able to add a different ethnicity or ""other"" being an Afro Hispanic male. The questions are very vague when it comes to answering them. The Answer options sound more generalized, than opinionated. I also enjoyed this Study very much! ",3
2026-07-07 06:47:48,2026-07-07 07:06:20,0,,100,1112,1,2026-07-07 07:06:21,R_5CNGtVSXoshVP3v,,,,,,,anonymous,EN,1,P000079,5,6,5,5,5,4,4,6,6,6,6,5,3,5,5,5,5,4,1,2,3,I think the most important factors are how imprisonment for crimes keeps others in society safer,3,4,3,5,6,3,5,6,9,4,4,5,4,6,3,2,3,4,4,3,4,5,5,5,5,4,3,5,4,4,5,2,4,4,3,3,5,3,4,5,5,3,4,3,3,3,3,3,4,4,5,5,5,4,4,3,3,1,7,3,4,2,2,6,6,6,2,6,7,5,3,3,3,4,4,5,3,10,100,24,50,50,"Even if he isn’t a physical threat to others now, it doesn’t take away the fact he ended someone’s life for no justified reason",It will show that committing a crime so severe does not lead to a slap on the wrist regardless of who you are,,,,,,,,,1,5,1,19,2,1,3,4,3,3,3,,1
2026-07-07 06:49:57,2026-07-07 07:07:15,0,,100,1038,1,2026-07-07 07:07:16,R_6qdGNbIWWKD7YHf,,,,,,,anonymous,EN,1,P001337,4,7,7,7,7,7,5,7,7,7,7,7,7,7,7,7,7,3,1,4,2,"So I rather them reasonsing that I did because i do feel that whenpeople see others get locked up it teaches them not to do it, Some people go to prison and come out a different person, Some Criminals deserve to be punished like for me it depends on the crime because if someone runs a red light they break the law which makes them a criminal but in yet they get a ticket, someone murders someone they got to jail, and it not true that they don't commit other crimes because sometimes other crimes can happen in jail.",5,4,5,7,7,4,7,6,9,4,4,7,4,7,1,7,5,4,1,1,1,7,7,7,7,3,4,7,4,4,7,4,4,1,1,1,5,5,4,4,1,3,5,3,4,7,4,3,4,1,7,5,7,3,4,1,4,2,7,1,3,1,1,7,7,1,1,7,7,7,3,2,1,4,4,4,4,10,5,24,,,,,,,,,50,50,"I recommended life because again Darryl took a life, even if he didn't mean to do it, it doesn't change the fact that he did it.","Teach others that you can't just have a tantrum and kill someone and get away with it. No matter how angry you get, you can't just kill a person intentionally or accidentally.",1,7,1,39,2,2,3,4,3,3,1,,3
2026-07-07 06:27:02,2026-07-07 07:10:42,0,,100,2619,1,2026-07-07 07:10:42,R_1PTrEzATTHcJBWt,,,,,,,anonymous,EN,1,P001695,5,6,5,7,6,5,1,7,7,7,6,5,2,5,6,6,6,3,2,1,4,"Safety for communities is a top priority for removing criminals from society, therefore hardcore criminals must be kept in prison. Rehabilitation is usually the ideal but unfortunately, prison does a poor job with rehabilitating prisoners. It may deter others from committing crimes, which was my second priority. Deserving to be punished is like accepting consequences for one's actions which is important and I listed as third. Knowing right from wrong and still doing wrong means you are aware that your actions may bring harsh consequences. ",3,3,3,7,5,2,5,1,9,1,1,3,3,7,1,3,5,5,2,2,3,4,6,5,6,3,5,7,4,4,7,3,4,5,4,1,7,7,1,6,2,3,2,2,6,5,7,2,1,5,6,6,7,1,6,4,7,7,1,5,7,1,1,7,7,1,1,7,7,1,1,1,1,5,3,3,3,10,100,24,,,,,,,,,50,25,"I took into consideration that he is no longer a threat to society and has contracted a debilitating health condition which is a penalty in and of itself which will cause him to lose the quality of life whether in prison or not. Yet, he committed a most vicious crime and should receive the consequences for killing someone, whether he is healthy or not.  ",Retribution for a most horrible crime leading to the death of a human being.,1,6,1,70,2,2,5,5,2,3,3,"Was very thought-provoking and a good exercise to ponder some very serious situations that unfortunately happen in our communities with more frequency and intensity. ",3
2026-07-07 07:02:34,2026-07-07 07:12:01,0,,100,567,1,2026-07-07 07:12:02,R_1zqoep7qIRXlk3v,,,,,,,anonymous,EN,1,P001078,5,6,5,5,6,5,4,6,5,6,5,5,5,6,5,4,5,3,1,2,4,It is all about reducing the levels of crime on the streets,3,4,1,3,4,3,5,5,9,4,5,3,7,5,4,2,5,6,3,4,5,4,5,3,3,2,5,6,4,3,5,4,4,5,5,1,5,5,3,4,4,5,2,5,5,6,4,5,3,3,4,3,4,5,4,6,6,1,7,6,7,1,1,6,7,4,3,5,5,3,3,5,4,6,4,5,2,5,5,47,,,,,,,,,41,40,"his diagnosis doesn't justify his behavior, he still should be punished","keep other people from doing the same thing he did ",2,4,3,23,2,1,4,5,2,3,3,none,3
2026-07-07 06:54:58,2026-07-07 07:16:10,0,,100,1272,1,2026-07-07 07:16:11,R_7q5gYI0z2rOIJqN,,,,,,,anonymous,EN,1,NONSTANDARD_6,5,7,4,5,5,3,4,4,3,6,7,5,4,7,4,5,5,2,4,1,3,I picked my first choice because that's what keeps society safest. I picked my second because the wronged party deserves retribution. I picked the third because recidivism rates are lower when prisoners learn trades and educate themselves. I believe the fourth option doesn't seem to hold that much truth.,1,2,2,2,5,1,4,1,9,4,3,7,5,7,3,1,6,5,5,1,1,4,4,6,5,6,4,5,4,4,7,3,1,1,3,1,7,3,6,4,3,3,7,3,7,4,4,5,3,6,4,6,5,4,5,4,4,1,6,4,5,5,1,7,7,1,1,7,7,6,1,1,1,5,2,4,4,10,100,24,,,,,35,20,"Darryl killed a person. I assume she has family who will forever grieve her loss and even if she had no one she still deserved more than a violent ending. Darryl needs to answer for that. ","I hope that Darryl will remember what put him there every day that he is in there. ",,,,,1,6,1,35,2,2,3,2,3,2,3,,2
2026-07-07 06:58:23,2026-07-07 07:16:33,0,,100,1089,1,2026-07-07 07:16:34,R_3YigpUhq7LXi0N7,,,,,,,anonymous,EN,1,P001129,7,7,7,7,7,7,4,7,7,5,7,6,4,6,7,7,7,1,2,3,4,"I feel that there are people in society that are willing to do crimes that harm others, and commit crimes that have victims, and I think there should absolutely be consequences for those who harm others. It is also important to set a precedent that committing crimes in society will have repercussions. I ranked prisoners get rehabilitated in prison as last, because sadly I don't think that is something that is being done well in this country, however I do think that it is an important concept.",3,1,1,7,6,5,6,1,9,1,6,2,6,7,4,1,7,3,4,1,4,4,5,7,7,6,1,7,4,2,7,2,1,3,1,1,4,2,7,2,3,4,4,4,5,5,4,5,2,4,4,4,6,4,5,4,1,1,7,1,6,2,1,7,7,2,1,6,7,4,4,4,1,7,1,1,4,5,5,47,,,,,,,,,30,30,"I think that he still committed a crime, regardless of whether or not he is a threat to society, there should be consequences.","Justice for the victim, and consequences for Darryl's actions. Although Darryl is paralyzed, what kind of message does it send if he is able to go free after a light sentence, and those around him see he was able to kill and not face any consequences.",1,7,1,39,2,4,4,2,3,3,3,Interesting study,3
2026-07-07 07:02:14,2026-07-07 07:21:06,0,,100,1132,1,2026-07-07 07:21:07,R_5q89XaqyBG95fQk,,,,,,,anonymous,EN,1,P001370,5,6,4,5,5,5,5,5,5,5,4,4,5,3,4,3,5,1,2,4,3,There has to be a punishment for criminals and I believe that for certain types of crimes that prison is a deterrent,6,4,1,6,3,3,3,5,9,3,4,2,4,7,6,4,5,3,2,3,3,3,5,2,5,6,4,6,4,5,7,1,1,3,5,6,7,6,5,6,4,4,2,2,5,5,6,5,4,5,3,4,5,4,6,2,3,2,6,3,4,6,7,7,7,6,1,6,7,4,1,4,1,7,1,1,7,10,100,24,,,,,25,25,Darryl committed a violent crime and took someone's life.  He should get a punishment commensurate with the crime,You can't take another persons life and it go unpunished,,,,,2,7,6,60,1,2,6,2,1,1,1,,2
2026-07-07 06:53:05,2026-07-07 07:23:01,0,,100,1796,1,2026-07-07 07:23:02,R_6SPsmRZboWfpGDf,,,,,,,anonymous,EN,1,P001659,4,6,3,5,5,5,4,5,5,6,5,5,3,4,3,2,2,2,4,3,1,"I believe it is important that people who commit crimes be rehabilitated so that they become better citizens. The fear of punishment will deter some from committing crimes, but I think some believe that they will be able to get away with the crime. ",2,2,2,6,2,1,5,2,9,4,4,4,3,7,3,1,3,3,2,3,2,4,4,4,4,5,4,5,4,2,6,3,3,2,3,1,6,4,7,1,1,3,4,3,4,5,6,2,3,2,2,5,5,3,6,2,1,4,4,2,4,1,1,7,7,1,1,7,7,2,1,2,1,7,1,1,7,10,100,24,30,23,"He was the cause of a woman's death, so he should receive a harsh sentence. I would give him a less severe sentence because seventeen-year-olds do not understand consequences the same way that someone forty does. ","I hope that his sentence rehabilitates him and allows him to learn a skill that he can use to become a productive member of society when he gets out. ",,,,,,,,,1,7,6,55,2,2,3,1,1,3,1,"There is an error in the study. Where you should be asking how many days, you ask how many minutes.",1
2026-07-07 06:59:52,2026-07-07 07:25:19,0,,100,1526,1,2026-07-07 07:25:19,R_3wc6rr7BxVqUwHE,,,,,,,anonymous,EN,1,P000237,6,6,6,5,6,6,6,6,6,7,6,6,6,6,5,7,6,4,1,3,2,criminals need to know if they commit a crime they will pay,4,4,6,6,3,1,7,3,9,1,2,2,4,6,4,6,6,6,6,5,4,6,6,4,6,3,6,7,4,5,6,2,2,2,3,1,5,4,2,4,3,3,3,4,5,6,5,3,5,4,6,4,5,5,2,2,4,6,1,5,6,6,1,6,7,2,4,6,6,5,2,3,1,4,4,3,5,10,5,24,,,,,,,,,30,30,"when he committed the crime he was a healthy man. ",that i dont ever run into him,2,7,1,66,2,2,3,2,1,3,3,,3
2026-07-07 06:46:08,2026-07-07 07:25:20,0,,100,2352,1,2026-07-07 07:25:21,R_5CBtyLKPVyvTH8l,,,,,,,anonymous,EN,,P000425,6,5,6,5,6,4,6,6,6,6,7,5,5,6,3,7,6,1,2,4,3,i ranked it that way because when punishment is given to a criminal it makes the society safe and threatens other aspiring criminal on the wrath that being a criminal would cause.,5,4,3,4,5,3,6,6,9,4,5,6,5,3,4,3,4,5,5,3,5,4,5,4,6,5,4,6,4,5,6,5,5,7,4,3,4,4,5,2,2,3,4,3,5,6,5,4,4,4,3,5,6,3,5,4,5,5,4,4,6,5,5,5,3,4,4,5,6,5,4,5,1,4,5,6,4,5,5,47,31,36,Nothing really much just my own point of view on it,"A lot of things ",,,,,,,,,1,6,5,46,1,1,4,7,2,2,2,,1
2026-07-07 07:10:02,2026-07-07 07:25:45,0,,100,943,1,2026-07-07 07:25:46,R_1gp9Vsk8MYj15fZ,,,,,,,anonymous,EN,1,P000235,7,7,7,7,7,2,7,7,7,7,7,7,2,2,7,6,7,3,2,1,4,"So many crimes are committed by repeat offenders. Getting criminals off the street helps to protect potential victims. ",1,5,1,1,5,2,7,7,9,4,4,6,7,4,4,1,6,7,6,5,5,1,7,2,1,1,7,7,4,7,7,2,3,5,5,1,6,4,5,5,4,7,1,7,7,7,5,7,2,5,6,1,5,1,4,4,4,1,7,7,7,5,4,2,5,6,3,4,4,7,2,6,3,1,7,7,1,5,100,47,50,50,"Frankie is gone for life at the hands of a heartless murderer. This is about the victim and all victims and not about the criminal. ","The sentence will send a clear message that there's no tolarence for murderers and even if it deters one criminal from murdering someone, it's worthwhile ",,,,,,,,,2,5,1,60,1,1,6,4,3,1,1,,1
2026-07-07 06:46:10,2026-07-07 07:26:20,0,,100,2410,1,2026-07-07 07:26:21,R_57ZNiOHqzX9DvGN,,,,,,,anonymous,EN,1,P001023,6,6,6,6,6,5,3,6,6,3,5,6,3,5,6,6,6,1,3,2,4,"I agree that criminals do deserve to be punished in some manner. While some criminals that are locked up can continue to initiate crimes outside of the prison, most cannot commit a crime outside of the prison while locked up. Although the possibility of punishment may deter some from committing a crime, it does not make a great impact on the decision making of people committing a serious violation. I do not believe that the current prison system does much to rehabilitate any of its occupants. It merely keeps the criminal away from the broader society for a specific amount of time.",4,2,2,7,6,1,3,5,9,3,5,5,2,7,1,1,5,1,6,1,2,2,5,3,5,5,2,5,4,5,7,2,2,1,2,1,6,7,6,5,5,5,5,2,5,6,7,5,1,2,2,6,7,2,7,2,1,2,6,3,2,2,1,7,7,3,2,7,7,5,2,2,1,7,1,2,5,5,100,8,,,,,30,30,"Darryl committed a serious crime. He defied a court order to stay away from Frankie. He physically assaulted her and caused he rto fear for her life. His actions led to the circumstances which caused her death. He is responsible for her death. He should be punished to the fullest extent of the law. Since the prison terms given by other judges in similar circumstances ranged from 30 to 50 years, I would sentence him to the higher term. I would feel sympathy for his declining health condition that occurred after he committed the crime, but he would still be liable for his actions. The same consequence would apply","I would hope that he ha an opportunity to rehabilitate himself while incarcerated. although 50 years os a long sentence, he still has the opportunity to live his daily life while in prison and the opportunity to return to society when his sentence is completed. Frankie does not have an opportunity to return.",,,,,1,7,1,61,1,2,6,2,1,3,3,,2
2026-07-07 07:15:55,2026-07-07 07:26:29,0,,100,633,1,2026-07-07 07:26:30,R_7BQU8RuHJjJCovj,,,,,,,anonymous,EN,0.8999999761581421,P001563,3,3,5,5,4,3,3,4,4,4,5,4,3,3,4,4,5,2,1,3,4,"I do not feel strongly about the order here other than placing rehabilitation at number 4. Our current system is terrible at rehabilitation and reintegration. ",5,3,4,5,4,3,3,3,9,3,3,3,3,4,4,4,3,3,3,2,3,4,3,6,5,5,3,4,4,5,5,3,3,3,4,1,4,4,6,2,2,3,4,3,3,3,5,4,3,3,2,5,5,2,5,3,3,4,5,2,3,1,1,6,7,2,2,6,6,3,2,2,1,6,2,3,5,5,5,47,,,,,22,10,"I think prison ought to be time for rehabilitation, not just punishment for punishment's sake","I hope it will be enough time for rehabiliation while still giving Darryl a chance at life ",,,,,1,7,1,22,1,1,4,2,1,2,2,,2
2026-07-07 07:10:37,2026-07-07 07:26:48,0,,100,970,1,2026-07-07 07:26:48,R_5z16Ow7ptKlKtWN,,,,,,,anonymous,EN,1,P000481,5,5,5,5,5,5,5,5,6,4,6,5,4,5,6,4,5,4,2,3,1,"The goal is for prisoners to be rehabilitated. That is the reason for prisons, but if that actually works in implementation is a different thing altogether. Punishes the criminal should make it clear that the behavior of a criminal is not tolerated. Being in prison makes them not able to commit crimes outside. Lastly is criminals deserve to be punished, because that is not the reason for prison. They should be punished but not given up on",4,1,4,6,2,1,6,5,9,3,3,7,3,5,3,4,3,3,2,2,3,5,5,3,3,6,2,7,4,4,7,3,5,6,4,1,5,3,5,1,1,2,4,2,2,3,6,3,1,3,1,5,6,3,5,3,2,1,7,3,3,1,1,7,7,3,2,7,7,6,1,6,1,2,5,6,4,5,5,47,,,,,50,50,He still committed the crime. If he 'poses a threat' or not doesnt matter,"That he gets appropriately punished for the crime he commited ",,,,,2,3,1,21,1,1,4,5,2,3,3,,2
2026-07-07 07:15:38,2026-07-07 07:31:54,0,,100,975,1,2026-07-07 07:31:54,R_50vJLZclzR1Cc7w,,,,,,,anonymous,EN,1,P001255,6,7,5,7,6,6,3,6,6,7,5,6,4,5,5,4,5,1,2,3,4,I strongly feel that if you commit a crime you should be punished.  Receiving punishment may deter others from commiting crime.  More criminals off the street means less crimes being committed.,2,4,1,2,6,6,5,6,9,2,2,7,6,6,2,2,3,6,2,2,2,5,3,3,3,3,3,3,4,5,4,6,3,5,3,2,5,5,4,4,2,2,2,2,4,3,3,2,1,3,3,3,4,3,5,5,4,7,1,5,5,1,1,7,7,1,1,7,7,2,2,3,1,6,2,1,5,10,100,24,,,,,,,,,30,25,eventhogh he himself cannot commit a crime due to his condition.  But he may still use others to commit crimes for him  I feel he should still be held accountable for what he did while he was healthy,"I hope that he will reflect on his actions.  While he had no mercy on the person he killed why should he expect we should have mercy on him.  We should understand that our actions have consequences.  ",2,5,5,57,2,2,3,4,3,1,1,,3
2026-07-07 07:15:39,2026-07-07 07:35:05,0,,100,1165,1,2026-07-07 07:35:06,R_1TYniYpRXvMXM0W,,,,,,,anonymous,EN,1,P000388,6,6,6,6,6,5,6,6,6,5,6,6,6,5,6,5,6,1,2,3,4,"While rehabilitation is an important goal, criminals should be punished and acts as a deterrent both to those same criminals (recidivism)and others",3,5,2,3,5,4,6,6,9,6,5,1,4,6,4,4,5,6,5,4,5,4,6,5,4,5,5,6,4,5,6,5,4,5,6,3,5,4,6,5,5,6,2,6,6,6,5,5,2,3,3,6,5,3,5,4,4,4,5,5,5,2,1,6,5,2,4,4,7,6,4,3,2,4,5,6,3,5,5,47,40,30,He did the crime and deserves to be receive punishment regardless of the unrelated circumstances indicated above.,Penance and justice,,,,,,,,,2,7,1,55,1,1,6,6,3,1,1,,1
2026-07-07 06:54:36,2026-07-07 07:36:32,0,,100,2516,1,2026-07-07 07:36:33,R_7mMLLdBmTHX64Uh,,,,,,,anonymous,EN,1,P000854,6,5,3,7,7,7,4,5,6,7,5,7,4,4,6,3,5,1,4,3,2,"I believe most importantly people should pay for their crimes. Secondly, I think rehabilitation is very important so they don't return to crime and prison. Followed by  the other two while they're locked up prisoners cannot commit other crimes and I believe punishment deters others crimes.",3,3,1,4,3,2,2,4,9,2,2,5,3,5,4,3,3,2,2,3,4,2,5,4,4,4,5,4,4,2,7,1,4,5,4,1,6,6,5,2,2,2,2,4,3,4,7,6,2,2,1,5,6,2,7,2,1,1,6,2,2,1,1,7,7,1,1,7,7,4,1,2,1,7,1,1,7,10,5,24,,,,,,,,,30,15,"When Darryl committed the crime he obviously had use of his limbs and was under 18. However, it doesn't sit right to sentence him at all when he killed a man. I'm sure Frankie's family and friends don't care that he missed ",Justice,2,7,7,56,2,2,4,3,1,3,3,n/a,3
2026-07-07 07:21:42,2026-07-07 07:41:32,0,,100,1189,1,2026-07-07 07:41:33,R_7ixZwbb5uUGx8wp,,,,,,,anonymous,EN,1,P000733,7,7,6,7,7,5,5,7,7,7,7,6,6,5,6,4,7,1,2,3,4,"If someone committed a crime, they need to be punished. With punishment, we would hopefully deter crimes from being committed. It's obvious that while they're behind bars, they can't hurt our society. The last one is tricky. Prisoners don't always get rehabilitated.",3,5,1,3,4,3,7,6,9,1,5,7,5,7,5,1,2,5,6,3,4,3,4,5,5,3,5,5,4,6,7,3,4,6,4,1,7,4,6,5,2,5,2,4,5,5,4,4,3,4,6,5,7,4,5,5,2,3,7,4,5,6,2,5,5,5,4,5,6,3,1,3,2,5,4,4,5,5,5,47,,,,,35,35,His crime is inexcusable.,He'd reform and come out a more peaceful man.,,,,,2,6,4,62,1,3,6,2,1,1,1,Criminal punishment is not as straight forward as this survey has laid out. The justice system needs to be equally robust to support it.,2
2026-07-07 07:20:19,2026-07-07 07:43:33,0,,100,1394,1,2026-07-07 07:43:34,R_5dB5U8XuhIlPZFM,,,,,,,anonymous,EN,1,P000505,6,7,5,7,6,5,5,5,4,7,5,6,3,5,3,4,5,1,3,2,4,"I do feel there has to be some kind of consequences for criminal actions.  Many criminals are going to re-offend, so having them off the streets is justified.  I'm not convinced that punishment is a strong deterrent.  If someone is going to offend, I think the consequences aren't at the front of their mind.  I feel very few take advantage of their time and resources while incarcerated to get rehabilitated",5,2,2,7,2,1,6,2,9,4,1,1,2,6,2,1,6,6,5,3,3,5,5,5,5,6,3,6,4,4,7,1,2,3,6,1,6,4,7,5,2,4,2,3,3,2,6,5,2,2,2,7,5,1,7,2,1,1,7,2,3,1,1,7,7,7,1,7,7,7,2,5,1,7,2,2,5,10,100,48,30,10,"If it is the case that he can't re-offend, then I don't see why we would waste resources on a long sentence for Darryl","Darryl would still be jailed for 10 years.  I would assume monitored probation after.  It wouldn't deter anyone else, but it does provide a consequence for Darryl's actions.  ",,,,,,,,,1,7,1,59,1,1,6,3,1,1,1,"It was interesting and it did really make me think how punishment is, or isn't, a crime deterrent.",1
2026-07-07 07:23:06,2026-07-07 07:52:29,0,,100,1762,1,2026-07-07 07:52:30,R_3LnCb1gA0WmAug1,,,,,,,anonymous,EN,0.800000011920929,P000191,6,6,6,6,6,5,5,6,6,6,5,6,6,6,6,6,6,4,1,3,2,because this what i believe,5,5,5,6,5,5,6,5,9,6,3,5,5,5,6,5,6,5,4,3,5,4,5,5,6,5,6,5,4,6,5,6,6,6,6,4,5,5,6,2,2,5,4,5,6,6,3,6,3,4,3,3,5,2,5,2,5,4,6,5,5,6,6,6,5,4,2,4,6,4,3,4,4,4,4,2,5,1,100,24,,,,,,,,,30,17,"it does not matter the age nobody deserves any of that ","it will make him understand his mistakes ",2,5,3,56,2,2,4,6,2,2,2,not at all,3
2026-07-07 07:45:43,2026-07-07 07:57:03,0,,100,680,1,2026-07-07 07:57:04,R_7X7oRP3sSSaavVT,,,,,,,anonymous,EN,1,P001623,6,6,6,4,4,4,3,4,4,6,5,6,6,4,3,6,4,3,4,1,2,Obviously when you commit a crime you should face consequences for said crime. But our message should also be to try and rehibilitate these criminals into better people and functioning members of society. Now there are certain situations where these people just refuse to change and thats a different story.,4,5,4,5,4,3,4,4,6,3,4,4,4,6,6,4,4,5,4,4,3,4,6,5,5,4,5,6,4,4,7,4,5,3,5,4,4,4,4,4,4,4,3,4,3,4,5,4,4,4,4,4,6,4,4,4,4,4,5,4,4,4,4,6,4,4,3,4,4,3,4,4,2,4,4,4,5,10,100,24,,,,,50,45,He took someone's life while under the influence. That is despicable.,Justice.,,,,,1,6,1,23,1,1,4,4,3,3,3,N/A,2
2026-07-07 07:42:19,2026-07-07 08:03:51,0,,100,1292,1,2026-07-07 08:03:52,R_5imRf0EKg09w417,,,,,,,anonymous,EN,0.8999999761581421,P000963,7,7,7,7,7,7,7,7,7,7,7,7,4,5,7,7,7,1,3,2,4,I think the most important reason is to bring justice.  Rehabilitation rarely happens as reincarceration rates are extremely high.  And prisons are full so it doesn't seem to deter much.  But it is best that they are off the streets where they can continue to be a net negative on society,1,5,1,7,7,1,7,7,9,7,7,7,7,7,2,1,7,7,7,2,7,1,7,1,4,1,7,7,4,7,7,5,5,5,5,1,7,7,7,4,1,4,1,6,6,7,5,7,1,5,4,1,7,7,1,7,6,7,1,7,7,1,1,7,7,4,4,7,7,7,2,7,1,1,7,7,1,5,5,47,,,,,,,,,50,50,"Darryl was committing felonies and murdered someone to cover up his crimes.  This is someone that has no remorse for their actions and instead ",Keep him out of society where he can do no harm.,2,7,4,47,1,7,4,6,2,1,1,Fun survey,3
2026-07-07 07:54:40,2026-07-07 08:11:33,0,,100,1012,1,2026-07-07 08:11:34,R_6saW9CejQoBzggd,,,,,,,anonymous,EN,1,P001723,4,5,4,4,4,4,4,4,4,3,4,5,2,5,4,3,5,2,3,4,1,I think that rehabilitation is one of the most important aspects,5,3,4,4,4,2,5,4,9,3,3,4,3,5,4,4,3,4,4,3,3,4,4,3,4,4,4,5,4,4,5,2,4,1,4,1,4,4,5,3,4,2,3,2,3,2,5,3,2,2,3,4,4,4,5,4,2,1,7,2,4,2,1,6,7,2,1,2,5,3,3,2,1,5,1,2,6,5,5,24,25,1,A small amount of institutional punishment before his life punishment sets in,To punish him,,,,,,,,,1,4,2,48,2,2,5,2,3,1,1,,1
2026-07-07 07:41:49,2026-07-07 08:12:54,0,,100,1864,1,2026-07-07 08:12:56,R_3X6DTT9ryef1DEt,,,,,,,anonymous,EN,1,P000356,6,6,6,6,6,6,6,7,6,5,6,6,5,6,5,4,6,4,1,2,3,I feel that it works best that way.,1,5,2,6,7,3,2,2,9,4,5,1,5,6,6,4,3,5,3,1,2,1,6,5,4,3,4,6,4,5,7,1,5,6,2,1,6,5,7,2,1,1,1,2,1,1,5,3,1,2,4,6,6,1,5,2,5,1,6,4,5,1,1,7,7,1,1,7,7,1,1,1,1,7,2,2,7,5,5,47,40,31,Because the crime resulted in a death and deserves significant accountability.,To hold the offender accountable while recognizing the seriousness of the offence.,,,,,,,,,1,7,1,48,1,4,5,4,3,3,3,The scinerios were realistic and thought provoking.,1
2026-07-07 07:54:08,2026-07-07 08:20:58,0,,100,1609,1,2026-07-07 08:20:58,R_617Aoh84Ot3Lkdh,,,,,,,anonymous,EN,1,P000074,4,5,4,4,5,5,4,5,4,5,5,5,5,4,5,4,4,4,2,3,1,"The point is not to just punish them, the idea is to make them better",3,4,2,3,3,3,5,6,9,4,5,4,4,5,4,5,3,4,3,4,5,4,5,4,4,4,5,3,4,4,5,4,5,4,5,4,6,5,5,5,5,5,3,5,5,5,6,4,3,4,4,4,4,4,6,3,4,2,4,3,5,3,3,5,5,5,3,5,5,2,3,5,4,4,4,5,4,10,5,24,,,,,35,15,"He was very young when he committed the crime and now, he is not capable of doing any crimes.",Probably he will realize his mistake and get a better person,,,,,1,5,5,41,2,3,5,4,3,3,1,,2
2026-07-07 07:32:18,2026-07-07 08:25:55,0,,100,3217,1,2026-07-07 08:25:56,R_5f1AO5oMsHoRG3Q,,,,,,,anonymous,EN,1,P001466,6,6,5,6,6,6,6,6,6,6,6,6,5,6,5,4,6,1,4,2,3,I feel that if you commit a crime you should be held accountable for your actions and punished. I think prisioners will not be able to engage in criminal activity while they are locked up making it safer for others. I do not belief punishment deters others from committing crimes because people will always test the justice system.,4,5,2,6,2,1,6,2,9,1,1,4,4,7,1,1,6,6,5,1,4,2,7,6,3,4,6,7,4,4,7,4,4,4,2,1,7,6,4,4,1,2,4,4,4,5,6,5,3,4,3,6,5,2,6,4,4,5,4,5,5,1,1,7,7,1,1,7,7,4,1,4,4,5,3,4,7,5,100,24,,,,,,,,,50,50,while i do not support the death penalty i do believe in a life sentence and if you took a life then you should receive a life sentence despite any new found medical conditions,that he will have time to see what it feels like to sit with your actions and justice for the young man and his family will be served.,1,5,1,55,2,2,3,5,2,3,3,i enjoyed te survey i would have liked more criminal scenarios to voice my opinion and more open ended questions,3
2026-07-07 08:26:47,2026-07-07 08:42:07,0,,100,919,1,2026-07-07 08:42:08,R_3fP3mSpnquITxO5,,,,,,,anonymous,EN,1,P001666,7,7,7,7,7,7,7,7,7,7,7,7,7,7,7,7,7,1,2,3,4,criminals break the law and are a danger to society. they deserve punishment for their crime if proven guilty.,4,4,4,7,1,1,7,7,9,1,1,6,4,7,1,1,1,7,4,1,1,4,7,2,4,7,1,4,4,4,7,1,1,1,1,1,7,7,7,1,4,4,1,1,1,4,7,1,1,1,1,7,7,4,4,4,7,7,1,1,4,1,1,7,1,1,1,7,7,1,1,4,1,7,1,1,7,10,100,24,30,30,He is the reason the girl died. He intentionally attacked her.,this should be an example for other criminals,,,,,,,,,1,7,1,63,2,1,5,4,1,3,2,this was a very interesting study,1
2026-07-07 08:16:18,2026-07-07 08:43:09,0,,100,1611,1,2026-07-07 08:43:10,R_5etcttt4zqd9q69,,,,,,,anonymous,EN,0.5,P000569,7,7,6,7,7,6,5,6,7,7,7,7,6,6,7,6,6,1,3,4,2,"With proper punishment for crime in the society, the rate at which the offenders will increase and turn the community into a menace",3,7,2,2,6,4,7,7,9,7,7,3,7,7,5,1,6,6,5,7,5,1,7,6,5,2,7,6,4,1,6,6,5,5,3,2,5,6,5,6,5,5,1,3,6,2,3,6,6,3,6,3,7,5,6,5,7,7,3,7,6,2,2,7,7,1,1,6,7,7,1,7,1,6,3,4,6,4,10,20,,,,,,,,,25,20,"In the society, it is important to note that no crime will go unpunished. This is to send warning to others that every crime committed has a punishment.",To send out warning for people to desist from crime.,2,7,7,25,1,2,6,2,1,1,1,,3
2026-07-07 08:23:33,2026-07-07 08:50:39,0,,100,1625,1,2026-07-07 08:50:40,R_1vFEykOdYRUrOlH,,,,,,,anonymous,EN,1,P000291,7,7,4,6,7,6,5,6,6,7,6,7,4,6,5,6,7,3,2,1,4,"Because punishment is not a hundred per cent proof, I am not sure that most prisoners get rehabilitated in prison. Some do but a lot go right back to their life of crime. Most of the time prisoners don't commit crimes when they are locked up but some can. Punishment deters sometimes. ",3,3,1,6,5,4,5,2,9,2,3,5,3,7,3,2,5,5,3,3,4,5,4,5,5,4,4,4,4,4,7,6,5,6,1,1,7,7,2,7,6,3,4,4,3,4,7,4,5,2,4,7,7,4,7,2,6,5,3,3,5,3,1,3,6,3,1,6,7,7,4,2,1,6,3,4,5,10,100,24,15,10,He is no longer a threat to society and he was young when i committed the crime.,deserved punishment.,,,,,,,,,2,7,2,53,2,7,4,3,4,3,3,n/a,1
2026-07-07 08:01:31,2026-07-07 08:50:47,0,,100,2955,1,2026-07-07 08:50:48,R_3aKXWaRVUF0ZreO,,,,,,,anonymous,EN,1,P000459,6,7,4,6,7,5,6,5,5,7,6,5,1,2,5,4,6,1,3,2,4,"Crime should be punished but all crimes aren't the same. Going to prison for tax evasion doesn't mean you're a violent criminal. Not paying child support because you can't get a job doesn't makes you a criminal. Yes, they cannot commit crimes while locked up, but you're locking up people with non-violent crimes with murderers. That's not rehabilitation, that's stupidity and the making of criminals. Punishment can deter others but for people in poverty it probably won't. For rehabilitation it should be options depending on the level of the crimes committed. Non-violent crimes especially for youth should have a military option to serve out punishment. That's real rehabilitation, not locking them up with hardcore criminals that need to stay in prison.",4,1,1,7,3,4,5,6,9,7,7,7,4,7,2,1,4,5,6,1,4,6,7,4,7,1,4,7,4,1,7,1,1,1,1,1,5,4,7,2,1,1,1,4,1,5,5,6,5,4,4,4,4,3,4,3,1,7,1,3,1,1,4,7,7,7,1,4,5,7,5,4,1,7,1,1,7,10,100,24,,,,,50,50,"He committed a more serious crime in our society that can't be justified. A life was taken and parents lost a child, siblings lost a sister. Therefore he needs the harshest punishment. 



",Make someone think before acting and ruining lives.,,,,,1,5,1,46,1,2,3,4,3,3,2,Good study but to give the best answers you have to go more indept than numbers.,2
2026-07-07 08:19:55,2026-07-07 08:51:37,0,,100,1901,1,2026-07-07 08:51:38,R_3V3l7PsTXns1kK6,,,,,,,anonymous,EN,0.4000000059604645,P000163,5,6,6,6,6,5,6,7,7,7,6,6,5,4,5,6,6,3,2,1,4,"commit the crime, do the time....",6,5,6,5,5,4,6,6,9,4,4,7,4,5,6,5,4,4,5,4,3,6,5,5,7,5,5,4,4,4,4,4,4,3,4,1,5,4,3,3,3,3,4,3,5,5,4,4,4,3,3,5,5,3,5,3,5,3,4,3,4,3,1,6,6,3,4,3,5,5,5,4,3,4,2,5,5,2,50,24,,,,,50,41,"he still committed the crime ",he understands the punishment,,,,,2,4,2,64,2,2,6,4,1,3,2,double check spelling - prosecutor,2
2026-07-07 08:12:39,2026-07-07 08:53:23,0,,100,2443,1,2026-07-07 08:53:24,R_3V7EyutNoXnGHzH,,,,,,,anonymous,EN,1,P001838,6,6,5,5,6,5,6,6,4,6,6,6,6,6,6,6,6,4,2,3,1,Rehabilitation comes first  because people are given a chance to change and punishment pays the role to change  them and there are no harm as they are locked up and the last it will be a consequence.,5,1,1,7,3,4,5,1,9,1,1,1,1,7,1,1,5,3,7,1,1,5,5,7,7,5,3,5,4,5,7,1,3,3,1,1,7,6,4,5,3,5,5,3,3,5,6,6,3,1,3,5,7,3,5,3,6,3,3,5,3,1,1,7,7,3,1,7,7,2,2,2,1,7,1,1,7,5,5,47,,,,,,,,,30,20,I chose 20 years because even though it was a  serious crime he is no longer a threat to others.,I hope that  this will bring justice and would not lead to any other harm in the future.,1,7,1,19,2,2,3,4,1,2,2,I loved sharing my opinions about the crime study i would love to participate in more like this.,3
2026-07-07 08:40:03,2026-07-07 08:54:16,0,,100,852,1,2026-07-07 08:54:17,R_3pfmPUEjeXqUstV,,,,,,,anonymous,EN,1,P000703,6,6,6,6,6,6,1,1,5,6,6,6,1,6,5,4,6,4,2,3,1,"I think it is important for people to have a way to change their ways. That is why I ranked rehabilitation first. I also believe it is important for society to be safe. Until people can change, they should be in prison.",4,2,2,7,1,1,7,1,9,4,4,7,1,7,1,1,2,2,2,1,1,4,1,6,7,4,1,2,4,2,7,1,4,2,2,1,5,5,7,1,1,1,4,1,2,5,7,4,2,2,2,7,7,2,7,1,2,2,4,2,2,2,1,7,7,1,1,7,7,4,2,1,1,7,1,1,7,10,5,47,,,,,50,50,"When he did have the use of his limbs, he caused the death of another human being.",I want him to have time with no distractions to think about the life he took.,,,,,1,7,2,60,2,2,5,1,1,2,2,I think this study was well-organized. Thank you for allowing me to participate.,2
2026-07-07 08:11:44,2026-07-07 08:56:51,0,,100,2706,1,2026-07-07 08:56:51,R_3jxnZEmj5o90W48,,,,,,,anonymous,EN,1,P001131,7,7,7,7,7,7,7,7,7,7,7,7,7,5,7,6,7,1,2,4,3,"I think that criminals deserve to be punished if they committed a crime and if there were no punishments for committing a crime our crime rate would be much higher than what it already is. Also, prison does rehabilitate criminals sometimes, but that's not the case all the time and locking criminals up does not prevent them from committing other crimes because they can still commit crimes in prison, such as, murder, rape, etc.",1,5,1,4,5,2,7,6,9,2,7,4,5,7,2,1,7,7,7,3,6,4,7,4,3,4,7,7,4,3,4,7,4,3,4,1,7,7,5,1,3,1,3,7,5,6,4,3,3,5,6,4,7,2,6,5,4,7,1,4,5,1,1,7,7,1,1,7,7,4,1,1,1,4,4,7,5,10,74,48,,,,,,,,,50,50,I recommend this sentence for Darryl because he had a choice to walk away but chose to impose that fatal blow to Frankie face that ultimately caused his death.,I hope that it lets Darryl know that he can't take someone's life without consequences of his actions.,2,5,1,56,2,2,5,3,3,1,1,The study was interesting and really made me think about our legal system. Great study!,3
2026-07-07 08:00:25,2026-07-07 09:06:18,0,,100,3953,1,2026-07-07 09:06:19,R_7FKe4yMSzPl3ay2,,,,,,,anonymous,EN,1,P000135,7,6,7,6,7,7,7,7,7,6,7,6,6,2,7,6,6,4,3,2,1,"I prioritized rehabilitation because it helps prevent future crime, followed by protecting the public through incarceration. Deterrence may influence some people, while punishment for its own sake was the least important to me.",2,6,2,5,5,4,7,6,9,4,4,4,6,2,7,6,6,4,6,2,6,5,6,6,7,5,5,5,4,6,5,6,4,5,6,2,6,6,6,6,4,6,3,4,5,5,6,6,3,6,2,6,6,6,6,6,6,7,2,2,6,4,3,6,5,2,6,6,6,4,5,6,1,4,2,4,4,0,5,47,25,25,"Although Darryl no longer poses a threat to society and the case is confidential, the crime resulted in the loss of an innocent life. The sentence should reflect the seriousness of the offense and ensure accountability.","To hold darryl accountable for is actions, acknowledge the seriousness of the crime and provide justice for the victim and her family.",,,,,,,,,2,6,6,70,1,1,4,2,1,1,1,,1
2026-07-07 08:50:20,2026-07-07 09:09:02,0,,100,1121,1,2026-07-07 09:09:02,R_1r2QU72hl8mdVDW,,,,,,,anonymous,EN,1,P000868,6,6,4,6,6,2,6,5,6,7,6,7,2,4,5,6,5,1,3,2,4,"criminals deserve to be punished for crimes, if not what is to stop them from continueing. While they are in jail, they aren't able to keep doing crimes. If there was no consequence there would be a lot more criminals and worse crime. I don't think they get rehabilitated much in prison or do anything to pay back society.",3,2,3,2,5,1,6,5,9,4,5,7,4,6,3,1,6,5,4,4,4,4,6,5,6,3,5,6,4,5,5,3,5,2,3,1,5,5,4,5,4,5,2,5,6,5,4,4,4,4,4,4,5,4,4,5,2,1,7,4,5,3,2,7,6,2,2,6,6,5,1,4,1,6,2,2,5,5,5,24,,,,,,,,,30,30,"It is the high end of what a judge could order, the crime is still the same","It will keep Darryl from killing anyone else ",2,7,1,62,2,1,2,1,1,3,3,,3
2026-07-07 08:09:59,2026-07-07 09:10:37,0,,100,3638,1,2026-07-07 09:10:38,R_3KflHXQDfThgotX,,,,,,,anonymous,EN,1,P000012,6,7,6,7,7,7,7,7,2,7,7,7,6,4,6,4,5,2,3,1,4,"if criminals not get locked up, they may continue to harm the community or other people.",3,6,1,1,7,7,7,4,9,4,1,7,6,2,6,2,3,5,7,3,4,4,7,7,7,3,5,5,4,6,5,5,4,5,4,2,6,6,2,6,7,3,2,3,3,3,5,3,2,4,4,5,4,2,4,4,5,4,4,5,6,4,4,4,4,5,4,4,4,4,4,4,2,4,4,4,2,10,100,48,50,5,"he killed someone definitely deserved a punishment. but according to his age and lower body permanently paralyzed , I recommended 5 year sentence.",he has to pay what he had done.,,,,,,,,,2,5,2,68,2,3,4,5,5,3,3,,1
2026-07-07 09:01:19,2026-07-07 09:13:42,0,,100,743,1,2026-07-07 09:13:43,R_5U0pfx7fVttDDiJ,,,,,,,anonymous,EN,1,P000379,7,7,7,7,7,7,7,7,7,7,7,7,7,2,7,7,7,1,2,3,4,I feel like this order is what makes the most sense,1,5,1,4,4,4,7,7,9,5,4,7,4,4,4,4,7,7,7,4,4,6,6,6,7,1,6,7,4,5,4,4,1,5,4,1,7,5,7,1,1,1,2,4,5,6,4,7,4,4,7,4,7,4,4,4,7,7,1,7,7,1,1,7,7,1,1,7,7,7,1,7,1,1,1,1,4,10,100,24,,,,,50,50,Because he still took someone’s life and should be punished for it,That he will receive punishment for his actions,,,,,2,4,1,22,1,1,4,3,3,1,1,"This was an interesting study ",2
2026-07-07 09:01:17,2026-07-07 09:15:59,0,,100,882,1,2026-07-07 09:16:00,R_7AiONkEjtYvSkYV,,,,,,,anonymous,EN,1,P001545,5,7,6,6,7,2,6,5,2,7,6,5,1,6,3,6,5,4,1,2,3,"Criminals are high-risk individuals and, as such, the most important immediate step is preventing them from committing anymore crimes while reducing the immediate fallout from the crimes that they DID commit as soon as possible. That's why I ranked the first 2 the way I did. I do believe that effective imprisonment needs to implement some form of rehabilitation - even if America is very bad at this at the moment - because it has been proven to work in other countries such as Norway. Our culture and infrastructure just isn't there yet, but that doesn't mean it's not important. I ranked being deserving of punishment last because while many criminals DESERVE punishment and committed heinous crimes with no excuse, extraordinary situations such as a mother stealing for her children, I believe, don't necessarily justify punishment.",2,1,2,7,5,1,5,3,9,6,5,5,4,5,5,2,5,5,6,5,2,4,5,7,5,2,2,3,4,1,7,5,4,5,1,1,5,3,6,4,5,2,5,2,3,5,4,3,3,5,5,1,5,3,5,3,4,6,2,5,5,3,5,5,5,7,3,5,7,7,6,5,2,1,7,7,1,5,5,47,40,18,"The risk of committing any act of physical or using any of his limbs to commit a crime is gone; the threat he poses to society is now negligible, and the threat is the reason why we lock people up for such a long time. In parole hearings, one of the biggest subjects is risk of recidivism. Darryl cannot recidivise.","Darryl will likely already be miserable, but he did kill a minor entirely through his own actions, and some punishment is necessary. I'm going with the approximate lifespan of Frankie.",,,,,,,,,1,7,1,20,1,1,3,6,3,2,1,,1
2026-07-07 09:01:05,2026-07-07 09:18:53,0,,100,1068,1,2026-07-07 09:18:54,R_1jZzdDJGy4bLAU9,,,,,,,anonymous,EN,1,P001437,6,6,5,5,6,6,4,6,6,7,4,5,6,6,5,5,5,4,1,2,3,I feel that is the best way to describe how crime and punishment should be seen,4,4,3,4,3,3,6,6,9,4,5,7,5,7,5,3,2,3,4,2,4,5,4,5,6,6,4,4,4,3,7,3,4,5,2,2,5,5,3,6,5,4,4,4,5,5,6,4,5,2,1,6,6,3,6,2,1,1,7,1,4,4,6,7,5,3,4,6,5,5,3,7,4,7,1,1,6,5,5,47,,,,,50,25,"I was going to say life, but if he no longer has use of his limbs then hes already suffering. 25 years should be enough suffering",He pays for his crime,,,,,1,7,1,32,1,4,4,1,1,3,2,Thank you for allowing me to participate in such a fantastic study. It looked great and was smooth as butter. Hope you all get the information and data needed. Have a great rest of your day!! :),2
2026-07-07 08:44:01,2026-07-07 09:19:46,0,,100,2145,1,2026-07-07 09:19:47,R_69p2KYAWhGmLVOd,,,,,,,anonymous,EN,1,P000729,7,7,4,7,7,5,2,5,4,7,6,7,2,3,4,6,6,1,3,2,4,"I feel that numbers 1 and 2 are self-ranking - criminals deserve to be punished (and society has a right, as well as the responsibility to punish them) and while they are in prison they are, for the most part, prevented from committing crimes against individuals in the communities. Frankly, I couldn't care less about the crimes that they commit against each other while in prison.
For #3, I do not believe that the threat of prison is much of a deterrent against criminal behavior for several reasons. Prison sentences are too often treated as 'suggestions', not firm commitments and criminals are too often released after serving much less than the sentence applied to them, and our sentencing standards are too lax. Additionally, while I do not believe that serving a prison sentence is easy, these days it is too comfortable. Prisoners should not have TV's and radios, internet access, phone calls on the taxpayer's dime, basketball courts, weights, etc. If we really want to deter future criminals, bring back chain gangs. Make prisoners earn their upkeep by being labor on state projects, cleaning up roadsides, etc.
#4. If rehabilitation programs were batting averages, nobody would qualify to play high school baseball, much less professionally. While there are some rehabilitation success stories, too often that time, and money, spent is just a form of entertainment for the prisoners. Also, it is just another checkmark for them to get towards getting out of prison early.",1,6,1,4,6,3,7,7,9,7,7,4,7,3,5,1,7,7,2,3,4,2,7,1,1,2,6,7,4,6,7,4,2,5,5,1,7,6,6,2,2,4,2,6,1,5,3,4,6,6,6,1,1,6,6,7,2,1,7,6,4,2,1,6,3,7,7,2,7,6,6,4,1,3,6,6,1,5,5,47,,,,,,,,,50,50,"He committed murder, period.","To keep him off the streets, away from society at large.",1,6,1,66,1,1,5,5,3,1,1,"There are many errors in spelling, formatting and continuity in this study. An academic study should be better presented.",3
2026-07-07 08:55:52,2026-07-07 09:24:31,0,,100,1719,1,2026-07-07 09:24:32,R_1D7pcZGAdSbuTfe,,,,,,,anonymous,EN,1,P001283,4,4,4,4,4,5,7,6,7,7,6,6,4,5,6,4,6,3,2,1,4,"Because if someone is doing great harm to someone then 1 and 2 are simply correct: removal from victims makes it less likely those victims will continue to get assualted by the person. Deserve means work to earn so if someone is harming people they at least deserve accountability, if accountability comes in the form of punishment then we need to carefully order how offensive we believe specific crimes to be. Some prisoners get rehabilited in prison, from experience of knowing a ton of former prisoners, it is a small percentage so it is lowest on the list.",4,4,2,7,4,1,5,6,9,1,1,4,4,7,4,1,5,4,5,1,4,4,4,7,4,4,4,4,4,4,6,7,4,1,2,1,6,4,7,2,2,2,5,2,5,6,7,5,3,4,3,7,7,1,5,4,4,2,6,3,5,4,1,7,7,6,7,4,6,6,4,3,1,3,5,5,1,10,100,24,,,,,,,,,25,18,"Firstly, I think it is highly unlikely a 17 year old would be stealing and processing luxury cars, but for the sake of this survey I shall except this bit of far-reaching lore. Okay, so if dude can put together an operation like that becoming paralyzed isn't going to stop him, he'll just use people who can walk to do his operations. So, yeah 18 years, you still don't get to be a criminal if you were doing that much in the world.","Keeping dude operation off the streets, drying up his connections, keeping him in a safe state while he serves his sentence. Giving him enough time to rebuild a life after his sentence is over.",1,7,1,38,2,6,2,3,3,3,3,"It was a fine study, perhaps a bit long during the final stretch but questions seemed appropriate if the reason for the study is true.",3
2026-07-07 08:59:05,2026-07-07 09:30:18,0,,100,1872,1,2026-07-07 09:30:19,R_5HMiV82nim0YMpX,,,,,,,anonymous,EN,1,P001033,5,1,2,1,7,4,1,1,1,1,2,5,2,6,3,2,7,3,4,2,1,"A person does crimes when there are no other options for them. Criminals should be rehabilitated first and removed from the situation that made them do crimes in the first place. Punishment should be an afterthought for the criminal. The concept of ""Punishment"" is so that society can feel good about what we are doing to people.",7,1,4,7,1,1,1,1,9,1,1,7,1,7,1,4,5,1,5,1,1,7,1,7,7,7,7,7,4,1,7,1,1,1,1,1,3,1,7,3,1,1,7,1,1,1,7,7,1,1,1,7,7,1,7,1,1,1,7,1,1,1,1,7,7,1,1,7,7,4,1,1,1,7,1,1,7,5,5,47,20,0,"There is no societal benefit of keeping a disabled man in prison. He deserves to be in a place that will treat his condition and not a prison.  ","There is no way of restoring the hurt party in this case, but there is no point in punishing someone who is invalid. There is no good answer here, and everyone loses. ",,,,,,,,,1,7,1,39,2,2,4,1,3,3,2,,1
2026-07-07 09:18:26,2026-07-07 09:34:16,0,,100,950,1,2026-07-07 09:34:16,R_1Ns1MsZbDGMANVv,,,,,,,anonymous,EN,1,P000383,7,7,7,6,7,7,7,7,7,7,7,7,2,3,7,7,7,3,1,2,4,"Prison sentences work for deterring crime. It's hard to figure out how to rehab people but avoiding punishment isn't it. ",1,7,1,6,5,2,7,3,9,7,6,7,5,3,6,2,7,7,6,5,6,6,6,5,5,3,6,7,4,6,7,4,5,2,6,2,6,5,7,3,1,6,3,6,6,5,5,5,3,5,3,4,5,5,5,2,5,7,1,5,6,5,6,6,5,5,6,3,6,4,2,2,3,2,6,6,2,5,5,47,,,,,50,50,"Dude, it's obvious. Don't murder","Justice. ",,,,,2,7,5,45,1,4,6,6,3,1,1,,2
2026-07-07 08:52:53,2026-07-07 09:35:51,0,,100,2577,1,2026-07-07 09:35:53,R_3lfrRx1M0FJAPks,,,,,,,anonymous,EN,0.800000011920929,P000051,5,7,7,7,7,7,7,7,6,7,7,7,6,6,7,7,7,1,2,3,4,i feel its best so as to keep the society cleanse,4,6,1,4,5,5,4,6,9,5,6,5,7,3,6,1,5,6,3,4,4,3,4,5,5,2,5,7,4,5,4,6,4,7,4,3,6,6,5,2,4,4,1,5,5,5,3,4,6,7,7,3,6,6,1,6,6,7,4,6,7,6,6,6,5,6,4,6,6,4,5,5,1,5,4,4,6,10,5,47,,,,,,,,,20,20,i feel like it justifies the death of frankie,justice,1,5,4,32,1,2,5,3,1,1,1,n/a,3
2026-07-07 08:58:03,2026-07-07 09:36:39,0,,100,2315,1,2026-07-07 09:36:40,R_3uHw4h2fOdb4qdJ,,,,,,,anonymous,EN,0.800000011920929,P000975,7,7,7,7,7,7,1,7,7,7,7,7,1,7,7,7,7,1,3,4,2,criminals if they dont get punishment they will continue with their wrong doings,1,7,1,7,7,7,7,1,9,7,7,5,7,7,7,1,7,7,7,7,5,5,7,7,7,1,7,7,4,5,7,5,3,7,5,1,7,7,7,7,7,7,1,7,7,7,1,5,7,5,7,1,7,7,1,7,7,7,1,7,1,7,7,7,6,3,3,7,7,3,7,7,1,1,1,1,5,2,5,30,,,,,31,31,he must face his wrong doings,to teach him a lesson,,,,,2,7,1,52,1,2,6,1,2,1,1,none,2
2026-07-07 09:32:05,2026-07-07 09:45:52,0,,100,826,1,2026-07-07 09:45:53,R_7ZU24DcuZ2LrsPI,,,,,,,anonymous,EN,1,P001072,7,7,7,7,6,5,6,5,5,7,7,7,3,3,7,4,5,1,2,3,4,"i ranked them from 100% fact too assumption, criminals deserve to be punished but just because they got punished doesn't mean that they are rehabilitated or wont commit more crimes",4,6,2,5,2,1,7,2,9,3,5,6,5,7,2,4,4,4,4,3,3,5,5,7,6,5,5,5,4,5,7,5,4,5,5,2,7,7,6,4,4,3,4,2,2,2,6,5,5,5,5,6,6,3,5,3,5,5,6,4,5,4,5,7,4,5,4,3,5,7,4,7,7,6,4,4,3,5,100,24,40,40,just imaging if that women was my family i would want minimum 40 years because i believe her death is darryls fault,rehabiltate him,,,,,,,,,2,3,1,20,1,1,2,4,3,2,2,,1
2026-07-07 08:57:51,2026-07-07 09:46:57,0,,100,2946,1,2026-07-07 09:46:58,R_1OOyZaBNwAJFLQW,,,,,,,anonymous,EN,1,P001199,4,5,1,4,3,1,3,3,3,3,3,3,3,1,3,3,3,1,4,2,3,We have to hold people accountable for their actions. 1. The community or are. We have to be safe. 2. Some prisoners get rehabilitated in prison. 3. Others may say I don't want to go to prison so that I won't commit a crime 4,7,1,2,6,1,1,1,1,9,2,1,6,2,5,1,2,3,3,3,2,2,2,3,6,5,5,5,3,4,2,6,2,2,2,2,1,6,5,7,2,1,2,5,2,2,3,6,5,6,2,2,7,7,1,6,1,2,1,6,3,1,1,1,7,7,1,1,7,7,5,2,1,1,7,1,1,7,10,100,21,26,7,"If the information about the crime was never made public, then what are we judging? She could have tripped, but he still tried to rob her, right, so that is what 5 to 10. It also depends on the evidence","Holding him accountable for the robbery because that is wrong ",,,,,,,,,1,6,1,63,2,2,3,2,1,3,2,"This study had many of the issues society is plagued with today; maybeit hase a way we can follow how the outcome of the study, if an,y impacted the current climate of the country",1
2026-07-07 09:27:13,2026-07-07 09:49:24,0,,100,1331,1,2026-07-07 09:49:25,R_5rqJnXz1tI737Fh,,,,,,,anonymous,EN,1,P001738,5,5,4,7,7,5,2,5,6,7,6,6,2,4,4,6,6,1,3,2,4,"Punishment is absolutely deserved and necessary.
While incarcerated it is harder for the criminals to commit crimes ‘outside’.
I believe punishment deters some, not all.
Rehabilitation is a crapshoot. It may work on some, but not many. I think it depends on what is waiting for them on the outside.",2,4,1,5,7,4,6,7,9,2,3,7,6,4,4,2,4,5,2,2,3,4,4,4,1,3,2,7,4,5,6,2,2,2,3,1,7,6,7,2,1,3,4,3,7,6,4,5,4,2,4,4,4,3,4,6,4,1,6,6,6,5,4,5,6,7,4,1,5,6,1,6,1,3,3,4,3,5,5,47,,,,,50,50,He doesn’t deserve any leniency simply because he’s ill. He certainly didn’t care about Frankie. His actions from the very beginning caused her death and he deserves the harshest punishment possible.,Keep him out of society. I would rather pay higher taxes to keep him in there rather than read about another death he caused.,,,,,1,7,1,62,2,3,2,4,3,1,1,"The questions regarding treatment of prisoners was too general for me personally. It would depend on the crime. If it involved children, I would have answered quite harshly to be honest.",2
2026-07-07 09:41:06,2026-07-07 09:55:14,0,,100,847,1,2026-07-07 09:55:15,R_6WWHx93j15BYl2N,,,,,,,anonymous,EN,1,P000786,5,5,4,4,5,3,4,5,4,5,3,3,4,4,4,4,7,3,2,4,1,"I think the most important thing is to rehabilitate prisoners. I am not a fan of locking people up for small crimes. They still need to be punished to prevent others from committing crimes, but the main focus should be rehabilitation.",7,1,4,5,2,1,4,1,9,3,4,3,1,5,1,4,4,3,5,1,1,7,3,7,7,7,1,3,4,4,7,1,1,3,3,1,7,1,4,2,1,2,6,2,2,6,7,7,1,2,3,7,7,1,7,1,1,1,7,1,1,1,1,7,7,1,1,7,7,1,1,2,1,7,1,1,7,10,100,47,,,,,20,1,Darryl can no longer move around on his own so he doesn't pose a threat to anyone so I think 1 year is enough. He will probably not live long anyway.,"I hope he will reflect on what he did wrong in that 1 year. ",,,,,1,7,1,32,2,3,5,1,1,3,2,"Since this study talks about violent deaths and domestic abuse, I think it would be good to put a warning/disclosure on the main study page so people are aware of this (a.k.a. a trigger warning). Otherwise people might get caught offguard and be upset.",2
2026-07-07 09:22:47,2026-07-07 09:56:21,0,,100,2013,1,2026-07-07 09:56:22,R_5sdxsVk0sTsj4VG,,,,,,,anonymous,EN,1,P000097,5,5,6,5,5,5,5,5,5,5,5,5,5,5,4,5,5,4,3,2,1,"It is most important for prisoners to be rehabilitated so crime goes down and they become better citizens, The rest were about society.",4,3,5,5,3,3,7,1,9,3,3,3,3,5,3,5,3,3,3,3,3,5,5,5,5,5,3,5,4,4,5,4,3,3,3,3,6,5,5,2,2,2,5,2,2,3,5,3,3,3,3,5,5,3,5,3,4,3,5,3,3,3,1,5,5,4,3,5,5,3,3,3,1,5,3,3,5,10,100,24,,,,,,,,,25,25,Taking a life is a serious crime. I feel that 25 years is a long enough time to reflect on it and to try and get rehabilitated so that there is a better person leaving prison.,Get rehabilitated by becoming a better,1,5,1,64,2,3,4,2,1,1,1,"When you enter the ocean, you enter the shark's home, you should understand that.",3
2026-07-07 09:23:28,2026-07-07 09:57:01,0,,100,2013,1,2026-07-07 09:57:02,R_1rBbNSfxz9HseWc,,,,,,,anonymous,EN,1,P001706,4,6,5,3,6,2,3,5,5,1,3,5,3,7,5,2,4,2,3,1,4,"I chose that while they are locked up, prisoners cannot commit other crimes in my first position because that would reduce crime. Criminals deserve to be punished is in my second position because everyone feels that a criminal should receive a type of punishment or consequence when a crime is committed. Punishment deters others from committing crimes is in third position because people seeing the consequences that criminals face can have affect of them chosing to not engage in that behavior. Lastly, prisoners get rehabilitated in prison is ranked last because prisons aren't seen as a rehabilitation place and it is seen as a place where criminals are kept.",7,1,3,7,2,1,3,1,9,3,5,3,1,6,2,6,4,2,5,1,1,7,1,6,7,6,2,2,4,5,7,3,2,2,3,2,5,4,6,3,3,3,3,3,3,3,7,6,1,5,5,6,6,1,7,1,2,1,7,3,1,1,1,7,7,1,1,7,7,3,2,1,1,7,1,1,7,10,5,24,20,5,"I chose 5 years in prison because he is permanently paralyzed, so he can no longer commit a crime. I still believe he has to serve time for the crime he committed.",I hope this sentence accomplishes that he learns what he did was very wrong and he has to face the consequences for his actions.,,,,,,,,,1,3,4,21,1,2,3,3,3,3,2,,1
2026-07-07 09:35:37,2026-07-07 10:01:20,0,,100,1542,1,2026-07-07 10:01:21,R_6flnPNzhHL5nxp7,,,,,,,anonymous,EN,1,P001583,7,7,7,7,7,7,7,7,7,7,7,7,7,7,7,7,7,3,1,2,4,Cuse this represent the most valid reasons for dealing with crime.,1,5,1,7,1,1,4,7,9,1,1,4,7,7,5,1,7,7,7,1,1,4,4,7,7,7,4,7,4,4,7,1,7,7,1,1,7,7,4,7,4,3,6,1,5,5,7,7,7,1,4,4,5,5,4,1,4,4,7,7,7,1,1,7,7,1,1,7,7,1,1,6,4,7,1,1,7,5,5,47,,,,,,,,,25,25,The fact that he was 17.5 and that he has an autoimmune disease does not excuse his actions and also it does not excuse the fact that someone is dead.,"Serve as a warning to others as well as a deterrent to other in future thinking to do the same. ",1,7,1,23,1,2,5,5,2,3,1,,3
2026-07-07 09:37:43,2026-07-07 10:04:13,0,,100,1589,1,2026-07-07 10:04:14,R_7bVn4jcCvuz60GZ,,,,,,,anonymous,EN,1,P000497,7,7,7,7,7,7,7,7,7,7,7,7,7,7,7,7,7,1,4,2,3,"It is very important that criminals get the punishment they deserve, it serves as a form of warning to potential criminals making society safer.",2,6,2,5,2,3,4,6,9,4,4,4,5,7,5,1,6,5,4,3,4,4,7,6,7,5,6,6,4,3,6,3,6,7,4,1,6,5,4,5,4,6,1,4,6,6,3,2,6,5,5,3,4,4,2,4,6,5,4,5,6,6,6,2,2,6,4,3,4,5,2,6,3,6,3,5,6,5,5,47,30,30,I believe Darryl should be given the punishment he deserves no matter the condition he is in. Criminals should never go unpunished.,"I hope it would serve as a lesson to Darryl and others, also justice would be served",,,,,,,,,1,6,4,62,1,2,6,7,2,3,1,,1
2026-07-07 09:40:39,2026-07-07 10:09:19,0,,100,1719,1,2026-07-07 10:09:20,R_3gMmiIL5i2ibXlx,,,,,,,anonymous,EN,1,P001540,7,7,7,7,7,7,7,7,7,7,7,7,7,7,7,7,7,2,1,4,3,"Criminals deserve to be punished for their crimes. This is a limited deterence. Until we reject the historical-based criminal and predatory business practices routinely exercised in America, in which white-collar criminals, like Trump and 98% of republican Politicians, usually go unpunished and proper from their crimes, crime cannot be extinguished,",7,1,1,7,1,1,1,7,9,4,4,4,1,7,1,1,1,3,6,1,1,7,4,7,7,7,1,7,4,1,7,1,4,1,4,1,7,5,7,2,2,1,5,1,3,7,7,7,1,1,1,7,7,1,7,1,1,4,7,1,1,1,4,7,7,1,1,7,7,7,4,1,1,7,1,1,7,10,59,24,,,,,,,,,25,25,There are prison hospital facilities!!!,"With his disease, it will accomplish nothing but to stop Darryl from being a criminal mastermind in the future. Assuming Darryl has no trade and minimal education, if he is more than 25 years old, his ONLY education is in committing crimes. However, he could be of use to the police as an adviser on catching other criminals in the same crime genre he work in.",1,7,1,78,1,6,5,1,1,3,1,None.,3
2026-07-07 09:57:33,2026-07-07 10:10:19,0,,100,766,1,2026-07-07 10:10:20,R_6RdN0ZkPidrFHxg,,,,,,,anonymous,EN,1,P001290,7,7,5,7,7,5,5,5,5,7,5,5,3,5,5,4,5,1,2,3,4,moral stance,1,3,4,5,7,3,6,6,9,6,2,4,6,7,3,1,5,7,5,3,4,2,6,2,3,4,3,5,4,7,7,3,1,1,4,1,6,5,2,5,2,5,4,5,5,5,5,4,3,4,5,4,5,3,5,4,1,1,7,7,7,1,1,7,4,7,7,2,7,4,1,5,1,1,5,7,1,10,5,24,,,,,,,,,50,50,he's guilty,justice for the dead,1,4,1,66,2,3,6,3,1,3,1,,3
2026-07-07 09:40:53,2026-07-07 10:18:48,0,,100,2275,1,2026-07-07 10:18:49,R_55hA2VxqYj37KSJ,,,,,,,anonymous,EN,0.8999999761581421,P001588,7,7,7,7,7,6,7,7,7,7,7,7,4,6,7,7,7,4,1,2,3,I ranked deterrence and incapacitation at the top because protecting the public and preventing future offences provides the most immediate benefit to the society. Rehabilitation is an important long term goal but it is less guaranteed,3,5,1,5,6,3,3,1,9,3,5,2,6,7,3,3,3,5,3,1,1,5,6,5,6,3,6,6,4,3,7,7,2,1,1,1,7,7,5,2,2,7,1,3,7,7,5,5,5,3,6,7,7,3,5,4,5,7,1,7,7,3,1,7,7,1,1,7,7,1,5,5,1,5,3,5,7,5,5,47,,,,,30,20,"Daryl's permanent paralysis means he is no longer a threat to society physically, making a maximum sentence unnecessary for public safety. A 20 year sentence is enough","Since strict confidentiality laws prevent the case from serving as a public deterrent, the goal shifts to accountability. This sentence ensures he is punished for taking a life, while recognizing that his complete incapacitation removes any risk of him reoffending",,,,,1,7,1,23,1,2,6,2,1,1,1,The study was smooth and nice.,2
2026-07-07 09:43:56,2026-07-07 10:19:09,0,,100,2113,1,2026-07-07 10:19:10,R_360u8rApa74rGCJ,,,,,,,anonymous,EN,1,P000852,5,5,4,6,6,3,3,5,6,5,4,5,7,6,6,6,5,3,2,1,4,"I ranked protecting the public first because preventing further crimes is the most immediate benefit of imprisonment. I ranked deterrence second because punishment may discourage others from committing crimes. I placed deserved punishment third because people who break the law should be held accountable. I ranked rehabilitation last because, while it is an important goal, rehabilitation programs are not always effective or available, so I view it as a less reliable reason for punishment.",3,3,4,5,3,3,4,6,9,4,3,4,3,5,3,3,4,5,3,3,5,4,6,6,6,6,5,5,4,3,6,2,2,2,3,3,4,6,5,3,2,5,6,5,5,6,5,3,4,6,3,6,5,3,5,3,5,4,3,5,5,4,3,7,7,2,6,6,6,3,3,3,3,6,4,5,6,5,5,47,25,25,"Although Darryl no longer poses a threat to society and the case will remain confidential, his actions resulted in the death of another person during a violent robbery. The sentence should primarily reflect the seriousness of the offense and hold him accountable. His current medical condition and the lack of any public deterrent effect do not erase the harm caused.","I hope the sentence provides accountability for the crime, recognizes the loss suffered by the victim and her family, and upholds the principle that serious violent offenses should receive proportionate punishment, even when the offender no longer poses a future danger.",,,,,,,,,1,5,5,18,1,1,2,2,1,1,1,I loved and enjoyed the study.,1
2026-07-07 09:59:12,2026-07-07 10:20:46,0,,100,1293,1,2026-07-07 10:20:46,R_7U8XDTCkTbBStQr,,,,,,,anonymous,EN,1,P001384,7,5,4,7,6,6,6,7,6,6,6,6,4,3,2,3,5,3,1,2,4,"The prison system is very flawed when it comes to rehibilitation. But because people know how bad prision can be, people are detered from not commiting crimes.",6,1,4,7,4,1,4,1,9,4,2,5,2,7,1,2,2,2,4,1,2,5,3,7,7,6,1,1,4,7,7,2,4,1,1,1,5,5,5,3,2,2,4,2,3,4,6,7,1,1,4,6,7,3,6,1,2,1,7,2,2,1,1,7,7,1,1,7,7,4,3,1,1,7,1,2,7,10,1,47,,,,,20,20,"For me, Darryl's condition made no difference in sentencing, because he wasn't thinking about that when he was chacing frankie.",I hope that it gives Darryl time to atone for his actions.,,,,,1,4,1,22,3,2,4,2,1,3,3,,2
2026-07-07 10:09:44,2026-07-07 10:30:43,0,,100,1258,1,2026-07-07 10:30:43,R_50HGmdtbsxOMVko,,,,,,,anonymous,EN,0.699999988079071,P001328,4,4,4,6,7,6,4,6,2,6,5,4,3,3,5,5,4,1,2,4,3,"Justice and ""an eye for an eye"" are the main reasons why my list has ranks 1 and 2 as they are. For 3, I have seen many examples of the prison system actually not helping rehabilitate prisoners. For 4, there is still many crimes committed in prisons like rape, murder, and other gruesome crimes.",3,5,2,3,6,4,3,4,9,6,4,7,4,5,4,2,4,5,3,1,2,4,2,3,4,4,3,2,4,4,5,2,4,1,3,1,5,5,4,4,3,5,2,5,6,5,5,5,3,4,2,4,6,3,4,3,3,1,6,5,5,5,4,5,4,3,4,4,5,7,2,5,2,4,5,4,3,5,100,24,,,,,,,,,50,50,Contracting an autoimmune disease does not take away from the crimes he committed. He is still the same awful person who took the life of someone else.,That he pays for what he's done and suffers like his victim had,1,5,1,22,1,1,4,4,3,3,3,,3
2026-07-07 10:09:22,2026-07-07 10:32:41,0,,100,1398,1,2026-07-07 10:32:42,R_1e8t0TBtd9l3jNc,,,,,,,anonymous,EN,0.8999999761581421,P000918,7,7,5,7,6,7,6,7,7,6,7,7,4,5,6,6,6,3,1,2,4,"Well, when someone commits a crime that warrants criminal punishment it typically is a crime that affects other people and society as a whole. It is something that needs to be prevented and deterring people from committing such crimes is always a good thing in my mind. Obviously there is no way to prevent 100% of crime but that doesn't mean crime should go unpunished and the fact that criminals commit these crimes knowing they could get in trouble means that I don't feel bad for the majority of them as they had the choice. ",2,4,3,3,5,2,5,4,9,5,4,2,4,5,3,1,5,6,3,2,2,4,5,5,4,4,5,5,4,4,6,2,4,2,3,1,6,5,1,5,5,6,2,5,6,6,4,5,6,3,6,3,4,2,3,2,2,4,5,2,5,2,5,7,7,2,2,4,6,6,4,4,1,5,4,7,3,10,5,47,50,50,It doesn't matter to me that he is no longer a threat. The matter of the fact is that he unjustly took someone else's life and deserves to be locked up for life.,To show that crime affects other people and society as a whole and set an example that actions have consequences.,,,,,,,,,1,6,1,22,1,1,2,5,3,1,1,,1
2026-07-07 10:12:47,2026-07-07 10:35:01,0,,100,1334,1,2026-07-07 10:35:02,R_1soG2APuRg0a06d,,,,,,,anonymous,EN,1,P000507,6,5,6,7,6,5,4,6,6,6,6,6,5,6,5,6,5,1,4,2,3,"im a strong believer that you are responsiable for your own actions so if you commit the crime you do the time ",2,3,1,5,6,1,7,5,9,5,3,1,4,7,4,1,3,3,3,1,4,6,3,7,4,3,5,7,4,5,4,4,2,4,3,5,5,5,4,5,3,3,3,3,3,3,4,5,4,5,3,5,4,2,4,3,5,4,6,5,5,5,4,4,5,5,4,5,5,5,5,3,4,4,5,5,5,10,5,24,,,,,,,,,50,50,cause at the end of the day he still murdered a person,"to bring common sense to people who cant see the picture in front of them ",1,6,2,20,1,4,2,3,3,3,3,,3
2026-07-07 09:55:55,2026-07-07 10:38:10,0,,100,2535,1,2026-07-07 10:38:11,R_3r0yP88nVlP3IPD,,,,,,,anonymous,EN,0.8999999761581421,P000827,6,6,4,5,6,5,4,4,4,7,6,6,2,3,6,4,5,2,3,1,4,Public safety is the number one priority. As long as someone is locked up they cannot victimize any others. Criminals being punished is the basic principle of justice. People who commit deserve to face consequences. Its a nice thought that punishment may deter others from committing crimes but I dont believe its always true. Rehabilitation is last because I am extremely skeptical that any prison system actually reform people. For some it may be true but for the majority its not. Mainly also because prison systems arent actively trying to turn inmates into productive citizens or something of the sort. I hope this answered the question,4,4,3,4,3,1,4,4,9,2,2,2,4,2,4,4,4,4,5,4,4,4,6,5,4,4,6,5,4,3,5,5,5,4,5,4,5,4,4,3,3,4,4,4,4,4,3,5,4,4,4,4,5,1,3,4,4,1,7,4,4,2,5,6,5,4,3,5,5,3,3,5,4,3,3,4,3,5,5,47,,,,,50,50,Underage combined with no coverage automatically is grounds for life. It does not matter if Daryll is paralyzed or doesnt pose a threat. He committed a horrible act.,Daryll is away from everyone. I hope to have him pay for his actions. I hope he realizes that hes not normal. This is also an example of a criminal who must acknowledge that society will never accept them again.,,,,,2,3,1,18,1,1,2,5,2,1,3,Thank you so much for letting me participate. I hope you have a good day and that I'm allowed to work with you guys once again. Thank you!,2
2026-07-07 10:48:22,2026-07-07 11:03:53,0,,100,931,1,2026-07-07 11:03:54,R_7XneWNl01C6LLe9,,,,,,,anonymous,EN,0.8999999761581421,P000355,3,7,4,4,5,7,1,6,5,4,4,6,5,7,3,3,3,4,2,3,1,"Prison should be all about rehabilitation of people. All the other reasons for punishment are important, but not as important as that main reason.",7,1,3,7,3,1,5,1,9,1,2,3,1,7,1,4,2,2,5,1,2,7,3,7,7,4,4,3,4,1,7,3,2,1,1,1,6,1,5,2,1,1,7,1,1,4,7,5,1,3,2,7,7,7,7,1,1,1,7,1,2,1,1,7,7,1,1,7,7,4,2,1,1,7,1,1,7,5,10,47,,,,,50,50,"Taking a life is the worst thing someone can do. Regardless of the state of Darryl's health he should not be allowed to be free, because of his disability. ",There is nothing to accomplish with this sentence. It is simply what must be done for this tragedy.,,,,,1,7,1,22,1,4,4,2,3,3,2,,2
2026-07-07 10:59:09,2026-07-07 11:09:45,0,,100,636,1,2026-07-07 11:09:46,R_6iLXL6nXc9uVZBL,,,,,,,anonymous,EN,1,P000170,7,6,7,7,6,6,6,6,6,6,7,5,5,5,6,5,6,1,3,2,4,"Getting them off the streets is the start. Then rehabilitate later. ",2,6,1,5,5,4,7,7,9,5,5,7,5,4,5,4,7,7,7,3,6,5,4,4,5,5,5,6,4,5,6,3,1,4,3,1,5,4,5,5,5,5,3,5,5,5,1,7,7,7,7,1,7,7,1,7,7,5,4,7,7,5,5,3,3,5,6,3,3,7,2,7,1,4,5,6,3,10,100,24,,,,,50,25,"It's not s long as life. ","Hopefully a lesson learned. ",,,,,2,7,1,20,1,2,2,5,3,3,3,,2
2026-07-07 10:59:56,2026-07-07 11:16:34,0,,100,997,1,2026-07-07 11:16:35,R_6QF6cJCvpVvpDaK,,,,,,,anonymous,EN,1,P001409,7,6,7,6,7,7,5,6,7,5,7,7,5,6,7,6,6,1,2,4,3,it shows the steps on rehabilitation,7,7,7,5,5,5,7,6,9,3,1,1,3,3,7,1,7,6,5,3,5,7,5,7,3,7,4,7,4,5,3,7,5,3,3,3,5,6,4,7,5,7,1,5,5,5,5,6,7,7,4,7,5,4,3,4,5,5,6,6,7,7,4,7,7,6,5,4,7,7,6,7,7,4,5,6,7,10,100,24,,,,,,,,,50,50,the crime is too brutal,teach others to obey the law,1,6,7,25,2,2,5,7,1,2,1,no comment,3
2026-07-07 10:45:30,2026-07-07 11:16:46,0,,100,1875,1,2026-07-07 11:16:47,R_3V4ofDUTfFlR4jN,,,,,,,anonymous,EN,1,P000225,7,7,7,7,7,3,5,6,7,7,7,7,3,5,7,7,7,2,3,1,4,"Criminals who are locked up will be prevented from committing crimes against society at large.  We must punish criminals, or else it would send a signal to society that crime is not relevant.  If a person commits a crime against society, they deserve to be punished.  As for prison rehabilitation, I don't know if that works. ",1,7,1,7,5,3,7,7,9,3,7,7,7,7,7,1,7,7,7,3,5,2,7,7,2,3,4,7,4,4,3,1,1,1,4,1,7,7,5,7,7,4,1,5,7,7,5,7,7,6,5,7,7,3,2,5,4,7,3,7,7,6,1,2,7,7,7,2,7,7,2,7,2,1,4,7,1,5,6,47,40,25,"The lower sentence acknowledges that society does not need to be physically protected from him and that a public example cannot be made.  ","A multi-decade sentence ensure the legal system still formally acknowledges the extreme gravity of the life taken.  However, the realities will likely mean he will serve this sentence in a specialized prison medical facility or on medical parole. ",,,,,,,,,2,7,1,73,1,3,4,5,2,1,3,,1
2026-07-07 10:57:27,2026-07-07 11:16:57,0,,100,1169,1,2026-07-07 11:16:57,R_5F4KyH8pcPRWOZH,,,,,,,anonymous,EN,1,P000042,4,5,2,3,4,4,4,5,5,5,4,3,1,6,2,1,2,4,3,1,2,it does keep people safe but i feel rehabilitation should also be key but it an area prison fail in but it is still important,7,1,4,7,3,1,4,4,9,1,1,4,2,7,1,4,5,5,4,1,1,7,5,7,6,7,4,6,4,1,7,1,6,1,4,1,5,5,4,4,1,2,3,1,3,3,6,6,1,2,3,4,6,1,6,1,4,1,7,4,1,1,1,7,7,1,1,7,7,4,4,3,1,7,1,1,7,10,5,24,30,10,"i feel his paralyzed body is  a prison in it self  and i dont think he would last long in prison and i think he should be able to contemplate his action longer ",let him live but als give him time to refelct,,,,,,,,,2,5,1,35,1,4,4,2,3,3,2,,1
2026-07-07 10:35:52,2026-07-07 11:26:01,0,,100,3008,1,2026-07-07 11:26:02,R_6N47s2dJbbOp27R,,,,,,,anonymous,EN,1,P001644,4,4,3,5,5,6,3,3,3,6,3,5,2,3,3,4,4,1,2,4,3,"caught breaking the law deserves punishment, some more than others,  novice crooks learn in lockup some change and grow to appreciate freedom by not breaking the law.  there is not sure cure and it is up to the person who has to learn change.",4,4,3,4,3,2,4,4,9,4,5,5,3,5,4,3,3,4,4,3,3,3,5,4,3,4,3,5,4,5,6,2,4,3,4,1,6,5,3,5,4,4,4,4,4,4,5,3,3,4,4,4,5,4,5,3,3,4,4,5,4,4,4,5,5,4,5,4,4,4,4,4,2,5,3,4,5,10,5,24,45,11,no threat to society,possible medical discovery and treatment,,,,,,,,,2,5,2,69,1,2,4,4,3,3,3,society is challenged by experiences and opinions.  growing people mentally are the ones who will elevate how we feel moving forward.,1
2026-07-07 10:44:13,2026-07-07 11:28:00,0,,100,2626,1,2026-07-07 11:28:00,R_1zoUtOy7PDAKHBb,,,,,,,anonymous,EN,0.8999999761581421,P000734,7,7,7,7,7,7,7,7,7,7,7,7,7,7,7,7,7,1,2,3,4,I have ranked them in order of strength. The first reason is stronger than the rest.,1,7,1,4,7,7,7,7,9,7,7,4,7,7,4,1,7,7,7,7,7,1,7,1,4,1,7,7,4,7,7,1,7,1,1,1,7,7,1,7,5,7,1,7,7,7,5,1,7,4,5,4,4,4,4,4,7,7,4,7,7,1,1,7,7,1,1,7,7,1,1,7,4,7,1,1,7,5,5,47,,,,,50,35,"Even with Darryl's permanent paralysis and the case's strict confidentiality, a severe sentence of 35 years is warranted because his medical condition does not erase his culpability for taking a young life. While his complete lack of a physical threat removes the need for public safety confinement, and the privacy laws eliminate public deterrence, the core requirement of retribution remains. A substantial prison term honors the value of Frankie's life and holds Darryl accountable for his deliberate, violent actions, while the reduction from the maximum 50-year sentence acknowledges his total physical helplessness and the reality of his severe medical confinement.","The sentence will help to seperate a dangerous person from the society for as long as possible, while at he same time, teach Darryl a lesson that what he did was very wrong.",,,,,1,7,5,18,1,1,1,7,1,1,1,"The indicated survey time is a bit shorter than the actual time the survey takes. All in all, it was an interesting survey; I learnt a lot.",2
2026-07-07 11:01:53,2026-07-07 11:30:03,0,,100,1689,1,2026-07-07 11:30:03,R_6pVGTGhEhZI3M6v,,,,,,,anonymous,EN,1,P001529,6,6,6,6,6,6,6,6,6,6,6,6,4,4,6,3,5,1,3,2,4,"I think the best reason is to help people become better. It is also good to stop more crime. People should be punished, but they should also get a chance to change.",4,6,1,7,2,1,4,2,9,2,1,4,2,7,2,2,2,2,2,1,1,6,2,6,7,6,2,2,4,2,7,1,2,2,2,1,7,7,1,1,1,1,1,1,1,1,4,6,7,6,7,4,7,7,4,4,7,7,1,7,7,1,1,7,7,4,7,7,7,2,2,1,1,1,1,1,7,5,5,47,,,,,,,,,25,25,"He did something very wrong, so he should go to prison. But he does not need to stay there forever.",I hope it keeps people safe and helps him learn from what he did.,1,7,1,68,2,2,3,6,2,3,3,The study was easy to follow.,3
2026-07-07 11:15:18,2026-07-07 11:31:15,0,,100,956,1,2026-07-07 11:31:16,R_1lMu6FGPOflRaxw,,,,,,,anonymous,EN,1,P001096,5,5,1,5,3,2,3,5,2,4,1,1,1,7,1,5,6,3,2,1,4,"I believe the main reason for punishment is that those offenders are not able to commit other crimes while they are locked up, since they are known to be offenders and may be likely to commit more crimes. I ranked deterrence for others second because I think it is an effective deterrent in normative society to avoid crime. Third is criminals deserving punishment because I do think some criminals deserve to be punished for violent offenses. And I ranked prisoners get rehabilitated last, not because I don't think that's important but because I don't believe prison is rehabilitative.",7,1,5,7,1,1,1,1,9,3,1,3,1,7,1,3,1,1,3,1,1,6,1,7,7,7,1,5,4,1,7,2,4,2,2,1,4,1,5,3,3,1,7,1,2,3,7,5,1,1,1,7,7,1,7,1,4,1,7,1,1,2,1,7,7,1,1,7,7,3,1,1,1,7,1,1,7,10,100,24,,,,,,,,,20,5,"I recommended this sentence because I do believe that he is not a threat to society and that he can be rehabilitated. I do feel that he should still receive some punishment, and I believe that 5 years is an appropriate amount without being too long. I also took into account that his case will not be made public in that he can reenter society without substantial stigma.","I am hoping the sentence will punish him enough to deter him and allow him to reflect on his actions, and that there will be a rehabilitative component so that he is able to reenter society successfully and avoid recidivism. ",1,7,1,23,2,1,5,1,1,2,2,I think it was an interesting study and I don't have any suggestions for improvement.,3
2026-07-07 10:54:42,2026-07-07 11:32:53,0,,100,2290,1,2026-07-07 11:32:54,R_6uwUuZ11NmauhQv,,,,,,,anonymous,EN,1,P001396,5,5,5,5,6,2,4,5,4,3,5,5,3,6,5,4,6,4,3,2,1,Rehab is most important and there are complex reasons for crime,5,2,3,5,4,1,1,1,9,4,3,3,3,5,4,3,4,4,5,2,3,5,3,5,5,5,3,3,4,2,6,3,1,2,3,1,4,3,5,3,5,3,5,2,5,4,5,6,3,3,4,5,6,3,5,2,2,1,7,1,1,3,1,6,6,4,2,6,6,3,3,4,2,6,2,2,5,10,5,47,10,0,He can not be a harm to society,He might find kindness to be an inspiration to do good things.,,,,,,,,,1,4,1,62,1,1,6,2,1,3,3,Are you interested in whether the subjects have experience in criminal justice system.  I think that would be a factor to consider,1
2026-07-07 11:11:40,2026-07-07 11:40:53,0,,100,1752,1,2026-07-07 11:40:54,R_5x1HnoCQHDwnYad,,,,,,,anonymous,EN,1,P001500,6,6,4,6,6,7,5,6,7,7,7,5,5,5,6,6,6,2,1,4,3,this is the way I see this issue,2,5,3,6,5,3,7,7,9,5,5,2,6,5,3,5,6,5,6,2,3,5,5,3,5,3,5,6,4,4,4,1,2,4,4,1,7,6,2,4,3,4,3,5,4,5,3,6,7,4,6,6,7,6,2,6,4,5,3,5,5,3,2,2,6,5,6,5,5,4,5,5,1,2,5,6,3,5,5,47,,,,,41,25,"he caused his girl extreme harm by chasing her in his anger and in a drunken state ","sends a message about domestic violence this not proper behavior ",,,,,1,6,4,62,1,2,2,5,2,3,3,,2
2026-07-07 11:18:16,2026-07-07 11:43:56,0,,100,1540,1,2026-07-07 11:43:57,R_3pbzeYutgtedPIh,,,,,,,anonymous,EN,1,P000775,5,6,6,6,6,5,4,6,6,7,6,6,4,7,6,5,6,4,3,1,2,"I think its most important that prisoners are locked up so they cant commit more crimes. ",3,4,1,4,4,4,7,5,9,4,4,5,5,5,4,3,4,4,4,3,4,4,5,4,5,4,5,5,4,4,5,5,4,4,4,3,5,4,7,2,4,4,3,4,4,4,4,3,4,4,4,4,4,4,4,4,6,7,5,6,7,2,3,5,6,4,3,5,6,2,1,2,1,5,3,4,4,5,100,47,,,,,,,,,50,50,"darryl is a bad person, and he killed a man",I hope he thinks about killing the person for the rest of his life,1,7,5,22,1,1,4,3,1,3,1,,3
2026-07-07 11:32:45,2026-07-07 11:51:53,0,,100,1147,1,2026-07-07 11:51:54,R_5fJ1zPiGyJzi0W5,,,,,,,anonymous,EN,0.699999988079071,P000410,4,6,6,3,5,3,3,6,6,7,6,6,1,5,3,5,6,3,2,1,4,I view prison as primarily protecting society and then serving as a punishment.,4,2,4,7,3,1,4,1,9,1,2,1,3,4,2,2,2,2,2,1,3,4,4,4,4,4,6,6,4,3,7,1,4,1,2,1,4,1,7,2,2,1,1,1,1,1,7,5,1,1,1,6,7,1,7,2,1,1,7,1,4,1,1,7,7,6,1,7,7,4,1,1,1,7,1,2,1,10,5,47,,,,,30,30,"It was a brutal crime against a very young person that affects many people and society as a whole. The sentence followed the norm for crimes of this nature. ","Protect society and provide closure to the family that justice was served. ",,,,,1,4,1,58,1,3,5,3,3,3,2,,2
2026-07-07 11:35:40,2026-07-07 12:00:38,0,,100,1497,1,2026-07-07 12:00:39,R_7Cgs3odI9uD016X,,,,,,,anonymous,EN,1,P001564,6,6,6,5,5,6,5,7,6,7,6,5,5,4,6,7,6,3,1,2,4,"I think the most important reason for punishment is to set a precedent for other criminals that might try to commit a similar crime. If they know there is a strong likelihood of severe punishment, it will significantly deter crime from happening in the first place. Additionally, prison time will mean that criminals are no longer able to hurt society while they serve their sentence. They deserve to be punished for their crimes, otherwise they will likely just do it again in the future.",4,5,3,4,5,2,5,5,9,4,4,5,6,6,5,2,5,4,4,2,5,4,6,3,7,4,5,7,4,5,6,2,3,4,4,2,6,5,5,3,2,5,2,6,5,5,5,6,5,4,4,3,4,2,6,3,3,1,7,4,5,4,2,5,5,5,3,4,4,6,2,5,1,5,5,4,4,5,100,47,30,30,"Regardless of his situation, he still committed the crime and should do the same amount of time as punishment. Especially considering the victim was a minor, Darryl needs to see severe punishment for his actions, regardless of his condition. The point of the sentence is not only to prevent him from committing more crimes, but also to punish and teach the criminal a lesson. Without serving the same prison time, Darryl might still think like a criminal and not truly be rehabilitated, regardless of if he's paralyzed or not.","I hope that this sentence will teach Darryl a lesson in life, that you cannot murder someone and expect to walk free. His actions took the life of an innocent minor, and he should feel extreme remorse and suffer punishment for his actions. I hope that he will reflect on that during his time in prison.",,,,,,,,,1,6,1,22,1,1,3,3,3,2,2,,1
2026-07-07 11:44:28,2026-07-07 12:07:03,0,,100,1354,1,2026-07-07 12:07:03,R_3ep9D2CbXmC9NWF,,,,,,,anonymous,EN,1,P000415,4,6,5,5,5,3,5,5,6,5,5,5,3,3,2,5,3,4,2,1,3,"While I do agree that crimes deserve punishment, I feel it is equally if not more important to create a system where crimes do not occur in the first place",6,3,3,6,7,2,7,4,9,2,4,4,3,6,3,4,4,4,5,2,4,5,3,5,6,6,3,4,4,4,7,2,4,4,4,1,6,4,5,3,3,4,4,4,4,4,4,4,4,4,4,4,4,4,4,4,1,1,7,4,4,4,3,5,6,3,3,6,6,4,1,1,1,7,1,1,7,5,5,47,,,,,30,30,It's appropriate for the crime,N/A,,,,,1,5,1,45,2,6,3,3,1,3,3,,2
2026-07-07 11:59:37,2026-07-07 12:19:27,0,,100,1189,1,2026-07-07 12:19:27,R_7ZTthsN6I3B49k8,,,,,,,anonymous,EN,1,P001926,7,7,4,7,7,7,6,6,7,7,7,7,6,6,7,7,7,1,3,2,4,"Criminals do deserve to be punished. When they are locked up, they cannot commit other crimes. It also prevents them from wanting to commit other crimes. This can lead to them reflecting on their behaviors and wanting to change or be a better person. I see it as a process; this reflects on the way I ranked the reasons.",4,7,3,5,5,2,7,6,9,4,4,5,7,6,7,3,7,5,4,6,7,7,7,4,7,4,7,7,4,3,4,6,4,1,4,1,7,7,2,1,2,5,1,7,4,5,4,5,4,7,7,2,6,6,4,4,3,1,7,1,6,1,1,7,7,1,1,7,7,4,1,6,4,7,1,1,7,10,5,24,50,50,He killed an innocent woman; I don't care about his disease or him being a minor. He willingly killed an innocent person.,"For him to never see light, he deserves it. He needs to deal with the punishments and consequences.",,,,,,,,,1,6,1,22,2,3,5,1,1,1,1,It was a smooth and interesting experience! Thank you,1
2026-07-07 12:07:42,2026-07-07 12:29:31,0,,100,1309,1,2026-07-07 12:29:32,R_7bbJW71poVsnN1D,,,,,,,anonymous,EN,1,P000821,6,6,6,6,6,6,6,6,6,6,6,7,5,5,6,6,6,1,2,4,3,Rehabilitation usually can't be completed if the prisoner doesn't participate.  Prisoners do and can commit other crimes.,2,6,1,2,7,2,6,7,9,5,4,6,6,6,5,1,5,6,3,4,4,3,5,5,2,3,5,4,4,6,6,4,3,5,3,2,6,6,5,6,5,5,4,4,5,5,5,3,4,2,5,3,5,4,3,6,3,3,5,5,5,4,3,5,5,5,4,4,4,5,3,4,3,2,5,5,2,10,100,24,,,,,,,,,50,0,If all of his limbs are paralyzed then he could not defend himself in prison.,possibly rehabilitation with new skills and physical therapy,1,7,1,67,2,1,4,6,2,1,1,,3
2026-07-07 11:53:56,2026-07-07 12:30:48,0,,100,2212,1,2026-07-07 12:30:50,R_6FQaUKzy7Zn54FI,,,,,,,anonymous,EN,1,P001027,6,4,3,5,5,5,3,4,5,4,5,5,5,6,4,2,3,1,2,3,4,,4,4,2,3,5,3,6,5,9,4,3,3,4,4,5,4,3,2,4,4,5,5,5,5,3,4,6,7,4,3,4,3,5,4,4,5,7,6,3,3,5,5,3,4,5,4,5,3,5,3,5,3,5,3,1,4,3,2,1,3,4,5,4,3,5,3,4,5,5,6,4,3,5,6,5,3,5,5,5,47,,,,,,,,,32,0,"Lack of Future Danger: Because the state's expert testimony confirms Darryl no longer poses a threat to society due to his total paralysis, incarceration is no longer necessary to protect public safety.","Public and Victim Protection: Even without prison, supervised probation ensures that Darryl is closely tracked by the justice system to prevent any re-offense.",2,6,6,19,2,2,2,5,3,3,2,"It was a great survey, thank you for your time. ",3
2026-07-07 12:39:46,2026-07-07 12:48:27,0,,100,520,1,2026-07-07 12:48:28,R_3BP27tPS0mxbr2u,,,,,,,anonymous,EN,1,P001427,7,7,4,3,6,4,4,5,4,3,3,4,5,7,2,4,4,4,1,3,2,"that's just what sounds good to me i guess? ",6,2,4,6,4,1,4,1,9,6,4,7,2,7,1,4,2,2,4,1,2,6,2,7,7,5,2,3,5,6,7,5,4,1,1,1,1,1,3,1,1,3,4,2,3,3,6,7,4,4,4,5,7,1,7,2,1,1,7,1,2,1,1,7,7,7,1,7,7,2,1,1,1,7,1,1,7,10,100,30,35,20,if he's this level of disabled it's not like he'll be able to recommit another crime. plus he didnt intentionally kill that person in the first place.,n/a,,,,,,,,,1,7,1,22,3,2,2,1,3,3,3,,1
2026-07-07 12:21:58,2026-07-07 12:50:17,0,,100,1698,1,2026-07-07 12:50:18,R_111lIHmujn3clE8,,,,,,,anonymous,EN,1,P000884,7,7,5,6,6,5,2,5,5,7,7,7,3,6,6,6,6,1,2,3,4,It makes the most logical sense for me,2,7,2,6,5,1,6,7,9,5,5,6,5,5,5,2,3,5,4,2,3,6,6,5,6,3,2,3,4,6,5,4,6,3,5,5,5,5,6,2,1,2,1,3,3,4,1,5,3,5,6,1,7,5,3,5,2,1,7,5,5,5,3,6,5,6,3,3,6,6,2,7,1,5,2,6,4,5,25,32,,,,,40,50,He still killed her,Remove this scum off the face of the world. Let him rot,,,,,1,6,1,22,1,4,4,4,3,3,2,None,2
2026-07-07 12:38:32,2026-07-07 12:56:15,0,,100,1062,1,2026-07-07 12:56:16,R_753iO3kuCpj2Q9j,,,,,,,anonymous,EN,1,P001915,5,7,7,7,7,7,1,7,1,7,7,7,5,7,7,5,4,1,3,2,4,"I chose this order because I believe that that is the proper importance of ranking. Most criminal who get out of prison tend to reoffend, so i think it is best to keep them locked away depending on the severity of the crime.",1,4,1,7,7,1,6,7,9,1,3,7,4,7,1,4,7,7,4,6,3,7,7,1,7,4,6,6,4,1,7,2,4,5,4,1,5,7,4,3,1,5,3,5,5,6,7,4,3,3,4,4,6,3,4,4,4,1,7,5,4,1,1,7,7,1,1,7,7,5,1,7,1,7,1,2,1,,1,24,,,,,,,,,50,50,Darryl still killed a 17 year old boy. Anybody who murders someone deserves their life taken away aswell.,He never gets out.,1,7,1,21,2,3,4,4,3,1,1,I accidentally clicked forward without answering one of the questions and i could not go back I'm sorry,3
2026-07-07 12:41:51,2026-07-07 13:01:23,0,,100,1172,1,2026-07-07 13:01:25,R_1wt99eyqfWDOOPp,,,,,,,anonymous,EN,1,P001373,6,7,5,6,6,5,6,6,5,7,6,7,2,5,4,4,7,2,3,1,4,"Someone who commits a crime does not belong on the street with the rest of us unpunished. They will do it again. Why not? Prisoners do not get rehabilitated in prison. ",2,3,1,6,4,2,6,7,9,6,5,6,6,6,2,2,6,7,6,5,7,3,6,4,2,1,6,6,4,2,6,1,3,1,2,1,6,7,3,5,4,5,2,5,6,6,5,5,2,2,2,6,6,2,6,2,5,4,6,3,3,2,2,5,6,2,5,3,4,6,2,2,2,1,6,7,1,10,100,24,,,,,30,25,"I believe he still deserves a lengthy punishment. Why should he be allowed to be in a comfortable environment after he killed a young woman. ","I hope he has a miserable life and thinks about the fact that he ruined two lives. He took her life away and ruined his own. ",,,,,2,7,1,55,2,1,5,7,2,1,2,,2
2026-07-07 12:54:43,2026-07-07 13:21:04,0,,100,1580,1,2026-07-07 13:21:04,R_5TXmU4Be0zUyumh,,,,,,,anonymous,EN,1,P000690,3,3,5,4,2,2,4,4,7,4,1,2,1,1,1,1,6,4,3,2,1,"I think rehabilitation is the most important, because I think it's very unusually cruel to just leave people in prison to rot and die even if they also did something bad.  I think that sets a bad standard for our justice system.  However, I know that most prisons do not even attempt to rehabilitate and just punish their prisoners.  The second reason is that prisoners cannot commit crimes while in prison.  I ranked that as second, because I think it's good to have a place where people can't commit more crimes, but I'm also not a fan of the prison system.  I put criminals deserve to be punished as last, because I think prioritizing punishment sets a bad example.  If we prioritize punishment over rehab, then you could argue any punishment as being just, no matter how cruel or unusual, simply because they ""deserved"" it.",7,1,4,7,4,2,4,1,9,2,2,4,1,5,1,4,2,2,6,1,1,6,3,5,7,5,2,4,4,4,7,4,4,3,3,1,6,6,3,4,2,4,4,4,4,6,6,7,1,2,5,6,7,1,7,1,1,1,7,1,1,1,1,7,7,2,1,7,7,4,1,1,1,7,1,2,4,10,100,12,25,5,"Considering he's paralyzed, it feels cruel and unusual to force him to go to prison where he cannot do much, or anything at all.","I don't know!  I don't like the prison system, but I also don't know what to do without it!  I guess the sentence is basically punishing someone for their bad behavior, but I don't know that's productive.  I also don't like the idea of him just running free.",,,,,,,,,1,7,1,19,2,4,3,1,4,3,3,,1
2026-07-07 13:15:32,2026-07-07 13:31:01,0,,100,928,1,2026-07-07 13:31:02,R_7bIBxxD7iF5sLQM,,,,,,,anonymous,EN,1,P000577,7,7,6,7,7,7,7,6,7,7,7,7,7,6,7,7,7,1,2,3,4,"Society mandates that crimes must be punished. ",1,1,1,7,1,1,4,2,9,6,7,4,1,7,7,7,7,6,1,1,1,1,7,7,7,7,6,6,4,1,7,1,6,6,4,1,4,4,7,1,1,4,2,4,4,7,7,7,4,1,7,7,6,1,7,1,4,1,7,1,4,1,1,7,7,1,1,7,7,7,1,1,1,6,1,4,6,10,100,12,,,,,,,,,50,50,"I would issues a sentence for the crime, his sentence can be commuted by the governor.",That the punishment or sentence is commensurate to the crime.,2,4,1,61,1,3,5,2,1,3,3,,3
2026-07-07 13:24:08,2026-07-07 13:40:27,0,,100,978,1,2026-07-07 13:40:28,R_5GylyRqi4i7CsGf,,,,,,,anonymous,EN,1,P001824,2,3,3,3,3,3,4,3,3,3,2,3,3,6,2,3,4,3,4,2,1,I believe that rehabilitation should be the most important factor in the criminal justice system and believe it's the best system,5,2,5,3,3,2,2,3,9,2,2,4,2,5,2,4,2,2,6,1,2,6,2,5,6,6,3,3,4,3,6,2,3,4,1,1,5,6,3,4,4,3,5,3,3,6,6,6,1,2,4,5,6,2,5,2,3,1,7,1,1,1,2,6,6,2,2,6,6,3,3,3,2,5,2,3,5,10,25,24,20,20,I feel that he should take responsibilities for his actions regardless of his disability or age,That the prisoner reflects on his actions and comes out a better person that can contribute to society,,,,,,,,,2,4,3,47,1,4,3,3,3,3,2,None,1
2026-07-07 13:55:03,2026-07-07 14:18:13,0,,100,1389,1,2026-07-07 14:18:13,R_5DvGDhM1Wn3whqd,,,,,,,anonymous,EN,0.800000011920929,P000490,7,7,6,4,6,4,3,5,5,5,6,6,4,5,5,4,5,2,1,4,3,I think most people in society wouldn't want to be punished the way some criminals are and seeing how said criminals are treated would prevent some people from committing crimes themselves. Criminals also need to learn that the crimes they commit are not okay and won't be tolerated.,2,3,1,5,4,3,6,5,9,6,5,6,4,6,4,3,4,4,3,4,4,5,7,1,4,3,6,6,4,5,4,4,4,4,4,1,5,4,4,3,2,4,3,5,3,4,4,5,2,2,4,4,5,1,5,3,3,1,6,5,4,1,1,6,5,4,3,3,4,6,3,3,1,1,7,6,2,10,100,24,,,,,40,40,"It doesn't matter if he is no longer deemed a threat to society. Justice still needs to be served and he should still have to pay the time for his crime. After all he killed Frankie, even if it had been while drunk.",That there will be no leniency and that every criminal needs to do their time in prison. It is only fair for the life taken.,,,,,1,6,2,21,2,4,2,5,3,1,1,,2
2026-07-07 14:17:09,2026-07-07 14:45:50,0,,100,1721,1,2026-07-07 14:45:51,R_5dtBqSiFFai2Ycy,,,,,,,anonymous,EN,0.8999999761581421,P001461,7,7,6,7,7,6,4,6,5,5,5,7,6,6,6,5,6,1,3,2,4,"I strongly believe that society, in the form of the government, has a duty to punish convicted criminals. I've personally had an extended family member released from prison and I knew he would again engage in criminal activity and be sent back (which he was). A niece was also a crime victim (she was murdered), and the punishment was not severe enough in my opinion. And I've been both a crime reporter and a PIO for law enforcement, so I've seen crime up close. I've been a crime victim, too.",1,5,1,4,5,3,6,6,9,5,3,3,5,6,3,1,5,5,4,2,5,3,5,2,3,4,5,5,4,5,6,3,3,3,4,1,6,6,5,5,2,2,4,2,4,6,4,4,3,5,5,5,5,4,4,6,3,7,1,5,5,2,1,6,7,2,6,2,3,5,2,5,2,2,4,4,2,10,100,24,,,,,50,50,"Just because he got sick, that doesn't make his prior crime of murder justified, and he still needs to pay for what he did. The victim’s status as a minor doesn't change this. In fact, he cut a precious life short and should be held accountable whether the public knows or not.","Punish the offender and remove him from society. Even if he has an autoimmune disease, he could still pose a threat and he deserves to pay for what he did. ",,,,,2,7,2,57,2,4,6,6,3,1,1,"I understand some may think my views too harsh, but my faith and life experience dictate my beliefs.",2
2026-07-07 14:36:36,2026-07-07 14:57:49,0,,100,1273,1,2026-07-07 14:57:49,R_3acmPBh4AONdg7T,,,,,,,anonymous,EN,1,P001573,4,6,4,6,6,7,4,7,7,7,7,6,6,6,6,6,6,3,2,1,4,To me the main priority is to get non law abiding citizens out of the streets so they cannot harm others.,4,3,2,6,4,1,7,1,9,3,3,4,3,7,4,2,6,5,3,3,5,4,5,6,5,5,3,5,4,3,6,2,4,1,4,1,7,4,3,1,1,2,1,4,5,5,6,3,2,3,4,6,6,4,7,2,1,1,7,3,5,1,1,7,7,2,2,7,7,1,1,2,1,4,3,5,5,10,100,24,,,,,,,,,50,50,He still committed murder. He can be taken care of with his disabiltiy in prison.,"He can still influence others to commit crime. With this sentence he is not out having access to others who can aid him in committing crimes. ",1,7,1,49,2,4,2,1,3,1,1,"I would like to know what the purpose of the study is. ",3
2026-07-07 14:21:32,2026-07-07 14:59:31,0,,100,2278,1,2026-07-07 14:59:32,R_1XAinhRoIXUaLFn,,,,,,,anonymous,EN,0.8999999761581421,P001766,7,7,7,7,7,6,6,7,7,7,7,7,4,4,7,6,7,1,2,3,4,"criminals simply needs to be punished it is just common sense and rehabilitation is last because that's the least of my concern honestly ",2,5,1,2,7,1,3,6,9,6,5,5,5,6,3,2,5,6,6,5,2,6,5,3,5,3,6,6,4,3,6,3,4,5,4,4,5,4,6,3,3,6,3,6,6,5,3,6,5,5,6,2,4,5,3,4,4,6,4,4,5,4,3,5,4,3,3,5,5,7,4,5,4,5,3,4,4,5,5,47,32,32,"it doesnt matter if hes not a threat or whatever he needs to be punished fairly ","make him learn his lesson because crime is a choice at the end of the day ",,,,,,,,,2,5,4,22,1,3,2,5,3,1,1,,1
2026-07-07 14:38:30,2026-07-07 15:00:58,0,,100,1347,1,2026-07-07 15:00:58,R_30r6JhUYXHpIyBp,,,,,,,anonymous,EN,1,P000263,6,6,5,5,5,4,3,6,5,4,6,6,3,3,5,4,5,3,2,1,4,"punishing criminals is necessary but it doesn't compensate victims, the best we can do it make sure they don't continue their crimes. Rehabilitation is idealistic at best",3,4,2,5,5,5,4,5,9,5,4,5,4,6,3,3,5,5,3,4,4,4,5,4,4,3,5,7,4,5,6,5,3,4,5,2,6,4,5,3,2,5,1,5,5,5,4,4,4,4,4,4,4,3,4,4,5,1,6,4,6,4,5,5,4,5,5,3,6,5,1,3,2,2,4,6,2,5,5,47,27,27,"the medical condition and anonymity aren't important for this decision. Darryl tried to steal, then assaulted frankie and stopped her from getting help. It wasn't straight up murder but that's a lot of malice and intent. ","punish darryl ",,,,,,,,,1,4,1,31,1,3,4,5,3,1,1,,1
2026-07-07 14:39:02,2026-07-07 15:01:53,0,,100,1370,1,2026-07-07 15:01:54,R_1qI26P7CxgXqOM9,,,,,,,anonymous,EN,1,P000201,5,4,4,4,5,3,4,5,4,5,4,5,1,4,4,2,6,3,2,1,4,"I can't think of a better system to handle those that break the law. I know most criminals are repeat offenders, so prison time becomes a meaningless deterrent then. I think that punishing criminals can provide a practical deterrent against those that contemplate crime, but I don't know if it actually deters actual criminals. I also know the prison system abuses minorities and treats them unfairly. I know that studies on punishment/reinforcement/operant conditioning are mixed bags. I think criminals need to be reformed for the most part, but if their behavior is too far past the norms of society, i.e., brutal murder, rape, etc.. then I think the death penalty instead of punishment/jail should be utilized. ",6,1,3,5,1,1,3,7,9,4,3,7,1,5,3,4,3,2,4,1,1,4,2,6,6,4,1,4,4,3,7,2,3,1,2,1,4,3,5,2,1,4,5,3,3,4,5,5,4,3,4,4,7,1,5,1,2,6,1,3,3,2,1,7,7,2,3,4,7,4,1,4,1,7,2,2,5,10,5,47,,,,,25,25,"Initially, after reading Frankie's age, my reaction was to promote Darryl to a life sentence or death penalty if possible. Now that I see that he is quadriplegic, I feel as though the paralysis is also punishment enough. Therefore, the sentence does not change. He still serves the same time. One punishment from the state; the other from God.","I hope Darryl reforms his life to the best of his capability to help others. I hope he sees his punishment(s) as signs from God to reform. And I hope that he does reform and when he meets God, to beg for forgiveness, from him and from Frankie.",,,,,2,7,7,32,1,3,6,4,3,2,2,,2
2026-07-07 14:41:36,2026-07-07 15:22:39,0,,100,2462,1,2026-07-07 15:22:39,R_1q9O9dm460vOpiI,,,,,,,anonymous,EN,1,P000035,6,6,5,1,6,5,4,7,4,4,4,4,1,7,4,4,1,2,1,4,3,From my experance,7,1,7,1,1,1,1,1,9,1,3,1,3,7,1,4,5,6,1,1,1,7,7,7,4,4,1,7,4,1,7,1,1,1,1,1,4,5,7,5,1,1,7,1,1,1,1,1,1,3,1,7,7,1,7,1,4,7,1,4,2,5,1,1,4,1,4,7,4,4,7,4,1,1,1,7,4,5,1,24,,,,,,,,,50,25,The Sickness is Punishment,Timer for him to think,2,4,2,56,1,2,3,4,2,2,2,We learn by doing,3
2026-07-07 15:09:42,2026-07-07 15:23:38,0,,100,836,1,2026-07-07 15:23:39,R_5k7e6F6iaDuj5lC,,,,,,,anonymous,EN,0.8999999761581421,P001222,2,2,2,2,3,1,1,1,3,2,1,2,1,7,1,4,4,4,3,2,1,I think most of the time punishment is over done. Reform is much better than punishment.,7,1,6,7,1,1,2,1,9,2,1,6,1,6,1,6,1,1,7,1,2,7,2,7,7,7,1,1,4,4,7,1,4,1,2,1,2,3,6,5,1,1,6,2,1,1,7,7,1,1,4,5,6,1,7,1,1,1,7,2,1,2,1,7,7,1,1,7,7,4,2,1,4,7,1,1,7,10,100,47,,,,,25,20,He need to spend some time in there to reflect and hopefully see the errors of his ways. If there is absolutely no punishment then he won't learn,I hope he will reflect on his life now that he won't be able to live it physically,,,,,1,7,1,30,1,4,4,1,3,3,2,,2
2026-07-07 14:56:21,2026-07-07 15:28:54,0,,100,1953,1,2026-07-07 15:28:55,R_1mn8YHN1ys9qrD1,,,,,,,anonymous,EN,1,P001787,7,7,7,7,6,6,7,6,7,7,6,7,4,5,7,7,6,2,3,1,4,"I ranked preventing future crimes as the highest priority because keeping dangerous offenders incarcerated immediately protects the public by preventing them from committing additional offenses. I ranked deterrence second because the possibility of punishment may discourage some people from committing crimes, even though it does not work for everyone. I ranked the idea that criminals deserve punishment third because accountability is important, but I believe the primary goal of the justice system should be public safety rather than punishment for its own sake. I ranked rehabilitation last because, while rehabilitation is a worthwhile goal, I do not think prisons consistently provide the programs or environment needed to successfully rehabilitate most offenders.
",1,7,1,2,6,4,7,7,9,7,6,7,7,7,1,1,7,6,5,4,6,2,6,3,6,3,7,7,4,4,4,2,7,5,1,4,7,6,5,4,2,7,1,6,5,6,4,6,6,7,7,1,1,6,1,7,4,7,2,6,6,1,1,6,7,2,2,5,5,7,4,5,2,2,6,7,2,10,50,24,,,,,,,,,40,40,"Darryl deserves to have a severe punishment as the condition he is in happened after and he still deserves to feel full punishment for his severe actions. ",I hope that Darryl will feel the same pain as his victim and the family of the victim.,2,7,4,25,1,4,2,7,2,1,1,,3
2026-07-07 15:12:03,2026-07-07 15:37:46,0,,100,1543,1,2026-07-07 15:37:47,R_5dHq8Ii2R9GWhCq,,,,,,,anonymous,EN,1,P000018,7,7,7,7,7,7,7,7,7,7,7,7,7,7,7,7,7,2,3,4,1,according to how i felt was right,4,5,6,5,7,4,6,6,9,4,4,4,6,7,6,6,3,5,5,2,2,5,5,5,5,3,4,5,4,4,5,3,3,4,1,1,4,4,4,4,4,5,6,6,6,6,6,5,5,5,6,5,7,5,6,4,4,4,4,4,4,5,5,3,5,4,5,5,6,2,5,2,2,4,4,6,4,5,5,4,35,30," because the action almost caused a death and the victim is now paralyzed",Darryl will pay for what he did he will be accountable for the crimes he committed,,,,,,,,,1,4,1,56,1,2,4,4,1,2,1,,1
2026-07-07 15:42:58,2026-07-07 15:59:11,0,,100,972,1,2026-07-07 15:59:12,R_1MPW2gf6Syy1Pwq,,,,,,,anonymous,EN,0.5,P001358,7,7,7,7,7,7,7,7,7,7,7,7,7,4,7,7,7,1,2,4,3,"Crime should be punishable, some people are not smart enough to be deterred. Depending on the crime, rehabilitation can be possible. However some can commit crimes in prison. ",1,7,1,4,1,7,7,1,9,2,5,2,7,7,1,1,7,7,7,1,4,7,7,7,4,4,7,7,4,7,4,4,7,7,6,1,5,7,7,1,4,5,2,4,6,3,1,7,4,4,7,4,4,7,1,3,4,2,7,2,7,4,1,7,5,1,1,7,7,7,2,7,2,1,7,7,1,5,5,24,,,,,50,50,"It doesn't matter if his limbs don't work, he still killed someone.","That people won't kill others and that they can't use disabilities as an excuse. ",,,,,2,5,1,26,2,4,3,7,2,3,3,,2
2026-07-07 15:53:11,2026-07-07 16:22:56,0,,100,1784,1,2026-07-07 16:22:56,R_7xIV6qfN461POoB,,,,,,,anonymous,EN,1,P000623,4,6,4,4,5,4,3,3,6,4,4,4,4,4,4,4,3,1,4,2,3,When you're doing wrong you do deserve some type of punishment. Some criminals still commit crimes while they are locked up they feel they have nothing to lose depending on the situation. Some criminals get rehabilitated but if you're just a criminal you learn nothing. Punishment does not deter others from committing crimes because some commit crimes never get caught or punished. I think it depends on the person.,6,3,4,6,2,2,2,1,1,2,3,5,2,5,2,3,4,3,3,1,2,5,5,4,6,6,3,4,4,4,6,2,4,2,2,1,6,5,5,3,2,1,4,3,2,5,6,4,2,5,5,6,5,2,6,2,2,6,4,1,4,2,6,6,6,2,5,6,6,4,4,4,2,6,1,2,7,10,61,24,15,15,I feel Darryl was in a bind although trying to rob her it was not premeditated and I don't think he wanted to kill it was wreckless what he did but I don't think it was intentional.,No matter what he is going through find another way to get money and finances. I know it is hard but everyone works hard for what they have except the privileged who stole everything and hand it down generation to generation. They were never punished or gave back.,,,,,,,,,2,5,1,57,2,2,3,4,3,2,2,"I feel theses questions need to be asked and needs to be incorporated what do people think is fair depending on the situation and if self defense ",1
2026-07-07 16:14:21,2026-07-07 16:30:48,0,,100,987,1,2026-07-07 16:30:49,R_7zNmQzwefThMlPX,,,,,,,anonymous,EN,1,P001020,6,5,6,5,5,6,6,6,6,7,5,5,4,5,5,5,6,2,1,3,4,In the end preventing future crime is the important thing,3,5,3,5,5,3,7,5,9,5,5,5,6,5,5,3,6,5,5,4,5,4,6,5,6,4,5,6,4,5,5,5,4,3,4,3,5,3,6,4,2,4,3,5,4,4,4,6,5,3,5,3,4,4,4,4,5,1,7,4,5,1,1,7,7,1,1,7,7,4,3,5,2,5,1,1,5,10,5,47,,,,,50,50,"It's a punishment that should last the rest of his life, an entire life was lost.",A proper punishment for the crime,,,,,1,5,1,31,1,4,3,4,3,3,3,,2
2026-07-07 15:53:30,2026-07-07 16:32:50,0,,100,2360,1,2026-07-07 16:32:51,R_6qW4DJ8wwTr5pbm,,,,,,,anonymous,EN,1,P001616,6,6,6,6,6,6,6,6,6,6,7,7,5,5,6,5,6,1,2,3,4,i put them in that order because i believe people should be accountable for their actions.,5,6,1,5,2,2,6,7,9,3,2,2,6,6,2,2,6,7,6,3,5,2,7,2,2,6,6,7,4,6,6,2,2,2,2,1,7,6,3,5,2,3,2,6,6,6,2,6,5,5,5,2,6,6,3,6,5,3,5,7,6,1,2,7,7,2,1,1,7,6,2,3,2,7,1,1,7,5,5,47,,,,,,,,,50,50,because he took someone life,justice,2,7,6,55,2,2,2,2,1,3,3,great study,3
2026-07-07 15:52:24,2026-07-07 16:34:06,0,,100,2501,1,2026-07-07 16:34:07,R_3YXaQRkiStxx6HD,,,,,,,anonymous,EN,1,P001504,5,5,4,5,5,4,5,4,6,2,3,3,5,5,3,6,6,4,2,3,1,"I believe that crimes can be corrected and rehabilitated. ",6,1,3,6,3,1,3,3,9,2,3,4,2,6,4,3,1,2,2,1,1,6,1,7,6,6,2,1,4,2,7,1,3,2,1,2,5,5,3,5,2,1,6,2,1,5,6,2,2,2,1,6,7,1,6,1,3,1,7,2,2,1,1,7,7,2,2,7,6,1,1,1,1,6,1,1,6,5,5,47,,,,,,,,,16,7,"Since he does have a disability it serves that he no longer a threat. ","For more rehab and learning from his mistakes. ",2,4,1,23,2,4,4,1,1,3,2,,3
2026-07-07 16:23:24,2026-07-07 16:48:14,0,,100,1490,1,2026-07-07 16:48:15,R_3Vmx0LexsNPPXI5,,,,,,,anonymous,EN,1,P001594,4,4,4,4,5,3,4,4,3,5,4,4,3,3,3,3,4,2,1,4,3,"I did this order because 
A) No one wants to deal with consequences
B) For certain crimes, yes. 
C) That's a lie as studies / ancedotal evidence show
D) That's a lie as well",4,2,3,5,3,1,4,4,9,5,4,5,4,5,3,3,5,4,5,1,2,6,4,4,5,4,2,3,4,3,4,2,4,2,4,3,5,6,3,6,6,4,3,5,5,5,4,5,4,3,4,3,5,3,5,1,4,2,7,3,5,4,2,5,7,4,3,6,6,5,5,6,5,7,1,1,4,10,5,24,20,15,"He is no longer a threat to society, he has an autoimmune disease & he was a minor, but he still committed a crime","Reflection, Time, Reform, Conversation, Therapy, etc. ",,,,,,,,,2,4,4,28,1,4,5,4,3,3,3,"Fix the question with the lilies, it said minutes instead of days",1
2026-07-07 17:13:20,2026-07-07 17:30:45,0,,100,1044,1,2026-07-07 17:30:46,R_5m4R9oHHGFRL4F6,,,,,,,anonymous,EN,1,P001676,4,4,4,5,5,3,1,3,5,2,2,4,2,4,1,4,3,4,2,1,3,It is true that a person who is incarcerated cannot commit a crime...I hope that prison time deters others from committing crimes. I hope but do not really believe that prison rehabilitates although it should...and I believe that the punishment needs to fit the crime.,5,2,4,5,5,2,5,2,9,2,1,7,3,7,1,2,3,1,3,3,2,5,2,7,7,7,2,4,4,4,7,2,4,3,4,1,5,2,7,1,1,3,4,1,3,3,7,7,1,1,1,7,5,2,7,2,1,1,7,1,3,2,1,7,7,6,2,7,7,1,1,1,1,6,1,4,5,10,100,24,,,,,,,,,25,10,"While what he did was horrible, he is young and also no longer a threat.",Teach Darryl that human life is precious.,1,7,1,59,2,4,4,2,1,3,3,"It was slightly repetitive but also interesting... I can tell what you are trying to get to concerning racism, classism,  and the punishment or criminals and how it relates to ones own experience and political views and how those form empathy or disdain and fear.",3
2026-07-07 17:06:01,2026-07-07 17:31:57,0,,100,1555,1,2026-07-07 17:31:58,R_3sTEaoM823K9lqV,,,,,,,anonymous,EN,1,P000073,6,7,6,5,7,6,5,6,6,7,7,6,6,5,7,4,6,1,4,2,3,because when you are doing something wrong there should be a consequence for what you have done wrong. as they say if you cannot do the time do not do the crime.,1,6,1,4,7,4,7,6,9,4,1,2,6,7,3,1,1,4,1,1,5,4,4,5,4,4,1,6,4,6,7,4,4,2,3,1,7,6,7,1,1,1,4,1,6,5,7,4,1,3,4,4,4,2,7,5,4,7,4,6,7,4,1,7,7,4,4,6,5,7,4,5,1,6,1,2,6,10,100,24,,,,,,,,,25,25,either way he still did the crime very violently and should serve his sentence,it should make him think more about his actions and why he did it the way that he did and if it happens again he will never get out. He has to be accountable for his actions.,2,7,1,69,2,2,2,6,2,3,3,I really enjoyed the examples that were given,3
2026-07-07 17:50:33,2026-07-07 18:00:40,0,,100,607,1,2026-07-07 18:00:41,R_7QMqnt5aurIYOSW,,,,,,,anonymous,EN,1,P000901,5,6,6,5,5,5,6,6,7,7,6,7,3,4,6,5,4,3,2,1,4,because punishment is harsh. people know this so they will not do it,2,6,3,4,6,5,6,7,9,5,5,7,4,7,5,2,6,6,6,3,6,5,6,4,5,3,5,7,4,5,7,4,4,2,4,3,5,4,6,1,1,4,2,4,3,2,5,5,4,5,6,3,4,6,6,2,5,2,7,5,6,4,3,7,7,5,2,7,7,5,2,4,5,6,3,4,3,2,100,24,,,,,42,31,"even tough he cannot walk, he still needs some punishment",he will understand the severity of his actioons,,,,,1,6,2,25,2,3,3,3,1,3,1,,2
2026-07-07 18:03:39,2026-07-07 18:12:49,0,,100,549,1,2026-07-07 18:12:50,R_58hsxEgreQFfqY9,,,,,,,anonymous,EN,1,P001440,7,7,7,7,7,7,7,7,4,7,7,7,6,7,4,2,4,4,1,2,3,"I believe that when society sees or hears people who commit crimes and the consequences they face by going to prison, it serves as a reminder for those who may be tempted to engage in risky or criminal behavior. Additionally, when someone commits a crime, I believe that by putting them in jail, they are removed from the rest of society, therefore, not allowing them to engage in other crimes. I do believe that prisoners learn their lesson also by going to prison. ",4,4,4,7,4,1,4,4,9,4,3,1,4,7,4,4,5,5,5,4,3,4,4,4,4,5,3,5,4,4,4,3,4,6,4,1,5,3,5,3,1,3,3,4,3,2,4,4,2,3,5,5,5,4,4,4,4,4,4,4,4,4,4,4,7,4,4,4,7,2,1,4,4,4,4,4,4,10,5,47,,,,,25,25,"Despite his autoimmune disease, I still believe he should be sentenced to the same number of years. ",For him and others to learn a lesson.,,,,,2,5,1,28,2,3,6,4,3,3,3,,2
2026-07-07 18:53:54,2026-07-07 19:15:05,0,,100,1271,1,2026-07-07 19:15:06,R_507eEPuGJC72UAi,,,,,,,anonymous,EN,0,P001909,5,5,5,5,5,3,5,5,5,5,3,2,3,3,5,3,5,1,2,4,3,"If crimes are punished, it's a deterrent for the offender and also to potential offenders, since loss of freedom is pretty strong punishment. I'd like to see them learn new skills and get a hand up to be productive in society upon release. Prisoners who are in jail are unable to commit crimes in society since they are in jail.",5,3,2,5,2,2,4,6,9,3,3,7,3,5,5,3,4,4,5,4,4,5,3,5,5,4,4,4,4,3,6,3,4,3,4,1,5,5,3,5,5,4,4,3,3,3,5,5,3,3,4,5,5,3,5,3,3,3,6,3,3,3,3,5,5,5,3,5,5,3,4,3,2,5,3,3,5,10,5,24,,,,,25,0,Because he's no longer a threat to society. Putting him in prison would keep him from getting adequate care and be inhumane since it could kill him,"He needs to attend anger management classes and be on parole, but prison would not be fair.",,,,,1,6,1,63,2,1,5,3,3,1,3,,2
2026-07-07 19:20:03,2026-07-07 19:26:11,0,,100,368,1,2026-07-07 19:26:12,R_5qg379PeT74GbQn,,,,,,,anonymous,EN,1,P000247,4,4,4,4,4,4,4,4,4,4,4,4,4,4,4,4,4,1,2,4,3,this is how i priortize these reasons in descending order,5,4,4,7,5,2,7,7,9,2,3,4,4,6,1,3,4,4,4,4,4,4,4,4,4,4,4,4,4,4,4,4,4,4,4,4,4,4,4,4,4,4,4,4,4,4,4,4,4,4,4,4,4,4,4,4,4,4,4,4,4,4,4,4,4,4,4,4,4,4,4,4,4,4,4,4,4,0,0,0,,,,,,,,,17,15,.,.,1,4,4,53,2,4,2,4,2,3,3,.,3
2026-07-07 18:41:57,2026-07-07 19:32:03,0,,100,3005,1,2026-07-07 19:32:03,R_1gRMYk2a8MYPenJ,,,,,,,anonymous,EN,1,P000594,6,6,5,6,6,6,4,5,7,6,6,6,6,6,4,4,6,3,4,1,2,"I feel this is a reasonable order in which to justify punishment for criminals, keep justice and society safe and promote rehabilitation for criminals.",4,4,4,5,2,1,5,3,9,2,3,5,3,7,2,2,5,4,4,2,3,5,4,4,6,5,3,4,4,3,5,5,4,3,4,2,5,6,6,4,2,5,4,4,6,5,7,5,3,3,4,6,7,2,7,3,2,2,7,3,4,1,4,7,7,2,2,7,7,2,1,3,1,6,3,3,6,10,100,24,40,10,"This is really hard, given that he committed the 2nd degree murder of a young minor female, even though he now has become paralyzed with the autoimmune disease. I feel conflicted because of the serious crime/murder he committed and still should receive punishment for the crime, but given the change in health and change in quality of life, it's hard to determine the sentence, having not heard all the details of the crime that transpired. In light of the above, I chose 10 years, and knowing that possibly he'll be up for early parole...","Hi should have some sense of punishment and recourse for his crime and hope that he would have awareness and accountability for his actions, as well as remorse, humility and hopefully have been able to rehabilitate with an understanding of having a chance to be reformed back into society as a law abiding citizen and perhaps a willingness to help apprise and reform others that may be conflicted with the law and a life a crime.",,,,,,,,,1,5,1,65,2,3,4,1,1,3,2,"I found this very difficult at times to choose a response as I feel a lot of the questions were ""circumstantial"" and that not all crimes and criminals are all ""cut and dried"". Given that, I don't know how ""true or right"" some of my answers were with my beliefs, not having all the facts, story/history/background or details of the people and the situation at hand. It was hard to make an appropriate judgement, given the lack of information, but I gave it my ""best guess"".",1
2026-07-07 19:11:54,2026-07-07 19:56:11,0,,100,2657,1,2026-07-07 19:56:12,R_5TLukPBTVT6xznb,,,,,,,anonymous,EN,1,P000782,7,7,7,7,7,7,4,5,6,6,6,6,5,5,7,5,6,1,2,3,4,"Because criminals deserve to be punished, and they don't necessarily get rehabilitated in prison.",2,5,1,5,6,4,6,7,9,6,7,6,5,6,3,1,7,6,5,6,6,2,6,4,4,3,6,4,4,5,5,6,4,5,6,4,7,5,4,6,4,5,3,6,5,4,5,6,4,5,4,5,4,4,4,3,5,7,2,6,6,4,5,3,3,3,6,2,4,6,5,5,4,4,6,6,2,1,56,24,50,50,"Because he deserves to be in prison for life, since it caused someone's death.","Punishment for the criminal, with no chance of doing it again.",,,,,,,,,1,2,3,64,1,6,3,6,3,1,3,,1
2026-07-07 20:26:49,2026-07-07 20:54:14,0,,100,1645,1,2026-07-07 20:54:15,R_5xxrUeJsrTCwMr7,,,,,,,anonymous,EN,1,"P001039
",6,7,3,6,6,7,3,5,5,7,6,6,3,6,5,5,6,1,2,3,4,"If you have been proven guilty of a crime, or plead guilty, the law has been broken, and punishment is required by law.  ",3,6,3,6,5,3,7,6,9,3,3,5,5,6,5,3,6,7,5,2,3,5,5,6,6,6,5,5,4,6,7,2,2,3,4,1,7,7,2,7,7,5,4,4,7,7,4,6,3,3,5,6,7,3,3,4,3,4,6,2,5,1,1,7,7,1,6,7,7,3,5,4,1,6,5,5,4,10,100,24,,,,,,,,,50,50,"Despite being a categorized a minor, he committed murder.  A life was taken, intentional or not. He chose his actions and chose to use no means to restrain himself.","Ideally, due punishment is served for breaking a law.  Ideally, the defendant will learn and regret.  ",2,6,1,59,2,4,4,4,3,3,2,,3
2026-07-08 00:00:54,2026-07-08 00:21:38,0,,100,1243,1,2026-07-08 00:21:38,R_5rMIXRhyUmaS8iE,,,,,,,anonymous,EN,1,P000475,6,7,7,7,6,5,5,7,7,7,7,7,6,6,7,6,6,1,3,2,4,Makes sense to me,4,6,1,5,4,5,6,6,9,6,6,6,5,7,5,1,6,5,5,4,4,4,5,4,4,1,6,7,4,5,7,4,6,6,5,4,5,4,6,4,3,3,4,4,4,4,4,4,4,4,5,4,4,4,6,4,4,5,4,4,4,4,4,5,4,5,4,4,4,5,4,4,3,4,4,4,4,10,100,24,50,50,"Take a life, Get life.",Justice for Frankie.,,,,,,,,,2,5,2,46,1,4,3,4,1,3,3,Very interesting topic. We need justice to be served in united states.,1
2026-07-08 01:14:13,2026-07-08 01:35:15,0,,100,1261,1,2026-07-08 01:35:16,R_6h0zjJpjgSiw91L,,,,,,,anonymous,EN,1,P000288,7,7,7,7,7,7,7,6,5,7,7,7,2,6,7,5,7,1,3,2,4,"If you commit crimes, especially bad ones, you need to face the consequences. You deserve to be punished. And when they are locked up they can't harm society.",2,5,2,5,7,2,7,4,9,7,7,4,6,7,7,1,7,7,7,5,5,3,6,6,6,3,6,6,4,5,6,3,3,3,4,2,4,2,6,2,2,6,2,6,6,6,3,6,3,5,5,2,6,6,2,3,2,2,6,2,5,1,1,7,7,7,1,7,7,6,2,6,7,6,2,2,4,5,5,47,,,,,50,45,He still caused a death. 17.5 years is old enough to know better. But I did shave off 5 years.,That he will never get out.,,,,,1,7,5,54,1,4,4,3,1,3,1,I have none.,2
2026-07-06 21:06:20,2026-07-08 08:28:25,0,,100,127324,1,2026-07-08 08:28:25,R_5I9O9UeH6sqjfKu,,,,,,,anonymous,EN,1,P001705,7,7,7,7,6,7,7,6,4,7,7,7,7,7,7,6,5,3,2,1,4,"Because criminals who get justice and jail time prevents them committing the same crimes or worse and getting away with it.  Also, it prevents others from committing other crimes, if there is some repercussion for that.  Criminals are not law abiding or good citizens, and cause harm to society so they get what they deserve. Prison can be a productive place for them, since they cannot conform to society's laws and rules. ",1,7,1,4,7,3,7,6,9,7,7,7,7,7,4,1,6,7,2,7,5,4,7,4,3,1,7,6,4,3,6,5,4,4,6,3,6,6,5,2,2,6,1,7,4,7,2,5,7,6,6,1,1,6,5,6,6,7,4,6,7,5,5,4,4,5,4,5,5,6,5,5,3,5,5,4,5,1,100,24,,,,,,,,,50,50,because he murdered someone,justice,2,7,2,40,2,1,4,5,3,1,1,no,3
2026-07-08 20:24:58,2026-07-08 20:46:56,0,,100,1317,1,2026-07-08 20:46:56,R_6h6flV3qeFRHjpi,,,,,,,anonymous,EN,1,P001454,7,7,7,7,6,6,5,7,6,7,7,7,2,3,7,5,5,1,2,3,4,my opinion criminals need to be punished.  Being put in prison is a consquence of committing a crime,1,5,1,4,4,4,7,7,9,5,4,4,5,7,3,3,6,6,6,4,5,1,7,2,5,2,7,6,4,6,5,4,4,4,4,1,5,6,5,5,5,6,1,7,7,7,4,5,6,5,4,2,6,5,4,4,5,4,6,5,5,5,5,5,5,4,5,3,5,5,4,6,6,1,6,7,2,5,5,47,50,50,He still killed someone so he belongs in prison.,Accountability for a crime he committed.  His victim doesn't get her life back because he now has a disease,,,,,,,,,2,7,2,57,1,3,6,6,2,1,1,,1
2026-07-09 06:40:01,2026-07-09 07:12:03,0,,100,1922,1,2026-07-09 07:12:04,R_6xLfe3POPRrHNyp,,,,,,,anonymous,EN,0.8999999761581421,P001834,7,7,6,7,6,6,6,6,1,7,7,7,6,5,6,4,7,3,1,4,2,punishment should be used to deter and rehabilitate,4,3,3,5,6,5,6,6,9,2,2,5,5,7,1,3,5,5,5,2,4,2,6,7,5,4,5,6,4,5,6,5,2,3,5,1,6,7,7,4,3,3,4,3,5,5,4,4,5,3,3,5,7,4,3,3,6,6,4,6,6,2,2,3,6,4,4,4,4,5,4,6,4,3,4,4,4,10,5,24,,,,,47,47,He made a decision that cost another person their life.,It takes his liberties away for life.,,,,,1,7,1,56,1,1,4,6,2,3,1,,2
2026-07-02 11:28:08,2026-07-02 11:39:22,0,,46,674,0,2026-07-09 11:39:26,R_3fGyM7XIxvQruZp,,,,,,,anonymous,EN,0.8999999761581421,NONSTANDARD_7,7,7,7,7,7,7,7,7,7,7,7,7,7,7,7,7,7,4,3,2,1,TEST DGK,7,7,7,7,7,7,7,7,9,7,7,7,7,7,7,7,7,7,7,7,7,7,7,7,7,7,7,7,4,7,7,7,7,7,7,7,7,7,7,7,7,,,,,,,,,,,,,,,,,,,,,,,,,,,,,,,,,,,,,,,,,,,,,,,,,,,,,,,,,,,,,,,,
2026-07-02 12:10:19,2026-07-02 12:12:23,0,,15,124,0,2026-07-09 12:12:30,R_11uguE7nF1Wytji,,,,,,,anonymous,EN,1,P001869,7,7,7,7,7,7,7,7,7,3,7,7,7,7,7,7,7,,,,,,,,,,,,,,,,,,,,,,,,,,,,,,,,,,,,,,,,,,,,,,,,,,,,,,,,,,,,,,,,,,,,,,,,,,,,,,,,,,,,,,,,,,,,,,,,,,,,,,,,,,,,,,
2026-07-02 12:12:08,2026-07-02 12:14:24,0,,15,135,0,2026-07-09 12:14:26,R_59hEle1z2bI0Fax,,,,,,,anonymous,EN,1,P000435,7,7,4,7,7,7,4,7,7,7,7,7,5,7,7,6,7,,,,,,,,,,,,,,,,,,,,,,,,,,,,,,,,,,,,,,,,,,,,,,,,,,,,,,,,,,,,,,,,,,,,,,,,,,,,,,,,,,,,,,,,,,,,,,,,,,,,,,,,,,,,,,
2026-07-02 12:12:36,2026-07-02 12:18:29,0,,15,353,0,2026-07-09 12:18:31,R_7KoxqTKm0Ag3tFQ,,,,,,,anonymous,EN,1,P001876,7,7,7,7,7,7,7,7,7,7,7,7,7,7,7,7,7,,,,,,,,,,,,,,,,,,,,,,,,,,,,,,,,,,,,,,,,,,,,,,,,,,,,,,,,,,,,,,,,,,,,,,,,,,,,,,,,,,,,,,,,,,,,,,,,,,,,,,,,,,,,,,
2026-07-02 12:10:32,2026-07-02 12:23:03,0,,28,750,0,2026-07-09 12:26:00,R_5EzOKSL8FCLVPXD,,,,,,,anonymous,EN,0.8999999761581421,P001182,5,7,5,5,6,7,6,7,5,7,6,7,7,7,6,5,5,4,1,2,3,"punishment gives a reason for people to not consider committing a crime. i feel like this is the most important one in the list, as it is meant to be a a preventive measure against people from considering crime. criminals being locked up prevents them from committing further crime and/or harming others, and while locked up, could potentially be rehabilitated and give back to society and better themselves while they're at it.  while i agree criminals deserve to be punished, i don't feel like that reason alone carries enough weight to be ranked above any of the above ones that i listed.",2,5,3,4,5,3,7,7,9,4,4,7,4,6,4,2,,,,,,,,,,,,,,,,,,,,,,,,,,,,,,,,,,,,,,,,,,,,,,,,,,,,,,,,,,,,,,,,,,,,,,,,,,,,,,,,,,,,,,,,,
2026-07-02 12:10:26,2026-07-02 13:02:07,0,,87,3101,0,2026-07-09 13:02:51,R_5G3rsqVnS5bcC3c,,,,,,,anonymous,EN,1,P001850,5,6,6,6,7,6,6,7,6,7,6,7,7,7,6,7,7,1,3,4,2,I ranked them this way because if one commits a crime the first thing to do is to punish them but also do it in way that they can be rehabilitated back in the community later.,3,5,3,4,1,3,6,3,9,2,5,7,5,7,7,1,2,4,4,2,1,5,5,4,6,5,5,4,4,6,5,6,4,5,3,4,7,6,5,6,2,4,2,5,5,5,5,4,3,5,3,6,6,3,5,3,3,2,6,5,5,6,6,7,7,1,2,7,7,6,5,5,2,7,2,2,7,5,5,29,,,,,,,,,36,,,,,,,,,,,,,,,,3
2026-07-02 12:53:24,2026-07-02 13:03:19,0,,61,595,0,2026-07-09 13:03:32,R_6EszIT4olfHzpWy,,,,,,,anonymous,EN,1,P000684,7,7,7,5,7,7,4,7,7,7,5,7,6,7,4,4,7,3,4,2,1,I think criminals getting rehabilitated is a positive thing. This way the can get out and continue their lives without crime. It sets them up for success,3,4,1,5,4,2,7,6,9,1,5,4,4,6,4,4,6,4,4,1,4,4,6,4,6,6,7,6,4,4,6,1,4,1,1,1,7,7,5,4,4,4,1,1,4,5,6,1,1,1,4,6,7,4,4,4,,,,,,7,4,7,7,1,1,7,7,,,,,,,,,,,,,,,,,,,,,,,,,,,,,,,,,,,,
2026-07-02 12:12:21,2026-07-02 13:24:21,0,,92,4319,0,2026-07-09 13:24:26,R_7HC26HiM4FflWmJ,,,,,,,anonymous,EN,1,P000563,5,5,3,4,5,5,3,5,3,5,3,5,2,3,5,6,5,2,3,1,4,"I believe that punishment is justified to an extent, and that prison SHOULD BE for rehabilitation. Though in its current state, it is not",6,2,3,6,6,1,3,2,9,3,3,5,3,4,3,3,4,4,3,2,3,4,3,5,5,3,3,5,4,3,7,3,2,2,3,2,3,2,5,3,1,1,3,3,4,2,5,5,2,3,3,4,6,2,4,3,2,4,3,3,3,3,2,4,4,5,3,5,4,3,5,3,2,5,2,3,3,10,100,24,28,15,"Context and circumstances matter, and he would likely not be a threat nor have very long to live with said condition.","I hope it will leave him only a bit of time left in his life, and with a greater understanding of his actions and how they affected others, to live a good last few years. Ideally",,,,,,,,,1,6,2,,,,,,,,,,1
2026-07-02 12:50:47,2026-07-02 13:32:20,0,,87,2493,0,2026-07-09 13:32:27,R_3nsB2QPl3fgRb2N,,,,,,,anonymous,EN,1,P001406,7,7,5,7,7,2,4,7,3,7,7,7,4,5,3,4,4,4,1,2,3,It's most important that others are deterred from committing crimes. Knowing that criminals are locked up prevents future crimes and fuels the deterrent. Some criminals deserve to receive a second chance otherwise they'll just commit crimes again and simply criminals deserve punishment.,4,3,2,7,4,1,7,7,9,5,5,5,4,7,1,1,4,3,7,1,4,5,3,7,7,6,2,4,4,2,7,4,4,1,4,1,2,2,2,2,2,2,4,2,4,4,7,4,5,4,5,2,4,1,5,1,1,1,7,1,1,1,1,7,7,1,1,7,7,7,4,7,1,6,1,2,1,10,100,24,,,,,,,,,50,,,,,,,,,,,,,,,,3
2026-07-02 12:36:00,2026-07-02 14:27:39,0,,58,6698,0,2026-07-09 14:27:48,R_1O39TM6eUcxaRDt,,,,,,,anonymous,EN,1,P001475,4,4,5,5,5,4,5,5,4,5,4,5,5,4,6,5,4,1,2,3,4,"I think those committing a crime should be punished within reason. ",5,4,4,7,5,4,5,2,9,4,5,5,4,5,5,4,4,5,4,1,5,4,4,4,5,5,4,5,4,4,5,5,4,4,4,4,5,6,4,5,1,3,3,3,4,4,4,5,5,4,4,4,6,5,4,5,,,,,,,,,,,,,,,,,,4,4,4,4,,,,,,,,,,,,,,,,,,,,,,,,,,,,
2026-07-02 14:56:41,2026-07-02 14:57:13,0,,3,31,0,2026-07-09 15:04:46,R_1WbrVv5U3PLCJbj,,,,,,,anonymous,EN,1,P000972,,,,,,,,,,,,,,,,,,,,,,,,,,,,,,,,,,,,,,,,,,,,,,,,,,,,,,,,,,,,,,,,,,,,,,,,,,,,,,,,,,,,,,,,,,,,,,,,,,,,,,,,,,,,,,,,,,,,,,,,,,,,,,,
2026-07-09 16:39:23,2026-07-09 17:02:55,0,,100,1412,1,2026-07-09 17:02:56,R_5EnHCRa0AtYEniQ,,,,,,,anonymous,EN,1,P001703,6,7,6,7,6,6,6,6,6,6,6,6,6,6,6,5,6,1,3,2,4,I ranked the reasons in this order because it expresses my beliefs the best.,2,5,2,4,5,3,5,6,9,4,4,5,4,5,3,3,5,4,5,3,5,3,5,5,5,3,5,5,4,5,5,3,4,5,5,3,6,5,5,4,4,5,3,5,4,5,5,5,5,4,6,5,6,4,5,4,5,4,5,3,5,4,3,5,6,3,2,6,6,4,3,5,2,5,5,4,5,10,100,24,,,,,40,25,I recommended this punishment because I believe it fits the crime he committed considering his condition.,It will punish him for his crime.,,,,,2,5,2,59,1,2,2,4,2,3,3,,2
2026-07-09 18:22:16,2026-07-09 18:42:55,0,,100,1239,1,2026-07-09 18:42:56,R_67WH9MAi60ADy8U,,,,,,,anonymous,EN,1,P000766,6,5,6,5,6,6,6,6,6,6,5,6,5,5,6,4,6,2,3,1,4,"It is important that criminals be locked up so they will not be able to commit more crimes. Since they committed crimes, they need to be punished and shown that criminal behavior has consequences. Showing that criminals will be locked up, hopefully that will deter others from committing crimes. It's possible that prisoners can be rehabilitated in prison but it doesn't happen for every prisoner.",3,4,2,6,3,2,3,5,9,3,5,3,5,6,2,2,5,6,4,2,2,5,5,5,2,4,5,6,4,2,6,5,5,5,4,2,4,5,6,3,3,3,2,4,4,5,5,5,5,2,2,3,4,2,4,2,5,5,1,4,4,2,2,6,6,5,4,3,5,2,2,2,1,2,6,6,2,10,20,24,40,40,"When Darryl committed the crime, he was able bodied and killed the victim. He should be sentenced for the crime he committed regardless of a subsequent illness that would render him incapacitated. He still needs to serve prison time for his crime he committed.","It will show that committing a crime has consequences and when convicted of the crime, the person needs to serve their sentence.",,,,,,,,,2,6,4,63,2,3,6,7,2,1,1,It was an interesting study and made me really think about the subject matter.,1
2026-07-09 19:48:39,2026-07-09 20:24:24,0,,100,2145,1,2026-07-09 20:24:25,R_12qLu1xs5dU849h,,,,,,,anonymous,EN,0.8999999761581421,P000954,4,5,5,5,4,6,5,3,5,3,5,5,3,3,6,3,6,1,2,3,4,"It's difficult to rank them as showed. For sure, if someone commits a crime should be punished. The rest of the other 3 reasons are ok in any order",6,2,2,5,4,2,3,2,9,2,4,6,2,6,2,2,5,5,5,3,2,4,3,5,5,3,4,5,4,4,6,2,4,2,2,2,7,5,7,3,2,3,2,4,3,3,5,4,2,3,3,4,4,4,5,3,1,1,7,3,3,3,1,5,6,4,4,5,6,1,1,1,1,4,1,1,6,10,5,24,,,,,,,,,50,20,"Probably with the autoimmune disease Darryl will die in prison anyway ",justice for Frankie,1,4,4,64,2,4,5,2,1,1,1,,3
2026-07-02 12:14:28,2026-07-03 07:06:35,0,,28,67926,0,2026-07-10 07:06:40,R_7Pi2LIoKELFOsTb,,,,,,,anonymous,EN,1,P001158,5,5,7,6,7,6,6,6,5,6,6,5,5,6,5,5,5,1,2,4,3,"The reason why i ranked this was because on a n0rmal day, criminals deserved to be punished. ",5,6,4,5,6,6,6,5,9,6,5,6,5,5,5,5,,,,,,,,,,,,,,,,,,,,,,,,,,,,,,,,,,,,,,,,,,,,,,,,,,,,,,,,,,,,,,,,,,,,,,,,,,,,,,,,,,,,,,,,,
2026-07-10 15:59:46,2026-07-10 16:31:44,0,,100,1917,1,2026-07-10 16:31:45,R_1dnlEsI0dFAxsS1,,,,,,,anonymous,EN,1,P000046,7,6,6,6,7,6,4,5,6,7,7,6,5,5,6,4,6,3,4,2,1,Criminals need to be rehabilitated but that doesn't mean that locking up crimials will reduce criminals from committing another crime.,3,3,1,6,7,7,7,1,9,4,5,7,5,7,6,2,7,6,6,1,5,5,5,6,4,3,6,4,4,5,6,3,5,6,4,1,5,7,6,2,2,4,3,5,5,4,7,2,4,6,4,6,6,2,5,3,6,7,1,6,7,2,3,7,6,3,2,4,7,5,2,6,1,6,7,6,6,5,100,47,,,,,,,,,20,20,"Even though he's a minor, he should be punished same as adult because he's intention didn't change.",Will separate him from the society and hopefully this will make him learn the lessons.,2,5,4,63,1,3,6,6,2,1,1,It was rather interesting study because it covered criminals and the punishments. Thank you.,3
2026-07-11 19:27:12,2026-07-11 19:59:56,0,,100,1964,1,2026-07-11 19:59:57,R_7k5p26JU2i9tjN4,,,,,,,anonymous,EN,1,P000032,5,6,2,6,7,5,3,3,4,7,3,5,5,7,2,6,6,3,4,2,1,"I rated punishment deters other last because people are going to commit crimes no matter what. I do believe some prisoners do get rehabilitated in prisons. ",6,2,5,7,2,2,3,5,9,2,2,3,5,7,3,3,5,5,5,3,3,2,4,2,5,5,5,7,4,5,6,3,2,5,4,1,5,5,5,4,2,2,4,3,4,3,5,3,3,3,6,4,5,2,6,2,4,1,7,5,6,3,1,7,6,1,2,7,7,5,3,5,1,2,5,6,1,10,100,24,,,,,50,50,"No mater her age or his health conditions, he repeatedly broke the law by violating the TRO, verbally and physically assaulting her, and caused her to be killed.",He will spend his sentence reflecting on what he did and living with the regrets.,,,,,1,7,1,54,2,7,3,5,2,3,3,,2
2026-07-13 08:10:52,2026-07-13 08:39:05,0,,100,1692,1,2026-07-13 08:39:06,R_6G32ViiV4cPGDYz,,,,,,,anonymous,EN,1,P001156,7,7,4,7,7,7,1,4,7,7,7,7,4,4,6,5,7,1,2,3,4,"Because anyone who commits a crime, the first thing is they need to be taken off the streets. As for the other three reasons, I actually think they will not work and it is a waste of taxpayers money.",1,7,1,7,7,6,7,7,9,1,4,7,7,7,5,1,7,7,7,4,7,1,7,1,4,1,7,7,4,5,3,5,1,4,4,1,7,7,4,4,4,4,1,4,7,7,1,7,7,4,7,4,1,7,1,7,7,7,1,7,7,4,4,4,4,4,4,4,4,7,4,7,4,1,7,7,1,10,100,24,50,50,He killed someone. Just because is became disabled does not give him the right to be let out of prison.,To keep a monster like Darryl off the streets forever.,,,,,,,,,2,7,1,63,2,6,2,7,2,1,3,I really enjoyed taking this survey. It is very interesting.,1
2026-07-06 18:22:30,2026-07-06 18:31:08,0,,70,517,0,2026-07-13 18:31:10,R_1arjpID8aEKC7WV,,,,,,,anonymous,EN,1,P000711,5,6,6,6,5,6,6,6,5,5,6,5,5,6,3,3,5,2,4,3,1,"I put rehabilitation first because if prison does not change behavior, it just becomes a more expensive holding pen. A system that only hurts people but does not rebuild them feels shortsighted and kinda self-defeating. Desert matters too, but I dont think moral outrage by itself makes society safer or more fair in the long run. Incapacitation has some value, though its mostly temporary, and deterrence I ranked last because people do crimes for messy reasons and fear of punishment often isnt enough to stop them.",6,3,3,3,5,1,6,5,9,3,3,6,6,7,1,2,5,6,5,6,3,6,6,5,7,6,5,5,4,5,7,1,1,5,3,1,7,6,4,4,3,5,2,6,6,6,7,5,3,5,5,6,7,3,6,3,5,3,6,5,6,1,1,7,7,3,3,5,6,3,3,5,3,6,1,3,6,,,,,,,,,,,,,,,,,,,,,,,,,,,,
2026-07-06 18:38:48,2026-07-06 18:43:38,0,,3,289,0,2026-07-13 18:43:39,R_7D3GWf6phJhGL85,,,,,,,anonymous,EN,1,P000491,,,,,,,,,,,,,,,,,,,,,,,,,,,,,,,,,,,,,,,,,,,,,,,,,,,,,,,,,,,,,,,,,,,,,,,,,,,,,,,,,,,,,,,,,,,,,,,,,,,,,,,,,,,,,,,,,,,,,,,,,,,,,,,
2026-07-06 19:18:11,2026-07-06 19:22:38,0,,15,266,0,2026-07-13 19:22:42,R_5eWI6LiYIlcvtwS,,,,,,,anonymous,EN,0.20000000298023224,P000146,3,3,3,3,3,3,3,3,3,3,3,3,3,3,2,3,3,,,,,,,,,,,,,,,,,,,,,,,,,,,,,,,,,,,,,,,,,,,,,,,,,,,,,,,,,,,,,,,,,,,,,,,,,,,,,,,,,,,,,,,,,,,,,,,,,,,,,,,,,,,,,,
2026-07-06 19:14:53,2026-07-06 19:55:51,0,,36,2458,0,2026-07-13 19:55:59,R_5qaVux2110DOTFE,,,,,,,anonymous,EN,0.8999999761581421,P000285,5,4,4,2,4,4,3,2,3,3,3,3,3,3,3,4,3,4,1,2,3,I prioritized it this way because I do believe imprisonment deters some people from committing crimes if they know they'll be sent to prison. I then chose that when they are locked up they can't keep committing more crimes but for this I think more along the lines of more major crimes like rape and murder. The last two aren't as important because some criminals do get rehabilitated and changed in prisoner but I feel like a majority don't and just keep doing what they do because there isn't good enough programs in some prisons. And some criminals do deserve to be punished like if they did major crimes like murdering innocents or raping people or assault children but others who did crimes like theft and vandalism don't deserve the same punishments.,5,2,3,5,2,1,4,4,9,3,3,6,3,5,1,4,3,3,5,2,2,4,4,3,4,5,3,4,,,,,,,,,,,,,,,,,,,,,,,,,,,,,,,,,,,,,,,,,,,,,,,,,,,,,,,,,,,,,,,,,,,,,,,,,,,,,
2026-07-06 20:26:43,2026-07-06 20:28:05,0,,3,82,0,2026-07-13 20:28:06,R_1wpFRGPj6o23z6U,,,,,,,anonymous,EN,1,P000271,,,,,,,,,,,,,,,,,,,,,,,,,,,,,,,,,,,,,,,,,,,,,,,,,,,,,,,,,,,,,,,,,,,,,,,,,,,,,,,,,,,,,,,,,,,,,,,,,,,,,,,,,,,,,,,,,,,,,,,,,,,,,,,
2026-07-06 20:44:20,2026-07-06 20:46:24,0,,3,123,0,2026-07-13 20:46:30,R_3xyHnXJOldf3fFh,,,,,,,anonymous,EN,1,P000620,,,,,,,,,,,,,,,,,,,,,,,,,,,,,,,,,,,,,,,,,,,,,,,,,,,,,,,,,,,,,,,,,,,,,,,,,,,,,,,,,,,,,,,,,,,,,,,,,,,,,,,,,,,,,,,,,,,,,,,,,,,,,,,
2026-07-06 20:23:31,2026-07-06 20:57:12,0,,90,2020,0,2026-07-13 20:57:14,R_5eUXDoL4tA4WSSA,,,,,,,anonymous,EN,1,P001149,6,7,6,6,7,5,4,7,7,7,6,6,3,4,4,4,5,2,1,3,4,I ranked the reasons for punishment in this order because that is what I truly believe.,2,4,1,5,5,4,6,6,9,4,3,3,5,6,3,4,5,6,2,3,4,3,5,1,1,3,5,6,4,4,7,4,5,6,6,1,7,7,2,3,4,1,2,3,4,6,6,1,4,4,5,5,7,5,3,5,6,5,2,5,7,6,1,4,6,3,4,5,6,4,3,6,2,4,5,5,2,10,100,24,35,20,"Even though he has this auto-immune disease and is no longer a threat to society, he still committed a crime and I think he deserves to be punished for it.",I think it will punish him for the crime he committed.,,,,,,,,,,,,,,,,,,,,,1
2026-07-06 20:57:52,2026-07-06 21:06:25,0,,58,512,0,2026-07-13 21:06:33,R_672SFhkBllXOys1,,,,,,,anonymous,EN,1,P001630,4,5,3,4,4,5,5,2,6,6,5,5,2,6,5,3,5,3,4,1,2,"Well it's generally what is believed about imprisonment.  None of that is actually true though, except perhaps that some criminals deserve some sort of punishment.",6,2,3,5,1,1,3,1,9,3,3,6,3,5,3,5,4,2,5,1,2,4,1,5,6,3,2,3,4,5,7,3,3,1,3,1,4,4,2,5,4,1,3,2,1,1,5,5,2,2,2,6,6,3,5,1,,,,,,,,,,,,,,4,1,1,1,,,,,,,,,,,,,,,,,,,,,,,,,,,,,,,,
2026-07-06 21:11:09,2026-07-06 21:15:08,0,,15,239,0,2026-07-13 21:15:09,R_7SDK7jlvqWhpJo5,,,,,,,anonymous,EN,1,P001176,6,7,4,7,7,3,1,4,6,6,3,6,4,5,5,1,6,,,,,,,,,,,,,,,,,,,,,,,,,,,,,,,,,,,,,,,,,,,,,,,,,,,,,,,,,,,,,,,,,,,,,,,,,,,,,,,,,,,,,,,,,,,,,,,,,,,,,,,,,,,,,,
2026-07-06 20:56:46,2026-07-06 21:16:46,0,,15,1199,0,2026-07-13 21:16:47,R_1LFmHVWKlP2ZAsi,,,,,,,anonymous,EN,1,P000113,1,1,1,1,2,2,1,2,2,1,2,1,1,4,1,1,1,,,,,,,,,,,,,,,,,,,,,,,,,,,,,,,,,,,,,,,,,,,,,,,,,,,,,,,,,,,,,,,,,,,,,,,,,,,,,,,,,,,,,,,,,,,,,,,,,,,,,,,,,,,,,,
2026-07-06 20:23:21,2026-07-06 21:27:45,0,,90,3863,0,2026-07-13 21:27:51,R_1Xhdd4cuwNXb2mv,,,,,,,anonymous,EN,1,P000130,6,6,7,6,7,7,7,7,4,1,3,6,7,4,6,4,4,2,4,1,3,Because I agree that they cannot commit crimes while locked up and deserve to be punished. I rated 3 and 4 that way because some prisoners do not get rehabilitated and punishment does not always deter others from committing crimes some of these younger people think it is cool to go to prison.,1,4,1,6,1,1,4,7,9,5,4,7,4,6,1,1,4,4,6,1,1,4,7,2,7,7,5,6,4,1,6,1,1,1,4,1,7,6,7,1,1,5,1,4,4,6,6,6,1,4,1,4,7,1,7,1,6,1,7,6,4,4,6,7,6,4,4,7,7,6,1,1,1,4,7,7,1,3,50,24,,,,,30,20,Because I think that 20 is a fair sentence because they are sick too now.,Not sure,,,,,,,,,,,,,,,,,2
2026-07-06 21:37:32,2026-07-06 21:39:01,0,,1,89,0,2026-07-13 21:39:09,R_7oclIPONixaTymo,,,,,,,anonymous,EN,1,P000866,,,,,,,,,,,,,,,,,,,,,,,,,,,,,,,,,,,,,,,,,,,,,,,,,,,,,,,,,,,,,,,,,,,,,,,,,,,,,,,,,,,,,,,,,,,,,,,,,,,,,,,,,,,,,,,,,,,,,,,,,,,,,,,
2026-07-06 20:59:36,2026-07-06 21:41:55,0,,64,2538,0,2026-07-13 21:41:58,R_53pqkf6JLtUMoi5,,,,,,,anonymous,EN,1,P000697,6,6,6,7,5,5,4,6,7,5,6,5,6,6,7,7,6,1,3,4,2,"Criminals must certainly be punished for doing something wrong. The police must keep them away to deter others who are planning. Some feel shy after serving their time. i believe punishing people ",4,7,6,7,5,6,7,7,9,3,5,1,6,5,6,3,6,6,5,7,4,4,6,5,7,3,5,7,4,2,6,7,5,6,6,1,7,5,2,2,6,4,1,7,6,6,5,5,6,7,6,6,6,4,5,2,,,,,,2,2,7,2,1,1,7,5,6,6,1,1,,,,,,,,,,,,,,,,,,,,,,,,,,,,,,,,
2026-07-06 22:02:34,2026-07-06 22:06:48,0,,16,253,0,2026-07-13 22:06:49,R_6hkzuPz00zg910R,,,,,,,anonymous,EN,1,P001883,3,4,2,4,3,4,3,4,3,4,4,4,3,5,1,1,3,2,1,3,4,I don't really know what to say here. I put them in that order because that's the order I think they should go in. I can't say more than that.,,,,,,,,,,,,,,,,,,,,,,,,,,,,,,,,,,,,,,,,,,,,,,,,,,,,,,,,,,,,,,,,,,,,,,,,,,,,,,,,,,,,,,,,,,,,,,,,,,,,,,,,,
2026-07-06 22:07:27,2026-07-06 22:09:32,0,,15,125,0,2026-07-13 22:09:34,R_3jDNKhAN0qUqPNG,,,,,,,anonymous,EN,1,P000039,5,6,5,5,5,3,4,5,3,3,5,5,3,5,4,5,6,,,,,,,,,,,,,,,,,,,,,,,,,,,,,,,,,,,,,,,,,,,,,,,,,,,,,,,,,,,,,,,,,,,,,,,,,,,,,,,,,,,,,,,,,,,,,,,,,,,,,,,,,,,,,,
2026-07-06 22:03:33,2026-07-06 22:28:49,0,,90,1516,0,2026-07-13 22:28:53,R_1D8P04MKD11fN5L,,,,,,,anonymous,EN,1,P000642,4,4,3,5,5,4,3,3,3,3,4,5,3,4,4,4,4,4,3,2,1,"Well, I made the assumption that this is a world where the *intention* of rehabilitation of criminals in prison actually makes it become reality.i truly do believe that the goal of prison should be to encourage and train the prisoners for what they will do differently when they get out   Then of course there is the literal benefit of removing their access to the freedom with which they may do more crimes while hopefully they are working  k  themselves to not want/need to do so in the future ",7,2,5,7,2,1,2,1,9,2,2,4,2,5,2,4,4,4,5,2,3,5,5,6,7,5,4,4,4,3,7,3,4,3,3,1,4,2,7,2,2,3,6,4,4,6,5,5,2,3,4,6,5,4,6,2,2,1,7,1,2,4,2,4,6,4,5,5,6,3,1,2,1,6,2,4,5,5,100,47,25,20,"I picked a slightly lower sentence to recognize that his life is likely shortened by the disease, but didn't want to shorten it so much that it feels letting him off easy purely because he just happened to get sick","Giving him a bit of hope that he will live to complete his sentence and get out and maybe that hope will inspire him to better himself and try to do something positive with what's left of his life ",,,,,,,,,,,,,,,,,,,,,1
2026-07-06 23:51:56,2026-07-06 23:56:18,0,,87,261,0,2026-07-13 23:56:20,R_56nxztx94VtOay2,,,,,,,anonymous,EN,1,P001560,5,7,6,6,4,5,5,6,6,6,5,7,5,6,5,5,7,2,1,3,4,I just believe that this is the proper way of view of punishment for committing crimes in our mature day and age.,2,3,3,3,1,5,2,2,6,6,6,6,4,3,5,5,7,7,4,5,6,5,4,5,5,6,6,4,5,5,3,7,6,7,6,5,5,7,5,4,6,4,7,5,5,6,4,3,7,5,4,5,5,6,6,7,6,4,7,5,4,4,5,6,5,7,6,5,7,7,6,5,4,6,4,7,5,5,5,47,,,,,50,,,,,,,,,,,,,,,,,,,,2
2026-07-06 23:55:40,2026-07-06 23:58:17,0,,3,156,0,2026-07-13 23:58:22,R_6Ig6KEsQSioiYqe,,,,,,,anonymous,EN,1,P000260,,,,,,,,,,,,,,,,,,,,,,,,,,,,,,,,,,,,,,,,,,,,,,,,,,,,,,,,,,,,,,,,,,,,,,,,,,,,,,,,,,,,,,,,,,,,,,,,,,,,,,,,,,,,,,,,,,,,,,,,,,,,,,,
2026-07-07 00:06:01,2026-07-07 00:06:51,0,,3,49,0,2026-07-14 00:06:52,R_5SfvJJIYZ0UCXSz,,,,,,,anonymous,EN,1,P001831,,,,,,,,,,,,,,,,,,,,,,,,,,,,,,,,,,,,,,,,,,,,,,,,,,,,,,,,,,,,,,,,,,,,,,,,,,,,,,,,,,,,,,,,,,,,,,,,,,,,,,,,,,,,,,,,,,,,,,,,,,,,,,,
2026-07-07 00:04:34,2026-07-07 00:10:13,0,,3,339,0,2026-07-14 00:10:14,R_1NfZeEc3Z9YqQlr,,,,,,,anonymous,EN,1,P000249,,,,,,,,,,,,,,,,,,,,,,,,,,,,,,,,,,,,,,,,,,,,,,,,,,,,,,,,,,,,,,,,,,,,,,,,,,,,,,,,,,,,,,,,,,,,,,,,,,,,,,,,,,,,,,,,,,,,,,,,,,,,,,,
2026-07-06 23:23:02,2026-07-07 00:24:11,0,,98,3669,0,2026-07-14 00:24:14,R_3BiOke85EC5in73,,,,,,,anonymous,EN,1,P000899,7,7,7,7,7,7,6,7,7,7,7,7,7,7,7,7,5,2,1,3,4,"The first thing to know is that punishment prevents people from committing crimes, that they will be sent to prison if they commit crimes, and that once there, they will not commit further crimes, instead, they will be well-educated and guided toward productive roles once they are released from prison after completing their jail time.",6,7,7,6,6,5,7,7,9,6,6,3,6,6,7,6,6,5,7,3,5,5,5,6,6,3,6,4,4,5,1,5,5,5,4,2,6,6,6,3,1,4,1,3,5,5,4,5,3,6,7,5,7,3,5,3,5,5,6,7,5,3,3,6,5,5,2,7,7,6,1,3,1,5,3,6,4,5,5,47,,,,,,,,,46,25,"I will sentence him to half his life in prison because I will take his health conditions into account, and even though he is not a risk to society, he must pay for the murder he committed.",I hope that the prisoners' health is taken into consideration for some case.,1,7,1,50,2,1,5,4,3,3,2,,3
2026-07-07 00:56:02,2026-07-07 01:03:21,0,,23,438,0,2026-07-14 01:03:24,R_3eqaMRjs2cgvvbH,,,,,,,anonymous,EN,1,P001608,2,5,3,4,4,3,4,4,4,2,2,4,3,2,3,1,2,4,1,2,3,"based on my priority, just as asked",7,1,4,7,1,1,2,2,9,,,,,,,,,,,,,,,,,,,,,,,,,,,,,,,,,,,,,,,,,,,,,,,,,,,,,,,,,,,,,,,,,,,,,,,,,,,,,,,,,,,,,,,,,,,,,,,,
2026-07-07 01:14:02,2026-07-07 01:16:27,0,,3,144,0,2026-07-14 01:16:28,R_68oLxgxUPKoUiDn,,,,,,,anonymous,EN,1,P000236,,,,,,,,,,,,,,,,,,,,,,,,,,,,,,,,,,,,,,,,,,,,,,,,,,,,,,,,,,,,,,,,,,,,,,,,,,,,,,,,,,,,,,,,,,,,,,,,,,,,,,,,,,,,,,,,,,,,,,,,,,,,,,,
2026-07-07 00:33:10,2026-07-07 01:20:07,0,,90,2817,0,2026-07-14 01:20:09,R_7afMqVwgHtTS91v,,,,,,,anonymous,EN,1,P001551,7,7,6,7,7,4,6,7,3,7,6,7,3,5,5,5,7,3,2,1,4,"While it would be my hope that prisoners want to and do get rehabilitated in prison, I ranked it last because in reality I believe it's a rare occurrence and so my main concern and reason for punishment is to keep criminals from committing further crimes and to prevent others from committing crimes. I believe that in the majority of cases, punishment is the biggest deterrent from committing crimes.",2,6,1,5,4,3,5,4,9,3,4,4,4,6,2,1,3,6,5,4,4,4,5,4,4,4,6,5,4,4,6,2,4,4,4,1,7,7,4,4,3,4,1,4,5,6,5,5,2,4,4,4,7,4,4,3,4,2,6,5,5,4,2,7,6,4,2,6,6,4,2,4,1,5,6,5,4,10,100,24,,,,,,,,,30,10,"Darryl still needs to be held accountable for his actions but given his disease and the situation, I would likely lessen his sentence than I normally would have. ",I hope this sentence would show that society doesn't tolerate crimes like this and any person who does commit a crime will still be held accountable even in a situation like Darryl's.,,,,,,,,,,,,,3
2026-07-07 01:18:41,2026-07-07 01:33:27,0,,15,885,0,2026-07-14 01:33:28,R_5D4L9I68d2K5yX7,,,,,,,anonymous,EN,1,P001917,4,4,4,4,4,4,4,4,4,5,4,4,4,4,6,4,4,,,,,,,,,,,,,,,,,,,,,,,,,,,,,,,,,,,,,,,,,,,,,,,,,,,,,,,,,,,,,,,,,,,,,,,,,,,,,,,,,,,,,,,,,,,,,,,,,,,,,,,,,,,,,,
2026-07-07 02:31:00,2026-07-07 02:34:20,0,,1,199,0,2026-07-14 02:34:24,R_1DLJdcILv99qAmg,,,,,,,anonymous,EN,1,,,,,,,,,,,,,,,,,,,,,,,,,,,,,,,,,,,,,,,,,,,,,,,,,,,,,,,,,,,,,,,,,,,,,,,,,,,,,,,,,,,,,,,,,,,,,,,,,,,,,,,,,,,,,,,,,,,,,,,,,,,,,,,,
2026-07-07 02:47:38,2026-07-07 02:49:24,0,,15,105,0,2026-07-14 02:49:29,R_3mIUwyjrqFmFppg,,,,,,,anonymous,EN,0.800000011920929,P000038,6,6,5,6,6,5,5,5,5,5,5,6,6,5,6,5,6,,,,,,,,,,,,,,,,,,,,,,,,,,,,,,,,,,,,,,,,,,,,,,,,,,,,,,,,,,,,,,,,,,,,,,,,,,,,,,,,,,,,,,,,,,,,,,,,,,,,,,,,,,,,,,
2026-07-07 02:20:11,2026-07-07 03:14:04,0,,15,3233,0,2026-07-14 03:14:13,R_3lDKaiim6EOTycV,,,,,,,anonymous,EN,1,P001554,4,6,6,6,6,6,5,6,3,3,6,5,3,3,6,3,7,,,,,,,,,,,,,,,,,,,,,,,,,,,,,,,,,,,,,,,,,,,,,,,,,,,,,,,,,,,,,,,,,,,,,,,,,,,,,,,,,,,,,,,,,,,,,,,,,,,,,,,,,,,,,,
2026-07-07 02:58:41,2026-07-07 03:42:00,0,,87,2599,0,2026-07-14 03:43:05,R_32rp2TpfXVrDqjy,,,,,,,anonymous,EN,1,P000238,7,7,7,7,7,7,7,7,7,7,7,7,5,7,7,7,7,1,2,3,4,"The question was asked, what are the reasons for punishment, not do they get rehabilitated. So, I put rehabilitation last. I also put rehabilitation last, because not all criminals are at a stage of repentance where they let themselves be fully rehabilitated to repent and not do the crimes again. So, since we cannot know if and when someone will fully be rehabilitated, that cannot be a main reason for imprisonment. The main reasons for imprisonment need to first be that they deserve to be punished, it helps deter others from committing crimes, and it makes society safer. However, prisons do need much stronger and more varied prison rehabilitation programs.",5,1,5,6,1,2,2,4,9,4,4,1,2,7,1,1,6,6,6,1,3,5,7,5,5,5,7,7,4,6,7,1,4,2,2,1,7,7,2,2,2,1,7,6,6,6,7,4,7,7,7,7,7,4,6,4,4,7,1,6,5,2,2,4,5,2,4,6,7,1,2,2,2,7,5,5,6,5,5,47,,,,,,,,,50,,,,,,,,,,,,,,,,3
2026-07-06 19:50:01,2026-07-07 04:46:18,0,,45,32177,0,2026-07-14 04:46:25,R_3HoP0FwpT52DfUl,,,,,,,anonymous,EN,1,P000278,7,7,7,7,7,7,7,7,7,7,7,7,3,5,6,3,7,1,3,2,4,"Criminals should be punished for the crime they committed, once behind bars they can not commit other crimes, the hope is that it deters other criminals and hopefully there is some form of rehabilitation in prison. ",2,7,1,1,4,1,6,4,9,4,3,3,6,6,3,3,5,5,4,4,6,5,6,3,2,4,5,6,4,3,7,5,4,4,5,2,6,6,3,4,4,,,,,,,,,,,,,,,,,,,,,,,,,,,,,,,,,,,,,,,,,,,,,,,,,,,,,,,,,,,,,,,,
2026-07-07 05:03:47,2026-07-07 05:06:41,0,,3,174,0,2026-07-14 05:06:42,R_7fejYpYKPDMnpgu,,,,,,,anonymous,EN,1,P001764,,,,,,,,,,,,,,,,,,,,,,,,,,,,,,,,,,,,,,,,,,,,,,,,,,,,,,,,,,,,,,,,,,,,,,,,,,,,,,,,,,,,,,,,,,,,,,,,,,,,,,,,,,,,,,,,,,,,,,,,,,,,,,,
2026-07-07 05:06:11,2026-07-07 05:20:16,0,,41,844,0,2026-07-14 05:20:20,R_577LmH3OsHsBXlD,,,,,,,anonymous,EN,0.8999999761581421,P001570,5,5,5,5,5,5,5,5,5,5,5,5,6,6,5,6,5,4,3,2,1,"The rehabilitation of them should help them become better, while they are there it prevents them from continuing wrong, shows and re-enforces to others what is wrong and consequences, and they are held accountable.",4,4,3,4,4,4,6,4,9,5,5,4,4,5,4,3,5,4,4,4,5,3,5,4,4,3,5,5,4,4,4,4,4,4,4,1,,,,,,,,,,,,,,,,,,,,,,,,,,,,,,,,,,,,,,,,,,,,,,,,,,,,,,,,,,,,,,,,,,,,,
2026-07-07 06:43:39,2026-07-07 06:49:32,0,,15,352,0,2026-07-14 06:49:34,R_3oMaceWIB9AZmEh,,,,,,,anonymous,EN,1,P000408,7,7,7,7,7,7,7,4,7,4,7,7,4,4,4,4,7,,,,,,,,,,,,,,,,,,,,,,,,,,,,,,,,,,,,,,,,,,,,,,,,,,,,,,,,,,,,,,,,,,,,,,,,,,,,,,,,,,,,,,,,,,,,,,,,,,,,,,,,,,,,,,
2026-07-07 05:24:38,2026-07-07 07:08:13,0,,84,6214,0,2026-07-14 07:08:14,R_62LYKXqpkvorVKW,,,,,,,anonymous,EN,1,P001696,7,7,7,7,7,7,7,7,7,7,7,7,7,7,7,7,7,1,2,4,3,Because it just seems to be how it works.,7,5,2,7,1,1,7,1,9,7,6,6,6,7,7,3,6,2,5,1,5,6,2,5,7,5,1,7,4,1,4,1,4,1,1,1,7,7,7,1,1,5,3,5,7,7,5,6,7,6,6,6,6,2,4,6,7,5,3,5,6,6,5,5,7,2,3,7,5,6,6,5,5,2,1,6,7,10,100,34,,,,,,,,,,,,,,,,,,,,,,,,,1
2026-07-07 07:29:38,2026-07-07 08:22:55,0,,59,3196,0,2026-07-14 08:22:56,R_1hkbljTQGKZAbgl,,,,,,,anonymous,EN,1,P000736,4,4,2,3,4,4,4,2,4,3,5,4,1,2,4,3,4,2,3,4,1,THEY DONT GET REHABILITATED BUT THEY SHOULD. ZTHE SYSTEM IS BAD AND THEY JUST COMMIT MORE CRIMES,3,2,3,4,4,2,4,1,9,3,2,4,4,4,4,3,4,3,4,3,3,4,3,5,6,6,4,3,4,3,4,2,4,3,3,2,5,5,4,3,3,3,4,3,4,4,6,3,3,3,3,6,5,4,4,3,4,4,5,4,4,,,,,,,,,,,,,,,,,,,,,,,,,,,,,,,,,,,,,,,,,,,,
2026-07-07 08:28:03,2026-07-07 08:35:03,0,,3,420,0,2026-07-14 08:35:04,R_13VwIZmN8KsrlWe,,,,,,,anonymous,EN,1,P000992,,,,,,,,,,,,,,,,,,,,,,,,,,,,,,,,,,,,,,,,,,,,,,,,,,,,,,,,,,,,,,,,,,,,,,,,,,,,,,,,,,,,,,,,,,,,,,,,,,,,,,,,,,,,,,,,,,,,,,,,,,,,,,,
2026-07-07 08:41:39,2026-07-07 08:47:38,0,,15,358,0,2026-07-14 08:47:38,R_6MgReOLVNxNCUyw,,,,,,,anonymous,EN,1,P000974,6,6,5,6,6,6,4,5,5,6,6,6,2,2,6,4,6,,,,,,,,,,,,,,,,,,,,,,,,,,,,,,,,,,,,,,,,,,,,,,,,,,,,,,,,,,,,,,,,,,,,,,,,,,,,,,,,,,,,,,,,,,,,,,,,,,,,,,,,,,,,,,
2026-07-14 16:52:34,2026-07-14 17:35:13,0,,100,2558,1,2026-07-14 17:35:13,R_71ACGQMeQ1mqFAW,,,,,,,anonymous,EN,1,P001633,1,1,2,2,1,2,1,1,2,1,2,2,4,4,3,4,1,3,1,2,4,"We have seen crime dramatically increase over the years as accountability and consequences decrease. It has gotten to the point that the criminals have more rights than law abiding citizens in some areas of the country. The less punishment over the years, the more crime, including violent crime.",2,6,2,4,6,3,6,6,9,2,2,5,7,7,2,1,5,6,2,4,4,1,7,4,1,3,7,7,4,5,7,3,2,6,6,2,7,6,4,5,5,2,1,4,5,7,5,5,3,5,6,5,5,4,5,5,2,5,4,6,7,2,1,6,7,7,7,1,7,6,4,2,2,2,6,6,1,5,5,47,,,,,45,20,"I don't believe that justice is done or someone should be relieved of responsibility just because someone gets ill. Older people have been diagnosed with illnesses and they are starting to let people out just because they are ""old"". I believe the is a miscarriage of justice. He still needs to serve significant time for the murder he committed. A reduced sentence may be acceptable though, considering is lack of mobility and age at the time of the crime. Just because someone is paralyzed does not mean they are no longer a threat to others. There are many devastating crimes that inflict long-lasting pain to others that do not involve physical violence.","Provide justice for the victim and their family and act as a deterrent to others who behave in the same way. ",,,,,1,7,1,59,2,1,6,6,2,3,1,I have none.,2
2026-07-07 17:21:39,2026-07-07 18:05:16,0,,92,2617,0,2026-07-14 18:05:19,R_3jfUney9DNRsNOx,,,,,,,anonymous,EN,1,P001906,7,7,7,7,7,7,7,7,7,7,7,7,4,4,7,6,5,1,2,3,4,I think people should be held accountable for their actions.  Punishment also protects others and can discourage crime.,1,4,1,1,7,1,7,7,9,1,7,7,7,7,1,1,7,7,4,7,5,1,7,5,1,5,7,7,4,7,7,1,4,1,1,1,7,7,5,7,4,4,1,6,6,7,5,6,2,4,7,6,6,7,5,7,7,7,1,7,7,1,1,7,7,1,1,7,7,7,7,7,7,5,6,5,6,5,5,47,25,25,"He is still responsible for the victim's death, so I think 25 years is fair.",The victim deserves justice.,,,,,,,,,1,4,1,,,,,,,,,,1
2026-07-17 13:22:28,2026-07-17 13:46:08,0,,100,1419,1,2026-07-17 13:46:09,R_6QHJ482VWkdYeAN,,,,,,,anonymous,EN,1,P000287,5,4,4,3,4,2,5,5,5,5,3,5,3,6,3,4,5,3,1,2,4,"Prisoners are not really rehabilitated in prison. They only fear being sent back to prison. Locking up criminals is costly, and society would benefit if non-violent criminals could work in a non-profit setting to better society. Punishment is a deterrent. ",6,2,4,6,3,1,4,1,9,1,2,1,2,5,1,5,2,2,4,1,2,4,2,5,6,6,2,1,4,2,7,1,4,2,1,1,5,2,2,3,3,2,4,2,4,4,7,4,3,2,4,5,5,3,5,2,2,1,6,2,1,1,1,7,7,2,1,7,7,1,1,1,1,7,1,1,6,5,100,12,,,,,,,,,25,10,"There really is no point to imprisonment if Darryl isn't a threat to society, except to help Frankie's family obtain some level of justice. So, I would lower his sentence but still give him prison time.","I would hope Frankie's family would obtain some feeling of justice. If they asked that Darryl receive less of a sentence, I would agree with them.",2,1,1,69,2,1,6,2,1,3,2,,3
2026-07-17 16:34:03,2026-07-17 16:54:18,0,,100,1215,1,2026-07-17 16:54:19,R_5PH7rUihm71cYYx,,,,,,,anonymous,EN,1,P000588,7,6,6,7,7,6,4,7,7,7,5,7,1,4,5,4,6,1,3,2,4,These are my personal beliefs based on my opinions I have obtained throughout my life.,1,6,1,1,6,4,7,7,9,1,1,2,7,7,1,1,4,7,5,1,1,2,7,4,1,1,4,7,4,3,7,7,3,4,1,1,7,7,5,4,4,5,1,4,5,4,2,6,4,1,7,1,4,6,2,6,1,1,7,7,6,4,1,7,7,5,4,2,4,1,5,5,5,1,7,7,1,2,100,24,50,50,"Killing another human is never justified. If someone kills another, they should receive the maximum time for taking someone elses life.",making sure these types of criminals are brought to justice.,,,,,,,,,1,7,1,48,2,4,2,7,2,1,1,I enjoyed giving my opinions on these topics and hope my opinions will be seen.,1
2026-07-18 09:44:39,2026-07-18 10:08:00,0,,100,1400,1,2026-07-18 10:08:00,R_5HpiFimDL33fAsu,,,,,,,anonymous,EN,1,P001485,5,5,4,5,5,5,5,5,5,6,5,5,5,5,4,4,5,2,3,1,4,just my thoughts no logical reasons.,2,5,3,5,4,2,3,5,9,3,5,5,5,5,5,4,4,3,4,2,2,4,3,5,5,4,4,4,4,2,7,2,2,2,3,2,4,6,3,4,4,4,4,4,4,5,3,5,3,5,5,4,5,4,3,5,3,4,5,4,5,1,1,4,6,4,1,4,6,4,4,4,2,1,1,1,1,10,5,47,,,,,50,50,"he took a life .. that he repeatedly abused ... this was no accident. ",i am the parent.. i want max punishment.,,,,,1,5,1,55,1,2,6,6,2,1,2,,2
2026-07-23 01:55:08,2026-07-23 02:15:14,0,,100,1205,1,2026-07-23 02:15:15,R_6dTr5Fq5DmNM1MN,,,,,,,anonymous,EN,1,P001040,7,7,5,7,7,7,4,7,4,7,7,7,4,6,7,6,7,1,2,3,4,"I mean first of all there needs to be justice so one needs to be punished, which demonstrates to everyone else we don't condone such behaviors and its also to make sure they do not commit such crimes again. At last is rehabilitation, trying to make sure they do not repeat it when they finally get out. That should not come before the others. ",4,1,1,7,4,4,3,4,9,7,7,4,7,7,3,1,7,7,7,1,6,1,6,5,4,4,6,5,4,1,7,1,4,1,1,1,7,3,4,1,1,1,1,4,1,2,7,7,4,1,4,4,7,1,7,1,1,4,3,7,7,4,1,7,7,1,1,7,7,4,5,1,1,7,4,7,7,5,5,47,,,,,,,,,25,10,"Its a serious crime but his condition reduces the need for a longer punishment. ","I hope it provides accountability, justice for the victim and a chance for rehabilitation. ",1,7,1,56,1,4,6,5,2,3,2,,3
