StartDate,EndDate,Status,IPAddress,Progress,Duration (in seconds),Finished,RecordedDate,ResponseId,RecipientLastName,RecipientFirstName,RecipientEmail,ExternalReference,LocationLatitude,LocationLongitude,DistributionChannel,UserLanguage,Q_RecaptchaScore,Prolific_ID,Retribution_1,Retribution_2,Retribution_3,Retribution_4,Retribution_5,Retribution_6,Retribution_7,Deterrence_1,Deterrence_2,Deterrence_3,Incapacitation_1,Incapacitation_2,Rehabilitation_1,Rehabilitation_2,Solidarity_1,Solidarity_2,Solidarity_3,Prioritization_1,Prioritization_2,Prioritization_3,Prioritization_4,Priorit_Explain,punishmore_1,punishmore_2,parsimony_1,parsimony_2,threestrikes_1,threestrikes_2,LWOP,deathpenalty,AttnCheck1,revenge_1,revenge_2,revenge_3,revenge_4,proportionality,severity_1,severity_2,exclusion_1,exclusion_2,exclusion_3,essential_1,essential_2,essential_3,essential_4,Society_1,Society_2,Society_3,choice_1,choice_2,AttnCheck2,dueprocess_1,dueprocess_2,dueprocess_3,uncertain_1,uncertain_2,uncertain_3,uncertain_4,rates_1,rates_2,fear_1,fear_2,fear_3,hate_1,hate_2,hate_3,anger_1,anger_2,degrad_1,degrad_2,degrad_3,suffer_1,suffer_2,prisonvi_1,prisonvi_2,harsh_1,harsh_2,harsh_3,rwa_1,rwa_2,rwa_3,rwa_4,rwa_5,sdo_1,sdo_2,sdo_3,sdo_4,sdo_5,sdo_6,sdo_7,sdo_8,vprone_1,vprone_2,vprone_3,vprone_4,Raceresent_1,Raceresent_2,Raceresent_3,Raceresent_4,CRT_1_1,CRT_2_1,CRT_3_1,Sentence1_V1_1,Sentence2_V1_1,Sentence_OpenEnd1_V1,Sentence_OpenEnd2_V1,Sentence1_V2_1,Sentence2_V2_1,Sentence_OpenEnd1_V2,Sentence_OpenEnd2_V2,Sentence1_V3_1,Sentence2_V3_1,Sentence_OpenEnd1_V3,Sentence_OpenEnd2_V3,Shark_1,Shark_2,Shark_3,age_1,gender,race,education,lib/conserv,PoliticalID,leanPros_1,leanPros_2,feedback,Vignette
Start Date,End Date,Response Type,IP Address,Progress,Duration (in seconds),Finished,Recorded Date,Response ID,Recipient Last Name,Recipient First Name,Recipient Email,External Data Reference,Location Latitude,Location Longitude,Distribution Channel,User Language,Q_RecaptchaScore,Please enter your Prolific ID here:,Society has a moral right to punish criminals,Justice requires that crimes be punished,Justice is restored when criminals are punished,Punishment is justified because criminals deserve to be punished,The state has a duty to punish its criminals,Criminal punishment is a good way to get criminals to repay their debt to society,Punishment negates the unfair advantage that criminals gain over law-abiding citizens,Punishment is justified because it deters others from committing crimes,Punishment makes it clear that crime does not pay,"Without a serious threat of punishment, crime rates would skyrocket",Society is safest when criminals are locked behind bars,Imprisonment is justified because it removes criminals off the streets,Imprisonment is justified because it prepares prisoners for their eventual release back into society,Prison programs can make prisoners become productive members of society,Removing criminals from society helps society cleanse itself,Punishing criminals brings the law-abiding society closer together,Punishing criminals expresses society's norms,"Please read the list of four reasons that are often used to justify criminal punishment:

 

	Criminals deserve to be punished
	Punishment deters others from committing crimes
	While they are locked up, prisoners cannot commit other crimes 
	Prisoners get rehabilitated in prison



Please rank (drag to rank the position) how you prioritize these reasons in descending order (rank the best reason first and the weakest reason last). 



My ranked order of reasons for punishment is -- - Criminals deserve to be punished","Please read the list of four reasons that are often used to justify criminal punishment:

 

	Criminals deserve to be punished
	Punishment deters others from committing crimes
	While they are locked up, prisoners cannot commit other crimes 
	Prisoners get rehabilitated in prison



Please rank (drag to rank the position) how you prioritize these reasons in descending order (rank the best reason first and the weakest reason last). 



My ranked order of reasons for punishment is -- - Punishment deters others from committing crimes","Please read the list of four reasons that are often used to justify criminal punishment:

 

	Criminals deserve to be punished
	Punishment deters others from committing crimes
	While they are locked up, prisoners cannot commit other crimes 
	Prisoners get rehabilitated in prison



Please rank (drag to rank the position) how you prioritize these reasons in descending order (rank the best reason first and the weakest reason last). 



My ranked order of reasons for punishment is -- - While they are locked up, prisoners cannot commit other crimes","Please read the list of four reasons that are often used to justify criminal punishment:

 

	Criminals deserve to be punished
	Punishment deters others from committing crimes
	While they are locked up, prisoners cannot commit other crimes 
	Prisoners get rehabilitated in prison



Please rank (drag to rank the position) how you prioritize these reasons in descending order (rank the best reason first and the weakest reason last). 



My ranked order of reasons for punishment is -- - Prisoners get rehabilitated in prison",Please explain why you ranked the reasons for punishment in that order,The current level of punishment in the United States is too high.,The solution to crime is more punishment.,Criminal punishments should be as light as possible.,The state should not punish more than is absolutely necessary.,People convicted three times for a felony should be imprisoned for life.,People convicted three times for shoplifting should serve at least 25 years in prison.,Convicted murderers should never be allowed out of prison.,How much do you support or oppose the use of the death penalty to punish people convicted of first-degree murder?,"To make sure that the experiment is running correctly, please select the ""strongly agree"" option.",Society has the right to take revenge on criminal offenders.,Society should punish to get back at criminal offenders.,A father should not be prosecuted for killing the man who sexually assaulted his 9-year old daughter.,"Rather than showing criminals so much tolerance, we should be punishing them more severely.","Punishment should be proportionate to the severity of the crime, no more and no less.",Punishment should be greater than the seriousness of the crime.,Punishment should be less severe than the harmfulness of the crime.,"By breaking society’s laws, criminals exclude themselves from membership in society.","Having chosen to break the law, criminals do not deserve to enjoy the benefits that society provides its members.",Punishment communicates to criminals that they have no place in society.,"Once a criminal, always a criminal.",The people who commit crimes do so because criminal behavior is in their nature.,The people who commit crimes do so because of their tough life circumstances.,Criminals have only themselves to blame for their punishment.,"When a person breaks the law, it is not just a personal failure but also society's failure",The state should take better care of people so that they will choose not to commit crimes,"Society should embrace all of its members, including those who break its laws",People sitting in prison are there because they chose to live a life of crime.,Committing a crime is always a choice.,What is 8+7 equal to?,The legal system’s loopholes and technicalities makes it too difficult to convict criminals for their crimes.,"No matter how abhorrent the crime is, every defendant deserves the protection of due process of law.",People charged with committing violent crimes should be convicted even if police investigators cut some corners.,Jailhouse informants can be trusted when they testify that a cell-mate had confessed to committing a crime.,"Generally, the police make an arrest only when they are sure who committed the crime.","When it is the suspect’s word against the police officer’s word, we should believe the police.","If police officers know that a defendant is guilty, it is okay for them to lie when testifying in court to help obtain a conviction.",How serious is the problem of crime in the United States?,Do you feel that violent crime just keeps Rising?,How safe do you feel walking at night in the vicinity of your home?,How much do you fear that you will be a victim of a serious crime?,How much do you fear that someone will break into your home in the next 12 months?,I feel hatred towards criminals.,I am sympathetic towards criminals.,I feel that criminals are detestable human beings.,I feel anger towards criminals.,The crime problem makes me feel angry.,"Regardless of their wrongdoing, prisoners deserve to be treated with dignity and respect.",Punishment communicates to criminals that society has low regard for them.,Punishment should humiliate the criminal.,Infliction of suffering is a permissible goal of criminal punishment.,Punishment without suffering is not punishment.,I feel bad when a prisoner is assaulted in prison.,Sexual assault of prisoners is a serious societal problem.,The conditions in prisons should be extremely harsh.,Prisoners deserve decent living conditions.,Our prisons are too comfortable.,"What our country needs most is discipline, with everyone following our leaders in unity.","God’s laws about abortion, pornography, and marriage must be strictly followed before it is too late.",There is nothing wrong with premarital sexual intercourse.,Our society needs tougher government and stricter laws.,"To preserve law and order, we should crack down harder on troublemakers.",An ideal society requires some groups to be on top and others to be on the bottom.,Some groups of people are simply inferior to other groups.,No one group should dominate in society.,Groups at the bottom of the social order are just as deserving as groups at the top.,Group equality should not be our primary goal.,It is unjust to try to make groups equal.,We should do what we can to equalize conditions for different social groups.,We should work to give all groups an equal chance to succeed.,A person has the right to kill to defend their property.,Physical punishment is necessary for raising children.,There is nothing wrong in torturing terrorists to obtain information about the threat they may pose to society.,"Imagine that the United States is at war with a foreign country.



After months of heavy losses, the US ground invasion has ground to a halt, with experts estimating an additional 20,000 US military fatalities. One suggestion to end the war is to drop a nuclear weapon on the enemy’s capital, which could kill up to 200,000 civilians.



To what extent do you agree with dropping the nuclear weapon on the enemy's capitol?",Generations of slavery and discrimination have created conditions that make it difficult for blacks to work their way out of the lower class.,It’s really a matter of some people not trying hard enough; if Blacks would only try harder they could be as well off as Whites.,"Irish, Italian, Jewish, and many other minorities overcame prejudice and worked their way up. Blacks should do the same without any special favors.","Over the past few years, Blacks have gotten less than they deserve.","A bat and a ball cost $1.10 in total. The bat costs a dollar more than
the ball. How much does the ball cost? 

The ball costs: - cents","If it takes 5 machines 5 minutes to make 5 widgets, how long would it
take 100 machines to make 100 widgets?

It would take: - Minutes","In a lake, there is a patch of lily pads. Every day, the patch doubles in
size. If it takes 48 days for the patch to cover the entire lake, how long would it take for the patch to cover half of the lake?

Covering half of the lake would take: - Minutes","What sentence would you give Darryl Smith for killing Frankie Williams? 

I would sentence Darryl to this number of years in prison:



(for a life sentence, mark 50 years) - Years","What sentence would you give Darryl under these conditions? 

I would sentence Darryl to this number of years in prison:



(for a life sentence, mark 50 years) - Years",Please explain why you recommended this sentence for Darryl.,What do you hope this sentence will accomplish?,"What sentence would you give Darryl Smith for killing Frankie Williams? 

I would sentence Darryl to this number of years in prison:



(for a life sentence, mark 50 years) - Years","What sentence would you give Darryl under these conditions? 

I would sentence Darryl to this number of years in prison:



(for a life sentence, mark 50 years) - Years",Please explain why you recommended this sentence for Darryl.,What do you hope this sentence will accomplish?,"What sentence would you give Darryl Smith for killing Frankie Williams? 

I would sentence Darryl to this number of years in prison:



(for a life sentence, mark 50 years) - Years","What sentence would you give Darryl under these conditions? 

I would sentence Darryl to this number of years in prison:



(for a life sentence, mark 50 years) - Years",Please explain why you recommended this sentence for Darryl.,What do you hope this sentence will accomplish?,"At dusk one evening, Melissa, a 10-year old star gymnast, was swimming with her family at a popular beach. The beach was known to be very safe for swimmers even though it was fairly close to a breeding grounds for a particular breed of sharks. Without warning, Melissa was attacked by a large shark and was severely bitten in her abdomen and neck. Within minutes of the attack, Melissa was dead. 

Two days later, local fishermen found a live shark whose fin was tangled in their net. The shark was believed to be of the same species as the one that killed Melissa. The authorities must now decide what to do with the captured shark. 


Do you support putting the shark to death?",How confident are you in your response?,"Assuming that the authorities decided to put the shark to death, how painful should the death be?",What is your age? - Years,What is your gender?,What is your race/ethnicity?,What is your level of education?,Do you describe yourself as more liberal or more conservative?,"How do you describe yourself politically? 

I identify mostly as a:","When you think of a criminal trial in real life, with whom do you identify more?

 

I identify more with (mark one):","Imagine that you worked as a lawyer in the criminal justice system. Which role would you rather serve?

 

I would rather work as a (mark one):","But before you submit your response, we would appreciate it if you were willing to share any comments or suggestions regarding this study.",Vignette
"{""ImportId"":""startDate"",""timeZone"":""America/Denver""}","{""ImportId"":""endDate"",""timeZone"":""America/Denver""}","{""ImportId"":""status""}","{""ImportId"":""ipAddress""}","{""ImportId"":""progress""}","{""ImportId"":""duration""}","{""ImportId"":""finished""}","{""ImportId"":""recordedDate"",""timeZone"":""America/Denver""}","{""ImportId"":""_recordId""}","{""ImportId"":""recipientLastName""}","{""ImportId"":""recipientFirstName""}","{""ImportId"":""recipientEmail""}","{""ImportId"":""externalDataReference""}","{""ImportId"":""locationLatitude""}","{""ImportId"":""locationLongitude""}","{""ImportId"":""distributionChannel""}","{""ImportId"":""userLanguage""}","{""ImportId"":""Q_RecaptchaScore""}","{""ImportId"":""QID335_TEXT""}","{""ImportId"":""QID363""}","{""ImportId"":""QID366""}","{""ImportId"":""QID365""}","{""ImportId"":""QID364""}","{""ImportId"":""QID390""}","{""ImportId"":""QID401""}","{""ImportId"":""QID403""}","{""ImportId"":""QID368""}","{""ImportId"":""QID369""}","{""ImportId"":""QID370""}","{""ImportId"":""QID374""}","{""ImportId"":""QID375""}","{""ImportId"":""QID376""}","{""ImportId"":""QID377""}","{""ImportId"":""QID371""}","{""ImportId"":""QID372""}","{""ImportId"":""QID373""}","{""ImportId"":""QID367_1""}","{""ImportId"":""QID367_2""}","{""ImportId"":""QID367_3""}","{""ImportId"":""QID367_4""}","{""ImportId"":""QID407_TEXT""}","{""ImportId"":""QID21""}","{""ImportId"":""QID22""}","{""ImportId"":""QID14""}","{""ImportId"":""QID15""}","{""ImportId"":""QID16""}","{""ImportId"":""QID17""}","{""ImportId"":""QID24""}","{""ImportId"":""QID25""}","{""ImportId"":""QID336""}","{""ImportId"":""QID340""}","{""ImportId"":""QID341""}","{""ImportId"":""QID342""}","{""ImportId"":""QID343""}","{""ImportId"":""QID344""}","{""ImportId"":""QID345""}","{""ImportId"":""QID346""}","{""ImportId"":""QID78""}","{""ImportId"":""QID79""}","{""ImportId"":""QID81""}","{""ImportId"":""QID357""}","{""ImportId"":""QID358""}","{""ImportId"":""QID359""}","{""ImportId"":""QID360""}","{""ImportId"":""QID381""}","{""ImportId"":""QID382""}","{""ImportId"":""QID383""}","{""ImportId"":""QID361""}","{""ImportId"":""QID362""}","{""ImportId"":""QID337""}","{""ImportId"":""QID57""}","{""ImportId"":""QID58""}","{""ImportId"":""QID59""}","{""ImportId"":""QID61""}","{""ImportId"":""QID62""}","{""ImportId"":""QID63""}","{""ImportId"":""QID60""}","{""ImportId"":""QID64""}","{""ImportId"":""QID65""}","{""ImportId"":""QID147""}","{""ImportId"":""QID148""}","{""ImportId"":""QID149""}","{""ImportId"":""QID71""}","{""ImportId"":""QID72""}","{""ImportId"":""QID73""}","{""ImportId"":""QID74""}","{""ImportId"":""QID75""}","{""ImportId"":""QID82""}","{""ImportId"":""QID83""}","{""ImportId"":""QID84""}","{""ImportId"":""QID85""}","{""ImportId"":""QID86""}","{""ImportId"":""QID87""}","{""ImportId"":""QID88""}","{""ImportId"":""QID89""}","{""ImportId"":""QID90""}","{""ImportId"":""QID91""}","{""ImportId"":""QID150""}","{""ImportId"":""QID97""}","{""ImportId"":""QID96""}","{""ImportId"":""QID95""}","{""ImportId"":""QID94""}","{""ImportId"":""QID200""}","{""ImportId"":""QID201""}","{""ImportId"":""QID202""}","{""ImportId"":""QID203""}","{""ImportId"":""QID204""}","{""ImportId"":""QID205""}","{""ImportId"":""QID206""}","{""ImportId"":""QID207""}","{""ImportId"":""QID269""}","{""ImportId"":""QID270""}","{""ImportId"":""QID271""}","{""ImportId"":""QID272""}","{""ImportId"":""QID301""}","{""ImportId"":""QID302""}","{""ImportId"":""QID303""}","{""ImportId"":""QID304""}","{""ImportId"":""QID394_1""}","{""ImportId"":""QID395_1""}","{""ImportId"":""QID396_1""}","{""ImportId"":""QID142_1""}","{""ImportId"":""QID406_1""}","{""ImportId"":""QID192_TEXT""}","{""ImportId"":""QID193_TEXT""}","{""ImportId"":""QID414_1""}","{""ImportId"":""QID416_1""}","{""ImportId"":""QID417_TEXT""}","{""ImportId"":""QID418_TEXT""}","{""ImportId"":""QID425_1""}","{""ImportId"":""QID427_1""}","{""ImportId"":""QID428_TEXT""}","{""ImportId"":""QID429_TEXT""}","{""ImportId"":""QID387""}","{""ImportId"":""QID388""}","{""ImportId"":""QID391""}","{""ImportId"":""QID11_1""}","{""ImportId"":""QID12""}","{""ImportId"":""QID13""}","{""ImportId"":""QID40""}","{""ImportId"":""QID9""}","{""ImportId"":""QID397""}","{""ImportId"":""QID399""}","{""ImportId"":""QID400""}","{""ImportId"":""QID4_TEXT""}","{""ImportId"":""Vignette""}"
2026-07-02 12:11:33,2026-07-02 12:19:44,0,,100,490,1,2026-07-02 12:19:45,R_6zFmDHUnWzyvmXD,,,,,,,anonymous,EN,1,P000423,1,1,1,1,1,1,1,1,1,1,1,1,4,7,1,1,1,3,2,4,1,you made me choose from just these 3 choices,7,1,7,7,1,1,1,1,9,1,1,1,1,4,1,7,1,1,1,1,1,7,1,7,7,7,1,1,4,1,7,1,1,1,1,1,1,1,7,1,1,1,7,1,1,1,7,4,1,1,1,7,7,1,7,1,1,1,7,1,1,1,1,7,7,1,1,7,7,1,1,1,1,7,1,1,7,1,5,47,,,,,20,0,He can't do anything now,I don't think about accomplishments,,,,,2,7,1,65,1,1,6,1,1,2,2,,2
2026-07-02 12:11:49,2026-07-02 12:19:45,0,,100,475,1,2026-07-02 12:19:45,R_6EKM6PN9xTmWMV0,,,,,,,anonymous,EN,0.6000000238418579,P000454,4,4,4,4,4,4,4,4,4,4,4,4,1,7,4,4,4,4,2,3,1,"I am hopeful that we can move from a carceral state to one of accountability, rehabilitation, and common sense restrictions and limitations on those who commit dangerous crimes",7,1,1,7,4,1,7,1,9,4,1,6,1,7,1,1,4,4,7,4,4,4,3,5,7,4,4,5,4,1,7,1,1,1,1,1,5,4,6,2,2,5,3,4,5,4,5,4,4,4,4,6,7,1,6,1,1,1,7,1,1,1,1,7,7,1,1,7,7,1,1,4,1,7,1,1,7,5,100,24,50,50,he still chose to commit that crime the way he did,"make him miserable for the rest of his life because he stole a woman's life for no good reason ",,,,,,,,,1,7,1,35,2,1,6,1,1,3,3,,1
2026-07-02 12:08:59,2026-07-02 12:21:10,0,,100,731,1,2026-07-02 12:21:11,R_5IY8U2LsOKs3MYZ,,,,,,,anonymous,EN,1,P001422,6,6,4,6,6,4,5,6,6,6,6,6,2,4,6,6,6,3,1,2,4,"1 if people know they will be punished they may think twice.  If they are locked up they can't commit crimes, If they do the crime they deserve the punishment.  I don't believe rehabilitation works in most cases.",3,4,1,2,4,1,6,6,9,6,4,7,6,7,4,2,6,2,3,4,4,2,5,5,4,2,2,3,4,5,5,5,2,2,4,1,5,5,5,3,3,4,2,4,5,2,2,6,2,4,4,4,5,4,4,4,4,5,6,4,6,1,1,6,6,4,4,4,6,4,1,5,1,2,4,5,4,10,5,24,,,,,,,,,50,50,it was premeditated,"he took a life viciously and knowingly - this sentence needs to be across the board - and all over the fact he wanted to steal cars.  ",1,7,1,63,2,1,3,6,2,3,1,,3
2026-07-02 12:11:44,2026-07-02 12:22:13,0,,100,629,1,2026-07-02 12:22:14,R_3oqysjixGy9AoFj,,,,,,,anonymous,EN,1,P001407,4,5,4,4,5,5,2,4,2,4,3,5,1,3,2,3,4,2,3,1,4,I do think that crimes should be punished and certainly violent crimes deserve prison.  I do think that we need to work better to rehabilitate prisoners while they are in prison and make sure that they make better choices when they are released.  I don't think what we do now helps anyone.,6,1,4,5,2,3,2,1,9,1,3,2,2,5,3,4,1,3,3,1,2,5,1,6,7,5,2,3,4,1,7,1,5,1,2,1,3,2,7,3,2,1,5,1,1,1,7,1,1,1,3,5,6,1,7,1,1,1,6,2,2,1,1,7,7,1,1,7,7,2,1,1,1,7,1,1,7,10,100,24,,,,,,,,,40,5,"If Darryl can no longer care for himself in a normal fashion, he needs to be moved to a place where he can be helped","I hope that he will be treated with compassion, which he didn't show for the victim.",1,7,1,45,2,1,4,1,1,3,3,,3
2026-07-02 12:11:42,2026-07-02 12:22:27,0,,100,644,1,2026-07-02 12:22:28,R_1iyTntLbOmxMPIJ,,,,,,,anonymous,EN,1,P001064,4,4,4,4,4,4,4,4,4,3,3,4,4,4,4,4,4,4,2,3,1,Rehabilitation is the best reason to put criminals in prison because it's less tortorous and inhumane and makes the prisoners better members of society.,7,2,4,6,2,1,4,1,9,3,3,4,2,4,1,4,2,2,2,2,2,7,2,7,7,6,2,3,4,2,7,1,1,7,1,1,2,2,6,2,2,2,3,2,2,2,7,6,1,1,2,5,6,1,6,1,1,1,7,1,1,1,1,7,7,1,1,7,7,3,1,1,1,7,1,2,7,10,100,24,25,20,He should still face consequences for what he did but his difficulties in life are also a punishment.,He should still reflect on what he did and hope to be a better person.,,,,,,,,,1,6,1,39,1,1,4,1,1,3,3,,1
2026-07-02 12:11:06,2026-07-02 12:22:39,0,,100,692,1,2026-07-02 12:22:40,R_1YExfMDQjZUMW8L,,,,,,,anonymous,EN,1,P001143,6,7,6,6,7,6,4,6,7,7,7,6,5,4,6,5,5,1,3,2,4,"Well it just made sense no? My ranking? ",4,5,4,4,4,4,7,5,9,6,6,6,6,7,4,4,4,4,4,6,4,5,4,4,5,4,5,6,4,4,7,2,5,1,4,1,5,4,4,4,2,4,2,4,4,4,5,4,4,4,4,4,4,4,4,4,4,2,7,2,4,1,1,7,7,1,7,7,7,6,1,6,2,4,4,4,2,10,100,48,,,,,,,,,20,15,Because that's how I feel.,Justice,1,6,1,55,1,1,4,4,3,3,3,,3
2026-07-02 12:10:51,2026-07-02 12:22:44,0,,100,712,1,2026-07-02 12:22:44,R_3l6JGh2Vgfkr4di,,,,,,,anonymous,EN,1,P001836,7,7,7,7,7,7,7,7,7,7,7,7,6,6,7,7,7,2,3,1,4,"The criminals need to get off the streets to protect law abiding citizens most of all. Justice is necessary, therefore punishment of crime is necessarey.",1,6,1,3,5,6,6,6,9,4,4,4,6,6,4,2,6,6,4,3,3,2,5,5,3,4,5,5,4,6,6,6,4,4,5,2,7,6,5,3,4,2,1,1,5,6,6,3,3,5,4,4,6,4,5,4,7,7,1,7,7,4,3,4,4,7,7,1,4,4,4,6,5,3,4,5,3,10,5,24,,,,,25,25,His crime still deserves the punishment even though he has a disease.,It will send a message to others contemplating similar crimes.,,,,,2,7,1,63,2,1,4,7,2,1,1,nothing to comment on,2
2026-07-02 12:10:17,2026-07-02 12:23:02,0,,100,765,1,2026-07-02 12:23:03,R_5DZFKhv3bXw8q1j,,,,,,,anonymous,EN,1,P001943,6,6,6,6,6,6,5,6,6,6,6,6,5,5,5,5,6,2,3,1,4,"From my perspective, protecting citizens from career criminals is the most important reason to incarcerate them.  ",2,6,1,2,7,4,7,5,9,2,3,4,6,3,4,2,5,5,3,3,5,3,5,3,2,3,6,5,4,5,5,3,4,3,5,2,5,4,4,4,4,3,3,4,5,4,5,3,3,4,4,4,5,4,5,5,4,3,5,5,5,4,3,4,4,5,5,3,5,5,3,3,3,3,5,5,3,10,5,24,,,,,50,50,"Despite his age and health problems, he deserves a significant sentence.  ","Punishment for causing Frankie’s death.   ",,,,,1,5,2,56,2,1,4,4,3,1,1,,2
2026-07-02 12:10:06,2026-07-02 12:23:11,0,,100,785,1,2026-07-02 12:23:12,R_1I5h4tFmat7ueoq,,,,,,,anonymous,EN,1,P000254,5,5,5,5,5,6,6,5,6,4,5,5,4,4,4,4,6,1,3,2,4,"Not all punishment acts as a deterrent, but it may help. I am not sure if rehabilitation programs are really effective. Therefore, I put it last.",5,3,4,7,1,1,3,1,9,4,3,4,4,6,4,3,3,3,2,4,4,4,5,4,5,5,5,6,4,4,7,1,3,4,5,1,4,4,7,3,1,3,4,4,3,3,7,5,2,3,4,6,4,3,6,4,1,1,4,3,2,4,4,5,4,3,6,7,7,4,1,1,1,5,5,5,4,1,5,47,20,5,"He is no longer a threat to society, and while in prison, he will cost tax payers money for his medical bills, etc.","It would still be a punishment, but someone so young and sick should not get a life sentence.",,,,,,,,,1,6,1,65,2,1,6,4,1,3,3,,1
2026-07-02 12:10:06,2026-07-02 12:23:14,0,,100,788,1,2026-07-02 12:23:15,R_5OiRx59rM96Yg1P,,,,,,,anonymous,EN,1,P001124,6,6,5,7,6,4,6,7,7,7,7,7,3,6,5,5,6,1,3,2,4,"If there is no threat of punishment, then people will commit crimes all the time. And if you do something like hurt someone, you need to be punished. ",5,3,2,5,5,1,6,6,9,3,5,5,3,6,3,2,5,6,5,3,3,5,6,3,6,4,5,5,4,5,6,6,3,5,3,2,5,5,7,5,3,4,2,5,5,5,5,3,3,3,3,3,5,5,4,3,4,3,7,2,5,3,3,6,5,3,2,5,6,5,3,5,2,3,5,5,3,10,5,24,,,,,25,25,Just because he is not a threat doesn't mean he shouldn't be punished.,Allow him to think about what he did and become a better person.,,,,,1,6,1,55,1,1,4,5,2,1,1,,2
2026-07-02 12:11:50,2026-07-02 12:23:28,0,,100,697,1,2026-07-02 12:23:29,R_7mekN9GC1fk33li,,,,,,,anonymous,EN,1,P001366,7,7,7,7,7,7,7,7,7,7,7,7,3,4,7,7,7,1,3,2,4,"I don't necessarily think that prison rehabilitates criminals nor deters them from doing it again, but it is a punishment which is justified for their behavior.",1,5,1,3,7,7,7,7,9,2,2,4,6,7,2,1,7,7,5,5,6,2,7,2,2,4,7,6,4,7,7,1,4,5,6,1,6,7,4,4,5,4,2,4,5,5,6,7,4,2,3,6,7,4,6,3,5,7,1,6,5,5,3,4,5,5,7,4,5,7,7,6,2,2,5,7,2,10,5,47,,,,,,,,,50,50,"because he fully knew what he was doing when he choose to beat up Frankie, and having a disease doesn't make him less culpable.","Deliver the message that when you kill someone you suffer the consequences.  ",1,3,1,48,2,1,4,6,2,1,1,,3
2026-07-02 12:11:51,2026-07-02 12:23:41,0,,100,710,1,2026-07-02 12:23:41,R_37pERk7YMXWU3ct,,,,,,,anonymous,EN,1,P001429,4,6,2,4,5,4,4,4,2,1,5,4,2,6,3,3,4,1,4,2,3,"If you commit a crime then you deserve some sort of punishment. Repeat offenders, while locked up can not commit other crimes. If the prison rehabilitation is done well then it can change the minds and lives of prisoners. I do not think that seeing others commit crimes stops other criminals, because everyone thinks they will get away with it. ",2,3,1,4,6,1,4,5,9,4,4,7,4,5,3,1,4,3,4,1,3,4,4,6,7,6,5,7,4,6,7,1,4,1,1,1,6,7,4,4,3,2,3,2,4,5,5,4,3,4,2,5,6,2,6,2,1,1,7,5,6,1,1,7,7,1,1,7,7,4,1,2,1,7,1,1,7,10,100,24,,,,,50,50,"because he still killed someone ","it is a punishment he deserves for murder, and will keep him locked up ",,,,,1,7,1,40,2,1,5,2,3,3,3,,2
2026-07-02 12:10:06,2026-07-02 12:23:51,0,,100,825,1,2026-07-02 12:23:52,R_1S7gxHDqAH6iTdw,,,,,,,anonymous,EN,1,P001511,7,7,5,7,7,7,1,7,7,5,7,7,5,7,7,7,7,3,4,2,1,I think it is highly important that criminals are rehabilitated,7,3,2,7,1,1,7,5,9,1,1,7,3,7,1,7,1,5,7,1,3,5,5,7,7,7,5,5,4,7,7,1,1,7,5,1,7,7,7,1,1,4,4,1,7,7,7,1,1,1,1,7,7,1,7,1,7,7,1,5,7,1,1,7,7,1,1,7,7,7,1,1,1,1,1,1,1,10,50,24,20,0,He isn't a threat anymore,He is paralyzed he has paid,,,,,,,,,1,7,1,60,2,1,3,7,2,3,3,,1
2026-07-02 12:12:33,2026-07-02 12:24:17,0,,100,704,1,2026-07-02 12:24:17,R_5uK38w74t1M7MZz,,,,,,,anonymous,EN,1,P000900,5,6,5,5,6,5,4,5,6,5,6,7,3,5,4,6,6,2,3,1,4,I believe the number one reason to lock up criminals is so they cannot commit other crimes against society.,3,4,3,4,3,2,5,2,9,3,3,5,4,5,4,3,5,5,5,5,4,4,4,5,4,4,4,5,4,4,6,2,3,3,4,2,4,4,5,3,2,3,2,3,4,5,6,4,3,3,4,5,4,4,6,4,3,1,7,4,5,5,5,3,4,5,4,3,4,3,1,2,2,3,4,4,3,5,1,47,35,15,The fact that he was minor makes me think that maybe he still has a chance to rehabilitate,I still think he needs to be punished but maybe he can rehabilitate in prison and then become a productive member of society upon his release,,,,,,,,,1,7,1,51,2,1,5,3,1,1,1,,1
2026-07-02 12:10:39,2026-07-02 12:24:44,0,,100,845,1,2026-07-02 12:24:46,R_3mxDp5vNOub0Dhi,,,,,,,anonymous,EN,1,P000393,5,2,2,2,2,2,2,5,5,3,5,5,5,5,3,2,3,4,3,2,1,I don't think it's true that criminals deserve to be punished and I believe prison should be more about rehabilitation than anything else,5,3,2,6,2,2,5,2,9,2,1,3,2,7,2,4,2,6,3,2,1,6,3,6,5,6,4,2,4,2,7,2,6,3,6,1,4,4,5,2,2,1,5,1,2,1,7,3,2,1,2,6,6,1,7,2,1,1,6,2,2,1,1,6,7,1,1,6,6,5,1,3,2,6,1,2,6,5,5,47,30,15,I think he still needs to serve many years in prison due to the loss of life that he caused. I lowered the amount of years by a bit because he no longer poses a threat to society,"I hope it will make him think about what he did, try to make amends, and be better in the future.",,,,,,,,,1,6,1,31,2,1,6,1,1,3,2,,1
2026-07-02 12:10:53,2026-07-02 12:24:47,0,,100,834,1,2026-07-02 12:24:48,R_51yVhsL0ZiP86Zf,,,,,,,anonymous,EN,1,P000380,5,5,5,5,5,6,6,6,5,4,6,6,4,7,5,5,5,4,1,2,3,"this is roughly the way i view it while not perfect its acceptable ",2,3,2,3,5,2,5,7,9,2,3,5,5,6,5,2,6,4,2,1,3,6,6,6,7,4,7,2,4,5,7,1,3,1,4,1,5,4,6,2,1,3,2,3,3,4,5,5,4,2,2,2,2,3,3,3,5,1,7,3,5,5,2,6,7,7,3,5,6,6,3,5,1,1,7,7,1,5,100,47,,,,,,,,,50,50,he knew what he was doing he planned on hurting that man and went back for more. it seems like second degree but he already had it out for him ahead of time,i hope this sentence makes people see what happens when you harm people the other person lost his life so he loses his,1,6,1,35,1,1,2,5,2,1,1,,3
2026-07-02 12:11:23,2026-07-02 12:25:13,0,,100,829,1,2026-07-02 12:25:13,R_5pLxudtSu1p0sah,,,,,,,anonymous,EN,1,P001164,5,5,5,5,5,6,3,5,5,5,5,5,5,6,5,5,5,4,2,1,3,the most important is removing dangerous persons from society while trying to rehabilitate them back into society after their sentence is served,3,5,2,6,4,2,6,6,9,4,4,6,3,6,5,3,5,5,3,2,3,5,3,6,6,5,3,7,4,5,7,1,1,1,1,1,5,3,7,1,1,2,4,4,3,3,6,3,2,3,2,4,6,3,6,2,2,1,7,3,3,1,1,7,7,7,1,7,7,3,3,1,1,7,1,1,7,10,5,47,,,,,,,,,30,30,"He continued to beat the victim even after he was unconscious.  He has a low regard for life. ",get him to think about his anger problem and learn to control himself,1,6,1,65,2,1,2,2,1,3,2,,3
2026-07-02 12:12:21,2026-07-02 12:25:16,0,,100,774,1,2026-07-02 12:25:17,R_3pSAlHyALk9eEzo,,,,,,,anonymous,EN,0.8999999761581421,P001065,7,7,7,7,7,7,7,7,7,7,7,7,7,6,7,7,7,1,3,2,4,"Because the number one reason to send them to prison is to punish them and make them think long and hard about what they did (and they can't hurt anyone when locked up). Hopefully their family members and friends will realize it could happen to them, too. I don't think they get too rehabilitated in prison, though",1,7,1,1,7,1,7,7,9,7,7,2,7,1,7,1,7,7,5,4,3,2,7,1,1,3,6,7,4,7,7,7,4,2,6,1,6,2,4,5,1,7,1,7,7,7,6,7,7,6,7,4,3,7,6,7,2,1,6,7,1,1,1,7,2,5,1,5,7,6,5,7,1,7,1,1,7,5,5,35,,,,,50,50,"It doesn't matter that he contracted a disease and became paralyzed. He killed someone and I think it it should have been FIRST DEGREE murder, not second because he had no business being in her house and punching and chasing her. What did he think was going to happen when he did that?  He did that to hurt her and it was premeditated so he can rot in jail, paralyzed.",Keep him away from me and my family and all the other women on the planet that he apparently thinks he rules over. Let some felons rule over him instead and see how he likes it.,,,,,2,7,1,58,2,1,6,3,1,1,1,"The shark is not to blame so it doesn't need to be ""punished"" but if it's in an area where there are humans it will probably kill again, so best to take it down",2
2026-07-02 12:11:47,2026-07-02 12:25:19,0,,100,811,1,2026-07-02 12:25:20,R_599HQbVOKVbZukp,,,,,,,anonymous,EN,1,P000223,1,1,1,1,1,1,1,1,1,1,1,1,1,1,1,1,4,4,2,3,1,"I do not believe that punishment is effective. So answering the above is already counter to my beliefs. I believe in rehabilitation or if not possible because of mental concerns, then, in that case, trying help the individual with mental services.",7,1,4,7,1,1,1,1,9,1,1,3,1,1,1,1,4,1,1,1,3,5,1,7,7,7,1,1,4,2,7,1,1,1,1,1,3,1,7,1,1,1,7,1,1,4,7,1,1,1,1,7,7,1,7,1,1,1,7,1,1,1,1,7,7,1,1,7,7,1,1,1,1,7,1,1,7,5,5,47,,,,,,,,,10,10,"First of all, as mentioned I do not agree with the prison state this country has become. But, in the case of murder, and this was not intentional. I feel like 10 years is appropriate whether he has a disorder or not.",With this current system? Not much. MAYBE they would rethink what they did. But we need a major overhaul of the current system so we can help people become better and more productive. WE ARE NOT DOING THAT.,1,7,1,60,1,1,4,2,1,3,2,I think my comments were clear already. Have a great night!,3
2026-07-02 12:11:03,2026-07-02 12:25:27,0,,100,863,1,2026-07-02 12:25:28,R_5qenq19PCdUiKth,,,,,,,anonymous,EN,1,P001238,6,6,6,6,6,6,5,6,6,6,6,6,5,5,6,6,6,3,2,1,4,I am not sure how much rehabilitation takes place because of so many prisoners returning.,3,4,2,4,5,3,5,5,9,5,5,4,4,5,3,3,4,5,4,2,5,3,5,4,2,4,4,5,4,3,5,4,3,3,4,3,5,5,3,4,4,4,4,3,5,5,4,4,3,4,4,5,5,3,5,4,4,6,2,4,5,4,4,6,6,3,4,4,6,4,4,3,1,4,3,4,3,5,5,47,,,,,25,20,"I am not sure, it just seems like he should still serve time",Help him to repent,,,,,2,7,7,71,1,1,4,6,2,1,2,,2
2026-07-02 12:11:54,2026-07-02 12:25:34,0,,100,820,1,2026-07-02 12:25:35,R_1ruNUCEB7DiBJlK,,,,,,,anonymous,EN,1,P000323,5,5,4,3,3,3,3,5,5,3,4,3,3,5,2,2,5,4,1,2,3,"I believe in rehabilitation, but believe our current prison system does not do that. ",7,1,4,7,1,1,5,1,9,1,2,7,1,5,1,3,3,3,3,1,1,5,2,7,7,5,2,3,4,3,7,2,2,2,1,1,4,2,5,2,2,2,3,2,5,3,7,3,1,1,1,7,7,1,7,1,1,1,7,1,1,1,1,7,7,1,1,7,7,5,1,1,1,7,1,1,7,5,5,47,30,30,He assaulted and killed a teenage girl,getting him off the streets,,,,,,,,,1,6,1,52,2,1,6,1,3,2,2,none,1
2026-07-02 12:11:23,2026-07-02 12:25:34,0,,100,850,1,2026-07-02 12:25:35,R_5AYwGQA1UEhk1Bs,,,,,,,anonymous,EN,1,P000262,5,6,5,5,7,4,7,5,6,6,5,6,3,5,6,5,7,2,3,1,4,the main thing is if they are locked up it prevents the person from committing more crimes,4,5,3,7,5,3,6,1,9,5,5,5,3,7,5,5,6,6,7,4,5,6,6,7,7,6,5,5,4,3,7,5,5,6,5,1,6,6,6,5,3,6,2,4,6,5,7,6,5,3,5,5,7,3,7,3,5,5,3,5,5,7,1,7,7,7,1,7,7,3,3,3,1,5,3,3,5,5,5,47,,,,,50,40,he is responsible for a death and causing suffering before the death,this will keep him off the streets until he is very old.,,,,,2,4,1,66,1,1,4,4,3,3,2,,2
2026-07-02 12:11:45,2026-07-02 12:25:37,0,,100,831,1,2026-07-02 12:25:37,R_7JCP5joUZcvXQ5n,,,,,,,anonymous,EN,1,P001667,7,7,7,7,7,7,7,7,7,7,7,7,4,5,5,4,7,1,3,2,4,i ranked them this way because I think it is moral to punish criminals and it is also protective of others.,1,5,1,5,6,3,6,6,9,7,6,6,6,7,4,1,5,6,4,5,4,4,7,1,3,4,7,7,4,7,3,6,1,5,6,1,4,4,6,2,2,1,1,2,1,1,3,4,5,4,7,4,1,7,3,7,2,7,4,5,5,1,1,7,7,1,1,7,7,7,3,6,2,1,7,7,1,10,100,24,,,,,,,,,50,50,He is still a criminal that commited several different crimes so he should be punished for what he did.,I hope it will keep him from doing anything else wrong or convincing others to do wrong.,1,7,1,55,2,1,3,5,2,1,1,"no comments ",3
2026-07-02 12:11:02,2026-07-02 12:25:41,0,,100,878,1,2026-07-02 12:25:42,R_7S96BBBlccTP8bX,,,,,,,anonymous,EN,1,P001245,3,4,4,4,5,3,5,5,7,5,5,6,2,5,5,1,6,4,2,1,3,"Punishment can be severe and unwarranted and detrimental to society at some levels.  But on balance, protecting others takes a higher priority.",7,2,4,7,1,1,3,1,9,3,1,5,1,6,1,4,3,5,4,1,2,5,5,6,7,7,4,6,4,2,7,1,1,1,2,1,4,3,7,1,1,1,6,1,3,3,7,5,4,1,1,7,7,1,7,1,2,4,3,3,4,2,1,7,7,3,3,5,7,1,1,1,1,7,2,3,6,5,5,47,,,,,,,,,20,5,"Daryl was a youth, who will no longer be capable of committing violent crimes, and will also need special care which is costly for the state. ","It will keep him off the streets long enough to avoid retaliation, and the family of the victim deserves some form of justice. ",1,7,1,47,1,1,6,4,3,2,2,,3
2026-07-02 12:14:50,2026-07-02 12:25:45,0,,100,655,1,2026-07-02 12:25:46,R_7LizMoSqiPxB27i,,,,,,,anonymous,EN,1,P000452,7,7,7,7,7,7,5,7,7,7,7,7,4,1,7,6,7,2,1,3,4,It's more important to isolate criminals than to rehabilitate them,1,7,1,1,7,4,7,7,9,7,7,7,7,4,7,1,7,7,1,5,7,4,7,1,1,1,7,7,4,6,2,5,4,2,5,2,7,7,4,5,3,7,1,7,7,7,1,4,7,5,3,1,1,7,1,7,5,4,6,7,7,5,7,1,1,7,7,1,1,7,1,5,1,1,6,7,1,5,100,47,,,,,50,50,"he committed the crime.  ",Keep him off the streets.,,,,,1,5,1,50,1,1,6,7,2,1,1,,2
2026-07-02 12:11:39,2026-07-02 12:25:52,0,,100,852,1,2026-07-02 12:25:52,R_67WixwAfLe3T5qV,,,,,,,anonymous,EN,1,P000961,5,5,4,5,5,4,5,4,5,5,5,4,4,4,4,4,5,3,2,1,4,"I ranked them from what I thought was best to worst. ",5,4,4,6,4,1,5,4,9,4,4,4,3,5,3,3,5,4,5,4,4,6,5,4,6,5,4,5,4,4,6,2,4,2,3,1,4,4,7,1,1,1,4,2,1,1,7,4,1,1,1,6,6,1,7,1,1,1,7,1,1,1,1,7,7,1,1,7,7,4,1,2,2,7,1,1,7,10,5,47,25,27,"What he did was wrong and violent and should be punished ","Keeping him from doing it again ",,,,,,,,,1,7,1,37,1,1,2,4,1,3,1,,1
2026-07-02 12:12:55,2026-07-02 12:25:54,0,,100,778,1,2026-07-02 12:25:54,R_5xjvlRoVVzBD8oF,,,,,,,anonymous,EN,1,P000653,5,2,2,2,2,4,4,6,3,6,6,2,2,3,1,2,4,2,3,1,4,I don't think prisoners receive adequate rehabilitation in prison,7,1,3,6,1,2,5,1,9,2,2,4,1,5,4,4,1,1,7,1,1,6,2,7,7,7,1,2,4,2,7,6,7,2,1,1,6,7,3,3,3,1,7,1,3,5,6,7,2,1,1,4,6,2,7,1,1,1,7,1,1,1,1,7,7,7,1,7,7,1,1,1,1,7,1,1,7,10,100,24,,,,,,,,,10,5,He deserves to serve time to realize his mistake,teaching him not to be so violent,2,3,1,21,2,1,2,2,1,2,2,,3
2026-07-02 12:11:57,2026-07-02 12:26:00,0,,100,842,1,2026-07-02 12:26:00,R_6tbaibbl7CUmn13,,,,,,,anonymous,EN,0.699999988079071,P001470,7,7,7,7,7,7,7,7,7,7,7,7,1,1,7,7,7,1,3,2,4,"Nobody goes to prison for doing what's right.  Society gives everyone the benefit of the doubt to start.  You have to LOSE your freedom, not earn it.  Prison is for punishment, one was given the opportunity for ""habilitation"", we do not need to REhabilitate them, we need to punish them.",1,7,1,1,7,7,7,7,9,7,7,7,7,7,1,1,7,7,7,4,4,1,7,1,1,1,7,7,4,6,7,4,1,3,4,1,7,7,7,4,4,7,1,7,7,7,1,4,4,7,7,1,1,4,4,7,5,6,7,1,7,7,7,1,7,7,7,1,7,4,6,5,5,1,7,7,1,10,5,47,,,,,,,,,50,50,"First off, that was 1st degree murder.  Just because he has a disease is no reason to lighten his sentence.  He still killed a man","Keeps him off the streets for good and punishes him for murder.  Actually, I would have sought the death penalty",2,7,1,59,1,1,4,7,2,1,1,,3
2026-07-02 12:11:11,2026-07-02 12:26:03,0,,100,892,1,2026-07-02 12:26:04,R_3P4Jj1mMSeAVAec,,,,,,,anonymous,EN,1,P000870,5,6,4,4,5,4,2,5,6,5,5,6,3,5,5,4,6,2,3,1,4,"I think my most significant pull towards imprisonment is the safety aspect and preventing that person from being free to commit other crimes. I have a strong justice thread in my personality, so I do believe that some sort of justice must take place for wrongdoing, so that is why I ranked #2 next. I don't know how much punishment truly deters others from committing crimes and I don't really believe that much meaningful rehab takes place in prison, so those are towards the bottom. ",5,4,5,7,4,2,4,2,9,2,4,5,3,6,2,2,4,4,5,2,4,4,4,4,5,3,5,6,4,3,6,3,4,2,4,1,5,4,5,3,2,2,5,3,4,3,7,3,1,1,1,6,5,1,7,4,3,7,2,3,3,1,1,7,7,1,1,7,7,6,1,2,3,6,1,1,5,10,20,24,,,,,50,50,"For me, it isn't really about the autoimmune condition, it is more about justice for the crime committed. He killed a person and he did it intentionally, so whether or not we ""assume"" he isn't a threat to society anymore, the justice is still to be served.","I hope it will accomplish 100% certainty of safety for people, knowing that he is not able to harm anyone because he is confined.",,,,,1,6,1,36,2,1,6,3,3,1,1,This study was very thought provoking. Thank you.,2
2026-07-02 12:16:10,2026-07-02 12:26:04,0,,100,594,1,2026-07-02 12:26:04,R_6rTQDeKCvU1ur6t,,,,,,,anonymous,EN,1,P000916,7,6,7,7,7,6,3,7,3,7,7,7,3,3,7,7,6,1,3,2,4,It's important to get criminals off the street to start with and then make an example of them to deter others from behaving the same way.,1,7,1,1,7,7,7,7,9,7,7,5,7,1,7,1,7,7,7,7,4,1,7,1,1,1,7,7,4,7,4,6,6,3,6,1,7,7,4,4,2,6,1,7,7,7,1,4,7,5,7,1,1,7,1,7,7,7,1,7,7,7,7,1,1,7,7,1,1,7,5,7,5,1,7,7,1,10,100,24,,,,,50,50,He shouldn't be let off easy because he now has other health issues. He still committed a crime.,That he will learn his lesson and suffer like the person he killed did.,,,,,1,7,1,37,2,1,4,7,2,1,1,,2
2026-07-02 12:11:37,2026-07-02 12:26:05,0,,100,867,1,2026-07-02 12:26:05,R_37cScPc73JUzAoF,,,,,,,anonymous,EN,1,P000546,4,5,3,5,5,5,5,5,5,5,5,5,2,4,5,4,5,3,2,1,4,"I don't think traditional prison do a good job of rehabilitation. In fact, it's clear that's not the purpose. The other choices feel obvious. I am more concerned with crie deterrent than people getting what they deserve. ",5,4,4,4,3,3,4,3,9,4,3,2,3,3,3,5,6,5,5,3,4,5,4,5,6,3,4,4,4,4,7,2,4,1,1,1,5,5,6,1,1,4,4,5,4,5,4,5,2,4,2,5,5,3,4,2,2,1,7,3,4,1,1,7,7,1,1,7,7,2,1,1,1,7,1,1,6,5,5,47,,,,,45,45,no  risk of further threat is nice but it doesnt move the needle on murder for me.,Proper justice for what was done,,,,,1,7,1,29,1,1,3,2,1,3,3,,2
2026-07-02 12:10:05,2026-07-02 12:26:13,0,,100,967,1,2026-07-02 12:26:13,R_7M5xxKMdUul1t91,,,,,,,anonymous,EN,1,P001944,6,6,6,6,6,6,6,6,6,6,5,6,6,6,6,6,6,4,1,2,3,"I ranked deterrence first because preventing future crime seems like the strongest reason for punishment, especially if it discourages others from causing harm. I ranked incapacitation second because keeping dangerous offenders away from the public can protect people in the short term",6,6,6,6,6,6,6,6,9,6,6,6,6,6,6,6,5,6,6,2,6,6,7,6,6,6,6,6,4,6,5,6,6,5,5,6,5,5,5,5,6,5,3,5,6,6,3,4,4,5,4,4,5,4,4,4,5,5,5,5,6,5,5,5,6,5,6,6,5,5,3,6,3,5,6,5,5,5,5,47,30,20,"I would still recommend a serious prison sentence because Frankie died as a direct result of Darryl’s violent actions, and the harm done cannot be undone. However, I would reduce the sentence from 30 years to 20 years because he no longer poses a threat to society ","I hope the sentence would still acknowledge the seriousness of Frankie’s death, provide accountability, and reflect that taking a life deserves a meaningful consequence.

",,,,,,,,,1,4,2,56,2,1,4,6,2,3,3,,1
2026-07-02 12:11:52,2026-07-02 12:26:22,0,,100,869,1,2026-07-02 12:26:23,R_7KACMrap9qEXt9z,,,,,,,anonymous,EN,1,P000514,6,6,5,5,5,5,4,6,6,4,4,6,4,6,3,3,6,4,3,1,2,Specific deterrence works best with criminals who cannot be rehabilitated.  Then try to rehabilitate those who can be.  Deterrence as a general matter next.  Then the last one because something has to be last.,4,2,3,7,2,1,2,3,9,2,2,6,2,6,2,3,3,4,2,1,3,4,2,6,6,6,3,4,4,1,7,1,2,3,4,1,3,2,7,2,2,1,4,1,1,2,7,4,1,2,2,7,7,1,7,2,1,1,7,1,1,1,1,7,7,1,1,7,7,5,2,2,1,7,2,2,6,5,100,47,25,0,He's not a threat to society.  Prison only serves as revenge and won't bring the victim back.  Prison would also require medical bills to be paid by the state.,Reducing the prison population.,,,,,,,,,1,7,1,70,1,1,6,4,3,3,1,"Typo in the lily pad question.  Should have been days, not minutes.",1
2026-07-02 12:10:43,2026-07-02 12:26:43,0,,100,960,1,2026-07-02 12:26:44,R_1Nk5sR2uPFVL7Z1,,,,,,,anonymous,EN,0.8999999761581421,P000524,5,4,4,5,6,2,4,5,5,4,6,6,6,7,5,5,5,4,3,2,1,"My primary values are less focused on the ""punishment"" process, and is more attuned to rehabilitation and skill building to make inmates better able to transition to society.",6,3,3,6,3,1,6,2,9,2,4,6,2,5,3,5,3,4,3,2,3,5,3,5,6,5,2,2,4,2,7,3,1,2,4,1,5,4,3,6,5,1,4,3,2,4,5,5,5,2,2,5,6,6,4,1,1,1,7,1,2,1,2,7,6,5,1,5,6,6,2,5,1,5,2,4,5,5,5,47,35,15,"At this point, Darryl will no longer pose a threat to the rest of society, and my even likely need extensive care.  In addition, being under 18 often results in lighter sentences.",I hope that Darryl can spend his time reflecting on the damage he caused with the death of another person.  He will be able to also relate his own disease in relation to that.,,,,,,,,,2,7,1,47,1,1,6,3,3,3,2,Thank you!,1
2026-07-02 12:13:10,2026-07-02 12:27:04,0,,100,834,1,2026-07-02 12:27:05,R_7scw68DaWGuO87V,,,,,,,anonymous,EN,1,P000281,6,5,4,1,4,1,1,4,4,1,6,6,3,7,6,1,1,4,3,2,1,"Prison should be about rehabilitation and removing criminals from the public, but the only punishment should be removal from society.",4,4,4,6,4,1,6,1,9,4,4,4,2,7,4,4,4,3,3,3,2,5,4,5,6,6,4,4,4,1,7,3,2,2,2,1,3,3,7,1,1,1,4,2,1,1,5,4,1,2,1,6,7,1,5,3,1,1,7,2,4,4,1,7,7,2,1,4,7,4,1,4,1,5,4,4,4,5,5,47,50,50,"Although he didn't attempt to murder somebody, he still did. Murder can not be taken lightly.",Removal of a violent criminal from society.,,,,,,,,,1,7,1,32,1,1,3,2,3,3,1,,1
2026-07-02 12:11:38,2026-07-02 12:27:09,0,,100,931,1,2026-07-02 12:27:09,R_5wNphI7v7bLxYFT,,,,,,,anonymous,EN,1,P001460,6,6,6,6,6,6,4,5,3,6,5,5,5,3,5,5,5,1,3,4,2,If they do the crime they do deserve to be punished however there needs to be programs available in jail to help rehabilitate these criminals to help guide them to a better life.,2,5,1,3,2,2,4,7,9,2,5,7,5,5,3,3,7,6,4,2,1,2,7,1,1,7,3,7,4,5,5,4,3,5,4,1,6,5,5,4,1,3,3,3,5,5,6,3,3,3,3,6,5,4,4,3,5,5,7,4,5,1,2,4,6,4,4,5,5,7,2,3,5,1,6,6,1,10,100,24,50,50,No matter the condition he still committed the crime and his actions led to Frankie losing her life.,He will be punished for taking a life and will not be on the streets.,,,,,,,,,1,4,1,43,2,1,3,4,3,1,1,,1
2026-07-02 12:11:37,2026-07-02 12:27:09,0,,100,932,1,2026-07-02 12:27:10,R_1iyYvGHDnmcybG9,,,,,,,anonymous,EN,1,P001735,4,5,5,3,5,3,4,5,5,5,5,5,3,5,4,5,4,1,4,2,3,I felt it was fair,5,3,5,3,5,1,3,5,7,5,3,4,3,5,3,4,3,5,4,5,3,5,5,5,5,5,4,3,4,3,3,4,5,5,5,5,4,3,5,5,5,5,4,4,4,4,3,5,5,5,5,5,5,5,5,3,3,3,5,5,5,5,4,5,5,3,5,5,4,5,5,5,5,5,4,5,5,5,5,47,50,24,I thought it was fair,Justice served!!!,,,,,,,,,2,5,4,59,1,1,6,4,3,1,1,very interesting,1
2026-07-02 12:16:59,2026-07-02 12:27:49,0,,100,649,1,2026-07-02 12:27:50,R_5DtPjnmaseHuMbN,,,,,,,anonymous,EN,1,P001484,7,7,7,7,7,7,7,7,7,7,7,7,7,7,7,7,7,1,2,4,3,"1st they deserve to be punished for their actions. ",7,7,7,7,7,7,7,7,9,7,7,7,7,7,7,7,1,1,1,1,1,1,1,1,1,1,1,1,4,7,7,7,7,7,7,7,7,3,7,1,1,7,1,7,7,7,7,7,7,7,7,7,7,7,7,7,4,4,4,4,4,4,4,4,4,4,4,4,4,1,5,4,4,4,4,4,4,5,100,39,,,,,,,,,50,50,he committed murder,protect other people,1,7,6,31,2,2,6,1,1,1,1,,3
2026-07-02 12:13:21,2026-07-02 12:27:53,0,,100,871,1,2026-07-02 12:27:54,R_6Lu4zAp8vuCMKkX,,,,,,,anonymous,EN,0.8999999761581421,P000026,4,4,1,5,5,1,5,5,4,4,1,1,1,1,1,1,4,2,3,1,4,It is factually correct that if someone is in jail that can't be out committing crimes so that reason makes the most sense and criminals do deserve to be punished otherwise they will keep committing crimes.  I don't think items three and four are true.,7,1,1,7,6,1,4,1,9,5,1,3,1,7,1,1,1,5,1,1,4,4,4,5,7,7,4,7,4,1,7,1,1,1,1,1,1,1,7,1,1,4,1,1,4,1,7,7,1,1,1,7,7,1,7,1,1,1,7,1,1,1,1,7,7,1,1,7,7,4,1,1,1,7,1,1,7,5,5,47,,,,,,,,,30,1,"Even though Darryl cannot harm anyone now, he did harm Frankie and Darryl should serve time for the assault on Frankie.",To make sure Darryl serves some prison time in connection with the crime he committed.,1,7,1,55,2,1,4,1,1,3,1,,3
2026-07-02 12:12:10,2026-07-02 12:27:58,0,,100,947,1,2026-07-02 12:27:58,R_1RmQVeySLYRgObf,,,,,,,anonymous,EN,1,P000624,6,3,3,2,5,3,3,5,5,5,5,5,3,5,2,3,5,4,1,3,2,"Some individuals will be deterred by punishment. In a good system, individuals can work on rehabilitation. When removed from society, individuals are unable to commit crimes. Deserving punishment is the weakest reason because it does not take into account the circumstances around the crime.",6,1,3,5,1,2,3,2,9,1,1,2,1,6,1,3,3,3,3,1,1,5,2,5,6,7,2,3,4,3,7,1,5,4,1,1,5,2,6,5,3,1,5,1,3,4,7,5,1,1,1,7,7,1,7,3,1,5,6,1,1,1,1,7,7,1,1,7,7,1,1,2,1,7,1,1,7,10,20,24,23,15,I lowered the sentence due to Darryl's physical condition.,Darryl will receive medical care while completing his sentence.,,,,,,,,,1,7,1,52,2,1,5,3,3,1,1,,1
2026-07-02 12:11:25,2026-07-02 12:28:07,0,,100,1001,1,2026-07-02 12:28:08,R_5R35vwemG0f4YoU,,,,,,,anonymous,EN,1,P000600,5,5,2,4,5,3,5,5,5,5,5,5,4,4,4,3,5,2,1,3,4,"I don't know of a better way or system ",7,1,3,7,1,1,7,5,9,1,1,2,1,4,1,4,1,3,1,1,1,5,4,5,5,7,1,1,4,4,7,1,2,1,1,1,4,4,6,2,2,4,5,1,4,4,6,5,1,1,2,6,5,2,6,1,4,2,7,1,3,1,1,7,1,1,1,1,7,6,2,5,2,6,5,3,6,5,1,47,,,,,,,,,20,15,He's not a threat. But it was a child,"It will gives justice to the parents ",1,6,3,52,1,1,3,3,1,3,1,,3
2026-07-02 12:10:01,2026-07-02 12:28:13,0,,100,1092,1,2026-07-02 12:28:13,R_5uKbm3cpuLnsypY,,,,,,,anonymous,EN,1," P000846",5,5,4,5,5,4,4,3,5,4,4,5,4,5,3,4,5,1,2,3,4,"I think the entire prison system is ineffective in both punishment and rehabilitation. So, yes punishment is justified but criminals can be involved in crimes behind bars and it does not deter returning to crime upon release. Additionally, the corporate, for profit prison system is not designed to provide real rehabiliitation. ",4,4,2,4,5,3,5,5,9,3,2,4,2,5,3,3,4,5,5,5,4,3,5,4,3,4,4,4,4,4,6,2,3,2,2,2,4,3,2,3,3,2,3,3,4,4,3,5,4,2,3,3,4,2,4,4,1,1,7,2,1,1,1,7,7,1,1,7,7,3,1,1,3,3,2,2,2,10,5,47,,,,,,,,,30,30,"Disease or not, age or not, same crime, same punishment. ","Clearly state my viewpoint. ",1,5,1,65,2,1,4,2,1,1,1,N/A,3
2026-07-02 12:11:48,2026-07-02 12:28:13,0,,100,984,1,2026-07-02 12:28:14,R_751wvcOom5YUIVP,,,,,,,anonymous,EN,1,P000578,5,4,3,5,6,5,4,3,5,4,6,5,3,7,3,5,5,3,4,1,2,"I feel rehab is the most important thing that should be addressed ",4,3,2,5,5,3,6,5,9,1,3,6,3,5,3,4,5,5,5,3,3,5,4,3,2,4,5,5,4,3,5,5,2,2,3,2,5,5,5,3,2,2,2,1,4,4,6,5,3,2,3,2,7,4,6,4,4,1,7,4,4,4,3,6,6,4,2,5,6,5,1,1,1,5,1,1,5,10,100,24,50,50,He still committed the crime and someone died as a result,Punish them for their crime,,,,,,,,,1,6,1,53,2,1,3,3,3,1,1,,1
2026-07-02 12:14:31,2026-07-02 12:28:18,0,,100,826,1,2026-07-02 12:28:18,R_6l0HLKGtHX6kjqo,,,,,,,anonymous,EN,1,P000637,5,5,2,5,5,2,5,1,5,4,4,3,1,1,2,2,3,3,1,2,4,"Punishment can be used as a deterrent depending on the crime and the person, and it is true criminals can't commit a crime while locked up. But sometimes people are punished for a crime that is not serious and should be more of a fine then jail time, and prisons have consistently been proven to not help criminals but make it harder for them when they get it out making it useless for anything besides containment.",5,1,4,6,4,3,7,3,9,1,1,3,1,7,1,3,1,3,1,1,1,5,1,5,6,5,1,2,4,5,7,6,2,1,2,1,5,4,4,2,2,2,4,1,1,2,7,5,1,1,1,5,6,1,7,1,2,2,3,2,3,1,1,7,7,6,1,6,7,2,1,2,1,6,1,1,5,10,5,24,,,,,,,,,50,50,"He made a conscious effort to keep beating him up, showing intent. Even with a disease, that came after and he still had the intent. ",Justice to Frankie's family,1,7,1,23,2,1,4,4,3,3,1,n/a,3
2026-07-02 12:10:41,2026-07-02 12:28:28,0,,100,1066,1,2026-07-02 12:28:28,R_73f2h2lGwLSb2jr,,,,,,,anonymous,EN,1,P000892,6,7,6,7,7,4,4,7,7,7,7,7,1,6,4,7,4,1,3,2,4,"Not punishing criminals contributes to a lawless society.  If there are no consequences to causing harm to others, physically or otherwise, criminals will continue on their path.",1,6,1,7,6,2,2,6,9,2,6,3,7,7,1,1,7,7,6,5,3,4,7,2,1,2,4,6,4,7,7,4,2,1,2,1,6,4,3,4,4,1,1,1,7,7,6,4,1,1,4,6,6,2,6,6,2,4,4,7,6,4,2,7,6,7,7,1,7,7,2,2,1,4,4,5,1,5,5,47,,,,,50,50,"Darryl committed a series of crimes related to the death of his girlfriend.  This was not a one-off event for him.  He had already been involved in prior domestic violence incidents, violated a restraining order, committed another domestic violence crime, and then the final blow, resulting in the death of his girlfriend.  A repentant person would have changed their ways after the first domestic violence incident.","Whether Darryl can physically commit another crime is irrelevant.  A person lost their life due to his actions, one of the most serious crimes one can commit.  ",,,,,1,6,1,62,2,1,4,4,3,1,1,Good luck with your research!,2
2026-07-02 12:14:06,2026-07-02 12:28:42,0,,100,875,1,2026-07-02 12:28:42,R_7Eiga2GRUfOC8FK,,,,,,,anonymous,EN,1,P001788,7,7,7,7,7,6,7,7,7,7,7,7,4,6,6,4,7,2,3,1,4,I think most criminals are recidivist.  They are often the same person who gets out and does it again.  Patterns are formed.  Rehabilitation for people like this is hard.,3,5,1,4,5,5,7,6,9,6,5,7,6,7,5,1,4,7,5,5,4,4,7,4,4,3,5,5,4,6,6,4,5,6,5,1,5,5,6,1,1,2,1,4,5,5,5,7,4,4,7,4,6,4,5,5,4,4,4,4,6,4,5,6,5,5,5,4,6,7,1,1,1,3,4,4,4,10,100,24,,,,,30,25,His actions are still heinous.  I'm sorry he's sick but he needs to pay the price and I think he will understand that.,Not much.  Perhaps an example to others who are violent to their partners.,,,,,2,5,1,70,1,1,5,4,3,1,3,It's sad that this sort of thing has to be discussed.  But violent crime is on the increase in cities now because of unchecked migration.,2
2026-07-02 12:11:11,2026-07-02 12:28:54,0,,100,1063,1,2026-07-02 12:28:55,R_3qw0E5uszeCuYrR,,,,,,,anonymous,EN,1,P000502,5,6,6,6,6,5,4,5,5,6,6,5,6,5,6,6,6,1,3,2,4,Do the crime pay the time,4,5,3,5,6,3,7,4,9,6,5,5,5,6,4,4,5,6,6,3,4,3,6,5,3,3,4,6,4,6,5,6,5,4,4,4,5,5,5,4,2,5,4,5,4,5,4,5,3,4,3,4,5,4,5,3,4,3,7,4,4,4,2,4,3,7,5,2,4,3,3,2,1,2,5,4,3,5,100,24,50,50,Murder shouldnt be tolerated,LIfe in prison,,,,,,,,,1,7,1,38,1,1,4,4,3,3,1,,1
2026-07-02 12:16:08,2026-07-02 12:28:56,0,,100,767,1,2026-07-02 12:28:57,R_5I6lvtQTnSJPOaX,,,,,,,anonymous,EN,1,P000834,6,5,6,6,6,6,6,5,4,7,6,7,4,5,5,4,6,1,3,2,4,"I believe that everyone should have consequences for their actions, therefore it is number 1. It is very important that these criminals cannot commit more acts, and that they are deterring other individuals from committing crimes, leading to a safer place overall. The last would be rehabilitation, because it is never guaranteed that someone is rehabilitated. Some people just come out institutionalized. ",1,6,1,7,3,3,6,5,9,4,6,7,5,7,7,1,6,6,6,3,3,2,5,5,3,5,6,5,4,5,7,3,3,3,1,1,7,7,5,2,2,5,4,5,5,5,6,6,4,3,5,5,5,2,6,3,3,2,7,3,4,1,1,7,7,1,1,7,7,7,3,2,1,4,6,6,3,10,100,24,25,25,"To me, the facts of the case are way more overpowering than his current or future risk to society. He committed a heinous crime, killing a young girl who was still technically a minor. He still deserves a punishment aligned with that of people who have committed similar acts of violence. ","I hope it will show that you do not get an easy pass because of extraneous circumstances. If you commit a crime, you do the time. ",,,,,,,,,1,7,1,28,2,1,3,4,3,1,1,,1
2026-07-02 12:20:11,2026-07-02 12:28:56,0,,100,525,1,2026-07-02 12:28:57,R_5mZXSfd5pvwaLBD,,,,,,,anonymous,EN,1,P000460,5,4,5,3,4,3,4,3,3,3,4,5,4,4,3,5,5,1,2,3,4,seems like the right order,4,3,4,4,4,5,4,5,6,4,4,1,4,4,5,5,5,5,3,3,3,5,5,3,4,5,5,5,4,3,4,3,4,5,3,5,3,5,4,4,5,3,3,4,4,4,5,4,4,5,4,5,5,4,4,5,5,5,5,4,6,4,4,4,2,3,4,4,3,6,3,4,4,5,5,3,7,10,100,24,,,,,25,15,some sypathy for his condition,closure for victims family,,,,,2,6,1,40,1,2,3,4,3,3,2,,2
2026-07-02 12:12:18,2026-07-02 12:29:06,0,,100,1007,1,2026-07-02 12:29:07,R_6arEKOInRki4VHB,,,,,,,anonymous,EN,1,P001307,6,6,5,6,6,6,4,6,6,6,7,7,3,4,3,4,6,1,2,3,4,"I can't say specifically, I just based on what I considered to be the most important reasons for me.",2,3,2,6,4,4,6,5,9,2,2,3,5,7,4,1,6,5,5,2,4,4,6,2,3,4,5,6,4,3,7,1,4,5,4,1,4,3,7,1,1,1,1,1,1,1,7,4,1,1,2,3,4,1,7,3,3,1,7,3,5,1,1,7,7,4,3,5,5,6,2,3,2,4,4,4,3,5,5,47,,,,,50,50,He still committed murder and deserves imprisonment.,i don't hope for anything except that it might send a message to others regarding the consequences of their behavior.,,,,,2,7,1,70,1,1,5,6,2,1,1,everything was fine,2
2026-07-02 12:14:14,2026-07-02 12:29:08,0,,100,893,1,2026-07-02 12:29:08,R_5DqmzlUa44iDWEm,,,,,,,anonymous,EN,1,P000619,3,5,3,3,3,3,3,3,2,3,3,5,1,5,5,3,5,4,2,1,3,"I think that it is true that prisoners cannot commit other crimes while in prison, and they also get food, shelter, and healthcare. Sometimes people commit crimes out of desperation, so it can be good for them, material-wise. 
I don't necessarily believe that punishment deters others from committing crimes, because again, crimes are often committed out of desperation or the heat of the moment. I don't think normal people commit crimes, so I don't know that punishment is necessarily a deterrant for those who do chose to commit crimes. 
Prisoners do not get rehabilitated in prison, they usually leave unprepared for the real world and end up back in prison relatively quickly. That's why I ranked it low. 
I don't think they deserve to be punished, except in certain circumstances. For the most part I think criminals need serious mental, physical, and financial help. Like I said, normal people don't commit crimes, and for those who do, they aren't quite right mentally (most of the time). ",5,3,5,5,6,3,6,1,9,3,3,7,2,5,3,3,3,3,5,2,2,5,3,6,6,4,3,3,4,5,7,4,4,4,3,1,4,3,4,4,1,2,4,2,2,3,7,5,3,3,5,5,6,2,7,2,2,5,2,3,2,1,1,7,1,1,1,7,7,5,1,2,3,7,1,3,5,5,100,47,,,,,,,,,10,5,"I chose 5 years because that is long enough for a punishment, but it isn't too long for him to waste his life in prison","I hope he will understand what he did was wrong, but it was short enough that he can reintegrate successfully into society again. ",1,5,1,21,2,1,5,2,1,3,1,,3
2026-07-02 12:10:03,2026-07-02 12:29:10,0,,100,1147,1,2026-07-02 12:29:11,R_377oDQegmYd1SGW,,,,,,,anonymous,EN,1,P001813,4,4,4,4,5,3,5,2,4,3,5,5,2,5,3,4,5,3,2,1,4,"This is difficult to rank as I'm not sure any of these things are entirely true. If prisoners are locked up they can't commit other crimes, that's the only one you can't really arguing with. Punishment deters others, probably not all of the time, but most of the time. Criminals deserve to be punished, well they should probably receive some sort of punishment, but I don't believe that prisoners are rehabilitated in prison unless that prison emphasizes some rehabilitation programs.",5,2,4,5,3,3,3,3,9,3,4,3,3,6,3,3,3,4,5,2,4,5,3,6,7,4,2,2,4,3,6,3,3,2,4,2,4,4,5,3,2,2,4,2,3,4,5,5,3,2,2,6,5,3,6,4,2,2,6,2,2,2,2,6,5,2,2,6,6,5,1,5,2,6,2,3,5,10,5,12,,,,,20,2,"Darryl did cause Frankie's death and should spend some time in prison. He will need to learn how to care for himself and reflect on what he's done. As he's no real threat to society anymore, 1 0r 2 years should be enough.","I hope this will give Darryl time to learn to care for himself and manage his anger issues. ",,,,,2,5,3,69,2,1,6,3,1,2,2,nothing to add,2
2026-07-02 12:13:34,2026-07-02 12:29:11,0,,100,936,1,2026-07-02 12:29:11,R_1Lch9oOJjhp2Ffw,,,,,,,anonymous,EN,1,P001042,6,7,7,6,7,6,4,7,4,7,6,6,6,3,5,3,6,3,2,1,4,i think the first one is most important because most of the time criminals will keep committing crimes if they arent punished for it,2,5,2,4,3,2,7,4,9,6,6,6,5,5,2,1,4,4,3,4,5,3,5,4,4,3,6,6,4,3,6,7,5,4,4,1,6,5,3,3,2,6,2,5,7,6,2,5,5,4,4,4,4,3,3,4,5,4,6,5,5,3,2,4,5,4,4,6,5,5,1,4,2,5,2,4,4,10,100,24,35,35,because he still committed the crime it doesn't change anyhting,he will learn you dont get away with stuff like that,,,,,,,,,2,3,1,30,2,1,2,5,2,1,1,,1
2026-07-02 12:10:50,2026-07-02 12:29:15,0,,100,1105,1,2026-07-02 12:29:16,R_3v2GxFXcJcaLePx,,,,,,,anonymous,EN,0.8999999761581421,P001157,7,7,4,7,7,6,1,7,5,7,7,7,1,5,4,2,7,1,4,3,2,Punishment is the real justification but rehabilitation is ok. IN etxreme cases where a person is life long dangerous then getting them out of society permanently serves a function.,2,4,1,7,2,3,4,5,9,4,7,7,5,7,1,1,4,4,2,1,7,1,7,3,1,1,7,7,4,2,7,1,4,3,4,1,4,3,7,1,1,1,1,3,2,2,4,1,4,4,6,4,4,4,4,5,1,2,5,4,5,7,7,2,2,7,7,1,1,7,4,3,1,1,4,7,1,5,5,47,50,50,"He's going to be socities ward somewhere , might as well be in prison.",Probably cheaper to keep jhim in prison . Maybe if there was an option I would consider it but you haven;t given me one. He still has to be accountable for what he did.,,,,,,,,,2,7,1,68,1,1,4,7,3,3,3,"Crime requires punishment. ",1
2026-07-02 12:12:12,2026-07-02 12:29:17,0,,100,1025,1,2026-07-02 12:29:17,R_3qX3zY4vm0K2rRS,,,,,,,anonymous,EN,1,P001571,6,7,5,6,7,6,4,6,7,7,6,6,5,5,5,6,6,1,3,2,4,Crimes need to be addressed with punishment and to get criminals off the street. There are questions about whether rehabilitation takes place.,3,5,3,4,5,1,6,6,9,4,5,5,6,6,5,3,5,5,4,4,5,4,6,4,4,5,5,6,4,5,7,4,4,6,5,1,5,5,6,3,2,4,4,3,4,5,6,5,3,3,3,5,4,3,6,4,6,4,4,5,5,5,4,6,6,5,5,7,7,4,2,4,4,3,5,6,4,10,5,47,,,,,50,50,"Darryl's actions killed Frankie, and he deserves life behind bars regardless.",Punishing Darryl.,,,,,1,6,1,60,2,1,4,6,2,1,1,No comments,2
2026-07-02 12:13:07,2026-07-02 12:29:29,0,,100,981,1,2026-07-02 12:29:29,R_5Xi7N8ZTwId4Fdn,,,,,,,anonymous,EN,0.8999999761581421,P001532,1,3,6,6,7,7,3,5,3,5,3,3,5,3,4,5,6,1,4,2,3,"while prisoners are still in the prison you still hear cases of the comiting other big felonies ",6,4,3,6,1,4,1,7,9,3,6,5,3,5,2,5,3,6,3,4,6,3,3,3,5,3,6,5,4,5,3,5,6,3,3,5,3,5,5,5,3,4,6,3,6,5,4,5,5,5,5,7,5,5,1,7,5,3,7,4,4,3,4,5,4,5,5,4,3,4,2,7,2,5,5,5,2,10,100,25,32,10,this is because he is still human and we believe that humanity still exist,the release of him or reduction of years to serve,,,,,,,,,1,5,5,23,2,1,4,2,2,1,1,it was good,1
2026-07-02 12:11:24,2026-07-02 12:29:35,0,,100,1090,1,2026-07-02 12:29:35,R_5iVDkBdt9PC3zas,,,,,,,anonymous,EN,1,P001739,7,6,5,6,6,5,2,2,2,3,6,7,2,5,4,4,6,2,3,1,4,"I don't think our prison system has a good rate of rehabilitation. I believe in imprisonment to get people who want to commit crimes off the street and keep the rest of us safer. I also think they deserve to be punished, and the family and friends of victims get some kind of relief from the effects of their crimes",3,2,1,3,5,1,6,7,9,6,6,6,6,6,3,3,7,7,5,3,3,2,6,2,1,3,4,6,4,5,7,1,1,3,3,1,5,3,3,2,2,3,2,4,4,5,3,5,5,5,3,4,3,3,5,6,1,1,7,1,5,5,1,6,2,6,6,3,6,5,1,5,5,3,3,5,5,10,100,24,,,,,50,50,He took Frankie's life so society needs to take his back in the manner of imprisoning him for the rest of his natural years. The fact that he is disabled has no bearing on my thoughts because I am not trying to keep society safer I believe his sentence is punishment for taking a life.,"I would hope that sentence bring some peace to Frankie's friends and family and in some way compensates them for Daryl killing her. If the death penalty cannot be used in this case, I think that it should, darryl needs to spend the rest of his natural life in prison",,,,,1,7,2,69,2,1,3,3,3,1,1,,2
2026-07-02 12:12:26,2026-07-02 12:29:41,0,,100,1035,1,2026-07-02 12:29:42,R_63xzse3rbJDREgd,,,,,,,anonymous,EN,1,P001174,7,6,6,6,6,4,4,5,5,6,5,5,4,6,5,3,6,1,3,2,4,the rank reflects the way I see society,4,4,1,5,1,1,5,1,9,1,4,5,1,5,1,1,5,5,5,1,1,4,5,1,4,4,4,1,4,1,7,1,1,1,1,1,3,2,7,2,2,2,3,2,3,3,5,4,2,1,2,2,4,2,5,3,2,1,7,4,5,2,2,6,6,2,2,5,5,7,2,1,1,6,2,2,6,9,6,47,,,,,25,26,it make no difference to me is he is sick now,punishment for breach of law,,,,,1,7,1,63,1,1,4,1,1,2,2,,2
2026-07-02 12:13:31,2026-07-02 12:29:46,0,,100,974,1,2026-07-02 12:29:46,R_6d9QmzjiwbRnvlr,,,,,,,anonymous,EN,0.699999988079071,P000946,5,5,4,5,5,5,5,4,4,4,5,5,3,5,5,3,4,1,3,2,4,"I ranked them in that order because those who commit crimes deserve to serve time for what they have done. Following that one, that seems like the best order.",4,4,4,5,4,3,5,5,9,4,5,6,4,7,7,5,5,5,5,4,3,3,4,6,6,4,3,6,4,4,5,3,2,3,4,3,5,4,4,4,3,4,3,4,4,4,4,5,3,3,3,5,4,3,5,4,5,5,3,5,5,4,5,3,5,4,4,4,5,5,5,5,5,5,3,3,4,10,5,24,,,,,,,,,30,20,He killed a man and should still be punished,This will make him think about his actions,1,6,4,19,2,1,3,5,2,2,1,,3
2026-07-02 12:13:23,2026-07-02 12:29:50,0,,100,986,1,2026-07-02 12:29:50,R_5Iat6OkhutCUQJ6,,,,,,,anonymous,EN,0.800000011920929,P000087,4,6,3,5,6,3,5,7,6,7,7,6,2,1,6,5,5,2,1,3,4,"Without the threat of punishment, criminals are more inclined to keep committing crimes",3,4,2,6,1,1,5,4,9,5,4,7,6,7,3,5,5,5,5,5,5,6,5,5,5,4,5,7,4,4,7,3,1,6,4,1,6,6,5,7,5,4,3,4,4,2,4,5,2,5,5,2,7,3,3,2,5,1,7,4,5,6,5,6,6,5,4,6,5,7,4,7,3,1,6,7,2,10,100,12,35,50,Because of the public pressure,That people will behave themselves,,,,,,,,,2,3,1,33,1,1,4,4,3,3,1,All good!,1
2026-07-02 12:10:30,2026-07-02 12:29:55,0,,100,1164,1,2026-07-02 12:29:55,R_3Hp4dTZbBPf6hjo,,,,,,,anonymous,EN,1,P000537,6,6,6,6,6,4,6,7,6,7,5,6,1,3,6,6,6,4,1,2,3,"Without the fear of punishment there would be a lot more people willing to commit crime which is the most important in my opinion. Next is while they are locked up prisoners can't commit other crimes which is also important because it lowers the chances for crime in the area. Prisoners get rehabilitated in prison is 3rd because I don't feel it's really the focus on the prisons here in the US but if it were it would be very helpful and last is Criminals deserved to be punished which is just kind of obvious and is similar to number 1 to me. ",7,2,1,7,1,1,5,4,9,2,2,5,2,5,4,2,3,1,2,1,3,4,5,6,6,7,5,7,4,2,7,1,4,1,4,1,7,5,6,4,3,4,5,2,4,6,7,5,2,4,1,2,7,3,5,1,1,1,7,3,3,1,1,7,7,1,1,7,7,4,1,2,1,7,1,1,7,5,5,47,,,,,,,,,50,20,"Because he's no longer a threat to society and with his condition is likely going to be suffering for the rest of his life. ",The hope that is it'll make Darryl a better person in the end.,1,7,1,43,1,1,2,2,3,1,1,Thank you,3
2026-07-02 12:12:16,2026-07-02 12:30:07,0,,100,1070,1,2026-07-02 12:30:08,R_3fUzOHiRCWBPdZv,,,,,,,anonymous,EN,1,P001272,4,7,6,7,6,5,1,6,7,6,7,7,1,3,6,2,7,1,3,2,4,"Breaking the law should bear the repercussions, so punishment is a deserved outcome. It stands to reason that if they are out of the public domain, they are significantly less likely to be able to commit a crime. I don't know how much punishment actually deters, but it is a higher reason that prisoners being rehabilitated in prison. Prison rehabilitation has been proven to be a failure.",7,1,2,7,2,1,3,6,9,1,1,7,2,7,2,2,3,4,1,1,1,3,7,1,1,4,1,6,4,1,7,6,1,1,3,1,6,5,4,2,2,2,3,1,3,4,7,7,1,1,1,6,6,1,7,1,1,4,5,2,5,7,7,1,5,7,7,5,5,7,2,5,3,6,2,6,1,5,5,47,,,,,,,,,30,1,"It would be extremely difficult to provide the physical care necessary to keep Darryl incarcerated. Darryl deserves punishment, however, there are other ways that he could pay this debt resulting from his crime that will not overburden the system, the staff, and the other incarcerated inmates.","Darryl will not cause exorbitant costs to the criminal justice system both financially and personnel wise. ",1,7,1,72,2,1,3,7,2,1,1,"There are no hard absolutes in the criminal justice system that seem to be fairly or uniformly applied. ",3
2026-07-02 12:11:07,2026-07-02 12:30:16,0,,100,1149,1,2026-07-02 12:30:17,R_5dzOS6Hpu2ssqce,,,,,,,anonymous,EN,1,P000242,7,6,4,6,6,3,4,5,4,7,6,6,3,6,5,5,7,1,3,2,4,"Overall I think everyone agrees that criminals deserve to be punished, second the next logical step is while they are locked up they cant commit any more crimes. Next i said punishment deters others which is very true and lastly they get rehabiliatted in jail",4,3,3,5,1,1,3,7,9,7,5,7,4,5,3,1,5,6,4,1,2,4,4,4,6,2,3,2,4,3,7,1,1,2,4,1,5,4,6,3,3,5,1,3,5,5,6,5,3,2,5,7,7,2,6,3,3,1,6,2,4,2,1,6,6,2,2,6,6,7,3,5,5,5,3,4,5,10,100,24,,,,,35,20,"I don't think his disease lets him get off without consequences, I gave him 20 instead of 35 because he is suffering and somewhat immobile",Shows him there are consequences to events that lead to taking a life no matter handicapped or not,,,,,1,7,1,35,1,1,4,4,3,3,1,Thanks! Can't imagine many peopl would want the shark to suffer,2
2026-07-02 12:10:36,2026-07-02 12:30:24,0,,100,1188,1,2026-07-02 12:30:25,R_3alUbr0miGGA13j,,,,,,,anonymous,EN,1,P001251,6,6,4,6,6,5,6,7,6,7,6,7,4,4,6,5,5,3,2,1,4,"Prisons, especially those with relatively lax supervision, often foster a relatively lawless internal structure and are relatively poor at rehabilitating offenders, so rehabilitation is number 4. While criminals often deserve punishment, by itself it is not the most persuasive reason, so it is number 3. There is somewhat conflicting evidence for the deterrence factor, so it is number 2. Society does clearly benefit from having the most persistent offenders incarcerated, so that becomes the top reason.",2,4,3,6,4,2,4,2,9,2,3,2,4,6,1,2,6,6,2,3,3,1,6,2,3,5,6,6,4,5,7,3,4,6,5,1,4,3,6,2,2,1,3,2,4,2,6,2,2,2,2,6,2,4,6,4,2,2,6,3,3,2,1,6,5,5,4,4,4,4,2,2,1,4,4,4,5,5,5,47,,,,,35,30,"He violently took a life and has had a demonstrably violent past, so I think 30 years is a fitting sentence.",The sentence will keep society safe from Darryl's penchant for violence.,,,,,1,6,1,65,1,4,4,4,3,3,3,,2
2026-07-02 12:12:03,2026-07-02 12:30:26,0,,100,1103,1,2026-07-02 12:30:27,R_1wEBCXXh3EAGjJL,,,,,,,anonymous,EN,1,P000080,7,7,7,6,7,6,4,7,6,7,7,6,5,6,7,5,5,4,2,3,1,I prioritized positive future societal outcomes over basic retributive justice.,4,5,4,4,3,4,5,5,9,6,5,5,5,5,6,5,6,6,6,6,6,6,6,6,6,6,6,6,4,5,6,4,4,5,4,5,4,4,6,4,4,4,4,4,4,4,4,4,5,4,5,4,4,4,5,4,6,6,4,6,6,1,7,7,7,1,1,7,7,4,4,7,5,4,4,4,4,5,5,47,,,,,,,,,33,15,14 years balance his permanent paralysis with necessary retribution for taking a young life,Provide accountability for the crime while acknowledging his mental reality.,1,7,7,66,1,1,6,4,2,3,2,,3
2026-07-02 12:12:43,2026-07-02 12:30:42,0,,100,1078,1,2026-07-02 12:30:42,R_6TnSKs1DEh9bMN2,,,,,,,anonymous,EN,1,P001271,7,6,6,7,7,6,5,5,5,7,7,6,7,5,5,6,7,1,3,2,4,They need to be punished and locked up  .,4,4,2,6,1,1,4,6,9,2,5,4,4,7,4,2,3,5,3,4,4,5,7,5,5,6,4,3,4,5,7,2,1,5,5,1,6,5,4,5,6,5,4,5,6,6,6,4,2,5,5,5,5,4,6,4,1,3,4,4,5,3,1,6,6,6,2,6,6,5,2,4,1,6,4,4,3,15,5,24,,,,,40,40,He  deserves to serve a long time.,To punish him for his crime.,,,,,1,4,1,80,1,1,3,3,1,3,3,,2
2026-07-02 12:12:33,2026-07-02 12:30:53,0,,100,1099,1,2026-07-02 12:30:53,R_7PPzU3McST0BBv3,,,,,,,anonymous,EN,0.8999999761581421,P000935,5,5,5,4,5,3,4,4,5,6,5,5,3,5,4,2,5,3,2,1,4,"I don't believe that number 4 is always true. ",5,3,4,4,4,1,5,3,9,1,1,4,3,6,2,2,3,3,4,3,4,3,5,4,5,5,3,4,4,4,5,2,4,2,3,2,5,4,6,4,4,1,3,2,1,4,5,1,1,2,4,6,6,1,6,3,3,4,2,3,3,1,1,7,7,4,1,5,7,1,1,1,1,7,1,1,7,10,100,24,,,,,,,,,25,25,"he still committed the crime ","punishment for the crime
",1,5,1,29,2,1,4,4,3,1,1,,3
2026-07-02 12:13:18,2026-07-02 12:31:01,0,,100,1062,1,2026-07-02 12:31:01,R_6WDPSL9mXUBtZeh,,,,,,,anonymous,EN,1,P000428,6,5,4,5,4,4,2,6,5,6,2,5,2,4,3,2,4,3,1,4,2,The fear of one deters another,4,2,3,7,4,1,2,5,9,3,2,7,2,7,5,3,3,2,4,1,1,5,2,7,7,5,2,1,4,5,7,3,2,4,1,1,5,5,7,1,1,2,5,2,2,4,6,3,1,3,4,4,6,3,5,2,3,1,7,1,1,4,2,7,7,1,7,4,7,6,1,5,1,5,3,4,5,5,5,24,,,,,,,,,25,2,"He still needs to reform, just because he is unable doesnt mean his mind is still negative ",For him to look on his actions and grow from his mistake,1,7,1,29,1,1,4,4,3,3,1,,3
2026-07-02 12:14:21,2026-07-02 12:31:01,0,,100,999,1,2026-07-02 12:31:02,R_62F7ZHGJFKUOcHp,,,,,,,anonymous,EN,1,P001543,7,7,6,7,7,4,4,4,7,7,7,7,4,5,7,4,6,1,3,2,4,"I don't think much rehabilitation actually happens, and punishment doesn't seem to deter others so much. But for sure criminals need to be punished, and they cannot commit crimes against society while in prison",1,4,1,5,6,2,6,2,9,4,4,6,6,6,2,1,7,6,5,5,5,1,6,3,3,2,7,6,4,5,7,2,2,1,2,1,5,5,4,4,3,3,2,6,5,5,6,3,2,2,2,5,6,4,6,3,3,2,6,2,6,5,5,4,4,5,3,3,5,2,2,3,1,2,5,6,2,5,5,47,20,10,"He killed a child, he needs to do the time. Reoffending may be a non factor, but he still needs to be punished",It will give Darryl plenty of time to reflect on his life choices and hopefully make better ones in the future,,,,,,,,,2,7,4,59,1,1,2,6,2,2,2,excellent study,1
2026-07-02 12:11:52,2026-07-02 12:31:09,0,,100,1156,1,2026-07-02 12:31:10,R_3A33EbWAu8bPP4R,,,,,,,anonymous,EN,1,P001601,6,6,4,6,6,5,2,6,5,7,6,6,6,4,4,4,6,3,2,1,4,"I think if a criminal commits a crime and isn't punished, they will do it again, and soon. If people can see that they are being held accountable, they may think twice about committing crimes. I think all bad behavior needs consequences, and there is.a chance that a criminal can be rehabilitated and do better if they get out of prison. ",4,4,1,3,4,4,4,6,9,2,4,3,5,6,3,2,5,6,3,2,4,4,6,6,6,3,6,7,4,5,7,3,4,4,5,1,7,6,7,3,2,3,4,4,5,5,5,4,3,3,6,3,4,3,4,5,6,7,3,5,5,5,4,5,4,5,4,4,5,6,3,4,2,3,5,5,3,1,100,47,,,,,30,30,I don't think his health condition should change his sentence,Keep others from doing the same,,,,,1,5,1,53,2,1,6,6,2,1,1,,2
2026-07-02 12:11:29,2026-07-02 12:31:23,0,,100,1194,1,2026-07-02 12:31:24,R_3erKatWfeBwJDJn,,,,,,,anonymous,EN,1,P001063,4,5,3,5,5,4,5,4,5,6,6,3,1,6,5,4,3,3,2,1,4,"Prisoners rarely get rehabilitated, the become institutionalized and they lose a part of themselves. I don't believe that a lot of criminals are violent, but once they go in to the system they have to become violent to protect themselves.",5,2,4,6,5,1,6,6,9,5,4,7,3,5,1,4,4,3,5,1,1,5,3,4,6,5,3,3,4,3,6,5,3,1,3,1,6,5,6,5,5,3,3,4,5,5,6,4,3,2,1,7,7,2,6,1,2,4,4,3,4,3,1,7,7,7,1,6,6,7,3,4,5,3,4,4,2,5,5,47,,,,,15,5,"He's incapacitated, and it will cost the state more money to take care of him in his condition.","Granted, it seems like a slap on the wrist, but life as he knew it is over.",,,,,2,6,1,53,1,1,3,3,3,3,3,It was a very interesting task.,2
2026-07-02 12:13:02,2026-07-02 12:31:25,0,,100,1102,1,2026-07-02 12:31:26,R_5QldweKJ37AKt7X,,,,,,,anonymous,EN,1,P001911,6,6,6,6,6,6,6,6,6,7,6,6,3,3,6,6,6,1,3,2,4,"Because it is the proper way, in my opinion, to deal with criminals.",1,6,2,5,4,4,4,6,9,1,6,6,6,6,5,3,6,6,5,5,6,4,7,2,4,4,6,6,4,6,5,5,4,5,6,1,5,4,2,2,2,4,1,4,4,6,4,3,6,4,6,5,3,6,6,4,6,6,3,5,5,1,1,7,6,3,2,4,6,6,3,4,2,1,7,7,1,10,100,24,,,,,,,,,30,30,Original sentence,rehabilitation of the mindset,1,3,1,61,1,1,2,7,2,3,3,I have no suggestions at this time.  Thank you for the study.,3
2026-07-02 12:10:37,2026-07-02 12:31:28,0,,100,1250,1,2026-07-02 12:31:28,R_7QRIfhycq6sOsMe,,,,,,,anonymous,EN,1,P001908,6,6,5,5,5,5,2,5,5,6,5,5,3,5,5,4,5,3,2,1,4,Unable to commit crimes while locked up seems obvious. I feel deterred from committing crimes by the thought of punishment. I don't think much rehabilitation happens in US prisons.,7,2,4,7,1,1,3,1,9,3,3,7,1,7,1,2,2,2,6,1,1,5,2,7,7,5,6,5,4,1,7,1,1,1,1,1,5,2,7,1,1,2,4,2,2,2,7,5,1,1,1,7,7,1,7,1,1,1,7,1,1,1,1,7,7,1,1,7,7,4,1,1,1,7,1,1,7,5,5,24,,,,,,,,,25,5,Darryl is no longer a threat to society. And the fact that he was involved in criminal activity at such a young age means that his parents/environment is partly to blame.,"Darryl has time to reflect on his actions, but will still be young enough when he leaves prison to turn his life around.",2,7,1,69,1,1,3,1,1,2,2,It was interesting to have to think about some of these things.,3
2026-07-02 12:10:38,2026-07-02 12:31:29,0,,100,1251,1,2026-07-02 12:31:30,R_7K3dz3sByxkDqdZ,,,,,,,anonymous,EN,1,P001344,7,7,5,6,5,6,5,5,6,5,5,5,5,6,5,5,6,2,1,3,4,"People who commit crimes have to be held accountable and face the consequences and should accept punishment. Off the streets, criminals are mostly unable to commit more crimes. For prisoners who want to turn their life around, they can attempt to rehabilitate themselves.",4,1,3,6,5,2,6,1,9,2,5,5,4,7,3,3,6,5,6,2,5,2,2,3,3,4,4,4,4,6,7,3,4,5,5,2,1,2,2,1,1,5,3,4,4,5,4,5,3,2,5,4,2,5,5,4,3,4,4,3,4,1,1,7,7,1,1,7,7,7,1,3,1,2,1,1,4,5,5,47,,,,,50,40,"Darryl should probably get a sentence of 50 years, but since he's paralyzed, he'll suffer more and 40 years seems like enough time. A 40 year sentence will give him plenty of time to reconsider his actions and will hopefully help him feel more guilt.",Darryl will realize the extreme affects of his actions and give him time to be remorseful. He made several wrong choices and needs to face judgment for them.,,,,,1,2,1,73,2,1,6,3,1,3,3,A good study to confirm personal priorities.,2
2026-07-02 12:19:25,2026-07-02 12:31:34,0,,100,728,1,2026-07-02 12:31:34,R_1IbJ8ZNpCEqZTeu,,,,,,,anonymous,EN,0.4000000059604645,P001329,6,6,5,5,5,6,6,5,6,5,6,5,5,5,6,6,5,1,3,2,4,Punishment is best way to learn not rehabilitation that can cause relapse,3,6,3,3,6,5,6,5,9,5,6,7,6,5,6,6,6,6,5,5,6,6,5,5,6,5,4,6,4,5,6,6,6,5,6,5,3,2,6,2,2,2,2,3,3,3,3,3,6,3,5,4,5,2,6,3,5,5,6,6,6,5,2,3,5,3,5,5,5,6,1,5,1,3,3,2,2,5,6,47,,,,,50,50,I don't care if he's ill he should still rot in prison,Get someone who is dangerous off the streets,,,,,2,5,5,21,1,2,4,5,2,3,2,,2
2026-07-02 12:11:45,2026-07-02 12:31:38,0,,100,1192,1,2026-07-02 12:31:39,R_1iWfmCHu0FQplwB,,,,,,,anonymous,EN,0.699999988079071,P000019,4,4,2,4,4,3,3,4,2,3,4,4,2,3,3,2,4,1,3,2,4,"There needs to be consequences for actions/choices is the bottom line and why that is number 1.  My second choice is also an important reason.  As for number 3, I am not sure if research proves punishment deters others from committing crimes. And I chose number 4 because I don't believe most prisoner et rehabilitated in the system - although they should",6,2,5,7,2,1,2,2,9,1,2,4,2,7,2,2,5,4,4,2,2,4,4,6,5,5,4,4,4,4,7,4,2,4,4,1,5,3,6,3,3,2,4,1,4,2,6,5,2,2,2,6,5,1,6,1,1,1,6,1,3,2,1,7,6,4,3,6,7,2,1,2,1,6,2,2,6,10,5,47,20,5,"I think he deserves some type of punishment, but he is no longer a threat to society, so keeping him in jail seems pointless",That Darryl learns from the experience and can be released with a better outlook on life.,,,,,,,,,1,6,1,61,2,1,6,2,1,3,3,,1
2026-07-02 12:09:58,2026-07-02 12:31:42,0,,100,1304,1,2026-07-02 12:31:43,R_3rTSsorEvHFuuwx,,,,,,,anonymous,EN,1,P001423,5,6,6,6,6,4,6,7,6,6,5,6,5,7,5,4,6,1,2,3,4,I believe that the first step is for them to be brought to justice and punished if that's the case.  When people see that others are punished then it will deter some.  I think rehabilitation is a great idea but that's not the highest priority in deterring crime.,4,3,2,6,4,1,4,4,9,3,5,6,4,6,3,2,3,3,4,1,2,2,4,3,5,4,2,5,4,4,7,1,3,2,4,1,5,5,6,2,2,1,2,1,1,2,6,5,4,4,6,6,6,1,5,3,2,1,6,4,5,2,4,6,7,5,3,5,6,4,1,4,1,3,3,4,4,8,20,12,,,,,50,50,I don't believe that getting a disease diminishes taking the life of another person for purposeful malicious reasons,It will remove him from society so that he is no longer is a threat to anyone else.,,,,,1,6,1,67,2,1,2,3,3,3,3,This survey gave me a lot to think about and how my feelings are regarding people who commit crimes.,2
2026-07-02 12:11:30,2026-07-02 12:31:50,0,,100,1219,1,2026-07-02 12:31:50,R_3FR96pNLGf6d4aU,,,,,,,anonymous,EN,1,P000316,6,6,6,7,6,6,7,6,7,7,6,7,6,7,6,6,6,2,4,3,1,"I think rehabilitation can help the prisoners, while criminals also deserve to be punished. Then when they are locked, they cannot commit other crimes, and finally I think the punishment can deter them from commiting further crimes.",3,5,1,5,6,1,2,5,9,5,5,7,6,5,7,1,5,5,5,5,5,6,6,5,5,5,6,7,4,1,7,2,5,7,4,1,6,6,4,4,4,4,3,4,5,5,5,5,5,4,4,3,5,3,5,3,1,1,7,5,3,1,1,7,7,1,1,6,6,7,3,5,4,3,3,5,3,5,5,47,25,10,"I chose a 10 year sentence because Darryl no longer poses a threat to society due to his medical condition, so long term is not necessary to protect the public. However, the crime still resulted in the death of another person during a violent incident, which is very serious and still requires punishment of some sort.","That he is aware of the consequences of his crime. ",,,,,,,,,1,5,5,45,1,1,4,2,1,3,1,Everything was easy to understand. No technical issues. Thanks,1
2026-07-02 12:11:00,2026-07-02 12:31:53,0,,100,1252,1,2026-07-02 12:31:53,R_5FLIhP5XoFqhEa6,,,,,,,anonymous,EN,1,P000890,4,7,4,5,6,7,4,7,7,7,7,6,5,7,5,7,4,4,2,1,3,This seemed like a logical placing. While in jail they can't commit any crimes in society anymore. Punishment possibly could deter other people from committing crimes. Prisoners who do go through the system and do the programs are likely to be rehabilitated. Someone who gets caught with a tiny amount of marijuana shouldn't face life in prison.,4,4,2,7,4,1,5,5,9,1,4,7,4,7,1,1,5,4,7,1,1,1,3,4,4,4,5,3,4,1,7,1,4,1,1,1,7,4,7,2,2,1,1,4,4,1,5,4,1,4,4,4,4,1,5,1,1,2,4,3,4,1,1,7,7,1,1,7,7,5,4,1,1,7,1,1,7,10,100,24,,,,,,,,,50,20,"I gave him 20 because he still killed someone. Even if he poses no threat, he should be able to get out in a shorter time if he does well. The family of the deceased still needs some justice for losing their son.",To give him time to understand what he did.,1,7,1,29,1,1,3,2,1,3,3,,3
2026-07-02 12:11:34,2026-07-02 12:32:02,0,,100,1227,1,2026-07-02 12:32:03,R_3MXYSJHbz9A57pL,,,,,,,anonymous,EN,1,P000532,6,6,5,7,6,6,5,6,6,6,7,7,4,4,7,4,6,2,3,1,4,"I ranked the other I did because criminals in jail cannot hurt the general public while locked up, they do deserve to be punished. I put they get rehabilitated while in prison as last because many do not, many become career criminals and prefer being in jail.",2,6,1,4,5,4,5,7,9,6,6,7,6,7,4,1,6,6,6,4,5,4,7,4,4,2,7,6,4,4,6,4,4,5,4,2,3,4,7,2,1,7,1,7,7,6,4,3,4,5,4,3,5,5,3,5,4,1,6,5,6,5,5,4,4,3,5,4,4,4,4,4,4,2,6,7,4,10,100,24,50,50,"He's a menace, I have no sympathy for him. Paralyzed or not, 18 years old or not, good riddance.  ",Punishes him for his crime and disturbing the peace and destroying someone's family by killing their daughter.,,,,,,,,,1,7,1,36,2,1,4,4,3,1,1,"Sharks live by instinct and survival. When we enter the water we enter their world, they do not abide by human law because they are not human and do not have the mental intelligence to know right from wrong. comparing an animal killing a human to a human killing a human is not possible.",1
2026-07-02 12:10:57,2026-07-02 12:32:04,0,,100,1266,1,2026-07-02 12:32:05,R_5DtppANNmBW7278,,,,,,,anonymous,EN,1,P001657,5,5,4,6,6,5,4,5,6,6,6,5,4,6,5,4,5,1,2,3,4,"If you do something illegal, you deserve the consequences ",3,4,3,5,6,3,6,5,9,4,4,4,5,4,5,3,4,6,3,3,3,3,5,5,5,5,5,5,4,5,6,3,3,2,3,1,5,5,4,4,3,3,4,2,2,6,4,4,2,5,5,5,5,3,5,4,3,4,7,6,6,2,2,7,7,3,3,5,6,5,2,3,3,3,4,4,4,5,5,47,30,30,Age doesn’t matter to me,Rehabilitation of his mind and body,,,,,,,,,2,5,2,66,2,1,4,5,3,1,3,"Thanks for the opportunity ",1
2026-07-02 12:12:07,2026-07-02 12:32:07,0,,100,1199,1,2026-07-02 12:32:08,R_1xTb6rv771MGVR7,,,,,,,anonymous,EN,1,P001009,4,6,2,4,6,1,2,3,1,3,1,3,4,5,1,3,6,1,2,3,4,"I'm not wholly convinced of any of the statements. Therefore, I picked that obviously they need to be punished, that's how all aspects of our society work. And, maybe there is some deterrence in there.",7,1,4,7,1,1,1,2,9,1,1,3,1,3,3,4,1,1,1,1,1,1,2,5,7,5,2,5,4,7,7,1,2,2,4,1,4,1,5,2,3,1,3,1,1,1,7,1,1,1,1,7,4,1,7,1,1,1,7,1,1,1,1,7,7,1,1,7,7,1,1,1,1,5,1,1,7,5,5,47,,,,,50,50,"He was directly responsible for taking a life. I'm almost sure his victim would choose a life without freedom over her death; she would have a glimmer of hope and would hold on to her existence. So, I think his freedom and future ought to be forfeited.","It won't accomplish anything. It will provide a consequence, and it will also mean that he has no freedom to choose his life, his life is permanently now on hold until he dies.",,,,,1,7,1,43,1,1,5,1,5,3,2,"All good thanks, not a simple subject!",2
2026-07-02 12:16:12,2026-07-02 12:32:11,0,,100,959,1,2026-07-02 12:32:12,R_7nU5XUBeC69bXcp,,,,,,,anonymous,EN,1,P000140,7,7,6,7,7,6,4,7,7,7,7,7,4,5,6,7,7,3,2,1,4,I think that the least important factor is for prisoners to get rehabilitated in prison since it doesn't always work but the other three factors are fairly close to each other.,1,4,2,5,5,6,7,5,9,7,7,7,4,6,2,1,6,7,5,4,4,4,7,2,6,2,5,7,4,6,7,3,2,1,4,1,6,5,4,4,3,6,4,5,6,4,4,5,6,5,5,4,4,3,4,4,4,4,4,4,6,5,4,7,6,3,4,4,6,5,3,3,2,4,4,4,5,5,100,47,,,,,50,50,Darryl still committed the crime and deserves to serves the punishment.,I hope that the people who commit crimes are treated as they should be,,,,,1,4,1,20,1,4,3,4,3,3,1,,2
2026-07-02 12:09:56,2026-07-02 12:32:12,0,,100,1335,1,2026-07-02 12:32:13,R_7OUzEipWUEblT9d,,,,,,,anonymous,EN,1,P000704,7,7,7,7,7,1,4,7,7,7,7,7,4,5,7,7,7,3,1,2,4,"I think it is important to use punishment from them commiting more crimes and to use as an example to others ",1,7,1,1,4,4,7,5,9,7,4,4,4,4,6,1,7,7,5,6,5,1,7,3,3,1,7,5,4,1,7,7,4,4,2,1,7,7,6,1,2,1,2,3,6,6,4,7,6,5,5,4,7,5,3,5,3,7,1,3,7,1,1,7,7,1,1,7,7,7,1,5,1,4,1,4,4,10,100,24,,,,,,,,,50,50,It doesnt matter the state of Daryll physical health he still committed a violent crime and needs to be punished,show others that violence will not be tolerated,1,7,1,31,2,1,6,4,3,1,1,,3
2026-07-02 12:13:41,2026-07-02 12:32:19,0,,100,1117,1,2026-07-02 12:32:20,R_1IauyRhlhBQQs5R,,,,,,,anonymous,EN,1,P001421,5,5,5,5,6,4,4,4,4,6,5,5,4,4,4,4,4,1,2,3,4,Criminals should be punished to keep a society functioning. The other reasons listed are not absolute in nature and would not rank any higher than they do.,4,5,1,5,4,4,5,5,9,3,4,3,5,5,3,3,4,4,4,4,4,4,5,4,4,4,4,5,4,4,5,2,3,3,4,1,5,5,5,3,3,3,3,3,4,4,5,4,5,3,3,3,5,4,5,4,4,5,3,4,5,4,2,5,5,4,4,4,4,4,4,4,1,4,4,4,4,10,100,24,50,50,"The law makes room for up to a life sentence, which in this case is warranted.","This sentence will punish him to the furthest of what the law will allow. He couldnt stop at taking her purse, he had to gain revenge on her by removing her life as well",,,,,,,,,2,5,3,57,1,1,6,5,2,1,3,This was an interesting study. it made me think about things differently.,1
2026-07-02 12:13:04,2026-07-02 12:32:28,0,,100,1164,1,2026-07-02 12:32:29,R_3kyBr5mLK0zCPbr,,,,,,,anonymous,EN,0.8999999761581421,P001330,7,7,7,7,7,6,4,7,7,7,7,7,7,6,7,7,7,1,2,3,4,I ranked it this way because that is the best way it should be ranked.,4,4,1,4,4,4,7,7,9,2,4,4,4,7,4,1,7,7,7,7,7,6,7,5,6,1,3,6,4,3,4,4,4,7,4,4,5,4,7,2,2,7,1,4,7,6,3,7,6,7,5,1,4,4,2,1,6,4,4,7,7,7,7,1,4,1,7,1,7,4,4,7,4,1,1,1,4,5,5,47,,,,,,,,,50,15,killing is enough,to deter others from doing same.,2,7,1,68,2,1,6,7,1,3,3,the study was good.,3
2026-07-02 12:21:38,2026-07-02 12:32:29,0,,100,651,1,2026-07-02 12:32:30,R_7sbULDu0EBwme79,,,,,,,anonymous,EN,1,P001827,6,6,6,6,6,6,6,6,5,5,6,6,6,6,6,6,6,4,2,1,3,"I ranked the list in this order because even though they are all important and true to my belief, imprisonment serves best when it is to stop others from committing the crimes again. Then, stopping them from committing again indirectly helps them rewire into a better person morally. ",5,4,4,5,5,3,6,4,9,5,6,3,4,4,5,5,5,5,5,4,5,5,4,5,5,5,5,5,4,4,4,4,5,4,4,3,7,5,1,6,5,5,5,4,6,6,5,4,4,4,4,6,4,3,6,4,5,3,5,3,5,4,4,4,4,4,4,4,4,3,4,2,3,5,3,3,5,5,5,24,,,,,50,50,"Even though he is physically incapable of committing a similar crime again, he still did it before and is capable of thinking about or plotting it again with others. ",He will reconsider his life choices and he will banish those thoughts and actions from his lifestyle.,,,,,1,6,1,18,2,4,3,3,1,3,3,,2
2026-07-02 12:12:12,2026-07-02 12:32:37,0,,100,1225,1,2026-07-02 12:32:38,R_5LXHS9lxhtfKZcl,,,,,,,anonymous,EN,1,P001520,7,7,7,7,7,7,7,7,7,7,7,7,7,6,7,7,7,1,3,2,4,"If you chose to break the law you deserve to get punished 
while prisoners are locked up they cannot continue to commit crimes ",2,7,1,7,5,2,7,7,9,7,7,6,7,7,3,2,6,7,7,4,5,2,7,6,7,3,7,7,4,6,5,6,5,4,5,2,5,6,4,4,4,4,2,4,4,4,2,6,4,6,6,2,4,6,2,7,5,4,5,5,5,4,5,5,6,4,4,4,5,1,1,1,1,2,4,5,2,10,5,47,,,,,50,50,"He  committed an awful crime regardless of age or health he must be punished period ","suffering for his violent behavior ",,,,,1,5,1,53,2,1,3,5,3,1,1,I believe regardless of age or health prisoners should be punished and I think we are way too easy on our prisoners Thank you for the study and have a lovely evening and holiday weekend :),2
2026-07-02 12:16:09,2026-07-02 12:32:43,0,,100,993,1,2026-07-02 12:32:43,R_72ScECcQ5DNZb73,,,,,,,anonymous,EN,1,P000956,4,5,4,5,5,4,3,7,4,6,5,6,4,5,5,5,6,3,1,2,4,"Rehabilitation is not usually the top priority of prisons, especially in America.",2,3,2,4,5,2,5,7,9,5,3,3,6,6,4,2,5,5,3,3,5,5,4,5,5,3,5,4,4,5,7,4,3,2,3,2,5,3,2,5,5,3,4,3,4,4,4,3,4,4,4,3,5,4,4,3,2,2,6,3,3,3,5,4,4,4,4,4,5,2,2,4,1,7,3,3,6,5,5,47,20,20,"The decisions were made that ultimately led to the loss of a young life. These actions need to be remedied. ",Answer the question asked.,,,,,,,,,1,7,2,23,1,4,3,3,1,1,3,,1
2026-07-02 12:14:38,2026-07-02 12:32:44,0,,100,1085,1,2026-07-02 12:32:44,R_6CPTgl4hykxRYfn,,,,,,,anonymous,EN,1,P000860,6,7,6,5,7,7,7,7,5,7,6,6,6,5,5,6,6,4,1,2,3,"Prison time among other various punishments can seriously mess up a persons life, and serve as a good deter from crime. Locking up prisoners also prevents more crime from happening, which is a very valuable asset. Being in prison also helps prisoners to learn and grow from their mistakes. Finally, its hard to say whether a criminal ""deserves"" to be punished. Someone could be convicted as a criminal, but be in a morally grey case.",3,4,3,7,5,2,3,3,9,6,4,3,2,6,5,3,5,2,2,2,2,5,5,4,5,6,3,5,4,3,7,3,3,3,3,2,6,6,5,5,3,3,6,2,3,6,6,3,3,3,3,5,5,3,6,3,5,6,1,5,3,5,2,3,6,3,3,6,6,6,5,3,1,3,2,4,5,10,100,47,22,20,"Minor or not, Darryl still committed a serious murder, and whilst he may not be a threat, there has to be just punishment, therefore, I only lowered the sentence by two years.","A realization of wrong and a strive to repentance. ",,,,,,,,,1,6,2,21,1,1,4,5,3,1,1,,1
2026-07-02 12:13:22,2026-07-02 12:32:51,0,,100,1169,1,2026-07-02 12:32:52,R_1tJg7215BsTWGkN,,,,,,,anonymous,EN,0,P000122,6,5,7,6,7,6,4,6,6,6,6,6,6,4,7,6,6,3,1,4,2,"I put deterrence at number one because it will prevent crime in the future, which will be good for the whole society. I put rehabilitation in second place because through rehabilitation, it will help to rehabilitate criminals so as to avoid committing crime in the future. Punishment because the offenders deserve to be punished was my third choice, although I think that punishment should also serve a purpose. Incapacitation was the last because it only serves to prevent crime temporarily.",4,6,6,5,5,6,6,6,9,6,6,6,6,6,6,6,6,6,5,1,6,6,2,6,6,6,6,6,4,5,6,6,4,6,4,6,6,6,5,6,5,6,2,2,6,7,6,2,2,6,6,2,6,4,2,6,5,6,3,5,5,5,5,6,5,6,2,2,6,6,6,6,1,5,6,6,4,5,5,47,,,,,40,35,"Since Darryl is not a threat to society anymore and the case will be treated in confidence, his behavior contributed to the death of Frankie in view of the past history of abuse and disregarding the restraining order issued against him. The punishment meted out must correspond to the gravity of the crime committed.","It is my hope that the sentence will bring accountability, that it will acknowledge the seriousness of the crime of death, and that there are serious consequences to committing such a serious violent crime.",,,,,1,6,6,22,1,1,2,7,2,3,3,Thanks,2
2026-07-02 12:11:59,2026-07-02 12:33:03,0,,100,1264,1,2026-07-02 12:33:04,R_3tJyt02ltFuLWDL,,,,,,,anonymous,EN,1,P000443,6,6,5,6,6,6,6,6,6,6,6,6,6,4,6,6,6,2,3,1,4,"Most prisoners reoffend so 90 percent will go back atleast they can't commit more crimes while there in jail. I put criminals deserved to be punished second because it's important. The last two im not so sure about. ",4,6,1,4,1,1,4,6,9,1,4,7,4,7,1,1,4,7,4,4,6,4,7,1,1,6,5,7,4,4,7,4,1,4,3,1,6,6,5,2,2,2,5,2,2,4,4,5,4,4,4,5,4,4,5,4,5,4,5,4,4,5,5,3,4,6,6,4,3,5,5,6,1,3,6,5,4,10,5,5,,,,,20,20,Because it was a crime of passion and she didn't handle it very good all she had to was talk to him she could of like called the police or something. She escalated the situation by telling him to get out. He wasn't it in his right mind 20 years is sufficient for me she could of atleast just talked to him that's how woman are though.,"I hope that he won't want nothing to do with woman after this and has learned his ,lesson and never drinks again.",,,,,2,7,1,37,1,1,2,5,2,2,2,"No comments ",2
2026-07-02 12:22:02,2026-07-02 12:33:06,0,,100,664,1,2026-07-02 12:33:07,R_1BV1YZYHlms1Uch,,,,,,,anonymous,EN,1,P000011,4,5,5,4,3,3,5,4,5,1,3,5,1,4,2,2,5,4,3,1,2,I think prevention of more crimes is the most important reason for punishment.,6,1,3,7,1,1,3,1,9,2,2,6,1,7,1,1,3,3,3,1,2,7,3,7,7,7,1,5,4,1,7,1,2,1,1,1,3,1,4,1,1,1,7,1,1,1,7,2,1,1,1,7,7,1,7,1,1,1,7,1,1,1,1,7,7,1,1,7,7,1,1,1,1,7,1,1,7,10,10,47,,,,,25,15,I think he is not an adult and shouldn't receive as long a sentence as an adult would.,I hope that it will rehabilitate the prisoner and accomplish some justice for Frankie's death.,,,,,1,7,1,69,1,5,4,1,1,2,2,You misspelled the word prosecutor.,2
2026-07-02 12:09:56,2026-07-02 12:33:25,0,,100,1409,1,2026-07-02 12:33:26,R_3aLxooZf8085akS,,,,,,,anonymous,EN,1,P001070,4,2,3,5,5,2,5,2,2,2,3,5,2,2,5,3,6,2,3,1,4,"I don't see any order that would please me, so this order is the least offensive, in my opinion. ""Criminals should be punished"" is a broad statement that cannot be agreed to or be against without know what the punishment entails. Are we talking about capital punishment? A few months in jail for rape or pedophilia? I need to know what the punishment entails and the alleged crime. Consequently, the order I put thise excuses in is the best I could do with what was offered.",4,1,1,4,6,1,7,2,9,2,1,4,4,6,5,2,1,1,3,1,1,1,2,3,6,5,1,6,4,7,7,1,1,3,1,1,7,7,1,7,7,3,2,3,5,6,7,4,1,1,1,6,7,1,7,4,1,1,7,1,3,1,1,7,7,1,1,7,7,3,1,1,1,7,1,1,3,10,10,24,50,20,"I don't think we should have to pay for Darryl's incarceration longer than necessary if he is no longer a threat to society. However, he still needs to be punished for what he did to the innocent victim because he was having a bad day.",Accomplish? It will signal to Darryl that what he did was wrong and give him 15 years to think about it with his useless limbs in an environment that doesn't give him an ounce of privacy or privilege.,,,,,,,,,1,7,1,76,2,1,4,1,1,3,1,"It was interesting, and I had to face the fact that I may be liberal in general but more conservative when it comes to looking at the actual crimes and the people who commit them.",1
2026-07-02 12:10:24,2026-07-02 12:33:26,0,,100,1381,1,2026-07-02 12:33:26,R_3y9koSebd8rWz4R,,,,,,,anonymous,EN,1,P001710,5,6,5,5,6,5,5,6,2,2,3,3,1,5,3,4,4,2,1,4,3,"Prisoners can still commit crimes in prison. Rehabilitation programs are good in theory but they are not used consistently or effectively. ",7,1,2,5,1,1,6,7,9,1,2,7,2,4,5,3,3,3,6,1,1,5,3,6,7,7,3,3,4,5,7,1,4,1,2,1,5,4,6,2,2,4,4,2,2,4,7,5,1,1,1,4,7,2,6,1,1,1,7,3,5,2,1,7,7,7,1,7,7,6,2,1,1,7,1,1,5,10,5,47,,,,,,,,,50,50,"Because he committed the crime with intent while able bodied, he will also most likely be on some type of assistance from tax payers. So, he should serve his sentence.","Unfortunately, there is no benefit to either option.",1,7,1,42,1,1,2,4,3,3,2,,3
2026-07-02 12:10:04,2026-07-02 12:33:27,0,,100,1402,1,2026-07-02 12:33:28,R_502EAhjxbMmjHtz,,,,,,,anonymous,EN,1,P000284,4,7,4,7,7,7,4,7,7,7,7,7,1,2,7,4,3,1,2,4,3,1. Criminals should be accountable for wrongs.  2. Punishment CAN deters others by making them think twice.  3. I think it's very rare prisoners truly get rehabilitated much in prison.  4. Prisoners are well known to commit crimes in prison.,1,7,1,2,5,5,7,7,9,6,5,7,7,7,1,4,7,7,4,5,6,5,6,7,7,7,6,7,4,7,7,1,3,6,4,1,7,7,7,3,3,4,5,4,5,7,4,1,4,6,7,5,6,2,5,6,1,1,7,1,7,1,2,7,6,1,1,6,7,7,7,4,7,1,4,7,1,10,100,24,50,50,"The brutality of the murder to an innocent, innocent by simply being out and about, is reason for a life sentence.","Simply that it sends a message of this type of brutal murder, this situation of the crime.  A message to those thinking twice about committing such an unprovoked crime.",,,,,,,,,1,7,1,63,1,1,2,5,3,3,3,"If people really pay attention to study and HONESTLY answer questions, especially about themselves, should be an interesting study result.  I enjoyed it!",1
2026-07-02 12:14:39,2026-07-02 12:33:31,0,,100,1132,1,2026-07-02 12:33:32,R_5Vc0ofnn9v4ykpz,,,,,,,anonymous,EN,1,P001289,7,7,7,7,7,6,3,5,7,7,7,7,4,4,5,4,7,1,3,2,4,"I ranked in the order I did because if you do something wrong there should be consequences, if prisoners are locked up the streets are safer for law abiding citizens. I think if prisoners are given severe enough punishment it might keep others from doing similar crimes. I believe that prisons can rehabilitate some prisoners.",2,5,1,3,5,4,7,5,9,3,5,5,5,6,2,1,6,6,6,4,4,2,7,3,3,1,4,7,4,5,6,3,2,2,4,1,7,7,3,4,4,3,2,4,4,4,4,6,3,4,5,4,5,4,4,2,5,7,1,6,7,5,4,5,5,4,4,5,6,4,4,5,1,2,4,6,2,5,5,47,,,,,50,25,Darryl still killed Frankie and should be punished for the crime. The fact that Darryl contracted a disease doesn't take away the actions that Darryl carried out against Frankie.,That crimes come with consequences regardless of other factors.,,,,,1,5,1,60,2,1,3,6,2,1,1,N/A,2
2026-07-02 12:22:10,2026-07-02 12:33:39,0,,100,689,1,2026-07-02 12:33:40,R_7oG76NA06dHWLqt,,,,,,,anonymous,EN,1,P000908,5,5,5,5,5,5,5,6,5,5,5,5,3,6,5,5,5,1,2,3,4,"I think people who commit certain levels of crime deserve the punishment they get most of the time. I put ""Prisoners gfet rehabilitated in prison"" last because I am not sure if that is true or not.",3,3,2,5,7,3,5,2,9,5,5,6,3,5,2,3,5,5,3,1,4,5,5,5,7,5,3,3,4,5,6,2,3,1,2,1,4,4,3,4,4,4,4,2,4,3,5,3,5,5,3,5,5,2,5,2,3,1,7,2,3,1,1,7,7,1,1,7,7,5,1,2,2,7,1,1,7,10,100,24,,,,,50,50,"He should still have to pay for the crime he committed, regardless of his current state.",He will pay for his crimes.,,,,,1,5,1,31,2,6,5,2,1,1,1,,2
2026-07-02 12:11:52,2026-07-02 12:33:47,0,,100,1314,1,2026-07-02 12:33:48,R_577t1ULlOCljPXx,,,,,,,anonymous,EN,1,P000774,7,6,6,7,6,7,7,6,7,7,6,7,7,5,6,7,7,2,3,1,4,"Because punishment first, its just common sense.  If they get some rehab than bonus",3,5,3,6,6,5,6,7,9,6,6,7,5,6,7,2,3,3,3,2,6,3,7,5,3,5,7,6,4,7,6,5,3,5,5,2,7,6,6,3,3,5,2,5,6,5,5,6,6,7,7,4,7,6,3,6,5,7,3,6,6,6,5,6,3,6,6,3,5,7,5,7,6,2,6,6,3,10,100,24,,,,,,,,,50,35,"I dont really care about his disease , he would still find a way to commit crimes",Send a message to the other criminals,2,7,1,66,1,4,4,6,2,1,1,,3
2026-07-02 12:10:23,2026-07-02 12:33:49,0,,100,1405,1,2026-07-02 12:33:49,R_7DD7Jxm1VL663Pr,,,,,,,anonymous,EN,1,P000154,6,6,5,6,6,3,4,5,5,4,6,6,2,3,4,3,6,2,3,1,4,"Number one was picked because it is HARDER for prisoners to commit crimes, at least to ordinary citizens.  Number 2 was picked because from a child onward you should find out that if you do something harmful, there are consequences.  Number 3 has more truth than #4.  I don't think there is much rehabilitation in prison.",2,3,2,2,4,2,5,7,9,5,3,6,4,6,4,2,3,5,3,3,3,4,3,4,4,4,4,5,4,4,5,3,4,5,5,2,6,5,5,3,2,4,3,4,4,6,4,4,3,3,5,5,4,4,5,4,2,1,7,4,4,5,4,3,6,6,5,5,6,5,3,3,3,3,3,5,6,5,5,47,,,,,,,,,50,25,I still think some punishment should be made.  Just because he is sick and he was 17.5 doesn't mean he didn't know what he was doing.,He gets punished.  He learns there are consequences to what you do.,1,6,1,77,2,1,4,4,3,1,1,"It was an interesting survey and the questions asked were put to me in a way that made me think harder.  ",3
2026-07-02 12:13:18,2026-07-02 12:34:00,0,,100,1241,1,2026-07-02 12:34:01,R_6fkjNwtzRDbmIAh,,,,,,,anonymous,EN,1,P000378,6,7,6,6,7,6,6,7,6,6,6,7,6,7,4,4,6,4,2,1,3,"the first one stops harm immediately the second one reduces future crimes the third one may reduce reoffending and the last one is more of a moral reason vs a direct effect ",1,5,1,5,5,4,3,4,9,1,1,3,4,5,3,1,3,5,3,2,3,4,5,2,4,5,6,7,4,4,5,3,4,4,4,1,4,4,5,3,1,3,3,3,3,2,5,3,3,3,1,3,5,3,4,3,4,1,4,4,5,4,4,4,4,4,4,5,5,7,4,4,4,2,5,4,2,10,5,24,,,,,40,30,"paralysis lowers risk to society so there's no need fora higher sentence ","to still punish him for a severe crime ",,,,,1,7,1,28,1,2,2,4,3,3,3,"Thanks for the survey ",2
2026-07-02 12:14:39,2026-07-02 12:34:04,0,,100,1165,1,2026-07-02 12:34:05,R_6kGjiXvbwpdSBXP,,,,,,,anonymous,EN,1,P000613,4,6,3,4,5,5,3,7,5,6,6,4,5,6,6,5,5,4,1,3,2,"Because crimes do happen and punishment does happy but not always. They do become different people. I do feel that crimes do need ramicfications however they can still commit in lock up ",2,2,5,5,3,2,5,3,9,5,2,5,3,5,4,4,6,3,2,2,3,3,5,6,5,5,6,7,4,2,7,3,2,4,4,1,5,5,3,3,3,3,6,3,5,4,5,2,1,5,4,7,4,2,7,2,3,2,6,4,5,3,2,7,7,2,2,7,6,3,2,5,3,2,1,3,2,10,100,22,,,,,,,,,50,22,"He took the life of someone. He can spend one year in jail for every year frankie was alive plus 5 years ","THat he will understand what he did was wrong despite his condition ",2,4,2,30,2,1,2,4,3,3,3,n/a,3
2026-07-02 12:11:29,2026-07-02 12:34:05,0,,100,1355,1,2026-07-02 12:34:05,R_54scDevtfBoh2F3,,,,,,,anonymous,EN,0.800000011920929,P000848,6,6,6,6,6,5,5,5,5,6,6,5,4,5,6,5,5,4,2,1,3,"We first need to protect the people. Second, it does set a standard, that crime does not pay. Third, some people do change as a result. And fourth, it is morally wrong to hurt other people.",3,3,5,6,4,4,5,4,9,4,4,5,5,6,2,6,4,4,5,2,2,4,6,4,4,4,4,6,4,4,6,4,4,5,3,1,7,6,6,2,2,3,4,4,5,5,4,4,4,4,4,5,5,4,5,4,3,7,1,4,6,1,1,7,7,4,1,6,6,5,6,1,1,3,1,5,3,10,100,24,,,,,,,,,30,15,He did not kill him. I am trying to go by somewhat similar sentencing to cases like this one.,Rehabilitation. He is still young.,1,5,1,50,2,1,2,7,2,1,1,,3
2026-07-02 12:16:34,2026-07-02 12:34:08,0,,100,1053,1,2026-07-02 12:34:08,R_5azZQ4kndnd9UrI,,,,,,,anonymous,EN,1,P000950,6,6,5,7,5,6,5,6,7,5,5,5,5,5,5,6,6,1,4,3,2,"because i strongly believe that it is a place to put people to be punished for their actions, while i put detering people last because that isnt the primary focus",3,4,2,4,4,2,6,6,9,4,5,6,5,6,5,3,5,6,5,4,5,3,6,4,5,5,5,6,4,4,5,5,4,5,3,3,5,4,5,2,2,6,5,4,5,4,5,3,3,5,5,5,4,3,5,4,5,4,2,5,4,4,5,4,4,7,3,3,3,4,4,3,1,3,3,3,3,5,5,47,,,,,,,,,50,50,Because he still killed someone and we dont need that in society,Making society safer,1,5,1,23,1,1,3,5,2,2,2,all good,3
2026-07-02 12:23:57,2026-07-02 12:34:25,0,,100,628,1,2026-07-02 12:34:26,R_6BtOo5kJrill7Z7,,,,,,,anonymous,EN,1,P000075,7,7,7,7,7,7,7,7,7,7,7,7,5,6,7,7,7,1,3,2,4,"The criminals deserve to get punished. I have no empathy for those who take advantage of others. We need to keep them off the free world to prevent more victims. Without punishment, people would commit more crimes. I ranked rehabilitation last because it's a waste of time to try to rehabilitate bad people.",1,5,1,2,7,3,7,7,9,7,7,7,6,7,3,4,7,7,7,7,7,3,7,3,5,1,7,7,4,6,6,3,1,3,4,1,7,7,3,5,2,7,1,7,7,7,3,7,5,5,5,3,6,3,3,3,3,1,7,5,5,3,5,5,5,3,3,5,5,7,2,5,4,6,3,3,6,5,5,47,50,50,A disease will not free him from punishment. The vast majority of 17 year old teenagers aren't murderers.,Make it clear that people who commit heinous crimes deserve no mercy.,,,,,,,,,2,7,7,21,1,3,4,3,1,1,1,The question about how long it would take to double in size had the slider in minutes rather than days.,1
2026-07-02 12:10:22,2026-07-02 12:34:27,0,,100,1445,1,2026-07-02 12:34:28,R_5TAxmPxoznubxBZ,,,,,,,anonymous,EN,1,P001537,4,7,4,6,5,6,5,5,7,7,7,7,6,6,7,6,4,4,2,1,3,"Because it is most important that the public is safe. It is also important that they get help if they can. Them deserving is the least important factor. ",3,3,2,4,4,4,6,5,9,4,4,6,3,7,5,2,5,6,3,2,1,4,5,5,5,3,5,3,4,6,5,4,3,1,2,4,7,5,4,3,4,5,2,4,5,6,3,2,5,3,4,5,6,4,1,2,2,1,7,4,5,1,1,7,7,1,1,7,7,4,4,5,1,3,4,5,2,10,5,47,,,,,50,50,Because he killed someone,That make others notice that murder doesn't pay,,,,,1,5,1,30,2,1,2,2,1,1,1,None,2
2026-07-02 12:18:43,2026-07-02 12:34:36,0,,100,953,1,2026-07-02 12:34:36,R_3anPOAPN5wmEA41,,,,,,,anonymous,EN,0.800000011920929,P001205,7,7,7,7,7,7,7,7,7,7,7,7,7,5,7,7,7,4,3,2,1,Criminals could use a second chance to make good for the community and also being monitored so they cannot harm others.,1,7,1,4,7,3,7,7,9,1,7,1,7,7,4,1,7,7,7,7,6,1,7,4,4,1,7,7,4,4,5,5,4,4,5,1,5,4,2,7,3,7,1,7,7,7,3,7,4,5,7,4,7,5,4,5,6,7,1,7,7,6,5,5,3,7,4,6,6,4,7,7,1,1,7,7,1,5,5,47,,,,,,,,,50,50,The age is not an excuses of killing other people. You pay for what you did.,"To warn the any crime will receives its punishment ",1,7,1,33,1,3,6,7,2,3,3,Very fun experience. I overall enjoyed this study.,3
2026-07-02 12:17:01,2026-07-02 12:34:47,0,,100,1065,1,2026-07-02 12:34:47,R_14w95b8s7ilcBi1,,,,,,,anonymous,EN,1,P000797,7,7,5,7,7,7,6,5,6,7,5,7,5,6,5,5,7,1,4,2,3,"First and foremost we need one needs to recognize that if they do wrong, they will be punished.  Keeping one who does a crime locked up deters them from doing other crimes and next I believe there are things in prison to help them to become better people than if they had remained on the streets.  Lastly, maybe they will think twice before committing a crime again.",2,4,3,6,2,2,5,6,9,4,5,6,3,7,4,4,3,6,3,1,3,3,5,4,3,6,4,2,4,4,4,2,5,3,4,1,7,7,5,5,6,2,4,1,2,6,6,2,3,4,2,7,5,4,6,4,6,7,1,5,7,1,1,7,7,1,1,7,7,5,6,5,1,7,1,1,7,4,5,47,,,,,,,,,25,0,Nothing because he does not pose a threat.  His disease is sentence enough.,That while he sits unable to do anything he will think about his crime.,2,6,2,62,2,2,3,5,1,3,3,No further comments.,3
2026-07-02 12:11:30,2026-07-02 12:34:48,0,,100,1398,1,2026-07-02 12:34:48,R_6eLWRHcwfE9IjNd,,,,,,,anonymous,EN,1,NONSTANDARD_1,6,6,6,6,7,6,6,7,7,7,4,7,3,6,5,6,7,2,1,3,4,"I believe that punishment does deter others, at the very least it makes them think twice about committing a crime.  That one kind of tied with the first one, yes, criminals do deserve to be punished, how ill they ever learn if there are no consequences.  The last two almost tied as well, I don't know to what extent prison rehabilitation programs work, but i do know there is an abundance of repeat offenders in jail, so it is probably not that effective.  And yes, everyone rests easier when criminals are locked up, but not completely because you never know who is going to commit the next crime.",1,6,1,7,2,1,7,6,9,2,2,7,7,7,4,1,5,6,3,2,1,1,7,5,3,5,5,7,4,7,7,1,2,3,4,1,5,5,6,3,2,2,2,2,7,7,7,4,1,2,7,6,7,6,3,4,1,1,7,2,5,6,2,7,7,5,2,2,7,7,1,7,1,1,4,7,1,10,5,1,10,10,"I think ten is long enough to drive the point home that he committed a crime with very serious ramifications, just because he did not intend for that particular outcome, doesn't negate the fact that it happened.  To me his current health did not affect my decision.","I would hope it would discourage the criminal from future criminal behavior, the face that he is sentenced despite his health should serve as a reminder to the rest of the population that it does not excuse you from your crimes.",,,,,,,,,1,7,1,67,2,1,3,4,2,1,1,"Interesting study, thank you for the opportunity!",1
2026-07-02 12:15:23,2026-07-02 12:34:58,0,,100,1175,1,2026-07-02 12:34:59,R_71afjFZcmOr3R3H,,,,,,,anonymous,EN,0.699999988079071,P000437,6,6,5,5,5,5,4,6,6,7,5,5,1,6,3,4,5,1,3,2,4,"I don't think most prisons actually get rehabilitated, or assist them to obtain necessities needed for life when they are released.",3,3,2,6,5,3,6,4,9,2,2,3,4,6,5,2,3,5,3,3,3,5,3,5,6,5,3,3,4,5,7,3,2,3,4,1,6,6,5,5,5,2,4,3,2,4,6,3,2,2,4,6,6,3,6,3,2,1,6,2,3,5,1,3,6,5,3,5,5,5,1,2,1,2,4,3,5,5,1,24,32,15,"He no longer posed a threat, but made the choice to steal and then got angry when she fought back. ","Allow him time to reflect on his actions, give justice to her family and hopefully address his anger ",,,,,,,,,1,7,1,52,2,1,2,3,3,3,1,,1
2026-07-02 12:10:22,2026-07-02 12:35:07,0,,100,1484,1,2026-07-02 12:35:08,R_7aZakPLJqnPScUN,,,,,,,anonymous,EN,1,P000427,6,6,3,5,6,3,2,5,4,6,6,6,1,2,4,4,5,3,2,1,4,First make the streets safer by removing bad acting people. If people think they are going to pay a price for a crime they are less likely to do it though punishment needs to be in context to the crime. I feel we fail society by NOT properly rehabilitating prisoners,4,3,2,5,2,1,4,3,9,2,5,3,3,7,4,1,3,4,3,2,3,5,4,4,6,5,3,4,4,3,7,3,2,3,5,1,4,3,3,4,3,3,1,2,3,4,5,5,2,5,5,7,7,3,6,3,1,1,7,4,5,1,1,1,1,1,1,5,6,4,1,1,1,6,1,1,6,5,5,47,25,30,It was not first degree so life would not be correct but max precedent is,Dangerous person of the streets.,,,,,,,,,1,7,1,58,1,1,4,2,1,3,1,,1
2026-07-02 12:12:10,2026-07-02 12:35:17,0,,100,1387,1,2026-07-02 12:35:17,R_3s4RB67ZHBRWDMR,,,,,,,anonymous,EN,1,P001178,7,7,7,7,7,7,4,6,7,7,7,7,1,4,7,2,7,1,3,2,4,"Anyone who commits a crime deserves some sort of punishment based on the severity of the crime. Otherwise, there is no justice for the innocent. I don't know nor care if punishment is a deterrent or not...but it definitely keeps the criminal from committing other crimes while locked up. I put the rehab statement last because I'm not sure. I'd have to see stats and hear both sides. I'm sure a few are and can be but some are too evil.",1,7,1,4,5,1,6,6,9,7,4,7,7,6,6,1,7,7,7,5,6,1,7,1,1,2,7,7,4,3,7,4,3,2,5,1,7,7,6,4,2,6,1,7,7,7,4,7,6,7,6,2,7,4,4,5,3,7,1,6,7,7,7,1,1,7,7,1,1,7,3,6,6,1,7,7,1,10,5,47,,,,,,,,,50,50,"The guy beat the crap out of another human being who was doing the right thing. To make it worse, he kick the guy in the head while he was down, killing him. He's a violent offender. ",Nothing other than getting and keeping a violent offender off the street and justice for an innocent person who was viciously beaten to death.,1,7,1,65,2,1,4,7,2,1,1,Very good survey. Interesting. Made me think.,3
2026-07-02 12:23:36,2026-07-02 12:35:19,0,,100,702,1,2026-07-02 12:35:19,R_7EFvezEwITifStC,,,,,,,anonymous,EN,1,P000795,7,7,7,7,7,7,7,7,1,7,6,7,1,7,6,7,7,1,2,4,3,"Criminals should be punished for what they do and punishment also deters others from doing that crime. Prisoners do not get the best rehabilitation but at the same time prisoners can commit other crimes if they really wanted to.  ",3,4,1,7,5,4,4,4,9,4,4,7,1,7,1,1,4,1,7,1,4,1,1,7,5,6,1,4,4,1,7,1,1,1,1,1,7,7,1,7,7,7,1,7,7,7,4,1,1,1,1,5,7,1,4,1,1,1,7,4,4,4,1,7,7,7,1,7,7,4,1,1,1,7,1,1,6,10,100,24,50,50,"Darryl still committed the crime no matter how karma got him in the end. He attacked a murdered someone. ","I hope he will learn from his mistakes and serve his time for his mistakes ",,,,,,,,,2,5,1,22,2,1,4,3,1,1,1,,1
2026-07-02 12:19:10,2026-07-02 12:35:22,0,,100,971,1,2026-07-02 12:35:22,R_1qaEfpZtec1EHYD,,,,,,,anonymous,EN,1,P001726,4,7,7,4,6,5,4,7,5,7,6,5,3,6,5,7,6,4,1,2,3,i feel that other's need to see that if you commit a crime your going to have to pay for it so that's why that option is number 1 and it also helps that while they're locked up other crimes can't be done so thats a second benefit. while in prison they can learn better ways to deal with outside pressures if prisons provide ways for rehabilitation but not all crimes deserve punishment so that's why that one is last,5,3,2,4,2,3,5,4,9,4,4,5,4,6,3,3,4,3,3,2,3,6,4,6,7,4,5,6,4,5,5,3,4,5,4,2,5,4,5,2,1,1,4,4,3,3,5,3,3,2,3,5,6,4,6,2,2,2,7,2,3,1,1,6,7,1,2,7,6,4,3,2,2,6,2,4,7,5,10,47,42,17,i feel like he still needs to pay for his crimes as it took an innocent life and a young life at that. so even though he's paralyzed he should serve the amount of years the girl was when he killed her,"that it gives him time to reflect on what he did, he needs to pay for that",,,,,,,,,1,5,1,32,2,2,2,3,1,1,1,n/a,1
2026-07-02 12:15:22,2026-07-02 12:35:25,0,,100,1202,1,2026-07-02 12:35:26,R_7geis1uzZkyBCcJ,,,,,,,anonymous,EN,1,P000462,7,7,7,7,7,7,7,7,7,7,7,7,7,5,5,7,7,3,1,2,4,"I ranked these in this order because locking up criminals does keep them off the street and they can not commit other crimes but I do not believe they are rehabilitated in jail. ",1,7,1,7,3,5,5,7,9,4,1,5,7,7,6,1,7,7,2,1,5,4,7,1,5,3,4,7,4,7,7,3,4,1,1,1,6,7,1,4,3,1,3,3,3,4,2,1,6,2,5,1,3,6,1,7,7,7,7,4,7,3,3,5,5,3,4,5,5,7,5,7,1,5,2,3,5,10,100,24,50,50,"He made a choice to take another persons life. No matter what or how, he caused this. He deserves to rot in prison , legs or no legs.",He feels his life is like death like Frankie did.,,,,,,,,,1,7,1,40,2,1,3,4,3,1,1,,1
2026-07-02 12:16:14,2026-07-02 12:35:42,0,,100,1168,1,2026-07-02 12:35:43,R_5YDEnoUn8tnTDLd,,,,,,,anonymous,EN,1,P001003,7,7,5,6,7,6,5,2,7,6,6,7,3,3,5,3,7,2,3,1,4,"If you are in prison, then you are not out harming or endangering anyone else. After that I believe that there should be a punishment for the crime. I don't believe prison actually deters or rehabilitates enough prisoners, though I am sure it does for some.",1,6,1,5,6,1,6,7,9,6,5,1,1,3,1,1,3,5,1,2,3,1,5,2,1,3,5,5,4,3,5,5,1,3,3,1,4,3,4,2,2,2,1,2,2,2,5,1,2,3,3,3,4,3,5,3,1,1,7,1,1,5,1,5,1,3,3,6,6,5,1,1,1,1,1,1,5,5,5,47,,,,,,,,,50,50,He intentionally beat a man to death. That's all it is for me.,Assure that he will never do it again.,1,3,1,56,1,1,4,1,1,1,1,,3
2026-07-02 12:17:46,2026-07-02 12:35:42,0,,100,1076,1,2026-07-02 12:35:43,R_7aeG5hlsH3ze7re,,,,,,,anonymous,EN,0.8999999761581421,P001674,5,6,4,4,7,4,4,7,7,7,7,5,1,6,7,4,5,1,3,2,4,"Criminals should be punished for the terrible things they done and by locking them up to prevent further issues to society; this is a great way to show how it should be done. At least in my view. Sometimes, criminals need to be locked up to think over their wrongdoings and when they feel it's time to make up for it; they can go through rehabilitation on how to function properly in society. Not all criminals are bad. Sometimes they steal and hurt others to survive. Because of our broken system, people do unbelievable things to live another day.",1,4,1,6,7,4,7,6,9,1,4,1,4,7,1,1,4,5,7,1,4,7,7,7,7,1,4,7,4,4,4,1,4,1,1,1,7,5,1,5,4,1,3,7,1,4,4,7,4,4,7,4,7,1,4,4,7,4,7,5,7,4,1,7,7,1,4,7,7,3,4,4,1,7,1,1,1,10,5,48,30,20,People with disabilities have already suffered enough by society already disregarding them as useless so giving Darryl 20 years in prison should be enough as it will further isolate him. Giving him time to think about his crimes and what to do with his life afterwards.,"By sentencing him for 20 years, I hope that this will give him time to think about his life choices from the past and now. And that he will get help for his problems through the system.",,,,,,,,,1,7,1,36,2,7,4,6,3,3,3,None. The study was fine.,1
2026-07-02 12:15:29,2026-07-02 12:35:54,0,,100,1225,1,2026-07-02 12:35:55,R_76dwF3nMDfpOYMx,,,,,,,anonymous,EN,1,P001954,4,5,3,4,4,5,2,4,4,5,4,4,2,6,4,4,5,4,3,2,1,Because prisons can become academies of crime if the sole purpose of them is to lock people up.,7,2,4,7,2,1,4,1,9,2,2,4,4,6,2,4,2,2,2,1,2,4,1,4,5,5,1,5,4,2,7,1,1,1,1,1,6,4,6,1,1,1,4,3,3,4,7,2,1,2,2,6,7,1,6,2,2,4,6,2,3,1,1,7,7,1,1,7,7,2,1,1,1,7,3,4,7,10,20,24,25,20,Mitigating circumstances having to do with intent to kill.,"Deference ",,,,,,,,,2,7,1,72,1,1,4,2,1,3,2,Good study.,1
2026-07-02 12:14:09,2026-07-02 12:35:55,0,,100,1305,1,2026-07-02 12:35:56,R_7OprbWkg076P5Nj,,,,,,,anonymous,EN,1,P001386,5,5,2,5,5,5,4,4,5,5,3,5,6,7,3,1,5,3,4,2,1,"I think the most important thing prison should be used for is to rehabilitate offenders so that the don't keep commiting crimes once they are releazed. Prison also serves the purpose of preventing other crimes being commited, though there is the caveat that a criminal could commit a crime inside prison (like assault or something). Next, I think if you commit a crime, you deserved to be punished, but that's not as much of a factor as the other two. Finally, I'm not really sure that punishment is as large of a deterant as people think, so I put that last.",4,3,2,7,6,2,5,5,9,1,5,2,1,7,1,2,3,2,4,1,3,6,3,7,6,5,2,3,4,1,7,1,4,3,4,1,4,3,6,1,2,2,3,3,4,2,6,5,1,1,1,5,7,1,7,4,1,1,7,1,1,1,1,7,7,1,1,7,7,3,1,1,1,6,1,1,7,10,5,47,,,,,,,,,30,20,"As much as I feel bad for Darryl's paralysis, he still commited this crime before that, so he deserves to be punished for it. Given the circumstances, I was a little lenient and lowered the sentence by 10 years.","Darryl deserves to be punished for beating someone to death. Hopefully, it will give him time to repent and rehabilitate. Also, it will have Frankie's family feel some sort of justice.",1,4,1,32,1,1,4,4,3,3,3,"In terms of the shark question, I chose not to put it to death because it wasn't 100 percent clear if that was the particular shark that carried out the attack. If it was, then I have no problem with it. But to just kill a shark that is the same species? What if something was wrong with the one that killed the girl? I don't know, seems irresponsible assume all memebers of a species are bad based on the actions of one.",3
2026-07-02 12:17:47,2026-07-02 12:36:01,0,,100,1093,1,2026-07-02 12:36:02,R_3GuCB6KW44SNx73,,,,,,,anonymous,EN,1,P000561,3,4,3,4,4,3,5,5,3,4,4,3,3,3,1,3,4,4,2,1,3,"There is some truth about negative reinforcement working. Prisons aren't made for rehabilitation and no one inherently deserves to be punished. ",5,2,5,6,1,1,4,4,9,2,2,4,3,7,2,4,2,1,6,2,5,5,2,6,6,6,1,3,4,2,7,1,1,1,1,1,3,5,5,4,1,1,3,2,3,5,7,6,1,1,1,6,7,1,7,1,1,1,7,1,1,1,1,7,7,1,1,7,7,4,1,1,1,7,1,1,7,5,5,47,36,36,"He killed someone with intent to steal and possibly harm. I think that deserves more than half of a life sentence. ","Hopefully in 36 years he will fell remorse. If he doesn't cause anymore violence until then then he will be free. If he does he gets another sentence. ",,,,,,,,,1,7,1,31,1,1,3,3,1,2,2,Thank you. I believe the lilypad would grow in much less in only 47 minutes but it definitely would be half the size in 47 days.,1
2026-07-02 12:18:24,2026-07-02 12:36:09,0,,100,1065,1,2026-07-02 12:36:10,R_7IWWpodn5tTXZfY,,,,,,,anonymous,EN,0.800000011920929,P001375,7,7,7,7,7,7,7,7,7,7,7,7,5,5,7,6,7,1,3,2,4,"I think that criminals not only deserve to be punished, but when incarcerated they don't have the ability to to commit again and can also think about their actions and repent for them, hopefully. I think that incarceration serves as a warning to those who might want to go down the same path. I don't really believe that the majority of prisoners actually get rehabilitated. ",2,7,2,7,3,1,5,5,9,6,5,7,5,3,3,3,7,5,6,5,6,5,7,6,6,5,7,7,4,2,7,3,1,5,2,1,6,6,5,5,1,1,3,5,5,6,6,3,2,3,5,2,5,5,6,3,2,1,7,3,5,1,1,7,7,1,1,7,7,5,1,2,1,7,1,1,7,10,5,47,30,30,"I don't care that he got an autoimmune disease, he killed an innocent person and deserves to be punished. ","I hope that it will provide peace and restitution to the victims family. ",,,,,,,,,2,5,1,45,2,1,4,2,1,3,1,Thank you! Have a great day!,1
2026-07-02 12:11:02,2026-07-02 12:36:12,0,,100,1510,1,2026-07-02 12:36:13,R_7d0lWiZeWt48zaK,,,,,,,anonymous,EN,1,P000167,5,5,4,5,5,3,5,5,5,5,5,5,2,2,4,4,5,3,1,2,4,This is first because I think punishment does deter some people from committing crimes. This is second because being locked up does prevent that individual from committing more crimes on the outside. This is third because if you commit a crime you deserve to be punished for that crime. I chose rehabilitation in prison as last since prison does not rehabilitate prisoners to be better citizens back outside.,5,4,2,5,3,1,5,4,9,2,2,3,3,5,3,2,5,5,3,2,3,3,5,5,5,5,4,5,4,5,7,2,2,2,3,1,5,3,7,1,1,1,3,1,1,3,7,3,1,2,2,2,5,1,7,3,1,1,7,1,1,1,1,7,7,1,1,7,7,4,1,2,1,4,4,4,6,10,5,24,,,,,,,,,35,35,He still committed the murder and it was pre-meditated.,Hopefully send the message that murder is wrong and you can't just murder someone without consequences.,1,7,1,61,1,1,4,3,1,1,1,,3
2026-07-02 12:11:28,2026-07-02 12:36:15,0,,100,1486,1,2026-07-02 12:36:16,R_57PEouWuChNy9W1,,,,,,,anonymous,EN,1,P000400,7,7,5,7,7,7,6,4,5,3,7,7,5,4,7,4,7,2,3,1,4,"I don't know the numbers on whether or not prison actually deters crime. But you can't just do nothing. What would you do to protect people from being victims of crime? Some people are pedophiles, predators, serial killers...maybe prison doesn't lead to rehabilitation but it could in some cases. The main thing is to get criminals away from everyone else.",1,5,1,6,3,1,4,1,9,7,5,1,4,6,1,1,7,7,3,3,4,4,7,1,1,3,7,7,4,2,7,1,4,5,4,1,5,3,7,1,1,3,1,4,6,5,7,5,1,3,4,2,5,3,7,1,2,5,7,5,3,3,1,7,7,3,5,4,6,6,1,2,2,1,4,5,1,5,5,47,,,,,25,0,"He's being diagnosed while already in prison? Or this is right after the verdict? If he can't use his limbs I don't know what he would do in prison. They can just release him. ",There's nothing to accomplish as he already can no longer commit crimes.,,,,,1,7,1,47,1,1,4,5,3,1,1,I listen to a lot of true crime. I can't see defending someone who's guilty and trying to get them set free. It's also often the case that a prosecutor advocates for an innocent person to go to jail. It's tough.,2
2026-07-02 12:11:24,2026-07-02 12:36:24,0,,100,1500,1,2026-07-02 12:36:24,R_3gSICIiGeQ8DCjN,,,,,,,anonymous,EN,1,P001765,7,7,6,7,7,6,6,5,7,7,7,7,2,3,7,6,7,1,3,2,4,"I think punishing criminals by locking them up are the two most important reasons. Criminals deserve to be punished because if they aren't, they will continue their lawless ways. They also deserve it because victims need to feel that someone pays for the harm done to them. Additionally, while the criminal is locked up, that is one less person on the street committing crimes so society is a little bit safer. I don't really believe that punishment will stop other criminals from committing crimes. It sometimes feels that when one criminal is locked up, another just steps in and continues it. I think the idea that criminals get rehabilitated in prison is not a punishment and I don't think it happens. If it does happen and it sticks, it is rare because it is so hard for someone with a criminal conviction to get a job.",1,5,1,4,7,2,7,7,9,7,6,7,6,7,6,1,3,4,3,2,5,3,6,2,3,3,5,5,4,2,7,1,3,1,4,1,5,3,7,2,2,2,1,5,6,6,5,6,2,2,3,4,6,3,6,1,1,5,5,2,5,5,3,5,4,7,7,1,3,6,1,2,2,1,5,6,1,5,5,47,,,,,,,,,40,40,"I think Darryl deserves to serve out his original sentence because he killed a kid. Since Frankie was only 17 and 1/2, he is considered a kid and Darryl deserves to serve the sentence given to him.","I hope the sentence gives Frankie's family peace and shows them that even though Frankie was a drug dealer (and therefore a criminal too), his life mattered and the person who took it will pay for doing so.",2,7,1,64,2,1,6,6,2,1,1,I liked the format of your study because it made it easy to read and answer the questions.,3
2026-07-02 12:11:41,2026-07-02 12:36:33,0,,100,1492,1,2026-07-02 12:36:33,R_7LOw73SxMUa7ece,,,,,,,anonymous,EN,1,P001720,7,7,7,7,7,5,7,7,5,7,7,7,6,6,5,4,6,1,2,3,4,Criminals must be in prison.,4,6,1,4,5,1,5,3,9,4,4,7,6,5,3,3,6,4,5,1,2,5,3,5,6,5,1,3,4,4,5,5,5,3,3,5,6,7,3,5,3,2,2,2,2,2,3,4,3,4,3,6,4,5,3,4,7,7,4,4,5,1,4,7,7,2,1,7,7,2,2,4,1,1,7,7,1,10,100,24,25,25,She deserves,To be a better person,,,,,,,,,2,7,2,60,1,1,2,4,2,3,2,None,1
2026-07-02 12:20:39,2026-07-02 12:36:52,0,,100,972,1,2026-07-02 12:36:52,R_8iliDBiZmWP9a78,,,,,,,anonymous,EN,0.800000011920929,P000941,6,6,4,5,4,4,7,5,6,7,6,5,5,6,7,5,4,4,2,3,1,Because rehabilitation is the main goal,3,5,6,4,7,6,5,4,9,7,2,4,1,3,6,5,3,4,2,2,5,4,7,6,3,5,1,6,4,7,4,2,3,6,5,1,6,7,3,5,4,4,7,5,3,6,5,2,4,4,6,2,7,3,3,1,3,1,2,5,4,6,4,2,3,5,1,7,2,4,6,7,5,4,5,6,7,10,100,24,,,,,30,31,I am not a government official but I think he deserved that.,Justice,,,,,1,7,6,22,2,2,6,2,2,2,2,,2
2026-07-02 12:23:36,2026-07-02 12:36:58,0,,100,802,1,2026-07-02 12:36:59,R_6jnHscxFuOuyRtD,,,,,,,anonymous,EN,1,P000267,6,5,4,6,6,5,4,6,5,7,5,6,3,3,5,3,3,1,2,3,4,"Because if you break the law depending on how severe, you should be punished it also deters people from commiting crimes knowing there is consequences.",4,4,4,7,3,3,6,5,9,5,3,1,3,2,2,4,4,3,4,2,3,3,4,3,6,3,4,6,3,2,7,3,1,2,1,2,3,3,6,1,3,1,1,2,2,1,5,5,1,4,1,3,4,2,4,1,1,1,7,1,2,1,1,7,7,7,1,7,7,6,2,5,1,5,2,1,5,10,100,24,,,,,,,,,30,25,"I feel that if he is paralzed it will cost the prison system most likley tax dollars to accomidate that therefore i would knock a couple years off his sentance,","nothing really its just punishment for the crime, in thirty years hell be a different person. ",1,7,1,35,1,1,3,4,3,3,1,nothing,3
2026-07-02 12:11:53,2026-07-02 12:37:03,0,,100,1509,1,2026-07-02 12:37:04,R_5pzIElLBxKDM80v,,,,,,,anonymous,EN,1,P000418,6,7,5,7,6,5,3,7,7,7,7,7,3,5,5,4,6,1,2,3,4,"i feel like there are rules for a reason, whether we like or agree with them. we have a duty to follow those laws. if criminals weren't to be punished, it would imply there are no consequences to actions. our justice system is broken, but criminals should absolutely receive punishment that aligns with their crime. i don't fully believe that criminals are reformed in prison, even when provided materials for betterment. ",3,5,2,6,5,4,5,5,9,3,3,3,5,6,2,1,5,5,5,5,4,5,5,5,7,3,5,6,4,5,7,3,3,4,4,1,5,5,5,3,2,5,4,5,5,7,5,5,5,4,4,6,7,4,5,4,4,3,5,4,5,4,3,7,7,2,3,6,7,5,3,5,2,4,4,4,4,10,100,24,25,25,"his disability is not related to the crime. he killed someone- whether intentional or not- and deserves to pay for his actions regardless. ","keeping someone capable of murder out of society. showing Darryl that murder wont be tolerated and punishment will fit the crime. if murder wasnt punished, some people would go kill their bosses because they had a bad day. i kept that in my thoughts through this survey ",,,,,,,,,1,7,1,38,2,1,3,5,3,1,1,,1
2026-07-02 12:11:22,2026-07-02 12:37:19,0,,100,1557,1,2026-07-02 12:37:20,R_5Dunkf4MBZdefZJ,,,,,,,anonymous,EN,1,P000645,7,7,7,6,7,7,4,7,7,7,6,7,4,5,6,5,7,1,2,3,4,"ranked # 4 becaus I am not sure crimainals always get rehabiliated in prison,
#1 shows law is to be enforced ,2 showed deter some from crime ,3 sending repeat offenders should reduce crime",1,5,1,6,4,5,7,7,9,4,4,3,5,7,5,3,4,5,5,3,4,5,6,5,5,4,6,7,4,4,3,4,4,5,4,1,6,6,7,1,1,1,7,4,1,4,4,5,3,2,5,4,7,2,4,4,6,7,1,4,6,1,4,7,7,1,1,5,7,5,4,1,4,1,1,1,1,5,5,47,,,,,,,,,50,40,I took off ten years for his ailments and age at time of the crime.,debt to society and am message to others,2,4,2,61,1,1,2,7,2,3,2,I believe from memory I have seem some of or simliar type questions other surveys.,3
2026-07-02 12:11:40,2026-07-02 12:37:29,0,,100,1549,1,2026-07-02 12:37:30,R_6Lqhu4uQOafg0Oh,,,,,,,anonymous,EN,0.8999999761581421,P001565,6,7,5,7,7,6,2,4,4,5,6,7,2,5,5,3,6,1,4,2,3,"There needs to be consequences for illegal actions. This is how it works in life in general. Victims deserve justice. ",4,5,2,4,3,1,6,6,9,4,5,2,5,7,5,1,5,4,1,1,1,2,7,1,1,2,5,6,4,4,7,3,4,5,4,1,5,5,3,5,2,4,3,4,5,5,5,1,2,5,3,5,4,3,6,4,3,4,6,5,4,1,1,5,7,5,5,3,7,3,1,5,2,5,4,4,3,10,100,15,,,,,,,,,40,40,"He took a life and Frankie has lost his. Actions have consequences. ","Darryl being removed from society so that he does not kill another person. ",1,7,6,60,2,1,3,6,2,1,1,,3
2026-07-02 12:13:52,2026-07-02 12:37:45,0,,100,1433,1,2026-07-02 12:37:46,R_7pFm6JRPJei143Z,,,,,,,anonymous,EN,0.20000000298023224,P001295,3,5,4,3,5,5,3,4,5,5,4,3,5,3,4,4,3,2,1,3,4,I think the physiological part of the most useful because it works as a natural deterrent for anyone who want to commit future crimes.,4,3,5,5,5,3,5,4,9,5,6,3,5,4,3,5,4,4,5,5,3,3,5,3,5,5,6,6,4,3,6,4,4,6,5,3,3,5,5,5,5,4,5,6,3,4,6,6,4,5,5,5,4,3,3,5,6,5,5,4,4,4,3,4,3,2,5,5,3,1,1,1,1,5,5,4,5,5,78,26,30,15,"I give him this sentence of 15 years and it may seem short on first sight but we need to account for the fact that he is a minor and hence has rest of his life. ",This sentence will give him a taste of prison and give me a symbol of what life can be if he ever commit crimes.,,,,,,,,,1,7,2,20,1,3,4,1,1,3,2,,1
2026-07-02 12:09:56,2026-07-02 12:37:46,0,,100,1669,1,2026-07-02 12:37:46,R_7K7Qifu4l8btus8,,,,,,,anonymous,EN,1,P000403,5,5,2,5,5,3,2,2,4,3,5,5,2,4,3,2,5,2,3,1,4,process of elimination....i don't think prisoners get rehabiitaed and i don;t think prison deters others from committing crimes. i was left with the first two and if a prisoner is in prison they cannot commit a crime...unless the crime is in the prison.,7,1,4,7,1,1,4,1,9,1,1,5,1,3,1,4,1,1,1,1,1,5,5,6,7,1,3,5,4,4,7,1,4,5,4,1,4,3,6,2,1,2,3,1,2,4,7,1,1,1,1,7,7,1,7,1,1,1,7,1,4,1,1,7,7,1,1,7,7,4,1,1,1,7,1,1,6,10,5,24,,,,,25,25,IF he's permanently paralyzed he'll end up being a ward of the state if he is out. he might as well stay in prison and be taken care of there.,Darryl will be taken care of in prison.,,,,,1,7,1,79,2,1,4,1,3,3,3,i wish you had distinguished between what is considered white collar crime. i think most of congress and our president are a risk to our society more than petty thieves or people trying to survive.,2
2026-07-02 12:20:05,2026-07-02 12:38:05,0,,100,1080,1,2026-07-02 12:38:06,R_7jcZj5K7zNVVLdr,,,,,,,anonymous,EN,1,P001254,7,7,6,7,7,6,6,7,6,6,6,6,6,7,5,5,6,1,2,3,4,"Because it holds criminal accountable,  protect society,  and may prevent future crime. ",3,3,2,6,5,1,6,6,9,2,3,3,5,7,1,2,5,4,2,1,2,5,6,4,5,5,5,2,4,4,7,2,2,5,5,1,6,5,5,4,3,3,3,2,5,6,7,5,1,3,2,7,7,2,6,2,5,5,4,5,6,1,1,7,7,4,2,6,6,2,2,4,2,4,2,4,3,5,5,47,,,,,40,30,He caused a death and should be held accountable even if he is no longer a threat.,"Justice, accountability, and respect for the victim.",,,,,1,6,7,25,1,1,5,6,2,1,1,The study was clear and easy to follow.  Thank you for allowing me to participate in this study.,2
2026-07-02 12:24:16,2026-07-02 12:38:06,0,,100,830,1,2026-07-02 12:38:07,R_3CTrCfiDTZ0KTb6,,,,,,,anonymous,EN,1,P000494,7,7,7,7,7,7,1,7,7,7,7,7,1,4,7,5,7,1,2,3,4,"You do something wrong, there should be a consequence and most people do not get rehabilitated in prison. That's not what our prisons do.",1,7,1,7,4,1,6,7,9,7,7,7,7,5,7,3,6,3,2,3,2,1,5,1,4,3,7,7,4,3,7,4,4,1,4,1,7,7,1,2,2,7,1,7,7,7,7,1,7,1,7,1,1,1,7,7,3,4,7,3,7,1,1,7,7,1,1,7,7,7,1,1,1,7,1,1,7,9,100,24,,,,,25,25,"The excuses don't matter...did the crime, take the 25 years",give him time to think about his actions and the consequences and the family,,,,,2,7,1,49,2,2,4,3,1,1,1,,2
2026-07-02 12:17:42,2026-07-02 12:38:24,0,,100,1241,1,2026-07-02 12:38:25,R_3DpecRwPmNbdBvi,,,,,,,anonymous,EN,1,P000862,5,6,3,5,5,4,3,5,4,5,4,5,5,5,4,5,5,1,2,4,3,"The main purpose of punishments are as an attempt to equalize the criminal actions taken by people, so that's why I put that first. One rung down I put how it deters others from committing crimes, as crime will and always will still happen, but punishment (like jail time) does have some effect on people taking certain types of actions. ",3,3,2,5,7,3,6,3,9,3,3,3,4,5,5,3,5,5,3,4,3,3,5,5,5,4,5,5,4,4,5,5,3,4,4,3,5,4,5,3,2,5,3,5,5,7,5,5,2,5,3,4,5,3,3,3,5,5,2,3,4,1,1,7,7,2,1,7,7,1,1,4,1,7,1,3,5,5,5,47,50,50,"He still killed someone. The fact that he is deemed ""no longer a threat to society"" is the main reason for sentencing, rather to hold him accountable for taking someone's life. ","I hope this sentence will go to uphold the weight of murder, reduce the number of murders that occur in the world. ",,,,,,,,,1,4,4,18,1,4,2,2,1,1,1,No! Thank you!,1
2026-07-02 12:12:17,2026-07-02 12:38:26,0,,100,1568,1,2026-07-02 12:38:26,R_5rqCE53FNqEGFks,,,,,,,anonymous,EN,1,P000735,7,7,7,7,7,6,7,7,7,7,7,7,6,7,5,5,7,1,2,3,4,"You have to show first that crime is punished then it shows others what happens. that in itself should prevent crime. Lock up is important to prevent a habitual criminal then while incarcerated, rehabilitate and offer help on release. ",2,6,2,3,3,3,6,6,9,6,5,6,5,6,3,3,5,5,2,2,3,2,6,2,2,3,5,5,4,3,5,2,3,5,6,2,5,5,4,4,3,4,2,5,5,3,3,2,3,5,3,3,3,3,5,3,5,7,2,2,5,3,5,5,5,5,5,2,3,5,3,6,5,3,3,5,2,10,100,24,30,30,"He could have stopped once he got cut above his eye but he continued to be continue to be aggressive and ended up killing the poor girl. His anger took a hold of him. Double karma for this man. I don't feel sorry for him at all. ",A person is responsible for his actions. He has to be held accountable for killing a girl.,,,,,,,,,2,6,2,66,2,1,4,6,2,1,1,,1
2026-07-02 12:22:51,2026-07-02 12:38:37,0,,100,946,1,2026-07-02 12:38:38,R_6RqlKmqaWSITzdn,,,,,,,anonymous,EN,1,P000955,6,7,5,6,6,6,6,6,7,4,7,7,6,6,7,7,7,2,3,4,1,Based on long term impact on society and the criminal.,1,1,1,7,5,7,7,6,9,5,5,7,1,7,1,1,7,7,1,1,4,1,7,1,7,5,3,7,4,1,7,1,4,7,4,1,5,3,2,1,1,4,1,5,7,7,7,4,7,1,7,7,7,1,7,7,1,1,5,1,6,1,1,7,7,1,1,7,7,7,1,7,1,6,6,6,7,10,100,24,,,,,,,,,50,15,Poses no real threat,THat there is a different way to live life,1,7,5,35,1,4,6,3,1,1,1,,3
2026-07-02 12:12:50,2026-07-02 12:38:38,0,,100,1547,1,2026-07-02 12:38:40,R_5RAeMOEQAX6bEWZ,,,,,,,anonymous,EN,0.699999988079071,P001655,6,6,6,6,6,6,3,6,6,6,7,6,4,4,5,6,6,3,1,2,4,"Deterring others from committing crimes in the first place would seem to be the most important reason for punishment of various crimes, then the second reason would be getting them off the streets as some of the crimes they commit are extraordinarily heinous, and furthermore they deserve it, and hopefully they will get rehabilitated.",4,2,7,6,1,1,5,1,9,3,6,2,4,6,5,3,6,6,3,3,3,3,5,5,3,5,4,6,4,2,7,2,2,3,3,1,7,7,1,6,7,1,2,2,5,7,6,2,1,1,2,6,7,2,6,4,2,2,2,3,5,1,1,7,7,1,1,7,7,2,1,2,1,7,1,1,7,10,100,24,,,,,,,,,50,25,"I would say in this case I would give half of what I consider the normal amount of time for this sentence, given that this act was premeditated, it was planned out and especially brutal.",I hope that this amount of time will bring justice to Frankie's family and that maybe Darryl will learn some lessons while he is there.,2,5,1,64,2,1,5,3,3,1,1,"Great study, I really enjoyed the court case!",3
2026-07-02 12:11:04,2026-07-02 12:38:43,0,,100,1659,1,2026-07-02 12:38:44,R_7fcUviD4M0slaVp,,,,,,,anonymous,EN,1,P001478,5,5,4,5,6,3,2,3,5,6,3,5,3,7,3,6,5,2,4,3,1,Punishment works best when it corrects behavior and rehabilitation attempts to correct criminal behavior. Deterrence is not effective for most criminals because most criminals assume they will not get caught.,7,1,5,7,1,1,1,1,9,3,1,2,1,7,4,4,5,5,6,1,1,1,6,5,3,5,1,7,4,1,7,1,4,5,1,1,4,2,7,2,2,1,5,1,2,5,7,6,1,2,2,5,2,2,6,2,6,1,7,3,3,7,5,3,3,6,6,1,4,3,3,4,3,3,7,6,3,5,5,24,,,,,10,10,"Regardless of his circumstances, he still deserves to be punished.","In this case the punishment, is slightly retribution, and mostly deterrence.",,,,,1,5,1,45,1,1,5,4,3,2,2,,2
2026-07-02 12:13:19,2026-07-02 12:38:51,0,,100,1531,1,2026-07-02 12:38:52,R_6pncnKiJGyR3l38,,,,,,,anonymous,EN,1,P000040,5,6,5,6,6,5,5,6,6,6,6,6,5,6,5,6,6,4,2,1,3,"I do believe that criminal acts must be punished for determent, making law-abiding citizens safer, but I also believe that rehabilitation is important,",2,4,3,3,6,3,4,6,9,3,4,3,4,5,3,2,5,6,4,3,3,3,6,4,3,2,5,6,4,4,5,3,4,5,4,2,5,5,5,4,4,5,4,4,5,6,4,3,4,3,3,4,3,4,5,5,3,4,7,4,5,4,3,5,5,4,4,4,5,6,4,5,3,3,4,5,3,10,100,24,,,,,47,35,"Although he has contracted the disease, he is still accountable for 2nd degree murder.",Serve as a deterrent for future domestic violence that can result in death.,,,,,1,6,1,64,2,1,4,5,2,1,3,"In one of the attention checks, the choices should be labeled ""days"" rather than ""minutes."" It is the one about the water lilies in the pond,",2
2026-07-02 12:23:37,2026-07-02 12:39:02,0,,100,925,1,2026-07-02 12:39:03,R_3ISOqSenuNi7Jql,,,,,,,anonymous,EN,0.8999999761581421,P001683,5,5,5,3,5,6,5,3,4,5,5,5,5,5,5,5,6,4,3,2,1,I ranked rehabilitation first because the goal should be toreduce  reoffending long-term .,6,5,5,5,5,5,6,5,9,5,3,1,5,5,5,5,4,4,5,7,6,6,6,5,6,5,6,6,4,6,5,5,5,6,5,5,5,6,6,6,6,6,2,5,5,5,6,5,6,5,5,6,7,6,5,4,5,5,1,5,6,4,4,5,5,4,4,5,4,4,6,5,5,5,6,5,5,5,5,47,,,,,,,,,30,19,"I recommend a substancial but reduced sentence ",I hope this acknowledges the serousness of the outcome.,1,5,5,40,2,2,6,6,2,1,2,no,3
2026-07-02 12:14:15,2026-07-02 12:39:09,0,,100,1494,1,2026-07-02 12:39:10,R_6R1RKoda26zrvKZ,,,,,,,anonymous,EN,1,P000447,3,3,5,3,3,3,6,5,6,6,4,5,1,1,4,2,4,3,1,2,4,"Punishment of criminals is primarily for show. The rest of society needs to see that breaking its laws results in consequences. The victims also get some satisfaction by seeing those who wronged them wronged in turn. It does little to actually solve the problem, it just makes the rest of us feel satisfied enough to not take that punishment into our own hands.",4,1,4,5,2,1,3,3,9,2,4,7,3,7,3,2,3,2,3,3,3,5,4,6,5,2,3,3,4,3,7,1,1,2,3,1,2,3,7,2,1,2,4,2,2,3,4,5,4,3,6,5,6,3,5,2,2,1,6,2,2,1,2,7,6,5,3,6,7,5,2,3,1,5,3,3,2,5,5,47,,,,,20,20,"The fact that he became paralyzed makes no difference. He took away many more than 20 years from Frankie. It is only fair that he also loses time from his life in a situation he doesn't want to be in. Even if only the family is aware of his punishment, it should still be carried out, because making exceptions behind closed doors will only further erode confidence in the justice system.","Maybe with time to reflect and regret, Darryl will understand the severity of his actions. Many people who come to regret their crimes later become advocates for some cause to try to make up for it. I would like to think that Darryl would try to do so.",,,,,1,7,1,38,1,1,4,5,3,3,1,The moral conundrum of Darryl was moderately interesting and well-framed. It gave me a chance to more thoroughly think through my position on punishment for its own sake.,2
2026-07-02 12:14:54,2026-07-02 12:39:12,0,,100,1457,1,2026-07-02 12:39:13,R_7eDAMJG6SmKplmH,,,,,,,anonymous,EN,1,P000157,2,4,4,4,4,4,4,4,4,4,4,4,4,4,4,4,4,3,2,1,4,I ranked it in that order because it provides most immediate protection for the public by preventing offenders from committing additional crimes.,4,4,4,4,4,4,4,4,9,5,5,5,4,5,5,3,4,4,4,4,4,4,4,4,4,4,4,4,4,4,4,4,4,4,4,4,4,5,5,5,5,5,5,4,5,5,4,4,4,6,4,4,6,4,5,4,4,7,1,6,4,4,4,4,4,4,4,4,4,4,4,4,4,4,4,4,4,5,5,47,,,,,30,25,I recommended this sentence because Darryl's actions led to Frankie's death after a prolonged assault that posed a physical threat.,I hope this sentence holds Darryl accountable for his actions and give the Frankie's family a sense of justice.,,,,,1,6,7,22,1,2,4,4,2,1,1,,2
2026-07-02 12:15:24,2026-07-02 12:39:18,0,,100,1434,1,2026-07-02 12:39:19,R_3s5FKEL4pdLyLSh,,,,,,,anonymous,EN,1,P000942,6,6,5,6,5,5,6,5,6,7,5,5,5,3,5,4,4,2,1,3,4,I do believe consequences do play a big deterrent for more crime. There should be consequences when rules/laws are broken. I do not believe prisons do enough to rehabilitate criminals.,2,5,1,6,4,1,7,1,9,2,2,1,2,6,2,3,2,5,4,1,3,3,6,1,3,4,4,6,4,5,7,1,4,4,4,1,4,4,2,3,4,2,4,2,3,2,6,1,2,1,1,3,4,2,7,2,2,1,7,1,1,3,3,6,2,3,2,6,6,2,1,1,1,1,1,1,1,10,5,47,,,,,50,50,"Regardless of what happened after the killing, if you murder someone then you should spend the rest of your life in prison.",Making a point to the rest of society that breaking the law has consequences.,,,,,1,7,1,31,1,7,3,2,3,3,3,,2
2026-07-02 12:15:46,2026-07-02 12:39:24,0,,100,1418,1,2026-07-02 12:39:25,R_317JU9az7WjAE8s,,,,,,,anonymous,EN,1,P000914,7,7,7,7,7,7,7,7,7,7,7,7,7,7,7,7,7,4,1,3,2,Prisons and its punishment should be shown so that others won't commit the same crimes and prison should be used as a way to help people get back into society.,1,6,1,4,4,3,7,4,9,7,7,7,6,7,5,1,6,5,5,1,4,4,7,5,3,4,7,6,4,7,7,1,4,7,4,1,7,7,3,4,2,4,1,1,4,7,4,3,4,6,7,2,7,6,3,4,6,7,4,6,7,4,1,7,4,4,1,7,4,7,2,4,4,4,7,7,4,5,20,47,30,30,"Doesn't matter if he poses a threat or not, his actions caused an innocent person to die and he should get at least 30 years.","The punishment fits the crime, whether his intentions at the beginning were cruel or not, he decided to do something that he knew would cause him a lot of trouble.",,,,,,,,,2,7,4,18,1,4,3,4,3,3,3,,1
2026-07-02 12:23:46,2026-07-02 12:39:32,0,,100,946,1,2026-07-02 12:39:33,R_7VwHCbU6n3Ip4Ye,,,,,,,anonymous,EN,1,P000020,5,6,5,5,5,3,5,6,5,6,5,5,3,4,5,5,6,3,2,1,4,"I think the most obvious reason is that when criminals are locked up they can't commit other crimes since they are removed from society. Also, being imprisoned means they don't have as many freedoms and can't do what they want so that is a good deterent for most people",3,4,2,7,3,1,5,3,9,5,3,3,4,6,2,1,6,6,5,3,4,5,5,5,5,4,6,6,4,3,7,3,3,1,4,2,6,7,1,6,6,6,3,6,6,7,6,6,3,3,3,6,6,3,4,4,2,1,7,3,6,2,2,6,4,3,2,6,6,1,1,1,1,7,2,1,5,5,5,47,,,,,,,,,35,35,"I wouldn't change his sentence because regardless of what's happened since then, he still committed the crime",I hope that it still brings justice for the other person's death,1,7,1,25,2,3,6,2,1,1,1,,3
2026-07-02 12:24:12,2026-07-02 12:39:40,0,,100,927,1,2026-07-02 12:39:40,R_5EJWGcNSUWxOwui,,,,,,,anonymous,EN,1,P001284,7,7,7,4,7,4,7,7,7,7,7,7,7,7,7,7,4,4,1,3,2,"I believe punishment deters them, as if you have police on every street (which deters crime) it will make the criminals realize there will be in fact criminal punishments. If they do get prison, they will change their mind in prison, and annot crime ASSUMING it is a good prison. And finalyl, i think they should be punished.",7,4,4,7,1,1,7,7,9,4,4,7,4,7,1,1,1,1,7,1,4,5,6,7,7,4,4,6,4,1,7,4,4,4,4,1,7,7,4,5,1,4,4,4,4,4,7,7,4,4,4,7,7,7,7,4,1,1,7,4,1,1,1,7,7,7,1,1,7,7,4,4,7,7,1,1,7,5,5,47,,,,,,,,,50,50,"I'd give him death penalty for killing a man, however any punishment is better than the rest. Regardless of what he has, he killed a man and is so worthy of death.","Showing others that killing doesn't go without punishment.  ",2,7,1,20,1,1,2,1,1,3,1,"I believe that the police sholuld be on every corner to help deter crime. Also, I have a very quick reading comprehension if the shark thing looked quick, I read it all. ",3
2026-07-02 12:11:45,2026-07-02 12:39:43,0,,100,1678,1,2026-07-02 12:39:44,R_11YifmNJShbcVde,,,,,,,anonymous,EN,1,P000781,7,7,6,6,7,6,6,5,6,7,7,7,2,6,7,7,7,1,2,3,4,"First a crime has to be committed before punishment is determined. Fear of lock up or death can deter most people from crime. Some criminals can still commit crimes from prison due to connections they may still have, like Mafia or drug rings.  Hopefully victims learn that crime is wrong and will commit themselves to being a responsible member of society.",3,7,3,3,5,3,7,5,9,6,1,3,5,7,2,1,7,7,7,2,4,5,7,3,5,5,6,7,4,2,7,4,5,3,5,1,7,5,4,3,1,3,3,5,7,7,6,3,3,4,6,5,6,3,6,3,4,7,3,6,6,1,1,7,7,1,1,7,7,1,4,5,2,4,5,5,5,5,5,47,,,,,50,50,"Regardless of his medical condition and the records being sealed Darryl still beat 
Frankie, broke a restraining order, chased her and hit her causing her to fall in front of a car that ran over her and ended her life.","He will attend anger management classes and resolve to be a better and more responsible citizen.
",,,,,1,7,1,67,2,1,4,1,1,3,2,n/a,2
2026-07-02 12:22:17,2026-07-02 12:40:02,0,,100,1064,1,2026-07-02 12:40:03,R_7z8Rld1QcyO9lrr,,,,,,,anonymous,EN,0.5,P001022,7,7,7,7,7,7,7,7,7,7,7,7,6,5,7,7,7,2,3,1,4,What's most important to me is that prisoners are not a threat to society when they are behind bars and that they must do their time before being freed.,1,7,1,1,7,7,7,5,9,5,7,5,7,4,6,2,7,7,7,6,7,3,7,3,3,1,7,7,4,5,7,4,3,6,6,1,5,5,3,4,4,7,1,7,7,7,6,4,5,3,5,3,2,5,3,5,5,2,7,7,7,6,5,7,4,6,5,3,3,7,1,4,6,3,6,7,2,10,100,24,50,50,His health problems doesn't change what happened. Somebody died while he was committing a felony so there must be accountability.,"There are consequences for his actions and someone like him shouldn't be free. ",,,,,,,,,2,7,4,38,1,2,4,5,3,1,1,,1
2026-07-02 12:15:43,2026-07-02 12:40:21,0,,100,1478,1,2026-07-02 12:40:22,R_5OJCo41k43Uvs6Y,,,,,,,anonymous,EN,1,P000533,5,4,4,3,5,5,3,5,5,5,4,4,3,6,3,3,4,4,3,2,1,I think prison should be used to rehabilitate the person rather than punish them. The majority of our inmates today suffer from some sort of mental illness. If they can get the help that they need and are able to be regulated then the risk of committing more crimes drops.,6,3,3,6,2,2,2,4,9,3,3,4,2,4,4,5,3,2,2,1,2,6,2,4,6,5,2,2,4,2,7,2,2,4,2,2,3,3,7,4,1,2,5,3,2,3,6,5,3,3,3,6,6,3,6,2,2,1,7,1,2,2,2,6,6,3,2,6,5,1,1,1,1,7,1,1,5,10,100,24,,,,,,,,,25,25,I think it should still be the same punishment.,He has the time to be rehabilitated.,1,6,1,38,2,1,3,2,1,1,2,,3
2026-07-02 12:25:00,2026-07-02 12:40:34,0,,100,933,1,2026-07-02 12:40:34,R_7ZR8lnKAA3By86t,,,,,,,anonymous,EN,1,P000824,7,7,6,7,7,7,2,6,2,7,6,7,6,7,5,6,7,1,3,2,4,"I think people who commit crimes should be held accountable for what they do. Keeping these dangerous people off the street also helps protect others. I've seen so many cases from NYC judges who release criminals so quickly and they re-commit worse crimes and even murder without serving real time. I think punishment can discourage some people from committing crimes, but not everyone. Rehab is important too, but I don't think it works in every case, so I ranked it last. ",3,6,1,5,6,3,7,1,9,5,5,4,4,4,4,4,6,6,2,5,3,3,6,5,3,3,6,7,4,3,7,6,4,3,5,2,6,5,3,4,3,4,3,5,6,5,4,4,6,5,5,4,4,5,4,4,5,6,4,4,5,2,1,5,4,4,4,4,6,6,4,4,2,3,4,4,3,5,5,24,,,,,50,50,"Darryl committed murder. I don't care if he's disabled, image him killing your daughter, son, mother, father, wife, husband. How would you feel letting him go early just because he's disabled? He needs to pay for his actions. ","Those close to him, friends, schoolmates, will know or get word of what he did and know the crime was serious. Also, it will never bring back Frankie, but Frankie's family will be a little more at peace knowing Darryl is paying his time. ",,,,,1,7,2,38,2,4,4,6,2,1,1,,2
2026-07-02 12:14:06,2026-07-02 12:40:46,0,,100,1599,1,2026-07-02 12:40:47,R_7SBk6YPctQGPVpP,,,,,,,anonymous,EN,1,P001858,6,6,5,6,6,5,5,6,6,7,5,6,5,5,4,5,6,2,3,1,4,"It would be great if criminals could just be verbally reminded that they should commit more crimes but that doesn't work. Society and law abiding people have a right to feel safe and one way of making people feel safe is to put criminals in prison so they can't harm more. I also think wrong actions and criminal behavior needs to be punished as a consequence of those actions and behavior. Obviously the punishment needs to fit the crime but some form needs to be in place. Lastly it would be helpful for prisoners to have a chance to improve and be ""rehabilitated"" in prison but some criminals never change and some crimes are too heinous making rehabilitation efforts unneeded.",1,5,1,4,7,3,5,3,9,5,5,3,5,6,5,3,6,5,4,3,3,2,6,2,2,3,6,6,4,3,6,3,3,5,5,2,4,3,6,3,3,4,2,4,6,5,4,5,4,5,5,4,3,5,3,3,3,2,3,3,6,3,3,4,5,7,7,1,2,5,1,3,2,3,6,6,1,5,5,47,,,,,40,45,"The person Darryl killed never had a chance to contract a disease later in life because Darryl had ALREADY KILLED her. Almost all18 year olds don't pound the crap out of their girlfriend to the point, but Darryl did. ",It will keep Darry from killing anyone else and maybe the family of Frankie will that at least justice was served and this animal didn't have the opportunity to kill anyone else.,,,,,2,7,1,67,1,1,5,6,2,1,1,Thank you for the opportunity to participate in this study and being able to express my opinions regarding crime and punishment.,2
2026-07-02 12:23:58,2026-07-02 12:40:53,0,,100,1014,1,2026-07-02 12:40:54,R_7V2vfczhki64TTT,,,,,,,anonymous,EN,1,P001602,3,2,2,1,2,3,2,2,2,2,2,3,6,6,1,2,4,4,3,2,1,"People can change, so rehab should be the goal. Keeping dangerous people off the streets protects everyone. Deterrence is shaky, so ""deserving"" punishment is just revenge, not a real solution.",5,1,5,6,1,1,2,1,9,1,1,2,1,5,1,4,2,2,1,1,1,6,2,6,6,6,2,3,4,2,7,1,1,3,2,1,5,4,5,2,2,1,5,1,2,3,7,1,1,1,1,6,7,1,7,1,2,1,6,2,2,1,1,7,7,1,1,7,7,1,1,1,1,7,1,2,6,5,5,47,,,,,,,,,25,20,"He still killed someone, so some prison time is needed. But hes paralyzed and no longer a threat, so the sentence should be shorter. The lack of public record doesn't change that a person died.",Acknowledges the harm done to Frankie and his family. Keeps  Darryl accountable without being excessive given his condition.,1,6,1,32,1,1,4,2,1,2,2,no issues,3
2026-07-02 12:24:10,2026-07-02 12:40:56,0,,100,1005,1,2026-07-02 12:40:56,R_70vm1xpQlRxHl1s,,,,,,,anonymous,EN,1,P001087,6,6,5,5,6,6,6,6,6,6,6,6,5,5,5,5,6,2,4,1,3,Keeping citizens from being victims is the ideal reason why punishment is important. They should pay a reasonable amount of time away from society to match their crime. The other two options are hypothetical and are based on how effective the prison is and the criminal's mindset going forward.,5,3,4,7,2,1,6,1,9,1,1,2,1,7,1,2,5,5,5,4,2,4,4,5,5,6,4,6,4,2,7,1,4,2,2,1,5,3,6,2,1,1,4,4,1,1,7,5,2,1,1,4,6,1,6,2,1,1,7,1,2,1,1,7,7,1,1,7,7,1,1,1,1,6,2,2,6,10,100,24,30,15,The rest of his life will be full of hardship to balance out his crime.,"This sentence will be sufficient for paying for the death he caused, and to allow him to adjust to the circumstances surrounding his health.",,,,,,,,,1,7,1,45,1,2,4,1,1,3,3,NA,1
2026-07-02 12:22:44,2026-07-02 12:40:56,0,,100,1092,1,2026-07-02 12:40:57,R_1OemtcoyjWouzbj,,,,,,,anonymous,EN,1,P000416,4,6,4,3,4,3,3,5,2,4,4,5,2,4,3,5,5,4,2,1,3,"alot of violent criminals should be put away from society to not continue but i dont think its that black and white. it could deter people and has in some cases. some criminals are criminals because they dont have a choice, if we fixed the society, then crime would go down, rehabilitation has been shown to be traumatic for some cases especially not violent crimes. ",7,7,5,6,3,1,3,6,9,3,3,4,1,7,2,4,2,2,5,1,2,5,3,5,7,6,2,4,4,6,6,4,2,1,3,1,6,4,5,5,5,3,4,2,4,5,6,3,1,1,5,6,7,1,7,1,1,1,7,1,1,1,1,7,7,2,1,7,7,2,1,2,1,7,1,1,7,10,100,24,30,26,"how his health is now doesnt relate to the crime he is paying for. a person still died at his hand. ","that he pays for the murder of someone who shoudnt have died over a purse. ",,,,,,,,,1,7,1,35,2,1,2,1,1,3,3,"no suggestions. was a thought provoking study,  thank you.",1
2026-07-02 12:16:13,2026-07-02 12:41:16,0,,100,1502,1,2026-07-02 12:41:16,R_55SbU8bBR6bZAX9,,,,,,,anonymous,EN,0.699999988079071,P000351,6,7,7,5,7,6,7,7,7,7,7,7,3,5,6,5,7,4,2,1,3,"I have unfortunately seen that some people have criminal minds, them being locked up keeps them from committing further crimes, which should be a priority in any society. I also strongly feel that punisment does deter others from committing crimes, which is why having others locked up helps to prevent their influence on others. I put prinsoners getting rehabilitated in prison third because unfortunately I have seen many get institutionalized rather than rehabilitated and then repeat the same actions once they are released from prison. I put criminals deserve to be punished last because for me yes crime should have consequences, but it is more important to me that criminals not be able to keep committing crimes than the punishment itself.",2,5,1,5,5,3,6,3,9,3,3,5,5,7,5,5,5,5,3,3,3,5,5,6,1,5,5,6,4,7,6,5,5,2,1,1,7,7,2,7,7,3,4,3,5,5,5,3,5,3,3,3,5,3,5,5,2,3,4,5,5,5,3,7,5,6,6,5,6,5,5,2,2,5,3,3,4,10,100,47,,,,,50,50,"Darryl should be sentenced according to his condition at the time he committed the crime. The sentence is punishment for the crime he committed, not just for him being or not being a threat to society.",It should be a deter others from committing similar crimes and not give reason for others to commit crimes under the pretense that they can be released later once a decision has been made with no new evidence in the case.,,,,,1,7,1,42,2,2,4,3,3,1,1,"As a domestic violence survivor, I feel thier consequences should be stonger. Not only was the person who harmed me released before he completed his sentence, he also did not complete his court mandated courses (anger, abuse, etc.), and probation was still dropped. I also found out after he had been sentenced that he should have been originally charged with a felony since it was his third offense, and he was charged with a misdomeanor.",2
2026-07-02 12:12:10,2026-07-02 12:41:41,0,,100,1770,1,2026-07-02 12:41:42,R_5B8xKkI2XBjdKbD,,,,,,,anonymous,EN,1,P000297,6,6,5,6,6,5,4,5,5,5,6,6,4,4,6,4,6,2,4,1,3,"My top tier answers address the problem itself first and that is those committing crimes should be punished or locked up. Whether rehabilitation or deterring others works, I am not totally sure.",3,5,2,6,7,4,6,6,9,6,3,4,6,6,6,1,6,6,4,3,4,2,7,2,4,3,6,6,4,5,6,4,4,5,4,2,5,5,2,3,4,4,4,5,5,6,3,6,5,3,3,4,3,3,5,4,3,3,4,5,6,3,2,6,6,3,3,5,5,6,3,4,1,2,5,6,2,5,5,24,,,,,,,,,50,50,The crime is still the same and I feel the punishment should be the same.,Actions have consequences.,1,5,1,64,1,1,5,4,3,3,1,Very interesting study. It did make me think about how I might truly feel.,3
2026-07-02 12:12:59,2026-07-02 12:41:43,0,,100,1724,1,2026-07-02 12:41:44,R_7Ap99TkAdzJJVPb,,,,,,,anonymous,EN,1,P001109,4,5,4,4,4,5,4,6,4,4,4,5,4,5,4,4,4,1,4,2,3,"I believe if you are willing to commit a crime then you deserve to be punished in some way. I’m not really sure punishment will actually deter others from committing crimes, it may decrease somewhat but not fully.",4,4,1,7,3,2,4,4,9,4,4,3,4,7,1,1,4,4,4,1,3,4,4,4,5,5,4,4,4,4,4,4,4,4,2,1,5,5,6,5,5,4,4,4,4,5,4,4,4,4,4,4,4,4,4,4,3,4,4,4,4,4,4,4,5,4,3,5,5,4,1,4,1,3,4,4,3,10,5,47,,,,,50,50,"I think he is deserving of a life sentence regardless of his current situation, there was no excuse for his actions.",Hopefully he will be accepting of his punishment and realize that taking someone else’s life means that his life was taken also.,,,,,1,5,1,36,2,1,5,4,3,1,1,,2
2026-07-02 12:24:16,2026-07-02 12:41:44,0,,100,1047,1,2026-07-02 12:41:45,R_5Q8IW431JFBRrod,,,,,,,anonymous,EN,1,P001270,6,6,2,6,7,6,3,5,5,5,7,6,4,4,6,4,5,3,2,1,4,"I think it is important to keep proven dangerous individuals, especially repeat offenders, off the streets as long as possible",1,4,1,1,7,1,6,5,9,5,6,5,6,5,6,1,5,4,3,2,4,5,5,5,7,2,4,5,4,5,5,6,2,5,4,1,5,5,3,3,2,6,3,7,6,6,3,5,5,5,6,4,2,5,2,5,6,5,7,5,6,3,5,5,5,3,2,4,6,7,2,7,5,6,1,1,7,5,5,47,50,50,He is a clear threat to society and tried to kill someone,I hope he will rot in prison forever,,,,,,,,,1,7,1,27,1,1,4,5,3,3,3,,1
2026-07-02 12:11:10,2026-07-02 12:41:45,0,,100,1834,1,2026-07-02 12:41:45,R_3TB0asMOVm2nuE6,,,,,,,anonymous,EN,1,P000282,6,6,5,5,6,5,5,5,5,6,6,5,3,3,5,6,5,1,3,2,4,"The reason why I ranked the reasons for punishment this way is as follows: first off, crime has consequences and punishment is a part of that. You can't commit bad deeds without any retribution. Second, it keeps them from potentially causing more harm because they are not out in society which is vital for safety of civilians. Third, other people will see that it is not acceptable and will be less likely to commit crimes, which again, is important for safety. For my last point, I ranked it fourth because I actually do not agree that criminals are rehabilitated in prison. From my understanding, they aren't properly rehabilitated or integrated back into society and are more likely to offend again. That is something that should be addressed.",3,4,3,6,5,3,4,4,9,4,4,6,4,6,3,3,5,3,4,3,4,5,5,6,6,5,4,4,4,5,6,3,4,3,4,2,7,6,1,7,5,5,4,5,6,6,6,5,3,4,3,4,3,2,6,2,4,1,7,4,5,1,1,7,7,1,1,7,7,5,1,3,1,6,1,3,6,10,5,24,50,50,He killed someone over money instead of just looking for a new job. He doesn't deserve to be out in society. He should atone in prison.,Keeping a dangerous man off the streets. His current health issues do not negate the harm he caused another person.,,,,,,,,,2,5,2,30,2,1,3,1,3,3,3,Everything was fine. Thank you.,1
2026-07-02 12:10:36,2026-07-02 12:41:54,0,,100,1877,1,2026-07-02 12:41:55,R_7Ubbqbnmkj9sxex,,,,,,,anonymous,EN,1,P001526,6,6,6,6,6,6,6,7,7,6,6,6,6,5,6,6,6,1,3,2,4,Because its most important that criminals face the consequences of the crime they committed and they stay behind bars so they wont do it again or commit a more severe crime. Next its important to have the consequences so people will think of them before committing them and makes them change their mind and prevent them. And i rated that one last because a lot of times prison just make people mentally worse and the end up committing more crimes after they are out.,4,6,3,5,5,2,7,6,9,4,6,4,5,7,4,3,6,6,5,4,5,4,6,4,5,4,6,6,4,4,3,5,5,3,4,3,5,5,4,5,4,5,3,4,5,4,4,5,6,5,5,4,4,6,3,3,4,2,7,3,6,4,4,6,6,2,2,6,6,4,1,4,2,4,4,5,4,5,5,47,,,,,20,10,Because if no longer poses a threat to society then i don't think he should serve the full amount originally so the prison can have space sooner for a criminal that does pose a threat but i still think he should serve some time for his crimes because he's still the one that committed it.,I hope it will still show people no matter your condition you will still face consequences for your crime.,,,,,2,5,1,22,1,1,1,3,1,1,1,It was simple and not too time consuming.,2
2026-07-02 12:11:26,2026-07-02 12:42:18,0,,100,1851,1,2026-07-02 12:42:18,R_5iKaZuZ4qdXpOwO,,,,,,,anonymous,EN,0.699999988079071,P001707,6,6,5,5,6,5,5,6,6,6,4,6,4,6,3,4,5,2,4,3,1,I ranked rehabilitation first because helping prisoners change is the best outcome. I ranked punishment second because criminals should be held accountable. I ranked keeping prisoners locked up third because it protects society for a while. I ranked deterrence last because punishment does not always stop people from committing crimes.,5,2,3,6,3,1,4,4,9,2,2,2,2,7,1,3,2,2,2,1,2,5,4,6,6,6,3,5,4,4,7,1,2,4,2,1,6,4,5,3,3,2,5,2,4,4,7,3,1,2,2,7,7,1,7,2,2,1,4,3,2,1,1,7,7,2,1,6,7,3,3,3,1,7,1,2,6,5,5,47,30,20,"I recommended 20 years because Darryl caused Frankie’s death and should be held accountable. I also considered that he is now paralyzed, no longer a threat to society, and the case will not be public.",I hope this sentence recognizes the seriousness of Frankie’s death. I also hope it gives a fair punishment without adding more suffering than necessary.,,,,,,,,,1,7,1,28,2,1,4,4,1,3,2,None,1
2026-07-02 12:21:42,2026-07-02 12:42:24,0,,100,1241,1,2026-07-02 12:42:24,R_18ofIbyrz3CPWgx,,,,,,,anonymous,EN,1,P000768,5,4,4,5,5,4,5,5,6,6,5,4,3,5,4,4,6,1,2,3,4,"I believe if you do commit a crime, justice and a punishment should be given. I believe holding up punishments will give people incentive to not commit crimes. ",6,3,3,4,4,3,4,6,9,2,2,3,3,4,4,4,3,4,3,2,3,3,4,5,5,4,4,4,4,5,5,5,4,3,3,4,5,4,6,4,2,2,4,3,2,4,4,5,2,2,4,4,5,4,5,4,1,2,4,3,5,2,1,7,5,5,2,6,6,5,1,3,2,5,3,4,6,5,20,47,,,,,,,,,30,25,"Even though he poses no threat, he should still be punished based on the crime with maybe a little less. ","Justice for Frankie and punishment for murder. ",1,4,1,42,1,3,5,3,1,3,1,,3
2026-07-02 12:16:38,2026-07-02 12:42:28,0,,100,1549,1,2026-07-02 12:42:28,R_5J3mNY0fOawhLsF,,,,,,,anonymous,EN,1,P000995,4,5,3,5,5,7,4,5,4,7,7,5,3,5,6,4,4,4,1,2,3,I rank these statements the way i did because i feel like prevention should be first then retention then rehabilitate. Deserving is a personal opinion so its last,4,4,1,7,7,2,7,4,9,1,4,5,4,7,5,3,6,5,5,3,1,4,7,5,1,2,7,7,4,2,7,1,1,1,1,1,7,6,4,4,4,3,4,3,3,6,4,2,3,1,4,3,6,2,5,2,4,1,7,1,4,1,1,7,7,3,1,7,7,1,1,4,4,5,3,4,7,10,100,24,,,,,,,,,50,50,He took a life he should give his life,That he will have to forever think about what he did,2,7,4,36,2,2,3,4,3,1,1,,3
2026-07-02 12:10:27,2026-07-02 12:42:33,0,,100,1926,1,2026-07-02 12:42:34,R_7P7xIkYxeAWHQgX,,,,,,,anonymous,EN,1,P000713,6,6,4,5,5,5,6,3,4,5,5,5,4,3,4,4,6,3,1,2,4,well i know for a fact that prisoners dont get rehabbed in prison because our system is screwed,4,5,3,5,3,1,3,4,9,5,4,7,4,6,3,2,3,3,4,2,2,5,2,6,5,5,4,3,4,1,5,4,4,1,1,1,6,4,5,3,3,3,5,2,2,5,5,4,3,2,3,5,6,2,6,2,1,1,7,4,3,1,1,7,7,1,1,7,7,5,1,5,4,7,1,1,7,5,5,47,,,,,,,,,20,10,honestly im not a judge and this is really hard for me to decide. to throw someone who isnt able to move in prison is such a wild moral dilemma and i dont know what im doing here,"rehabilitation ",1,7,1,28,2,1,2,3,1,3,2,"that was all over the place, to be honest",3
2026-07-02 12:20:56,2026-07-02 12:42:54,0,,100,1317,1,2026-07-02 12:42:55,R_732mg1S5ULj0brc,,,,,,,anonymous,EN,0.8999999761581421,P000649,7,6,3,6,7,6,6,7,7,7,7,7,2,7,7,6,7,4,3,2,1,"I believe prisons are more of rehabilitation centers for many. In prisons there are courses inmates can take and maybe when their time is done they can engage in productive activities. At the same time, the act of taking criminals to prisons makes sure the criminals can't commit crimes to the society any more as they will be monitored in prisons. Similarly, when they are locked up, it serves as an example to other criminals out in the society and might influence them to change. All in all criminals deserve imprisonment punishment but it is the least in list.",4,1,2,6,5,2,7,4,9,1,2,5,2,7,2,1,1,1,1,1,1,1,6,6,3,3,1,1,4,5,7,1,1,1,1,1,6,6,2,5,5,4,2,4,4,5,6,6,2,3,2,6,7,2,5,2,6,7,2,1,1,2,1,7,1,2,1,7,7,1,1,1,1,7,1,1,7,5,5,47,,,,,35,30,"Even though Darryl does not pose a threat to the society due to his paralysis, he knowingly violated a restraining order and brutally attacked Frankie causing her death. The sentencing should always reflect the seriousness of the crime committed and should be held accountable.",I hope that the sentencing will provide justice and accountability for causing death and acknowledge the suffering caused to the victim and the family.,,,,,1,6,1,46,1,2,6,7,2,1,1,,2
2026-07-02 12:19:13,2026-07-02 12:43:02,0,,100,1429,1,2026-07-02 12:43:03,R_3QojG2eRqTYuBUQ,,,,,,,anonymous,EN,0.800000011920929,P001074,7,7,7,6,7,7,5,6,7,6,7,7,3,6,7,7,7,2,3,1,4,The order seemed the most logical to me.,1,2,2,2,4,1,6,7,9,6,5,3,5,6,3,1,7,3,3,4,4,4,5,5,6,2,6,7,4,6,6,4,4,1,4,1,7,7,1,2,1,3,3,4,5,5,5,5,4,5,4,3,7,2,5,2,3,4,7,4,5,1,1,7,7,1,1,7,7,1,1,6,1,5,1,3,7,10,5,24,,,,,,,,,50,25,Darryl committed a crime that resulted in death and should be given a long sentence.,"Hopefully, young people will think twice before committing serious crimes.",2,7,4,69,2,1,3,1,1,1,1,None.,3
2026-07-02 12:09:23,2026-07-02 12:43:07,0,,100,2024,1,2026-07-02 12:43:08,R_10Mmap7NptSmAow,,,,,,,anonymous,EN,1,P001034,7,7,7,7,7,7,7,7,7,7,7,7,2,4,7,7,7,2,1,3,4,"Any normal person in normal circumstances would see any form of being in jail or prison as a deterrent enough to not commit a crime. In most cases, criminals do need to be punished, except in cases of perhaps children that are hungry and have no money for food or self defense situations. Without law and order with punishment society would act like bigger animals than they already do. Rehab is laughable as I don't think they offer too much for too many.",1,7,1,4,7,4,6,7,9,5,5,7,7,3,3,1,7,7,7,5,6,2,7,2,1,1,7,7,4,6,7,7,1,7,6,5,6,7,3,3,3,7,2,7,7,7,4,7,7,4,6,1,1,3,5,6,5,7,1,7,7,7,7,7,1,7,7,2,3,7,1,7,4,1,6,7,1,10,100,24,,,,,,,,,30,40,"I don't care about his autoimmune disease. That doesn't change what he did and despite them both being wrong, the one that died was a minor and may have cleaned his life up.","To remind him of the fact that he took a minor's life and they will never get that time back, nor will their family. Plus, it should serve to others as a deterrent. ",2,7,1,58,2,1,3,7,2,1,1,Thank you for letting me participate.,3
2026-07-02 12:22:39,2026-07-02 12:43:22,0,,100,1242,1,2026-07-02 12:43:22,R_1LS6VLj0CbrmvzW,,,,,,,anonymous,EN,1,P001922,5,5,5,5,5,5,5,4,5,5,5,5,4,5,5,5,5,2,4,3,1,"I believe it's important to try to rehabilitate all prisoners, crime must have some punishment, when criminals are locked up its hard to commit new crimes out in their community, punishment is a deterrent maybe not the best one but it is somewhat effective. ",3,4,4,6,2,2,5,4,9,5,5,5,3,5,3,3,5,3,4,2,3,5,5,5,5,5,4,4,4,1,7,1,2,1,1,1,3,3,6,2,2,4,5,4,4,5,5,3,4,5,2,6,5,4,5,3,2,2,6,3,2,2,2,6,5,3,3,5,5,2,3,1,1,6,2,2,6,5,5,47,,,,,,,,,15,10,"He still committed murder, I reduced the sentence due to the circumstances. ","That he will get some help controlling his anger. ",2,7,1,61,1,6,4,4,3,3,2,,3
2026-07-02 12:16:19,2026-07-02 12:43:22,0,,100,1623,1,2026-07-02 12:43:23,R_6Gktq5cf4jBKrdO,,,,,,,anonymous,EN,1,P001100,7,7,6,7,7,6,6,6,7,7,7,7,6,5,6,6,6,1,2,3,4,"One I believe that criminals deserve punishment equivalent to the crime committed. For two I believe that crimes being punished shows others what happens if they do it too.  For three it makes sense that keeping criminals locked up removes their ability to do more crime. The last one is rehabilitation because its just the least important of the four to me. ",4,4,3,6,6,2,7,5,9,3,4,5,3,7,1,2,4,5,6,1,4,4,6,4,4,4,7,6,4,2,4,2,2,4,3,2,4,3,2,3,2,3,2,4,4,3,4,6,5,5,5,6,5,3,5,2,4,2,7,2,4,1,1,7,7,2,1,6,7,6,3,4,1,6,3,2,6,10,5,24,,,,,,,,,33,25,"I would recommend this sentence because Darryl still did the crime and the family would want justice for what occurred. ","I hope this sentence will bring the family some peace to know the criminal has been punished for what was done. ",2,5,2,32,1,2,3,3,1,1,1,,3
2026-07-02 12:13:58,2026-07-02 12:43:25,0,,100,1767,1,2026-07-02 12:43:26,R_5Qt14h6iydnvS8w,,,,,,,anonymous,EN,1,P000522,6,5,5,5,6,5,4,6,4,6,6,5,3,4,5,6,5,1,3,2,4,"This my order of priority for punishing/deterring people who break societies laws and unlawfully wrong or hurt others. ",4,4,2,6,2,1,3,5,9,4,4,4,4,5,4,4,4,4,3,4,3,4,5,4,3,4,4,2,4,4,4,4,4,3,4,3,6,4,6,4,3,4,3,4,4,4,4,4,5,4,4,4,4,4,3,3,5,5,4,5,5,5,5,3,4,5,5,4,4,4,4,5,4,4,5,5,3,5,5,47,,,,,25,25,"Why change it due to his new condition, his violation remans the same.",Justice for ending the life of the 17.5 year old woman.,,,,,2,5,1,62,1,1,6,5,2,1,1,"A lot depends on each situation individually,  generalizations seem to be somewhat irrelevant.",2
2026-07-02 12:24:37,2026-07-02 12:43:32,0,,100,1134,1,2026-07-02 12:43:32,R_6alC50nQLJpBNtU,,,,,,,anonymous,EN,1,P000458,6,6,6,6,6,6,3,6,6,6,7,6,5,4,5,6,6,2,1,4,3,I ranked them that way because that's the way I feel towards them,3,4,2,5,3,4,3,5,9,4,3,6,5,6,3,2,3,3,4,3,3,5,6,5,6,5,3,5,4,5,6,3,3,6,5,2,5,5,5,3,3,5,3,5,5,5,6,5,3,3,3,3,6,3,5,5,6,4,6,5,5,2,2,5,3,2,3,6,6,5,2,3,4,6,4,4,5,10,100,24,,,,,30,30,I don't think it matter if he has a disease,That he regrets what he did and work on his mental health,,,,,2,5,3,42,1,4,5,4,1,1,1,,2
2026-07-02 12:12:19,2026-07-02 12:43:35,0,,100,1875,1,2026-07-02 12:43:35,R_6VqFhSPGwZDiVGh,,,,,,,anonymous,EN,1,P001081,5,6,5,3,5,3,2,3,4,5,4,4,5,5,4,3,5,3,1,4,2,"I think that punishment deters others from committing crimes is the best reason for criminal punishment, because many people will view going to jail as a limit on their freedom and place in society. Prisoners can be rehabilitated in prison, and I think that is a worthwhile goal that America could do better at, because there is a lot of recidivism in this country. I feel like criminals deserve to be punished is a pretty weak reason, because I feel like punishing someone isn't going to undo the harm they caused and could cause more harm in their life going forward. The reason about prisoners not committing other crimes while they are locked up is just inaccurate, while it could be less likely, it is still possible to get new charges while in jail from fighting, property damage, and other things.",6,1,3,5,4,2,6,1,9,2,3,1,2,5,2,5,3,5,5,3,1,5,3,7,7,5,2,2,4,3,7,1,4,2,2,1,5,3,5,1,1,2,6,2,3,5,7,6,2,1,1,6,7,1,6,2,1,1,7,1,2,2,1,7,7,2,1,6,7,3,1,1,1,6,1,2,6,5,5,47,,,,,20,10,"This number was lower than what judges usually recommend for this type of crime, and just because he is incapacitated and no one would know doesn't mean he didn't commit a crime.","I hope that Darryl is able to receive counseling while in prison and work through what happened regarding his alcohol abuse, his domestic violence against Frankie, and Frankie's death. Removing his access to substances could help him in the long term.",,,,,1,7,1,37,2,1,6,1,1,3,3,,2
2026-07-02 12:21:16,2026-07-02 12:43:40,0,,100,1344,1,2026-07-02 12:43:41,R_7DTqopnczdpTKQF,,,,,,,anonymous,EN,0.8999999761581421,P001641,7,7,7,7,7,7,4,7,7,7,7,7,5,6,7,7,7,1,3,2,4,It starts with crimes should be punished and then the other items will fall in line.,1,7,1,1,6,3,7,7,9,6,6,6,6,7,6,1,7,7,4,3,6,2,7,5,2,5,7,7,4,5,5,3,5,6,6,2,7,6,5,5,5,5,1,5,6,6,4,3,6,5,6,5,2,6,3,7,5,2,6,6,7,5,5,6,6,4,3,6,7,7,2,5,4,1,7,7,1,5,5,24,50,50,This was a very violent crime that in my opinion deserves the maximum penalty possible.,That he never gets out of prison.,,,,,,,,,2,5,2,57,1,6,2,4,3,1,1,None,1
2026-07-02 12:16:22,2026-07-02 12:43:51,0,,100,1649,1,2026-07-02 12:43:52,R_3sisTwYexKNQbvd,,,,,,,anonymous,EN,1,P001660,6,7,2,7,7,6,3,6,7,7,7,6,3,5,5,5,5,1,2,3,4,"I think the number one motivator for punishing criminals is that they deserve it. There has to be consequences to a crime or crime would run rampant. 2nd is that it deters other criminals and the 3rd being they can't commit more crimes is purely for the benefit of the general law-abiding public. 4th is that they are rehabilitated, and I put it 4th because I don't really believe they are rehabilitated in jail at all.",3,6,1,3,7,3,7,3,9,6,5,7,6,6,6,2,5,5,6,3,4,3,6,5,5,3,5,5,4,5,4,5,4,5,5,5,4,4,3,4,2,6,3,4,6,7,4,5,5,5,5,5,5,4,4,4,5,7,2,2,5,5,6,6,6,5,6,3,3,5,1,6,2,1,5,5,1,5,5,47,50,50,"His actions took an innocent woman's life. Regardless of his physical abilities, he should be in prison for as long as possible. ","I'm not sure what it will accomplish but there needs to be an appropriate consequence to causing the death of another human being, especially while committing the additional crime of robbery. An eye for an eye in a sense.",,,,,,,,,1,7,1,27,2,1,2,6,2,1,1,Took a little longer that initally described but it was interesting,1
2026-07-02 12:17:40,2026-07-02 12:44:08,0,,100,1588,1,2026-07-02 12:44:09,R_1I5Y3HZpKtw5BzQ,,,,,,,anonymous,EN,1,P001937,3,4,4,6,5,5,4,6,5,4,4,4,4,4,5,4,4,4,3,2,1,I ranked them in order by my personal opinion of how important each is in relation to this topic and purpose.,4,6,4,5,5,4,5,4,9,6,4,5,5,6,3,4,5,6,5,4,4,4,5,6,4,5,4,5,4,6,5,4,5,4,4,4,5,3,3,4,4,5,4,4,4,3,5,5,4,5,4,6,4,4,5,5,5,7,4,5,5,6,5,4,4,4,4,5,6,5,4,4,5,3,4,4,3,10,5,24,50,16,I recommend this because it make sense in the time frame of the situation,"It will create time for things to simmer down and be well thought about, in regards to future actions.",,,,,,,,,1,6,2,26,1,2,2,4,3,3,2,This Survey worked correctly and was engaging.,1
2026-07-02 12:12:54,2026-07-02 12:44:14,0,,100,1880,1,2026-07-02 12:44:14,R_5dWK4e2NRTMXSFD,,,,,,,anonymous,EN,1,P000725,5,7,7,7,7,6,7,7,7,7,7,7,5,4,7,6,5,1,2,3,4,"Because if criminals are not punished they will have a green light on committing other crimes. And number 4, Is because I don't really believe prisoners get rehabilitated in prison.",4,2,3,5,1,1,7,6,9,3,5,6,3,7,2,1,7,4,2,2,6,5,5,5,7,1,2,7,4,6,5,1,6,1,2,3,6,6,5,2,3,4,2,2,4,5,3,2,1,1,3,3,5,1,3,1,1,1,7,1,4,1,1,7,7,1,3,7,7,2,1,1,1,7,1,2,7,10,100,24,41,20,"He deserves to be punished for his crime regardless of his physical affliction. ",Make him understand the severity of what he did. He is in prison but she is dead at no fault of her own.,,,,,,,,,1,7,1,55,2,4,5,2,1,3,1,"it was an interesting study, I would be curious to know the results.",1
2026-07-02 12:29:30,2026-07-02 12:44:20,0,,100,889,1,2026-07-02 12:44:20,R_7DBy27CDAc2wfN6,,,,,,,anonymous,EN,0.8999999761581421,P001315,4,4,1,4,3,3,1,2,1,5,2,2,2,5,2,2,6,3,1,4,2,"I believe deterence is the top priority. Prisoners are occasionally rehabilitated in prison which I think is ideal. Criminals deserve consequences that will deter future crimes and bring justice to victims, but I don't believe punishment is always the answer. Lastly, prisoners often commit other crimes while incarcerated.",5,1,4,7,1,1,1,1,9,1,1,1,1,7,1,1,4,1,1,1,1,7,1,7,7,5,1,4,4,1,7,1,4,1,1,1,6,5,5,4,2,1,7,1,2,1,7,6,1,1,1,7,7,1,7,1,1,1,7,1,1,1,1,7,7,1,1,7,7,1,1,1,1,7,1,1,7,10,5,12,,,,,,,,,30,0,He is permanently paralyzed and no longer a threat.,I don't think a sentence would accomplish anything in this situation.,1,7,1,56,3,1,4,1,1,2,2,,3
2026-07-02 12:25:14,2026-07-02 12:44:21,0,,100,1146,1,2026-07-02 12:44:21,R_62diV1N8J9ANcHv,,,,,,,anonymous,EN,1,P001871,7,7,7,7,7,6,4,7,6,7,7,7,5,7,7,7,6,1,2,3,4,"I feel like the main reason is to punish so that would be number one. Deterring others from committing crimes would be a close second, as it shows what happens if you decide to partake in a crime. Third, I put these same criminals can’t continue to commit crimes because that is very important in stopping the criminal. Lastly, it would be to rehabilitate these criminals as they process their jail experience.",7,6,1,7,1,1,6,7,9,1,1,4,4,7,1,1,5,3,4,1,5,5,5,7,7,4,1,7,4,4,7,1,5,3,1,1,7,7,1,4,4,2,4,2,2,2,7,2,1,3,3,5,7,1,7,1,5,1,7,1,4,1,4,7,6,7,1,7,7,1,4,6,1,7,1,1,7,10,100,24,,,,,50,50,"He still needs to be punished for being the reason why Frankie was killed. ",This is simply for justice.,,,,,2,7,1,27,2,4,2,1,1,1,1,,2
2026-07-02 12:09:51,2026-07-02 12:44:21,0,,100,2070,1,2026-07-02 12:44:22,R_53n0gmiXmx62OQ1,,,,,,,anonymous,EN,1,P000052,7,7,7,6,7,6,6,7,7,7,7,7,6,2,7,7,7,1,3,2,4,"Absolute justice for a terrible crime.  ",1,6,1,1,7,2,7,7,9,2,6,4,7,4,7,6,6,7,6,3,3,3,6,6,1,1,4,7,4,1,6,4,4,1,4,4,7,3,7,2,2,5,1,4,6,7,1,5,7,4,7,1,4,7,1,7,5,7,1,4,6,5,6,7,2,7,1,4,3,7,4,7,2,1,1,7,1,10,20,24,,,,,,,,,50,47,"He still committed murder. A man lost his life. ","Justice for the victims family ",1,7,1,60,2,1,3,4,3,3,3,"Politics should not play a part in how you value life. ",3
2026-07-02 12:11:07,2026-07-02 12:44:22,0,,100,1995,1,2026-07-02 12:44:23,R_3unC6NNgnVNxozf,,,,,,,anonymous,EN,1,P000602,5,5,4,5,5,4,2,6,5,6,4,5,1,5,2,5,5,2,4,1,3,"Prisoners can't do crimes in the outside world while in prison.  But when they get out, there is no where for them to go, in general, as they have had no real mental health care, drug rehab care, and they have been honing their criminality hanging with people who can teach them new skills of crime.",6,4,1,6,1,1,5,1,9,4,4,7,1,6,2,4,2,1,4,3,5,5,4,7,6,5,4,4,4,2,7,1,4,1,3,1,5,3,5,2,3,2,3,2,4,5,7,6,1,2,1,7,6,1,7,1,2,2,7,2,2,4,1,5,7,5,1,5,7,5,1,4,1,5,1,3,4,5,100,24,,,,,,,,,20,20,"Sorry for his health condition, but his crime is what it is and the sentence stands.",That it will deter others from committing the same crime,2,7,1,55,1,1,6,2,1,3,1,Interesting exploration of criminal topics.,3
2026-07-02 12:18:31,2026-07-02 12:44:33,0,,100,1561,1,2026-07-02 12:44:33,R_2L25SFUCWNT9yLv,,,,,,,anonymous,EN,1,P001013,7,7,5,7,7,7,7,6,7,7,7,7,7,6,3,5,6,1,3,2,4,"Crime must be punishable and if criminals are locked up, they cannot commit similar crimes out there. Punishment makes people fear being punished too.",3,7,1,5,7,2,7,5,9,7,7,6,5,7,5,1,7,7,6,4,6,1,6,3,3,2,7,6,2,5,2,6,5,6,4,2,7,7,3,7,6,7,1,7,7,7,2,6,6,7,6,1,7,6,5,5,5,5,6,5,6,5,3,2,5,5,3,6,7,7,6,7,7,5,6,5,3,5,5,47,,,,,40,30,"Darryl is still getting punished for the crime committed while at the same time, he is no longer a threat to the society.",He will be held accountable for his actions proportionate to what he did and the severeness of his illness.,,,,,2,7,1,25,1,2,6,5,2,1,1,,2
2026-07-02 12:18:44,2026-07-02 12:44:33,0,,100,1549,1,2026-07-02 12:44:34,R_6JrxcTATdQWWUPn,,,,,,,anonymous,EN,1,P001562,7,6,3,6,5,4,4,5,5,7,6,6,4,6,7,4,6,2,1,4,3,"Wide question in a lock answer. Its all 50/50 . ",2,4,4,4,1,1,4,5,9,6,4,7,5,6,4,3,2,3,3,2,2,4,4,4,3,2,1,6,4,4,6,5,5,1,3,4,6,5,3,2,1,1,1,1,1,1,6,3,4,5,6,1,4,4,6,6,4,5,5,4,5,5,4,5,5,5,4,4,5,7,2,4,1,1,1,6,1,10,100,24,50,50,"He done it. According to the content. ","No more of this person, to do it again. ",,,,,,,,,2,7,1,60,1,1,5,5,3,3,2,"Hard choices. No issues with loading. 
All clear. Thank you, and have a good day.",1
2026-07-02 12:13:49,2026-07-02 12:45:02,0,,100,1873,1,2026-07-02 12:45:03,R_2h5CKKmjetxUEhs,,,,,,,anonymous,EN,0.8999999761581421,P000997,6,6,6,6,6,6,5,6,5,6,5,6,6,5,6,6,6,4,2,1,3,,6,5,5,6,6,5,6,6,9,6,6,6,6,6,5,5,7,6,7,5,7,6,7,6,7,1,4,7,4,6,7,5,6,4,7,6,7,1,7,2,4,1,1,1,5,7,7,7,6,4,1,1,7,4,4,7,7,7,1,4,7,4,1,4,7,1,1,7,7,7,7,1,1,1,7,7,7,3,80,39,31,25,it was simply not intentional,only to bring closure,,,,,,,,,1,7,3,27,2,1,5,7,2,1,1,,1
2026-07-02 12:30:32,2026-07-02 12:45:05,0,,100,872,1,2026-07-02 12:45:05,R_1KykGbVy8Dr8Hm1,,,,,,,anonymous,EN,1,P001021,7,7,7,7,7,7,4,7,6,6,7,7,6,5,7,7,7,2,3,1,4,The scum needs to be taken off the street immediately before they harm other people. They sign up for the punishment they get. Harsher sentences deter others hopefully.,1,7,1,2,7,6,7,7,9,6,7,7,7,6,7,1,7,7,6,4,1,1,7,1,1,1,7,7,4,7,6,4,4,3,5,2,5,6,6,3,3,7,1,7,4,3,2,6,7,7,7,1,1,7,1,7,5,4,4,7,6,5,5,5,4,4,4,4,4,7,4,6,5,1,7,7,1,10,100,47,,,,,50,50,"You murder someone, you in effect should also be murdered.",That he dies a miserable death,,,,,1,7,1,51,1,3,2,5,2,1,1,"Great study, hope the data you gather is valuable. Thank you!",2
2026-07-02 12:20:47,2026-07-02 12:45:16,0,,100,1468,1,2026-07-02 12:45:16,R_1VCuGG6uXiiDza1,,,,,,,anonymous,EN,0.8999999761581421,P001599,5,7,5,5,7,5,1,7,1,7,7,6,7,7,6,7,5,4,1,3,2,I think preventing others from committing crimes  is very important than punishing existing criminals.,2,5,1,7,1,1,6,2,9,5,1,7,5,7,7,1,7,5,7,1,1,4,7,6,7,5,2,6,4,3,7,1,4,1,6,3,7,4,7,1,2,6,1,6,7,5,5,6,4,7,6,5,3,2,5,1,7,6,1,5,5,1,1,7,4,1,1,7,7,2,3,1,2,6,2,3,6,10,100,47,,,,,40,40,I think  because he did not intend to kill Frankie but still he has to pay for his actions.,Make people understand why criminals should serve their time even if they are sick or have medical conditions.,,,,,1,7,1,23,1,2,2,2,1,2,2,N/A,2
2026-07-02 12:11:13,2026-07-02 12:45:16,0,,100,2042,1,2026-07-02 12:45:16,R_3WZPXxajah230BE,,,,,,,anonymous,EN,1,P000309,6,6,6,7,6,6,5,6,6,6,6,6,5,4,7,6,5,1,3,2,4,"I doubt prisoners get rehabilitated, so I ranked that last. I don't believe prisons do enough TO rehab anyone. But the most important thing to me is that criminals cannot continue to hurt people.",1,6,1,2,6,2,7,3,9,6,6,6,6,5,5,3,5,6,5,5,5,5,6,5,6,3,5,7,4,4,5,5,4,5,3,4,6,5,3,6,4,5,2,5,6,5,3,6,3,4,4,5,6,5,5,3,2,1,7,4,5,1,1,6,6,2,1,5,5,5,1,3,1,2,4,5,2,10,5,24,20,0,"Honestly, with paralysis like that..  he's suffering/is punished enough.","Probably nothing. He's not being punished for what he did directly, but is being punished anyway.",,,,,,,,,1,6,1,36,2,1,2,4,3,1,1,,1
2026-07-02 12:23:42,2026-07-02 12:45:26,0,,100,1304,1,2026-07-02 12:45:27,R_6JsYWDZxbNxAxny,,,,,,,anonymous,EN,1,P000765,6,7,6,7,7,7,4,6,7,7,5,7,6,7,6,5,6,1,4,2,3,"I ranked the reasons the way I did because the top priority is that if you do something wrong, you need to be punished. I also feel that rehabilitation is important. ",2,4,1,2,6,6,7,1,9,1,3,4,6,6,2,1,6,5,2,4,5,4,5,2,4,6,6,5,4,2,6,2,3,2,4,1,6,6,3,4,3,1,2,2,7,7,6,1,1,1,5,5,7,3,6,1,6,7,4,6,6,2,1,7,7,1,1,7,7,5,5,3,5,7,2,2,7,10,100,24,,,,,,,,,41,41,"Regardless of his disease it is important that individuals serve time for committing crimes ",Show other people that they won't get off easy,1,5,2,47,2,2,4,6,2,1,1,,3
2026-07-02 12:24:42,2026-07-02 12:45:32,0,,100,1249,1,2026-07-02 12:45:32,R_17aoiPyoHYw3TSf,,,,,,,anonymous,EN,1,P000972,5,3,3,3,6,5,3,2,5,2,2,5,1,6,1,1,5,3,1,2,4,"I prioritized deterrence as my top choice because seeing peers face consequences for their actions often discourages others from committing similar crimes. My second choice, incapacitation, is effective because locking up repeat offenders prevents them from causing further harm in the community. I ranked ""criminals deserve to be punished"" third because, while I believe there should be a penalty for wrongdoing, it is a matter of basic accountability. Finally, I placed rehabilitation last because I am skeptical of its effectiveness; I do not believe prisoners are consistently rehabilitated in the current system unless they are placed in reputable facilities with proven, successful programs.",7,1,3,6,1,1,5,4,9,1,1,3,1,5,1,5,3,1,3,1,1,5,2,7,7,5,2,1,4,1,7,1,3,2,1,1,1,1,7,1,1,1,4,1,1,1,7,1,1,1,1,5,7,1,7,1,1,1,7,1,1,1,1,7,7,1,1,7,7,2,1,1,1,7,1,1,7,5,5,47,,,,,25,25,I would still give him what I would in the previous qestion I feel this is an amount that would serve his debt to society despite his age.,I hope it will give some peace to the family and hope it would give time for him to think about what hes done and take advantage of any programs to better himself,,,,,1,7,1,50,2,1,4,3,1,3,1,,2
2026-07-02 12:18:27,2026-07-02 12:45:35,0,,100,1627,1,2026-07-02 12:45:35,R_50Slv8EA39U8G09,,,,,,,anonymous,EN,0.800000011920929,P001371,5,7,7,7,7,7,7,7,7,7,7,7,7,7,7,7,7,2,3,1,4,Because hat is how i feel on matters involving criminals.,4,7,1,6,7,4,6,2,9,5,6,6,4,7,3,1,6,5,2,2,1,4,7,3,6,2,6,6,4,2,6,2,4,4,2,1,6,6,4,4,3,4,2,6,6,6,6,6,2,6,2,4,5,6,4,2,4,2,4,3,7,1,1,7,7,1,1,7,7,1,2,7,1,7,1,1,7,5,5,47,30,25,"He caused a person's death during a violent crime and should be held accountable, even though he nolonger poses a threat",Provide justice and enure accountability,,,,,,,,,1,5,1,55,1,2,6,1,1,3,1,,1
2026-07-02 12:23:34,2026-07-02 12:45:36,0,,100,1322,1,2026-07-02 12:45:37,R_6ESyVvuIAAhWGOe,,,,,,,anonymous,EN,1,P001873,7,7,7,7,7,7,7,7,7,7,7,7,3,4,7,7,7,2,1,3,4,"I ranked this in the order that I did, because I believe more in the punitive theory of punishment and the rehabilitation part as secondary. ",1,7,1,7,1,1,3,7,9,7,7,5,7,7,1,1,6,7,7,3,4,1,5,2,5,3,3,6,4,1,7,1,7,3,1,1,4,3,7,5,3,7,1,7,7,7,3,7,1,7,7,6,7,3,1,1,1,1,7,5,4,3,5,6,5,3,5,3,5,1,5,1,1,2,3,4,1,10,5,24,,,,,20,10,"I am willing to reduce the sentence by 10 years because Darryl was a minor, and he is no longer a threat to society. ","I am hoping the sentence above provides adequate justification for my reduction in his prison sentence.  ",,,,,2,7,1,56,1,3,6,4,3,2,2,"As a suggestion, I would also include other crime models of punishment in the questions. ",2
2026-07-02 12:26:14,2026-07-02 12:45:57,0,,100,1182,1,2026-07-02 12:45:58,R_32SIDDEyFi1tnRM,,,,,,,anonymous,EN,1,P001435,6,6,4,4,6,5,5,6,4,5,5,6,3,6,4,6,5,4,2,1,3,"As a society, we cannot be permissible when it comes to crime. However, at the same time, rehabilitation efforts and programs are integral to the long-term outcome of the prisoner. ",2,4,3,5,5,1,4,6,9,2,1,7,3,7,2,2,5,3,3,1,2,5,4,6,7,3,3,4,4,3,7,4,1,3,5,2,6,3,4,1,2,1,4,1,2,3,6,5,2,3,2,4,7,5,5,2,4,3,4,5,2,1,1,7,7,2,2,7,7,4,1,2,1,3,2,3,4,5,5,47,,,,,,,,,35,35,"The sentence is reflective of the crime's severity. Darryl having a disease that limits mobility does not exclude him from the consequence of his crime. He took another person's life, the law must be followed in his case. ","I hope it will be both a deterrent to others and also provide closure to the family of Franky. ",1,7,1,49,2,4,5,5,2,1,2,"This was an interesting and thought-provoking study. I do believe that punishment should be used as a deterrence, but also we should not de-humanize the criminal. Rather, we should look to how we can alter society in a way that stops crime from even occurring. ",3
2026-07-02 12:22:31,2026-07-02 12:46:09,0,,100,1418,1,2026-07-02 12:46:10,R_62Ql5stw5SusI6f,,,,,,,anonymous,EN,1,P000328,5,6,3,6,6,3,4,5,4,7,5,7,2,6,7,3,6,1,2,3,4,"Many people who go to prison and serve their time still commit more crimes, so that's why it's 4. Prisoners can still commit crimes in prison, but they are less likely to do so, which makes it 3. Seeing others get time for their crimes make some people less likely to do the crime as well, making it 2. Finally, people who have done the crime deserve punishment to stop them from doing it again and again.",3,4,1,3,7,3,4,5,9,3,4,6,4,6,4,3,5,6,5,4,4,2,4,4,5,4,3,4,4,1,7,4,4,4,4,1,3,2,6,2,2,5,3,2,5,4,4,5,2,2,1,2,5,3,5,3,5,3,6,4,5,5,5,4,6,7,5,3,3,5,3,5,2,3,6,7,2,5,5,47,30,0,I chose zero because it would be waste of space and resources in prison to accommodate a prisoner who now has permanently paralyzed limbs while also being testified as a minor.,I hope to accomplish not wasting resources on a prisoner that won't have the ability to physically commit a crime again.,,,,,,,,,2,5,3,20,1,3,4,5,2,3,3,,1
2026-07-02 12:11:06,2026-07-02 12:46:11,0,,100,2105,1,2026-07-02 12:46:11,R_5ArRO2jhk7Cyny9,,,,,,,anonymous,EN,1,P001093,7,7,6,7,6,6,6,6,6,7,6,6,5,5,5,6,7,2,3,1,4,"I believe in justice and in imprisonment, but I am convinced that many criminals will never be rehabilitated. The justice system needs to improve its rehabilitation programs.",3,5,2,3,7,5,7,6,9,4,4,5,5,7,6,2,6,6,3,5,5,2,5,2,6,6,6,3,4,6,7,3,3,6,4,1,5,5,4,5,3,5,3,4,5,6,5,4,3,5,5,5,5,6,3,3,5,4,6,5,6,5,3,6,6,3,3,5,5,5,5,6,2,4,5,6,3,9,5,24,,,,,20,20,I would uphold the sentence. Just because he cannot move freely does not mean he cannot act differently.,uphold the sentence,,,,,1,7,4,33,1,4,6,4,1,3,1,,2
2026-07-02 12:15:29,2026-07-02 12:46:12,0,,100,1843,1,2026-07-02 12:46:13,R_77tp3RXMgnxlR4Z,,,,,,,anonymous,EN,1,P000043,7,7,6,7,7,6,4,7,6,7,7,7,5,6,7,5,5,1,3,2,4,i felt my ranking was just common sense. strictest to least strict in my ranking,1,7,1,4,4,1,7,7,9,4,7,5,7,7,7,1,4,7,7,4,5,2,7,2,2,3,7,7,4,4,7,4,4,6,4,1,7,5,7,4,3,5,1,5,5,5,4,7,4,5,2,2,5,6,4,6,4,7,2,4,7,5,5,5,4,3,3,4,5,4,5,7,2,4,5,5,3,10,5,24,50,50,even under these circumstances i feel no leniency for him..when a crime is committed and the victem is killed i feel a maximum penalty needs implemented and never changed.,it will make the person have a very minimal life fo as long as possible because the victims life was taken during the crime...eye for an eye is what i beleave in.,,,,,,,,,2,7,1,52,1,1,2,5,2,1,1,no comments,1
2026-07-02 12:09:57,2026-07-02 12:46:16,0,,100,2179,1,2026-07-02 12:46:17,R_7FIGZXhQBO5cb2Q,,,,,,,anonymous,EN,1,P001843,6,6,5,6,6,5,5,6,6,6,6,6,6,6,6,6,6,2,1,4,3,criminals need to be punished. It takes them off the street and gives them a chance at rehab,4,5,5,6,6,3,6,1,9,5,5,4,4,5,4,4,3,3,3,1,2,4,4,4,4,6,4,5,4,5,7,1,4,5,6,1,5,5,6,6,2,4,4,4,6,6,7,3,3,1,3,5,6,2,6,3,2,4,4,3,4,1,1,7,7,1,1,7,7,5,1,1,1,5,3,3,5,5,5,24,,,,,41,34,it was very serious,keeping a dangerous criminal off the street,,,,,2,7,1,72,1,1,6,3,1,2,3,none,2
2026-07-02 12:22:22,2026-07-02 12:46:26,0,,100,1444,1,2026-07-02 12:46:27,R_3N50P03S9e4dap3,,,,,,,anonymous,EN,1,P000575,7,7,7,7,7,7,7,7,7,7,6,7,5,6,7,7,7,2,1,3,4,it follows the order of arrangement,7,7,7,7,7,6,7,6,9,7,7,1,7,6,7,1,1,6,7,7,6,7,7,7,7,7,1,7,4,6,7,7,7,6,6,7,7,6,6,7,7,7,1,7,7,7,5,7,6,6,7,6,7,7,7,5,7,6,7,6,7,5,1,1,7,1,1,6,7,7,6,1,7,7,5,5,2,15,100,48,,,,,,,,,50,50,due to paralysed limb,how to take care of disability,1,7,7,25,2,2,6,7,2,1,2,,3
2026-07-02 12:19:07,2026-07-02 12:46:40,0,,100,1653,1,2026-07-02 12:46:41,R_3IQ39NgPQSAyxj0,,,,,,,anonymous,EN,1,P001086,3,4,4,3,3,4,4,4,4,4,4,4,3,5,4,3,4,4,3,1,2,"I am a criminal justice student and we learn a lot about the golden mean between punishment and discipline, I do not believe that punishing people cruelly and locking them up for long periods of time is wrong, regardless of who they may be, but in some cases it is necessary to ensure the safety of the greater public. ",7,2,4,7,4,1,4,4,9,2,3,7,2,6,1,4,4,3,4,1,3,4,3,4,4,4,4,3,4,3,7,4,4,1,3,1,7,5,4,4,2,3,5,3,4,4,5,5,2,4,2,5,6,2,6,3,1,1,7,1,3,4,3,5,4,4,4,4,5,5,1,1,1,4,4,4,5,10,5,37,,,,,,,,,20,15,"Since he is permanently paralyzed and not a risk to the public, there is no reason he should stay locked up for too long. ","I don't think it'll accomplish much since what's done is done, and the person has already lost their life, but I hope that other people are able to stay safe. ",1,7,1,19,2,1,3,3,3,2,2,I hope my answers aren't too biased since I am a pre-law student studying to be a lawyer,3
2026-07-02 12:22:52,2026-07-02 12:47:01,0,,100,1449,1,2026-07-02 12:47:01,R_10VQzgWlWuo3Bdo,,,,,,,anonymous,EN,0.8999999761581421,P001154,4,4,4,4,4,4,4,4,4,4,4,4,4,4,4,4,4,2,1,3,4,None of these I feel help reform. Crime is not stopped by punishments',7,1,4,7,1,1,4,1,9,4,4,4,1,7,4,4,1,4,7,1,1,7,4,7,7,7,1,4,4,7,7,1,1,1,1,1,4,1,7,4,4,1,7,1,1,7,7,7,1,1,1,7,7,1,7,1,1,1,7,1,1,1,1,7,7,1,1,7,7,4,1,1,1,7,1,1,7,5,5,47,,,,,30,20,I am unsure I understand. But Daryl still committed a crime,Nothing,,,,,1,1,1,38,1,3,3,1,3,3,3,,2
2026-07-02 12:11:03,2026-07-02 12:47:02,0,,100,2158,1,2026-07-02 12:47:02,R_1gUek0iw7WTmXYV,,,,,,,anonymous,EN,1,P001682,7,7,5,6,6,4,5,6,5,7,5,6,4,4,6,5,6,2,3,1,4,"First, the criminal justice system is slow to move. Criminals are generally repeat offenders. Getting them off the street keeps them from  committing any other
 crimes. Second, criminals need to be punished to keep order in society. Third, punishment can deter other crimes, depending on the severity. Fourth, it is just hopeful that rehab in prison, depending on the charge, brings citizens back into the fold by paying their debt to society.",3,3,2,7,1,3,2,1,9,6,6,5,4,6,5,3,6,6,6,3,1,3,6,5,5,4,6,6,4,5,7,1,2,5,6,1,5,5,6,3,2,5,2,6,5,5,7,6,2,1,5,4,5,1,5,4,3,3,4,3,5,6,4,7,4,6,6,4,7,7,2,2,1,5,3,3,2,5,5,47,25,15,"It doesn't change the fact that Daryl committed the crime. His disease is unfortunate but has no being on the judgement. By law, unless tried as an adult, Daryl has an time to still be a member of society. Justice is still for the family and the victim.",Justice is for the family and the victim. This keeps society fro falling into chaos.,,,,,,,,,1,4,1,66,1,1,5,5,2,1,3,This was very interesting and contemplative.,1
2026-07-02 12:23:38,2026-07-02 12:47:03,0,,100,1405,1,2026-07-02 12:47:04,R_74pfOwUiXLHTooU,,,,,,,anonymous,EN,1,P000492,7,7,7,7,7,7,7,7,7,7,7,7,4,4,7,7,7,1,2,3,4,"I believe criminals needs to punished, because that's the reason to have laws. The secondary reason is that the punishment deters other criminals, because other people would think twice before acting. Third reason is they can not commit other crimes while they are imprisoned, since a lot of times criminals would commit the crimes again if they are not caught. Lastly, prisoners get rehabilitated. This reason is the weakest because not all prisoners get rehabilitated. Many of them commit crimes again when they are released.",1,5,1,5,4,5,7,6,9,4,5,2,5,6,7,1,7,7,5,3,3,5,7,5,3,3,7,7,4,7,5,3,4,3,4,1,7,6,6,3,3,6,4,6,6,7,4,5,3,5,3,2,7,5,4,6,4,4,5,5,6,5,3,5,6,1,1,7,7,4,5,6,1,1,6,6,1,5,5,47,,,,,,,,,30,30,"He still committed the crime and still deserved to be punished. He may not be a physical threat to the society, but that doesn't mean he can't have other people do his dirty work.","I hope it can stop the crimes he directly or indirectly involved, and also serves as a reminder to other people that you will need to pay for your crime.",2,7,3,46,1,3,4,4,3,1,1,none,3
2026-07-02 12:34:10,2026-07-02 12:47:06,0,,100,775,1,2026-07-02 12:47:06,R_1qqA7AWzb0Z2r05,,,,,,,anonymous,EN,1,P000455,5,6,4,5,6,4,4,6,5,2,6,5,2,4,4,4,5,2,4,3,1,"It's more of what I'd like to happen honestly. The justice system isn't exactly favorable towards some, but I would hope that there's a day where rehabilitation is truly an option and that they should repay their crimes in some manner of way be it their time or some other means.",4,2,3,7,1,1,5,3,9,2,3,6,1,5,2,6,2,1,2,1,1,6,2,5,7,7,3,3,4,2,6,1,2,1,3,1,5,5,7,5,1,3,5,2,2,4,6,1,1,2,2,6,7,1,7,2,1,1,7,1,1,1,1,7,7,1,1,7,7,6,1,1,1,7,1,1,7,4,5,47,30,30,"Him being disabled now does not excuse the crime he had committed. Darryl had willingly chose to assault Frankie, a minor, and even if it was an accident he directly led to her death. That befits the maximum sentence given in my previous choice.","Bring some manner of closure to the family, but also ensure he pays for the crime resulting in her death.",,,,,,,,,1,5,1,30,1,4,3,1,1,3,2,,1
2026-07-02 12:13:31,2026-07-02 12:47:13,0,,100,2022,1,2026-07-02 12:47:14,R_1xgqYdXMyTa04OB,,,,,,,anonymous,EN,1,P000928,5,5,5,5,6,6,5,5,4,6,5,5,5,6,5,5,4,3,4,2,1,"I believe the most important thing is them getting rehabilitation. And that everything else follows for criminals. ",4,5,4,4,5,1,4,6,9,2,3,7,5,6,5,1,5,5,5,4,4,4,3,4,6,5,4,4,4,5,5,3,2,3,3,1,7,5,2,2,2,7,5,6,5,3,7,6,5,4,4,4,6,4,6,3,2,2,5,4,5,3,3,3,4,6,6,5,4,6,3,4,1,7,1,1,7,5,100,24,9,5,"He was 17 at the time and how he’s doing now. ","To better his mindset ",,,,,,,,,2,5,4,33,1,2,2,4,3,1,1,N/A,1
2026-07-02 12:18:31,2026-07-02 12:47:51,0,,100,1759,1,2026-07-02 12:47:52,R_6F2Q7gTbfH1Y52b,,,,,,,anonymous,EN,1,P001716,7,6,7,7,7,5,7,7,7,6,7,7,7,7,7,5,7,4,1,2,3,"It was tough but I took into consideration that some criminals do not deserve punishment per se, just they need to learn right from wrong.",4,2,2,7,1,1,4,6,9,1,1,1,1,5,3,1,6,7,5,2,5,5,4,2,1,4,4,7,4,3,7,2,1,7,6,1,3,1,7,1,1,4,6,5,6,5,7,7,2,4,5,4,6,1,7,4,7,7,1,4,7,5,5,7,4,1,1,7,7,4,2,1,1,6,5,5,2,10,5,24,50,20,"Due to the changing circumstances, I lowered the sentence to 20 years. It is only fair that he receives punishment.","Rehabilitation ",,,,,,,,,1,7,1,45,1,1,2,4,3,2,2,"Yes, I believe many people in our prisons have been wrongfully convicted.",1
2026-07-02 12:31:13,2026-07-02 12:48:18,0,,100,1025,1,2026-07-02 12:48:19,R_3mOvqIAlYxZ1ny4,,,,,,,anonymous,EN,1,P000607,5,5,5,5,5,5,4,6,5,4,5,5,2,4,5,4,5,4,2,3,1,"rehabilitation is the most important part. stopping others form committing crimes is also important. keeping them from repeating crimes matters. some criminals deserve to be punished. ",6,3,4,5,4,4,5,1,9,4,4,5,2,6,4,4,5,4,4,2,2,4,5,5,6,5,4,5,4,2,6,4,2,2,4,2,4,2,6,2,2,1,4,2,4,4,6,5,2,2,2,5,6,2,5,2,2,2,5,2,2,1,1,6,7,2,2,6,7,4,2,3,2,5,2,2,5,10,5,24,20,12,He was under age and didn't mean to commit murder,Teach him that what he did was wrong.,,,,,,,,,1,7,1,67,2,1,4,2,1,3,3,,1
2026-07-02 12:31:43,2026-07-02 12:48:27,0,,100,1004,1,2026-07-02 12:48:28,R_3mVNAWyX2u7zItY,,,,,,,anonymous,EN,1,P001242,5,6,5,5,6,6,5,6,6,6,6,6,6,5,6,6,6,1,3,2,4,"I believe in consequences of our actions.  Punishment is a consequence of an action.  This will also show other people that committing a crime has consequences, and therefore think twice before committing it.  I also believe that people can change and prison might be the place for people to rethink about their actions.",3,3,3,6,6,3,3,3,9,3,5,6,3,6,3,3,5,5,5,2,3,3,6,3,3,5,5,5,4,5,5,6,1,5,6,1,6,6,5,4,2,3,5,3,4,3,5,5,6,5,5,5,5,4,5,4,6,7,1,5,5,6,5,5,6,7,7,5,5,5,2,5,1,3,6,6,3,5,5,47,,,,,,,,,20,10,"Darryl still needs to answer to the crime he committed, but he is no longer a threat so I will go easy on the punishment.",Darryl needs to learn that actions have consequences.,1,3,1,51,2,3,4,6,2,3,1,,3
2026-07-02 12:16:33,2026-07-02 12:49:12,0,,100,1959,1,2026-07-02 12:49:13,R_6uoTKYFugiS9SIV,,,,,,,anonymous,EN,1,P000926,6,6,6,6,6,6,6,6,6,6,6,6,5,6,2,5,5,1,3,2,4,I put punishment first because people should be responsible for their actions. I ranked keeping criminals off the streets second because it helps keep people safe. I put deterrence third because punishment can stop some people from committing crimes. I ranked rehabilitation last because it does not always work for everyone.,5,6,1,5,6,6,6,4,9,4,4,6,6,5,6,2,3,5,6,6,4,5,5,2,5,2,3,6,4,4,4,4,4,5,4,1,7,7,2,1,5,7,2,5,7,6,4,6,6,5,6,4,6,6,2,4,6,6,1,5,6,6,5,6,5,2,2,6,6,2,2,2,1,6,7,6,6,5,5,47,,,,,30,30,"Even though Darryl is no longer a danger to society and the case will remain private, he still caused Frankie's death through his violent actions. The seriousness of the crime has not changed, so I think a long prison sentence is still appropriate.",It holds Darryl accountable for what he did and helps provide justice for the victim and her family.,,,,,1,5,7,29,1,1,4,1,2,1,2,the study was clear and easy to follow,2
2026-07-02 12:28:23,2026-07-02 12:49:17,0,,100,1253,1,2026-07-02 12:49:17,R_5m1wc30h2TkoTAs,,,,,,,anonymous,EN,0.8999999761581421,P000554,5,6,5,5,5,5,4,4,5,4,4,6,4,5,5,5,5,2,3,1,4,"It's pretty self-explanatory. If they're locked up, they can't cause any further harm. They do deserve to be punished for what they've done. Theoretically it deters others from committing crimes, but that' s not 100% proven. I do disagree with the last point though. They do not necessarily 'get rehabilitated' in prison. That's not a given.",3,2,2,5,4,4,5,3,9,4,5,6,4,6,3,2,5,4,5,2,4,4,4,5,6,4,4,4,4,3,7,3,1,2,3,2,3,2,6,2,2,3,3,4,4,4,6,3,3,4,5,4,4,2,5,2,2,1,7,2,3,1,1,7,7,2,1,7,7,5,1,3,2,6,1,4,6,10,20,24,,,,,50,50,I have zero sympathy for Darryl. He still deserves to be punished fully for being the reason Frankie was killed.,That he dies in prison.,,,,,1,6,1,53,2,1,4,2,3,3,3,,2
2026-07-02 12:27:50,2026-07-02 12:49:18,0,,100,1288,1,2026-07-02 12:49:19,R_6E29WaUtVg5QMGR,,,,,,,anonymous,EN,1,P001760,5,5,5,4,5,5,4,4,5,5,6,5,3,6,5,5,5,3,1,2,4,It there are real consequences for ceratin crimes then maybe other people would think twice to do them,4,4,3,5,3,2,4,4,9,4,4,7,3,7,2,2,2,3,4,1,3,5,4,3,6,3,1,5,4,3,1,1,4,1,4,1,4,4,4,3,3,1,3,1,3,4,5,4,3,4,3,3,5,2,6,3,3,4,1,2,4,1,1,7,7,2,2,7,7,4,4,3,1,6,1,1,7,10,100,24,,,,,,,,,16,0,He needs care not a cell. He can't harm anyone he is a prisoner in his own body.,To take compassion on those even if they have done wrong,1,4,2,48,2,2,6,4,3,3,3,,3
2026-07-02 12:24:06,2026-07-02 12:49:25,0,,100,1519,1,2026-07-02 12:49:26,R_196BRX1KnFVm56D,,,,,,,anonymous,EN,1,P000105,7,7,7,7,7,7,4,7,1,7,7,7,7,7,7,7,7,1,3,2,4,"I ranked these reasons because I believe people who commit crimes should be held accountable for their actions first. Keepings offenders incarcerated also protects the public by preventing them from committing additional crimes, although it is not always effective. I ranked rehabilitation last because while it is important i do not believe every prisoner is rehabilitated during incarceration.",7,7,1,4,7,7,7,7,9,7,7,1,1,7,1,4,7,7,7,7,7,4,7,7,7,1,7,7,4,7,7,1,2,7,4,1,7,7,1,7,7,7,1,7,7,7,4,4,4,7,4,4,4,4,4,4,4,5,3,7,7,4,4,4,4,4,4,4,4,7,3,7,4,1,7,7,1,10,5,47,50,50,Darryl killed that innocent girl all because he lost his job and wanted to rob that girl for her money. Even if he's sick I rather he be locked up instead of being free on the street.,Making him an example for others.,,,,,,,,,1,7,1,23,2,3,3,4,3,3,3,Very enriching study.,1
2026-07-02 12:23:00,2026-07-02 12:49:29,0,,100,1589,1,2026-07-02 12:49:30,R_55uNCr4pb7pxJLg,,,,,,,anonymous,EN,1,P000990,2,5,4,3,4,1,5,5,3,2,4,5,2,4,4,3,5,3,4,1,2,"I don't agree outright with all of these points. While I think it is important to remove an immediate threat from society, I must also acknowledge how broken our prison systems are.",7,1,3,4,1,1,1,3,9,1,3,5,3,3,1,3,2,3,1,1,1,5,2,7,6,7,1,1,4,1,7,1,1,4,1,1,7,7,4,4,7,3,5,1,2,7,7,1,1,1,1,7,7,1,7,1,1,1,7,1,3,1,1,7,7,1,1,7,7,6,1,4,1,7,1,1,7,10,50,24,,,,,,,,,20,15,"If he was technically a minor, I would take that into consideration. I will not take the autoimmune disorder into consideration.","It will not accomplish anything except keeping a potentially life-long, violent offender off of the streets. Prison will not help him face restitution or prepare him to be a productive member of society once he is released.",1,4,1,35,2,6,4,2,1,2,2,n/a,3
2026-07-02 12:11:44,2026-07-02 12:49:33,0,,100,2268,1,2026-07-02 12:49:34,R_7HSsFUmQnMPSI7G,,,,,,,anonymous,EN,1,P000840,5,6,5,6,6,4,3,5,6,6,6,6,4,2,6,3,4,1,3,2,4,"In days gone by, Punishment was a good deterent to keep others from committing crimes, but not anymore.  Criminals definitely deserve punishment and while they are locked up they can't commit other crimes against law abiding citizens",1,5,1,2,6,6,7,7,9,7,6,1,6,6,6,1,6,6,4,4,3,1,7,4,4,1,7,6,4,6,6,2,3,5,3,1,6,6,6,6,2,1,1,1,1,1,4,4,4,6,7,2,2,6,5,6,2,1,7,2,4,1,2,7,7,4,4,6,7,6,5,6,2,2,5,5,3,5,5,47,,,,,50,50,"Irregardless of his own problems, He committed Second Degree Murder.  The family of the victim, and the victim deserve justice.  It is of no relevence what his health is at the time of sentencing.  He was in good enough health to cause another person's death at the time of the crime being committed","This sentence is to show that if you commit a crime, you will do the time, regardless of what happens in your life after the crime is committed",,,,,1,7,4,61,1,1,3,2,1,3,3,"I believe you tried to justify some things in the study, by using different circumstances in another part.  I would say that not being equal, it's hard to try to compare one case with another",2
2026-07-02 12:30:35,2026-07-02 12:49:36,0,,100,1140,1,2026-07-02 12:49:36,R_1bIOWiSY0OOj7iR,,,,,,,anonymous,EN,1,P000904,7,5,5,6,6,7,4,7,6,7,7,7,5,4,7,5,7,3,2,1,4,"I believe that prisoners cannot commit crimes while locked up because it takes them out of society, making it safer. I put prisoners can get rehabilitated last because there is no guarantee they will stay rehabilitated, they can still go on the streets and meet another person who will lure them to commit crimes. ",3,5,2,5,3,3,7,7,9,4,4,5,5,6,4,5,6,6,5,4,5,5,7,5,6,1,7,7,4,4,4,4,6,4,4,3,7,6,3,6,7,7,2,6,7,5,4,7,5,4,5,3,4,5,3,6,4,3,7,4,6,6,6,4,5,4,3,5,4,6,3,5,5,4,3,4,5,5,5,47,,,,,50,50,"Darryl can still abuse people verbally, and he would not accomplish anything good in society with his disability. He may need to rely on others for help","society willbeable to have one less abuser walking among them ",,,,,1,3,3,23,2,4,2,3,1,3,2,the study went well no bugs,2
2026-07-02 12:21:55,2026-07-02 12:49:42,0,,100,1666,1,2026-07-02 12:49:43,R_5TdlV9MulBravtf,,,,,,,anonymous,EN,0.800000011920929,P000858,6,7,7,6,6,7,7,6,6,7,7,7,6,7,7,5,6,1,2,3,4,"Criminals deserve to be punished so justice is served.
The fact they are being punished serves as a deterrent to would be criminals.
Being behind bars restricts their freedom, thus preventing them from committing other crimes.
Some prison offer programs to help prisoners on their journey back but it is the least important that is why it is ranked last.
",6,4,3,7,4,1,2,4,9,5,5,4,4,7,5,1,3,4,4,1,1,4,6,6,6,5,2,7,4,5,6,6,1,6,4,1,5,5,7,2,2,3,4,2,5,5,3,2,2,3,4,5,6,2,6,2,6,7,4,6,7,1,1,7,7,6,1,7,7,2,2,2,1,7,2,2,6,10,5,24,35,0,"If his limbs are paralyzed, he no longer poses a threat to anyone and would likely be killed in jail very early",He wont serve any sentence because he is no longer a threat to society,,,,,,,,,2,7,1,19,2,2,3,5,2,3,3,Great study with no errors whatsoever. Really fascinating and eye opening.,1
2026-07-02 12:11:08,2026-07-02 12:50:03,0,,100,2334,1,2026-07-02 12:50:03,R_1fC1yGKqJesIQf7,,,,,,,anonymous,EN,1,P000313,6,6,5,6,6,6,4,6,6,6,6,6,4,5,4,5,5,3,2,1,4,"Not sure  Just went with my gut ",3,5,1,6,4,3,7,7,9,4,3,3,4,6,3,2,3,6,3,2,4,3,5,5,5,5,4,3,4,3,6,2,5,6,4,1,6,5,4,3,3,1,3,1,3,3,6,3,3,5,5,4,7,2,6,4,4,1,6,5,5,4,2,5,6,5,3,7,7,5,2,2,1,5,2,3,5,10,100,44,24,24,"Im sorry for his situation but he took a life ",Not sure it will accomplish anything  Hope he wakes up and says wow   really not worth it,,,,,,,,,1,7,1,56,2,1,3,5,3,3,1,,1
2026-07-02 12:12:38,2026-07-02 12:50:08,0,,100,2249,1,2026-07-02 12:50:08,R_5X73OTXeV2hSEfG,,,,,,,anonymous,EN,1,P001665,3,3,6,3,5,2,5,5,6,6,3,5,2,7,5,2,3,4,2,1,3,"First, I would rather see most criminals in counseling as opposed to prison unless their crime was aggressive.
For my order - I placed so not to commit other crimes 1st because of if aggressive. For 2nd, punishment does deter others from committing some crimes but not all. 3rd, most prisoners do not get rehabilited in prison (I don't think). And lastly, all criminals do not deserve to be punished, many act out inward issues into crime making and counseling would be a better choice.",7,1,6,5,1,1,1,1,9,1,1,3,2,3,1,4,4,3,5,1,2,5,5,5,7,7,2,5,4,2,7,1,1,1,1,1,5,4,3,4,2,1,6,1,1,1,7,6,1,2,1,7,7,2,5,2,2,3,7,2,2,1,1,7,7,7,1,7,7,2,1,1,1,6,2,3,5,10,100,24,,,,,,,,,20,10,"Those with debilitating/chronic illness is serving a silent sentence already and people tend to relate an illness, especially a debilitating one with what they have done. Because of this and how extra hard it would be in prison, a lower sentence is fair. ","The sentence of 10 years I feel is ""justified"" due to the act being premeditated - even if the last kick was not. He should receive time in prison but he should also receive counseling for both his action and now having to be in prison with a severe condition.",1,7,1,61,2,1,4,2,1,2,2,I already shared some comments in other sections. Thank you.,3
2026-07-02 12:12:08,2026-07-02 12:50:13,0,,100,2284,1,2026-07-02 12:50:13,R_3isPqtjU76eGkIa,,,,,,,anonymous,EN,1,P001950,6,6,5,6,6,6,6,5,5,7,7,5,5,7,5,6,6,4,3,1,2,When prisoners are locked up it drastically reduces the chances of criminal activity and at the same time most prisoner's get a chance of changing their ways through rehab and come out better people.,5,6,5,7,5,5,7,6,9,5,6,7,4,6,5,5,5,5,5,4,4,4,5,5,6,4,5,4,4,4,5,5,5,6,5,5,5,3,3,1,1,4,5,5,5,5,5,4,5,4,6,3,4,5,4,6,6,7,5,5,5,4,4,7,6,2,2,7,7,6,2,6,4,5,5,4,5,5,5,47,25,16,At the end of the day murder is murder no matter in what degree and possibly considering his circumstances a slightly less term behind bars is passable I suppose.,He learns and values life is very precious and karma always comes around. They have to live with the fact they took someone's life for the rest of there's.,,,,,,,,,1,4,4,37,1,1,6,4,2,3,1,,1
2026-07-02 12:15:55,2026-07-02 12:50:17,0,,100,2062,1,2026-07-02 12:50:18,R_6DpD71R1gnIJCZj,,,,,,,anonymous,EN,0.4000000059604645,P001609,7,7,7,7,7,5,1,7,7,1,7,7,7,7,7,7,6,3,2,4,1,"I have ranked the punishment in this order because rehabilitation, is most important for the person who is imprisoned.",7,6,6,7,7,3,7,3,9,3,5,1,7,7,1,7,7,7,7,7,1,5,7,6,7,1,2,6,4,5,7,3,7,1,1,1,7,7,7,5,5,7,3,5,6,6,6,7,2,5,3,7,6,3,5,3,7,6,6,7,7,5,6,7,7,1,1,6,7,7,2,5,1,7,6,7,7,10,100,24,,,,,,,,,41,30,"For the crime he committed, the sentence is good for him to rehabilitate him from such kind of behaviors.",The sentence will shape Darryl behaviors,2,6,7,32,1,1,5,4,2,2,2,,3
2026-07-02 12:21:28,2026-07-02 12:50:24,0,,100,1736,1,2026-07-02 12:50:25,R_7HM6O835PRwPxXU,,,,,,,anonymous,EN,1,P000756,7,7,7,7,7,7,4,7,7,7,7,7,4,4,7,7,7,1,2,3,4,"Because criminals need to be in prison ",4,7,1,4,7,7,7,7,9,7,7,7,7,4,4,4,7,7,7,7,7,1,7,4,4,4,7,7,4,4,4,4,4,7,4,4,7,7,4,7,7,7,4,7,7,7,1,7,4,4,7,1,4,7,1,4,4,7,4,7,7,4,4,4,4,4,4,4,4,4,1,7,4,1,4,7,1,10,100,24,,,,,50,50,He still committed the crime,"Make others not commit crimes ",,,,,2,7,1,32,1,4,2,5,3,1,1,"Great survey ",2
2026-07-02 12:30:11,2026-07-02 12:50:48,0,,100,1236,1,2026-07-02 12:50:49,R_1QWzmUE0ssK40Ol,,,,,,,anonymous,EN,1,P001533,6,6,5,6,6,5,4,6,5,6,5,5,4,2,5,4,5,2,1,3,4,Deterrance is the number one priority,5,3,2,7,6,2,1,1,9,4,5,5,2,6,2,6,4,4,5,3,4,4,4,5,5,5,3,4,4,3,7,1,4,3,4,1,3,3,7,2,1,3,3,4,4,4,5,5,2,5,2,3,4,2,6,4,3,1,7,4,5,5,4,7,6,2,2,6,6,6,1,3,1,5,2,5,5,10,5,47,,,,,25,0,I don`t feel that a prison would have the capability to handle Darryl given his disability,Nothing,,,,,1,7,1,56,1,3,4,1,1,3,1,,2
2026-07-02 12:27:05,2026-07-02 12:51:21,0,,100,1456,1,2026-07-02 12:51:22,R_7tmRdtXvOsTBdFZ,,,,,,,anonymous,EN,1,P000016,6,6,6,5,6,6,6,6,5,5,5,6,6,7,4,5,4,1,3,2,4,"First, criminals deserve to be punished. I think prisoners rehabilitation in prison is important but not as much as 1, 2 and 3 reasons above stated.",4,4,3,6,4,3,5,5,9,5,4,5,3,6,5,4,3,4,3,3,5,5,4,5,5,5,4,4,4,5,6,1,4,3,2,1,5,5,5,4,4,3,6,3,5,5,6,2,5,5,6,4,6,3,5,4,4,4,6,6,4,3,3,6,6,6,6,6,6,3,3,2,2,6,2,2,6,10,100,24,,,,,36,30,"He still has to be held liable of his action, killing Frankie (not directly but he causes that)",Darryl will have some time and think about what he did to Frankie and her loved ones.,,,,,1,5,4,49,2,3,4,2,1,3,3,,2
2026-07-02 12:35:55,2026-07-02 12:51:27,0,,100,931,1,2026-07-02 12:51:27,R_1Nfuui0FZ7sDcNr,,,,,,,anonymous,EN,1,P000778,6,6,6,6,7,6,7,7,5,6,6,5,5,6,6,7,7,3,1,2,4,"I got it this way ranked on belief system. I think that's the way society shoud be setup. ",6,3,7,6,6,6,6,7,9,6,7,6,7,6,6,7,5,6,5,5,7,7,6,6,6,7,6,6,4,5,6,7,7,6,6,7,7,5,7,7,5,6,7,6,7,6,6,6,5,5,6,7,6,7,7,6,5,6,6,4,5,6,6,7,7,7,6,6,6,5,6,6,7,6,6,7,6,10,78,24,25,20,He is incapable of committing more crimes,Mercy,,,,,,,,,2,7,1,48,1,2,3,4,3,2,2,,1
2026-07-02 12:36:35,2026-07-02 12:51:31,0,,100,895,1,2026-07-02 12:51:31,R_7JXjiJGkt91lvrB,,,,,,,anonymous,EN,1,P001592,5,6,3,2,6,5,6,6,6,6,5,2,2,6,3,5,5,4,2,3,1,I believe the primary goal of prison is to rehabilitate offenders. I don't believe that I can make the decision that criminals deserve to be punished because that is not a role that one person should assume. Prison is secondly a deterant so thats why choices 2 and 3 are ranked as such.,5,1,3,7,2,2,2,1,9,1,2,3,2,5,2,6,2,2,1,1,1,6,2,7,7,7,2,5,4,5,7,1,2,2,1,1,5,5,3,3,4,1,6,1,1,5,7,6,2,1,2,7,6,1,7,2,1,5,1,2,1,1,1,7,7,1,1,7,6,5,5,1,1,5,2,2,6,10,5,24,,,,,20,6,I think 6 years in prison with a dehabilitating condition is a long enough price to pay for an awful crime comitted. He no longer poses a threat to society and I would probably make the sentence contingent on AA while in Prison.,I hope it will cause some reflection and calm.,,,,,1,7,1,23,1,3,5,5,1,2,2,,2
2026-07-02 12:18:47,2026-07-02 12:51:35,0,,100,1967,1,2026-07-02 12:51:36,R_3cjUGKrHyIQGOum,,,,,,,anonymous,EN,1,P001385,7,7,7,7,7,7,7,7,1,7,7,7,7,4,7,4,7,2,3,1,4,1 is because in my opinion the most important thing is reducing crimes committed. 2 is because whoever committed the crime needs to face consequences. 3 is because deterring people from committing crimes = LESS crime. 4 is because that does not actively reduce crime.,6,4,6,7,1,1,7,4,9,7,7,7,2,7,2,2,7,7,7,4,4,6,7,7,7,7,3,7,4,1,7,1,1,1,2,1,7,7,1,7,7,6,1,7,7,7,4,7,4,4,7,4,4,1,4,1,1,1,7,1,6,1,1,7,7,7,1,7,7,4,1,4,1,7,1,1,7,10,100,24,50,50,he took a life so he should serve life,punish a person for killing a person,,,,,,,,,1,7,1,25,2,2,3,2,1,3,3,,1
2026-07-02 12:10:33,2026-07-02 12:51:36,0,,100,2462,1,2026-07-02 12:51:36,R_7JFenSIczJKl3sA,,,,,,,anonymous,EN,1,P000118,7,7,7,7,7,4,7,7,7,7,7,7,4,4,7,7,7,1,2,3,4,"More often than not, the most hardened and stubborn criminals do not repent of their actions.",4,4,2,4,4,4,7,4,9,4,4,7,7,7,2,4,7,7,7,4,6,6,7,6,7,1,7,4,4,7,4,6,6,6,4,4,7,7,4,7,7,4,1,7,7,7,3,7,6,4,4,4,4,4,4,4,6,7,1,4,7,4,2,7,6,4,4,4,4,7,4,6,4,4,4,6,4,10,100,24,,,,,,,,,50,50,Darryl would still need to pay for his crime.,Justice for the person who snitched on him as well as the investigation and dismantling of the car theft operation.,2,7,1,33,1,4,6,6,3,3,3,,3
2026-07-02 12:15:35,2026-07-02 12:51:52,0,,100,2177,1,2026-07-02 12:51:53,R_7h6CbxY7YaJee2Z,,,,,,,anonymous,EN,0.8999999761581421,P000915,7,7,7,7,7,7,3,7,7,7,7,7,4,7,7,7,7,3,1,2,4,"I ranked punishment deters other from crime because as the first because I see it as a very important factor. When criminals see their fellow criminals behind bars, confined and without freedom, they might rethink their ways. My second choice was criminals cannot commit crimes if they are locked up. This is because some people are repeat offenders and constantly get into crime. My third choice was criminals deserve to be punished and this is because they should pay for the damage and loss of property/life they caused. My last choice was prisoners get rehabilitated. Some actually learn new skills and change their ways. ",2,3,1,4,6,5,7,5,9,7,7,5,7,7,3,1,6,6,7,1,4,4,7,4,7,6,3,7,4,5,7,7,7,5,1,1,7,7,2,6,5,7,2,7,7,7,7,7,1,5,7,5,7,1,7,7,4,7,3,7,7,6,3,6,7,1,1,6,5,7,5,7,2,4,5,6,3,5,5,47,,,,,25,20,Because it is not a matter of his health although unfortunate but a matter of paying for the crime of taking the life of a minor.,Give an example of the consequences of crime such as this to the society.,,,,,2,7,1,36,2,1,3,6,2,2,3,,2
2026-07-02 12:21:53,2026-07-02 12:51:56,0,,100,1802,1,2026-07-02 12:51:56,R_6wnMIM70jmp9YoU,,,,,,,anonymous,EN,1,P001486,4,5,5,5,6,5,4,6,6,7,5,5,5,7,5,4,5,3,2,4,1,Because some people commit a crime one time and learn there lesson and do not go back into the system.  Some get rehabilitated there first time and do commit more crimes.  While other may continue to commit crimes and go back over and over.,3,4,2,4,2,1,4,4,9,4,5,6,4,5,4,4,5,2,4,1,5,3,5,6,4,6,4,7,4,2,5,3,3,4,3,1,6,5,6,3,2,3,2,4,3,5,6,4,5,4,3,5,6,3,5,3,5,4,4,3,4,1,4,7,7,1,4,6,7,6,4,4,3,4,1,4,6,10,100,24,,,,,50,50,Because he killed Frankie he then ran her down even after punching her in the face.  Her life is over so he should continue to pay for the crime he committed.,That others will see this and decide to not do this type of crime,,,,,2,7,5,40,2,2,4,4,1,2,2,,2
2026-07-02 12:21:02,2026-07-02 12:52:10,0,,100,1868,1,2026-07-02 12:52:10,R_7QlK0bGDdgH7pcn,,,,,,,anonymous,EN,1,P000674,6,6,6,6,7,6,5,7,6,7,6,6,6,7,6,6,6,1,2,3,4,"I ranked deserved punishment first because people should be held accountable for breaking the law. I ranked deterrence second because punishment can discourage others from committing crimes. I ranked incapacitation third because keeping offenders incarcerated can temporarily protect the public, but only while they are in prison. I ranked rehabilitation last because, while it is valuable when successful, it is less certain and should not be the primary reason for punishment.",6,2,2,6,2,1,2,2,9,5,5,6,3,7,1,2,2,2,2,2,2,6,2,6,6,6,2,2,4,4,7,1,2,6,2,1,7,5,5,2,2,2,4,2,5,6,7,3,1,3,3,6,6,2,6,3,2,3,6,2,5,1,1,7,7,2,1,6,7,1,2,3,2,7,1,1,6,5,5,47,,,,,,,,,30,25,"Darryl intentionally committed a brutal assault that resulted in a person's death, so a substantial prison sentence is warranted. However, because he no longer poses a danger to society and the case will remain confidential, the need for incapacitation and general sentence is reduced.","Hold Darryl accountable for taking a life, provide a proportionate punishment, and reinforce respect for the law while recognizing the changed circumstances. Killing is still punishable to all members of society including darryl.",1,5,5,42,1,2,6,3,1,2,2,,3
2026-07-02 12:33:42,2026-07-02 12:52:12,0,,100,1110,1,2026-07-02 12:52:13,R_573U15mnkcpetF0,,,,,,,anonymous,EN,1,P001686,5,6,6,5,6,5,5,7,6,7,6,6,3,7,6,5,6,4,1,2,3,"I think that punishing for crimes does deter people from doing things that they shouldn't be doing.  I also know there are a lot of programs available for the people in prison to help them learn and grow that way when they leave they are better people to be out in society.  ",4,4,2,7,3,7,2,2,9,4,4,6,2,6,3,3,4,3,2,1,2,1,5,3,6,5,1,6,4,3,6,5,3,3,3,1,4,5,6,1,1,2,4,3,5,5,6,2,2,4,1,6,5,1,6,3,5,1,7,1,1,2,2,6,6,2,1,4,6,6,1,1,1,5,1,3,6,10,100,47,,,,,,,,,25,25,"He would still have to pay for his crime that he commited.  Just because he is sick doesn't mean he can get away with murder.  ",Show others that there is never a reason to get out of trouble.,1,7,1,39,2,6,4,4,3,2,2,,3
2026-07-02 12:13:38,2026-07-02 12:52:14,0,,100,2316,1,2026-07-02 12:52:15,R_3JjSXSWcTAu1sGg,,,,,,,anonymous,EN,1,P000008,4,5,4,5,5,3,5,6,5,7,5,5,3,5,5,5,5,2,1,3,4,"The major reason is that punishment prevents a lot of people from committing crimes. If there was no punishment literally everyone would commit crime because they know they'll get away with it. 
The second rating is because it will be unfair for criminals to get away and that increases the chances of them doing it again.  
The third is simple, it definitely prevents them from committing another crime. The first two ranking aimed at preventing crimes whiles this one aims at preventing further crime from happening after one has already occurred.",4,4,2,4,6,4,5,3,9,3,5,5,5,7,4,3,5,5,4,3,4,1,7,4,4,4,4,7,4,4,4,2,5,3,1,1,4,4,5,3,3,4,3,3,4,4,4,4,4,5,5,5,6,3,5,3,6,4,4,3,5,4,1,4,5,2,2,6,6,4,4,5,3,4,2,5,4,1,5,47,,,,,,,,,20,10,He no longer poses a threat to the society but he still have to pay for what he did.,It will help him reflect on the decision he made and the consequence.,2,4,4,27,2,2,5,4,3,3,1,No,3
2026-07-02 12:27:20,2026-07-02 12:52:54,0,,100,1533,1,2026-07-02 12:52:55,R_3wc4McB5njDoUnc,,,,,,,anonymous,EN,1,P001803,5,6,6,5,5,4,4,5,6,7,6,6,6,7,5,4,5,2,4,1,3,"I ranked it this way because I feel like criminal punishment is needed the most so that they cannot commit these crimes in society, which are often dangerous. They need to be imprisoned also to be punished for the crime they committed. I think it's also a way to get rehabilitated. I ranked punishment deterring others from committing crimes as last because I usually don't think of that as one of the main reasons for criminal punishment.",4,3,3,6,2,1,7,1,9,4,4,3,4,6,2,1,6,5,4,2,4,4,4,6,7,3,4,4,4,3,6,4,4,4,2,1,5,5,5,4,2,4,4,3,4,5,4,5,5,4,4,5,6,4,4,2,1,1,6,3,4,1,1,7,7,1,1,7,7,5,1,3,1,7,1,1,7,5,100,47,,,,,,,,,25,20,"I felt like Darryl still needed to be punished for his crime despite his age and autoimmune disease. However, I did lessen the sentence to 20 years because of these conditions.",I hope this sentence will allow Darryl to reflect on his actions and understand why it was wrong.,1,5,1,22,2,5,3,2,1,1,1,,3
2026-07-02 12:23:44,2026-07-02 12:53:27,0,,100,1783,1,2026-07-02 12:53:27,R_6hgbs1p95Xi9UQs,,,,,,,anonymous,EN,1,P000989,7,7,7,7,7,7,7,7,7,7,7,7,5,7,7,7,7,1,3,2,4,it is a common and logical consistent hierarchy,3,7,1,7,7,4,7,7,9,7,7,7,7,7,5,1,4,7,7,2,2,1,7,7,7,2,5,7,4,7,7,7,1,2,2,7,7,7,5,5,2,7,1,5,5,4,1,1,6,7,7,3,7,4,5,3,5,7,7,5,7,7,7,5,7,1,7,7,7,7,6,7,1,7,7,7,7,5,5,24,,,,,30,20,murder should still be punished and it servers as a lesson to others that age dosen't mean absense of punishment,to make him know that there is always consequence for murder,,,,,1,7,5,25,1,2,4,3,1,3,1,,2
2026-07-02 12:19:00,2026-07-02 12:53:29,0,,100,2068,1,2026-07-02 12:53:30,R_1atvutO175V2cZO,,,,,,,anonymous,EN,1,P000921,5,5,2,3,6,3,6,5,7,5,3,5,1,3,4,3,5,1,3,2,4,"I believe that if you commit a crime, you should be punished. That’s what prison is, a punishment. It does get criminals off the streets but it doesn’t prevent crime from happening. I wish prisons focused more on rehabilitation instead of punishment because I feel like it would lower crime rate. ",3,1,3,5,5,2,3,6,9,3,4,5,3,7,3,1,3,5,6,1,1,5,5,3,7,7,2,3,4,3,7,3,5,3,3,5,7,5,3,2,2,5,4,3,2,6,1,3,2,3,3,2,2,2,3,1,1,3,5,1,7,1,1,7,7,3,3,7,7,6,5,5,5,5,3,3,3,10,5,47,50,50,"I feel like he deserves to be punished still. Even if he isn’t a threat to society, if he wasn’t a good guy when he was healthy, how would he be one after?","For him to serve at least 20-30 years before being applied for parole, then if he shows genuine improvement, then release him with life on parole.",,,,,,,,,1,5,1,20,1,3,3,5,5,3,2,,1
2026-07-02 12:16:56,2026-07-02 12:53:31,0,,100,2194,1,2026-07-02 12:53:32,R_5bOfEbG5RaHiq1r,,,,,,,anonymous,EN,1,P000661,5,5,4,5,5,5,6,4,6,5,4,5,4,6,4,4,5,4,2,3,1,Some  people in prison are there for nonviolent crimes and they should be rehabilitated.,6,2,4,7,1,1,5,4,9,1,5,5,4,5,1,4,2,4,3,1,4,4,5,1,6,4,3,4,4,4,7,5,2,3,4,1,7,6,7,1,1,1,3,4,4,6,5,6,4,2,4,6,5,3,6,2,4,6,1,5,5,1,1,7,7,1,1,7,7,3,3,4,1,5,3,5,7,10,25,24,,,,,,,,,15,3,"He still committed the crime, maybe he should not be imprisoned but he should maybe serve his time in another way.",If he is paralyzed  he would not be able to hurt anyone else.,2,7,2,69,2,2,1,2,1,3,2,,3
2026-07-02 12:18:36,2026-07-02 12:54:25,0,,100,2149,1,2026-07-02 12:54:26,R_3a9mRMKyC0FsDns,,,,,,,anonymous,EN,1,P000991,7,7,7,7,7,5,5,5,6,6,6,5,3,5,6,6,6,4,1,3,2,"I believe in punishing wrongdoing as a deterrent for people who are considering committing a crime, so they might reconsider their behavior while in prison. Not always, but sometimes., ",6,6,3,5,5,5,7,4,9,3,6,5,5,7,3,2,3,6,4,2,1,3,3,5,4,5,3,5,4,5,7,3,3,5,4,2,5,5,7,5,1,3,5,4,5,6,6,5,3,3,3,7,5,4,6,5,6,6,2,7,6,1,1,7,5,2,4,5,7,4,3,3,1,7,1,3,6,5,5,47,26,25,The fact that he was a minor when committing the crime does not change his guilt.,Teach a lesson and deterrence.,,,,,,,,,2,5,5,43,1,2,6,4,1,1,1,none,1
2026-07-02 12:13:14,2026-07-02 12:54:35,0,,100,2481,1,2026-07-02 12:54:35,R_5qDvVTqPfOUqhxJ,,,,,,,anonymous,EN,1,P000391,7,7,7,7,7,7,7,7,7,7,7,7,7,1,7,7,7,1,3,2,4,"I do not believe rehabilitation is a widely accessible and useful plan. Although some people turn their lives around after prison, it is rarely the case. People get put up against the system, leave, and reoffend. So punishing is the way to go. ",1,7,1,7,7,4,7,7,9,7,7,7,7,4,7,1,7,7,1,7,7,4,7,7,4,1,7,7,4,1,7,7,4,1,7,7,7,5,7,4,1,7,1,7,7,7,7,7,7,7,7,7,7,4,7,1,4,7,1,4,7,1,1,7,7,7,4,7,1,7,1,1,1,7,1,1,4,10,100,47,,,,,50,50,"I believe he deserves to get a life sentence for targeting someone, harming them, and causing their ultimate death. ","I hope he rots in prison. Feels the punishment, and one day feels remorse for his actions.",,,,,1,7,7,23,1,5,6,5,3,1,1,"This was very fun and interesting, thank you!",2
2026-07-02 12:35:02,2026-07-02 12:55:46,0,,100,1243,1,2026-07-02 12:55:46,R_7G0S57V0DSFbmLA,,,,,,,anonymous,EN,0.5,P001094,7,7,7,6,7,7,6,6,7,7,7,7,7,7,6,6,6,2,1,4,3,"I ranked it in such a way that it could sound like a whole sentence. When a person reads the first ranking, they might be interested in the next one. ",5,4,1,6,7,3,7,3,9,2,6,3,5,4,7,1,2,5,6,1,5,7,3,5,7,4,2,5,4,6,7,3,5,5,4,1,7,6,7,3,3,5,2,7,5,6,7,5,5,6,3,7,7,2,7,5,7,7,7,6,6,4,6,4,6,1,1,7,7,2,2,5,1,7,5,3,7,1,20,24,40,14,"He is not a threat to the society anymore although he still deserves the punishment. ","I don't know. ",,,,,,,,,1,6,5,57,2,2,3,6,2,1,2,"I wish you all the best in your study. ",1
2026-07-02 12:35:12,2026-07-02 12:55:56,0,,100,1244,1,2026-07-02 12:55:57,R_3Lthmot2Dt7iwvt,,,,,,,anonymous,EN,1,P001865,7,6,7,7,7,7,3,7,7,7,7,7,7,4,7,6,7,3,1,4,2,"I feel its most important that people know what the punishment is it will deter them from committing future crimes which will slow down the crime rates, ",3,7,1,7,2,1,7,5,9,6,7,6,7,7,6,5,7,7,7,1,1,1,7,1,1,1,6,7,4,6,6,4,2,4,5,2,6,5,5,6,1,7,1,7,7,7,1,4,4,4,4,4,7,3,4,3,4,2,6,3,5,3,3,5,4,5,3,5,6,7,1,2,1,2,2,6,1,10,100,24,50,50,"Darryl deserves full punishment for the murder he committed. ",I hope that this sentence deters other people from committing heinous crimes.,,,,,,,,,1,7,1,40,1,4,2,6,2,1,1,thank you,1
2026-07-02 12:14:54,2026-07-02 12:56:06,0,,100,2472,1,2026-07-02 12:56:06,R_6JmYO3KrNmjcPfi,,,,,,,anonymous,EN,1,P000878,7,7,7,7,7,7,5,7,4,7,7,7,4,4,7,7,7,1,2,3,4,"This order best aligns with the way I view criminal punishment, given the choices available.",1,7,2,4,6,2,6,6,9,6,7,7,4,6,1,1,7,7,7,3,4,2,6,4,1,3,5,6,4,4,7,1,4,4,1,1,6,6,7,3,1,5,2,5,5,5,4,7,6,4,4,1,2,4,3,5,4,4,7,5,7,7,7,4,1,4,7,4,7,7,4,4,1,1,4,7,1,10,5,47,,,,,50,50,This was a violent crime that resulted in the loss of life.,"Punish the assailant, help provide some sense of justice to those affected by the death of the victim, and help deter that behavior in others moving forward.",,,,,1,7,1,47,1,1,2,6,2,3,3,,2
2026-07-02 12:21:35,2026-07-02 12:56:18,0,,100,2082,1,2026-07-02 12:56:19,R_108K1MQVgqm5jUZ,,,,,,,anonymous,EN,1,P000985,7,7,7,7,7,7,5,7,7,7,7,7,6,4,5,7,7,2,1,3,4,"They're ranked to explain the importance of punishment and the process. ",2,6,1,2,7,6,7,4,9,7,7,4,6,7,4,1,7,4,7,2,7,7,7,6,6,7,7,7,4,1,7,7,7,7,6,1,7,7,7,6,1,5,1,6,7,7,7,7,7,5,4,1,7,4,7,1,5,7,1,7,7,2,1,7,7,7,1,7,7,7,1,2,1,7,2,1,7,10,5,24,,,,,,,,,50,50,"Regardless of his condition, he murdered a man. ","Justice for Frankie. ",2,7,1,56,1,2,3,1,1,1,1,,3
2026-07-02 12:31:51,2026-07-02 12:57:04,0,,100,1512,1,2026-07-02 12:57:04,R_3jEw1gLMUBrjaZH,,,,,,,anonymous,EN,1,P000551,6,7,6,5,6,6,4,7,7,7,6,7,6,5,5,5,6,1,4,2,3,"Criminals deserve punishment because it gives the individuals and families justice and closure that the crime can't be committed again. While in prison many can get rehabilitated, but during that time they need to be punished for the crimes that have been committed.",2,3,2,5,5,2,6,6,9,2,2,6,6,6,3,3,6,6,3,4,4,4,6,4,4,4,4,6,4,3,7,5,4,1,3,1,6,5,4,2,2,5,2,5,5,5,6,6,5,6,6,4,7,4,6,6,7,7,1,6,6,3,2,6,5,4,4,4,5,4,2,6,1,3,5,6,3,5,5,47,,,,,50,50,He caused Frankie to lose her life.,Justice for Frankie and her family.,,,,,1,5,4,48,2,2,4,6,3,1,1,No comments or suggestions,2
2026-07-02 12:21:53,2026-07-02 12:57:10,0,,100,2117,1,2026-07-02 12:57:11,R_1FQf3HrsI6c1EvK,,,,,,,anonymous,EN,1,P001362,6,7,7,6,6,6,3,7,4,7,6,5,5,6,5,5,5,1,2,3,4,I ranked them that way because usually the first thing that comes to mind as to why you should punish criminal is because they usually deserve it due to their horrible actions and it usually deters others from doing the same. The rehabilitate in prison is lowest because sometimes it may not be successful at changing the person for good and sometimes they may do other crimes in prison too.,3,6,4,5,5,3,7,6,9,3,4,4,4,7,2,1,7,4,5,4,4,5,4,4,6,3,4,6,4,5,5,6,4,4,3,1,7,5,4,3,2,5,2,6,5,7,4,7,7,6,4,5,6,4,5,5,5,4,3,5,7,4,2,5,6,3,1,6,7,4,4,5,1,7,2,2,4,10,100,24,,,,,,,,,30,15,"Since Darryl might not be a threat anymore, he would have a shorter time but he has enough time in prison to justify the killing of Frankie.",Being in prison should help him learn from his errors and teach him not to do that ever again.,1,3,3,20,2,4,4,3,1,1,2,,3
2026-07-02 12:18:12,2026-07-02 12:57:28,0,,100,2356,1,2026-07-02 12:57:29,R_7zZpOR41Q8A32IO,,,,,,,anonymous,EN,1,P000517,7,7,7,7,7,7,7,7,7,7,7,7,7,6,7,7,7,1,3,2,4,"I think the most important reason is that criminals should be punished, so I put that first. It is safer for society when criminals are put in prison so they can't harm others or commit more crimes, so I put that second. Number 3 is important because without laws, society would be in chaos. I put rehabilitation last because it doesn't always work for some criminals, some criminals resort back to the criminal lifestyle once released from prison.",2,5,2,6,4,1,7,3,9,2,4,5,6,7,3,2,5,5,3,1,4,4,5,4,5,4,4,5,4,4,4,3,4,3,4,3,7,7,6,5,3,2,5,3,6,6,5,2,1,1,5,5,4,3,5,4,5,7,1,4,7,4,1,7,7,4,1,7,7,6,1,2,2,3,6,6,1,10,100,24,,,,,,,,,50,40,"I fee like since he has the disease and he won't be able to do any physical crimes, his punishment should be somewhat lessened, but not completely since he still deserves to be punished for his crime, which was murder. ","I hope he will use his time to reflect on his crime, and that he learns to feel truly sorry for what he did.",1,7,1,22,2,1,2,5,3,3,3,"I don't have much to say other than thank you for this survey opportunity! Maybe you could extend the time for slower readers? ",3
2026-07-02 12:29:09,2026-07-02 12:57:34,0,,100,1705,1,2026-07-02 12:57:35,R_6BkkhFUGHH1l9M5,,,,,,,anonymous,EN,1,P001555,7,7,6,6,6,6,5,6,6,7,6,5,3,7,4,3,5,4,1,2,3,"I believe that without the standard of punishment, criminals are emboldened to continue committing crimes. When dangerous individuals are locked up that truly cannot commit more crimes and this may provide safety for potential and previous victims. I do believe that prisoners can be rehabilitated in some situations. Lastly, I while I do believe violent criminals deserve punishment, nonviolent crimes I feel could be better mitigated with other practices. ",4,5,2,5,2,1,7,6,9,2,5,7,5,7,3,4,5,4,3,2,3,5,6,5,7,4,4,6,4,6,6,2,5,5,4,1,7,6,7,5,7,5,3,4,6,6,5,4,4,5,5,4,5,4,5,4,2,5,3,5,4,2,1,7,7,3,2,5,7,5,1,2,1,5,5,3,4,5,5,47,,,,,,,,,50,30,"I believe if he is no longer a threat to society, and literally paralyzed, he is already suffering. I do believe that he should still do significant time for taking someone's life though.","Rehabilitation and an understanding by him of what he had done ",1,6,1,28,2,1,3,4,3,1,1,"One of the logic questions had the incorrect value for the answer. The question was about days but the answer was in minutes. ",3
2026-07-02 12:24:36,2026-07-02 12:58:04,0,,100,2008,1,2026-07-02 12:58:04,R_3GDMcKNoIOoEx4T,,,,,,,anonymous,EN,1,P000222,6,6,7,6,6,6,6,7,6,6,7,6,6,6,7,7,7,1,2,4,3,"The first is because if you commit a crime you should be held accountable. SEcond because seeing others get punished will prevent others from committing crimes. Third, prisoners need to get rehabilitated in prison to be fit for society again. Fourth, prisoners that are locked up are under control and won't be committing crimes out in the world.",2,7,1,6,7,1,7,3,9,5,5,7,6,4,5,2,5,5,6,2,5,5,7,5,5,5,6,7,4,5,4,5,5,6,5,5,3,5,7,2,5,5,1,7,7,7,4,5,2,4,5,3,5,5,3,5,5,2,6,5,6,5,5,7,5,6,5,5,5,7,4,6,2,3,5,3,3,10,10,47,,,,,50,10,"He already can't move, he is in his own prison now.",To rehabilitate his brain,,,,,1,7,1,30,1,4,6,5,2,1,1,n/a,2
2026-07-02 12:24:47,2026-07-02 12:58:05,0,,100,1997,1,2026-07-02 12:58:06,R_6IlYhv1koPDiLOp,,,,,,,anonymous,EN,1,P001754,6,7,6,7,6,5,4,6,6,7,6,7,4,5,6,6,6,1,2,4,3,Im thinking of real life. While i agree with all of these. I ranked it based on what's realistic. Reform and not committing crimes in person for prisoners is very difficult and wouldn't be a strong reason due to how our system is set up.,3,5,3,4,3,2,4,5,9,5,5,6,3,4,3,1,6,6,5,3,3,5,3,6,7,3,6,5,4,5,6,5,4,3,3,1,6,5,3,5,4,5,3,5,5,5,3,7,3,5,6,3,5,5,5,4,2,1,7,4,5,1,1,7,7,1,1,7,7,5,4,4,1,6,1,2,7,2,5,47,45,30,I took off 20 years because he still needs to do time but also has suffered from his illness. So he does the time and everyday of his life he is paralyzed.,Accomplish the severity of the crime but with reasonable punishment.,,,,,,,,,1,7,1,25,1,3,4,3,1,1,1,,1
2026-07-02 12:33:19,2026-07-02 12:58:11,0,,100,1492,1,2026-07-02 12:58:12,R_7CszMc8y0g2f6Kh,,,,,,,anonymous,EN,1,P001017,7,7,6,7,7,7,6,7,7,7,6,7,4,6,5,4,6,1,2,3,4,"I believe that individual punishment is the most relevant to the crime. Deterrence is an important societal value so it's second. An added bonus is that incarcerated prisoners cannot commit other crimes so that is third. Finally, while it's last, rehabilitation should be a goal of imprisonment.",3,3,1,3,2,1,3,4,9,4,6,3,4,6,3,3,5,5,5,4,4,4,5,4,4,3,5,5,4,5,6,2,4,4,5,2,5,5,3,5,2,4,2,6,6,5,4,5,3,3,3,5,5,3,5,4,2,2,5,3,5,2,2,6,4,5,3,5,6,3,3,5,2,5,3,3,4,5,5,47,,,,,40,25,"Since Darryl no longer poses a threat to society, the average sentence for this type of crime seem appropriate.",I hope this sentence will serve as punishment for the loss of Frankie.,,,,,1,7,6,60,2,3,6,4,1,3,1,n/a,2
2026-07-02 12:26:50,2026-07-02 12:58:20,0,,100,1889,1,2026-07-02 12:58:20,R_5KvGp5TiRFr3jKg,,,,,,,anonymous,EN,0.8999999761581421,P001378,7,7,6,7,7,6,7,7,7,7,7,7,3,4,7,6,7,1,3,2,4,"Rehabilitation mostly does not work. Studies after studies have shown that recidivism rate is high no matter what. Criminals are criminals because they like it. They don't want to be rehabilitated.  Not punishing guarantees and rewards more crime. Liberal judges letting assholes off end up killing or raping someone else. That has happened way too many times. Liberals need to get off this softhearted empathy bullshit. Long sentences, keep them off the streets.",1,7,1,4,7,7,7,7,9,7,7,7,7,4,5,1,7,7,7,7,7,1,7,1,1,1,7,7,4,6,7,5,4,5,5,1,2,3,3,2,1,7,1,7,6,7,1,7,7,6,7,1,1,6,1,7,5,1,1,7,7,6,7,1,1,7,7,1,1,7,1,7,1,1,7,7,1,5,5,47,50,50,"Liberal academic making a scenario to garner sympathy for murderer but wants to drop nuclear weapon on another country, killing 200,000. Liberals are crazy. I recommend you strap Darryl on top of your nuclear weapon then drop it. ","So society won't have to house and feed a murderer. Paralysis from autoimmune disease will require treatment. Just execute him. ",,,,,,,,,1,7,1,62,1,3,4,7,2,1,1,"You are mentally ill. Comparing murdering a girl with a shark biting a girl is stupid. You don't know the difference? Maybe you should drop your nuclear weapon on a school of sharks :D Leave college. It's making you crazy and stupid. ",1
2026-07-02 12:20:20,2026-07-02 12:58:22,0,,100,2281,1,2026-07-02 12:58:23,R_5jJq9n7xDV6CHPr,,,,,,,anonymous,EN,1,P000486,6,6,5,6,6,6,4,6,6,5,7,6,6,6,6,5,7,1,4,3,2,I think this is how and what I believe in terms of how criminals should be handled.,5,5,4,5,5,3,5,1,9,5,4,4,4,6,4,4,5,4,4,4,4,4,5,5,5,4,4,4,4,5,4,5,4,4,3,1,6,6,5,1,4,1,1,4,5,6,5,5,1,4,2,6,6,1,6,4,5,7,2,7,5,4,4,7,7,1,1,7,7,1,1,2,1,4,4,7,4,5,5,47,,,,,,,,,35,0,Darryl was paralyzed. I think he should be given a chance for mercy.,"Extent for mercy and Darryl wont e in prison. ",1,5,5,28,2,2,5,4,3,3,3,The study was amazing,3
2026-07-02 12:28:22,2026-07-02 12:58:32,0,,100,1809,1,2026-07-02 12:58:33,R_50wbjcEvw8wTcHL,,,,,,,anonymous,EN,1,P001128,7,7,7,7,6,7,6,6,7,2,6,6,7,6,7,7,6,3,2,1,4,Because I feel this is the right ranking,5,4,3,3,2,2,6,6,9,2,2,5,6,5,3,5,6,6,6,2,6,4,7,5,5,5,6,6,4,6,5,6,2,5,5,2,6,6,6,6,3,4,4,3,6,6,5,5,3,4,5,2,5,6,6,3,6,7,6,6,6,5,5,5,5,5,6,5,6,2,6,3,5,6,6,5,6,1,5,47,,,,,,,,,22,4,because of the diseases,for him to change,2,7,2,27,2,1,4,5,2,2,1,,3
2026-07-02 12:21:55,2026-07-02 12:59:58,0,,100,2283,1,2026-07-02 12:59:59,R_53dgIeKEWvsT86t,,,,,,,anonymous,EN,1,P000835,2,3,2,3,1,1,2,1,2,4,3,2,1,2,1,1,7,3,4,2,1,"I believe that should there must be prisons, the best reason ideally would be for actual bad people (those who hurt others) to get rehabilitated in a fair, equitable, and compassionate way, without trying to destroy the person or torture them and help them change for the better, should they be okay with it or otherwise willing; it'd have to be enforced in a way that doesn't hurt anyone. For bad parties, it'd ideally also be important that for their crime they can't commit it or any other one which would keep people safe. The weakest reasons (criminals deserving to be punished/punishment deters others from committing crimes) to me are just subjective and doesn't apply to all prisoners as some prisoners committed something that society thinks is wrong and are otherwise good people who don't deserve punishment or what they did that was unethical wasn't that bad and that prisoner could just use some help. Not only this, but punishment while it can deter some from committing a crime, doesn't guarantee it. Those weaker reasons in my eyes only really matter if the prisoner is a person who genuinely illogically hurt someone or an animal etc and deserves it.",7,1,6,7,4,2,4,4,9,4,4,2,1,4,1,4,2,2,4,4,4,1,4,4,4,5,4,4,4,1,6,1,4,3,1,1,4,1,4,2,2,2,5,3,3,2,5,7,2,1,1,2,4,1,6,1,1,1,7,1,1,4,4,2,7,1,2,6,7,4,1,4,2,4,5,4,5,10,5,24,5,5,"5 years, to me, assuming prisons were necessary and had an enforced and good rehabilitation program, is reasonable because he can get the help he needs to become a better version of himself, should he be willing to try. If not, he could get punished if he does not understand that what he did was wrong. ","I hope that, assuming prisons had a compassionate rehabilitation program, he could spend his time reflecting on what he did, realizing he hurt someone who did nothing wrong and that he made a mistake, and that he can potentially change for the better.",,,,,,,,,2,4,2,19,2,1,1,1,3,2,2,,1
2026-07-02 12:43:13,2026-07-02 13:02:02,0,,100,1128,1,2026-07-02 13:02:02,R_5EGdwl9KHRQ8MTm,,,,,,,anonymous,EN,1,P001727,6,7,6,7,7,2,6,7,7,7,7,7,4,5,7,6,6,1,3,2,4,Commiting crime needs to be punished and keeping them locked up they can not commit other crimes to the innocent people.  Also locking people up deters others to do the same crime.  Rehabilitation is required i feel before you get back to society.,1,6,1,4,4,4,5,7,9,6,5,4,6,5,4,1,6,6,6,3,3,2,4,2,3,1,4,5,4,6,5,4,4,5,4,3,6,6,3,4,4,6,1,6,6,6,3,6,5,5,5,2,2,5,4,5,4,2,6,6,6,6,6,2,3,6,6,1,3,6,5,6,2,2,7,7,2,10,5,47,35,35,"I don't really care if they are under 18 years old.  If you do the crime you do the time.  It was not an accidental death. ",It will punish the criminal and keep him away from doing the crime again to society.,,,,,,,,,2,6,3,45,1,3,4,5,2,3,1,,1
2026-07-02 12:24:51,2026-07-02 13:02:57,0,,100,2286,1,2026-07-02 13:02:58,R_1eXa4qqp6v414In,,,,,,,anonymous,EN,0.8999999761581421,P001104,7,7,7,6,7,7,6,4,6,7,6,7,5,6,5,5,5,2,3,1,4,"When someone commits a crime, and breaks the Law.
There should be punishment.",3,5,1,2,4,7,5,5,9,1,3,2,5,7,1,4,2,4,4,3,4,4,3,7,5,3,3,5,4,2,7,4,4,7,5,1,7,5,4,5,4,4,3,3,6,7,4,5,5,5,5,5,6,2,7,3,5,4,4,5,5,2,2,2,6,1,3,5,7,4,6,1,4,5,2,1,5,10,50,30,,,,,40,30,"I would reduce the sentence.
However, the defendant commit a serious crime, and has to serve time. ",I' am not sure if this person can be helped.,,,,,1,5,4,66,1,2,6,3,3,3,3,Thanks For the Opportunity!,2
2026-07-02 12:29:20,2026-07-02 13:04:24,0,,100,2103,1,2026-07-02 13:04:24,R_67JxASqYagoT6fk,,,,,,,anonymous,EN,1,P001976,4,3,5,2,6,4,2,6,2,4,5,5,1,7,1,4,1,4,3,1,2,"It is not clear how many people are actually rehabilitated in prison.  If the person truly committed a crime, they can no longer do that when they are in prison.",6,1,4,6,1,1,6,1,9,1,1,4,1,4,1,3,5,2,1,1,2,4,1,7,6,7,1,1,4,1,7,1,1,4,1,1,6,3,2,4,2,2,4,2,6,4,7,7,1,1,1,7,7,1,7,1,1,1,4,1,1,1,1,7,7,1,1,7,7,2,1,1,1,7,1,1,4,10,1,24,,,,,40,40,"It is unfortunate that Darryl contracted the disease.  However, he committed a crime against a minor and that should not be discounted.  It would seem like her family would feel like it is a miscarriage of justice if he did not serve a sentence. ","The sentence would be a deterrent to others who are in situations of domestic violence.  The fact that Darryl's actions are what directly lead to the death of the young woman should not be discounted.  The family would be made to feel that the life of their daughter mattered. ",,,,,2,4,1,56,2,2,4,2,3,1,1,,2
2026-07-02 12:27:15,2026-07-02 13:04:26,0,,100,2230,1,2026-07-02 13:04:26,R_517vZRgZU5ms16S,,,,,,,anonymous,EN,1,P000843,7,7,7,7,7,7,4,7,7,7,7,7,4,4,6,7,7,1,3,2,4,"I ranked them like that because when one commits a crime, then need to be punished. Imprisonment is one of the punishments and while they are locked up they cannot commit other crimes. Them being punished will prevent other from committing crimes since some of them won't want to receive the same punishment. When prisoners are locked up, they can receive the rehabilitation they need so that once they are released after serving their sentence they won't commit the same crime and they wont want to go back to prison. That is why I arranged them in that order.",4,6,1,4,7,3,7,7,9,7,7,7,7,7,4,1,2,5,2,4,4,4,7,4,7,2,6,7,4,4,5,6,4,7,3,1,5,5,6,5,5,5,2,4,6,7,1,2,6,6,7,2,7,4,2,4,7,7,7,6,7,7,7,3,6,7,7,4,4,1,1,7,4,2,4,6,6,10,5,47,50,50,This is because he killed someone and made Frankie's family to live with trauma for losing their loved one who was still legally underage.,It will cause pain and suffering to Darryl because as he was committing the crime he did not stop and think of the consequences he might face.,,,,,,,,,2,7,7,21,1,2,3,6,2,1,1,All the instructions in the study were clear.,1
2026-07-02 12:36:53,2026-07-02 13:04:41,0,,100,1668,1,2026-07-02 13:04:42,R_1mEuHJq6alynXqh,,,,,,,anonymous,EN,1,P001748,7,6,6,6,6,5,6,7,7,7,6,7,4,6,4,5,7,3,1,2,4,Deterrence is ranked number one because it has a wide and strong effect on crime reduction in society in general. Locking up prisoners is number two because this helps to protect the safety of citizens. My third is that criminals deserve to be punished because it helps to vindicate the victim. The fourth is rehabilitation because prison seems like a poor place to accomplish this task.,5,2,5,6,4,1,3,3,9,3,4,2,3,6,3,2,4,4,3,2,2,4,4,5,6,5,5,5,4,2,7,1,1,4,2,1,5,2,5,3,2,2,5,3,2,4,6,5,3,3,4,5,5,2,7,3,2,1,7,2,3,1,1,6,7,3,2,6,7,2,1,1,1,7,2,2,5,5,5,47,,,,,,,,,35,15,"Because of the paralysis, Darryl no longer is a threat to society. The confidentiality means that there is no real deterrence effect for a long sentence. 15 years is enough for someone to Darryl to turn his life around and live as a law-abiding adult.",Darryl will be punished by a 15 year sentence. Hopefully with time there will be rehabilitation. Darryl may be able to live a reasonable life as an adult outside of prison.,1,6,2,48,1,3,6,4,1,3,3,none,3
2026-07-02 12:28:51,2026-07-02 13:06:00,0,,100,2229,1,2026-07-02 13:06:01,R_3esKQHUXUBfghOZ,,,,,,,anonymous,EN,1,P001615,5,5,5,4,5,4,3,5,3,5,5,5,5,5,5,5,5,4,2,1,3,Crimes should be locked up and get learn from rehabilitation program to prevent further wrong doing action,4,5,4,4,4,3,3,6,9,3,4,5,3,4,4,4,4,4,3,3,5,6,6,6,7,4,4,1,4,5,5,5,4,5,4,5,6,6,3,5,5,4,5,3,3,3,5,5,4,5,3,5,5,4,5,3,5,5,3,5,5,4,5,5,3,5,5,5,5,3,3,4,5,5,4,3,3,10,100,33,17,10,because he is a minor,he will getting better as a adult,,,,,,,,,1,4,4,41,2,3,6,3,3,3,3,,1
2026-07-02 12:38:05,2026-07-02 13:06:22,0,,100,1696,1,2026-07-02 13:06:23,R_1lFAvByyuvumMvt,,,,,,,anonymous,EN,1,P000106,7,7,7,7,7,5,6,7,7,6,6,7,4,4,7,6,6,1,3,2,4,"I believe the main point of criminal punishment is because criminals should be punished and secondarily, prevents them from committing further crimes to the public. Deterring others from committing crimes is also important, but I put it as 3rd because I think punishing those who already committed crimes is more important. As for the 4th one, I don't really know the efficacy of prisoner rehabilitation, so that's why I put it last.",3,5,2,6,4,4,4,7,9,6,6,4,4,5,3,2,7,5,7,4,5,2,6,1,4,4,4,6,4,4,6,3,4,3,2,1,5,6,4,5,4,5,4,6,6,6,4,3,4,4,4,4,5,3,5,4,3,1,7,4,5,2,4,7,5,3,4,4,4,5,1,4,1,2,4,6,2,10,5,47,,,,,50,50,Darryl committed a heinous crime intent on causing severe damage to his partner who died because of him. Darryl now being paralyzed doesn't change the fact that he still committed the crime. He deserves life imprisonment for his criminal actions.,That Darryl and other criminals know their actions have consequences and will be punished.,,,,,1,6,1,33,2,3,5,4,5,3,1,"""Prosecutor"" in the last question was misspelled on the previous page.",2
2026-07-02 12:31:44,2026-07-02 13:07:11,0,,100,2126,1,2026-07-02 13:07:12,R_5CrIYwtOrnELkIC,,,,,,,anonymous,EN,1,P000687,1,1,1,1,1,1,1,1,1,1,1,1,1,1,1,1,1,4,2,3,1,"In a white supremacist society that has created an entire new Jim Crow system of slavery against African Americans in the United States, I don't abscribe to any of these white supremacist talking points about crime.  The majority of crimes are non-violent offenses revolving around drugs, and instead of providing rehabilitation, which would be the only reason that someone should receive any form of minor loss of freedom, these prisons serve as warehouses to deprive African Americans of their rights as a citizen in the same manner that the racist country America deprived their ancestors through the original forms of slavery and Jim Crow.  Therefore, the fact that in a majority white country that has at least 65% of its 300 million plus population as white citizens who commit the majority of drug crimes and other nonviolent crimes but the majority of people in prison are the minority 13% of the population who are African American is a design of the criminal injustice system, which only serves as the form of the new Jim Crow in the United States.  All of the other white supremacist talking points offered in this thread are false as the selective enforcement of the so-called law in a racist country with a 400 year history of slavery against African Americans is exactly selective enforcement of laws against one group of people, the same group who have always been targeted for racist, unjust, and slavery tactics.  The new Jim Crow doesn't exist to punish criminals, deter future crimes, or prevent future crimes, it exists solely to enslave and control the same population of people who have been viciously and violently targeted by white supremacy policies of barbarity for over 400 years.  ",7,1,7,7,1,1,6,1,9,1,1,7,1,7,1,7,1,1,4,1,1,4,1,7,7,7,1,4,4,1,7,1,1,1,1,1,1,1,7,1,1,1,7,1,1,1,7,7,1,1,1,7,4,7,7,1,1,1,7,1,1,1,1,7,7,1,1,7,7,4,4,1,1,7,1,1,7,10,100,24,,,,,50,50,"Before the war on drugs occurred, the majority of prisoners in prison were in for violent crimes, and violent crimes deserve long prison sentences.  Therefore, Darryl would receive this long prison sentence regardless of his race, which is not the case for nonviolent offenses under the new Jim Crow, wherein mostly the small minority of African Americans receive life sentences for nonviolent offenses that whites commit 1000% more, but are not arrested, prosecuted, or imprisoned for.  Therefore, for violent crimes, white or Black offenders typically receive long justified sentences for their violence.",Punishment for the evil violence committed against the innocent woman.,,,,,2,4,1,46,1,2,6,4,3,2,2,"The racist criminal injustice system in the United States is the worst form of racist slavery ever created in human history, the United States has more prisoners than all other countries combined on earth, and it's not surprising with the racist, violent, and anti-Black 400 year history of the country that the majority of these prisoners are African Americans who are enslaved under the New Jim Crow for nonviolent drug offenses while their real offense is being born Black in a racist society that enslaved their ancestors under the original slavery, the original Jim Crow, and currently the new Jim Crow that was established through the so-called war on drugs beginning in 1970 after the advances of the Civil Rights Movement in the 1960s.  This was really a war on Blacks that saw America's prison population increase for 300,000 total to over 3 MIllion today with the majority of that increase being African Americans under the New Jim Crow for the racist criminal injustice system that operates as the worst form of slavery created in human history.",2
2026-07-02 12:28:34,2026-07-02 13:07:25,0,,100,2331,1,2026-07-02 13:07:26,R_69mDO73P8P5Bouq,,,,,,,anonymous,EN,0.699999988079071,P001352,5,6,6,6,6,6,4,6,3,6,6,6,5,6,6,5,6,1,2,3,4,"This order reveals morality first. , the criminals deserves to be punished, this brings justice to the victim .And because of that it will deter other criminals to commit a crime . Then there will be safety in the community. Although change in the lives of the crininals is valuable it will not be the foundation of justice . ",3,6,1,4,6,4,5,6,9,4,4,7,7,5,6,1,4,6,4,4,1,1,6,4,1,1,6,7,4,4,4,6,4,6,4,1,5,4,1,3,5,2,1,5,5,5,4,5,5,5,6,1,6,6,1,6,6,7,1,5,6,6,5,3,2,6,6,3,5,6,5,5,2,1,7,7,1,10,5,47,35,26,Since its an intentional killing but not premeditated and it Frankie was a minor is a grave act and fankie is considered vulnerable that has higher moral gravity.,"It will accomplish accountability and deterrence. ",,,,,,,,,1,5,4,47,2,3,4,4,3,3,3,,1
2026-07-02 12:41:59,2026-07-02 13:07:25,0,,100,1526,1,2026-07-02 13:07:26,R_3SGSNNCNGQv9W25,,,,,,,anonymous,EN,1,P001208,7,7,6,7,7,6,5,7,6,7,7,7,4,6,7,4,6,1,4,2,3,"We cannot let criminals walk free. They must be punished severely for their crime. And while they are locked up, they don't have the opportunity to commit more crimes. ",1,4,1,5,3,2,5,6,9,4,6,4,7,6,6,1,6,6,5,6,5,4,7,2,5,2,6,7,4,4,7,6,4,3,1,1,7,7,3,5,3,6,1,6,6,5,1,6,6,4,6,1,1,7,1,7,5,7,1,4,6,4,5,7,7,4,5,4,7,7,4,5,5,1,7,7,1,10,100,24,,,,,,,,,50,50,"Darryl committed a crime and must be punished. He took a life and must repay with his life. It doesn't matter if the victim is a minor, etc.","It will make him suffer and force him to think that he could've handled it differently. ",1,7,4,57,2,3,4,7,3,3,3,,3
2026-07-02 12:10:34,2026-07-02 13:07:52,0,,100,3437,1,2026-07-02 13:07:52,R_3J2VREDOzVpCBI4,,,,,,,anonymous,EN,1,P000656,7,7,7,7,7,7,7,7,7,7,7,7,7,7,7,7,7,1,2,3,4,,1,7,1,7,6,2,7,7,9,1,4,5,7,7,1,1,7,5,3,1,3,5,5,3,1,3,6,3,4,1,7,1,5,7,5,1,7,5,1,1,1,1,2,2,1,1,6,7,1,7,7,6,6,6,5,7,4,7,1,7,5,1,1,7,7,1,1,7,7,1,5,3,7,6,1,1,7,15,5,24,,,,,,,,,30,30,Murder is murder,Keep Darryl locked up,2,7,4,81,2,1,4,6,2,1,1,,3
2026-07-02 12:35:47,2026-07-02 13:08:11,0,,100,1944,1,2026-07-02 13:08:12,R_1ttWKhMWl6hNzb2,,,,,,,anonymous,EN,1,P000590,4,7,4,4,7,4,5,5,7,7,4,7,4,4,4,1,7,1,3,2,4,"I believe the most important 2 reasons is that violent criminals need to be put away from society to keep everyone else safe. I believe that seeing how other criminals may have to pay for their crimes, sometimes the death penalty or life in prison serves as a great deterrent. Lastly, I believe many people can be rehabilitated and get their lives on track after a stint in prison.",4,1,1,7,4,1,4,1,9,1,1,7,4,7,1,4,4,7,1,1,5,1,4,1,4,1,4,7,4,6,2,1,1,1,1,1,7,7,6,1,1,1,1,4,4,6,1,6,4,4,4,4,7,4,4,4,1,4,1,4,6,1,1,7,4,6,4,3,4,1,4,7,1,7,1,1,7,5,5,47,50,25,"Because he still took a life and needs to pay for that. ","I hope it will show that if you kill someone, you have to pay for it no matter what.",,,,,,,,,2,7,1,61,2,2,3,6,2,3,3,This was a good survey.,1
2026-07-02 12:29:00,2026-07-02 13:08:17,0,,100,2357,1,2026-07-02 13:08:18,R_3170Z6UJxdRkU4Z,,,,,,,anonymous,EN,1,P001152,6,6,5,6,6,6,6,6,3,6,5,5,4,6,6,6,6,1,4,2,3,"First and foremost, they must pay for what they have done. secondly, the society is kept safer. Rehabilitation is not a guarantee but we go hope for it",4,3,1,3,6,2,2,1,9,5,6,7,6,6,3,1,3,5,6,4,4,1,7,4,5,4,6,6,4,2,6,1,1,2,3,1,7,5,3,4,4,7,1,6,7,6,5,2,5,6,7,6,7,5,5,4,6,6,3,5,5,2,5,6,6,2,3,6,6,6,6,6,1,6,2,2,7,5,5,5,,,,,26,26,he is the same person,him paying for what he did,,,,,1,7,1,58,2,3,6,2,1,3,3,,2
2026-07-02 12:52:55,2026-07-02 13:08:18,0,,100,923,1,2026-07-02 13:08:19,R_5SBIjqbVbMaKNdT,,,,,,,anonymous,EN,1,P000390,7,7,7,7,7,7,7,7,7,7,7,7,7,4,7,7,7,1,2,3,4,This ranking sounds fair to me,4,4,4,7,7,4,7,1,9,7,7,1,4,7,4,1,7,7,7,4,4,6,6,6,4,2,6,6,4,4,7,7,4,4,4,1,4,4,6,4,4,6,2,6,6,6,4,7,4,4,7,7,4,4,4,4,6,1,7,4,7,4,4,4,4,7,7,4,4,1,1,1,1,2,6,6,2,5,5,47,,,,,50,50,"He's still the same person ",Crime is crime,,,,,1,7,7,57,2,5,4,4,3,3,3,"All good, best of luck!",2
2026-07-02 12:23:54,2026-07-02 13:09:31,0,,100,2737,1,2026-07-02 13:09:32,R_7y2vlIUU0QrC1mG,,,,,,,anonymous,EN,0.5,P001207,6,7,6,6,7,7,7,7,7,7,6,6,5,6,6,4,6,3,1,2,4,"Because to me, the number one goal is to let other criminals know that if they commit this crime, they’re going to be punished. It’s too often and society that people get a slap on the wrist and people wonder why they immediately go back and commit the same time or worse again. It’s because you’re teaching them. I’m just gonna quick release you with mild punishment or some kind of reprimand or not even that just gets released without even any punishment. At that point it’s like why was the criminal even arrested if you’re just gonna have a revolving door back onto the street was little to no repercussions for the crime they committed. So to me that’s number one demonstrating that you’re going to face punishment if you commit a crime. Next, you want criminals off the street. For this, I’m gonna use the examples of assault and murder. You definitely don’t wanna murderer being released back onto the street to commute the same crime again you want them removed for the safety and protection of law abiding citizens. It’s a necessity. Then it’s just the fact criminals deserve to face consequences for the crimes they do. It’s not time for a debate on what their childhood was like and how they grew up and what drove them to murder someone. It’s time to recognize that if someone commits a crime they must face consequences for that crime. They must understand that if they’re doing something that’s utterly detrimental to society then the people in that society are not going to standby and treat them with kid gloves, like “poor baby you committed this crime you didn’t mean it. It’s OK.” Rather society is going to let them know that this is the price you pay for the crime you committed. Law abiding citizens don’t deserve to have random strangers commit crimes against them and the people who commit those crimes deserve punishment. They deserve to face what they did and receive consequences for what they did. Lastly I don’t know if prisoners actually can truly be rehabilitated in prison, but I know that it’s our job as a society to attempt to bring someone around to get them to understand the gravity of their crimes and to bring them around to being law abiding citizens if we can. There are criminals who are parents, criminals who are concerned about not being there for their families, criminals who do self-reflect (I would hope). For people like these and anyone else who sincerely takes it upon themselves to change their life we as a society have to try and give them an opportunity to learn new skills., to come out out of prison to get a job, to put themselves in a better position to operate as functional law, abiding citizens when they have finished serving their sentences. 

That being said, I believe that they should be watched and monitored. They should be well trained and feels that they are interested in with skills that they can actually use not just sitting in bending coat hangers in a factory, but educated and trained in ways that they feel their position is meaningful in life that can bring them enough income to sustain themselves and their families. Without giving criminals a chance to redeem themselves will just be letting the wild animals out of the zoo with no direction and the crime is likely to be repeated again or worse.",1,5,1,3,5,3,5,6,9,2,3,6,6,5,6,1,5,7,3,3,4,2,5,3,7,2,5,5,4,7,5,3,4,4,4,4,7,6,5,4,3,1,1,4,2,4,5,3,2,4,5,4,5,5,6,4,3,3,4,5,6,2,1,7,6,2,1,6,6,4,2,2,1,3,5,5,2,10,10,24,50,50,I would actually recommend the death penalty if it was available. Frankie is gone for the rest of her life. He deserves life in prison.,"Keeping him off the streets so he doesn’t murder anyone else. Punishing him for the life he took. Punishment does not have to achieve a goal of rehabilitation in situations like this. The goal is to let the punishment fit the crime. That girl is gone… for the rest of her life her family will be without her. Life in prison is what he should face. No sad stories about how he hurt himself, nor how his illness is making himself and how he doesn’t deserve his punishment any longer. We just recently had a case of a quadriplegic committing a murder. That crime seemed near impossible to commit, but it happened. It’s unfortunate that he has a new condition but nothing changes. He’s in prison for life. He should serve his time.",,,,,,,,,2,7,1,60,2,6,5,5,3,3,1,"I have to tell you this study to give thorough answers takes time. I think it should be considered how much time you expect people to put into this study to give thoughtful answers instead of timing them out and not paying for the work they do.

I always give honest thorough answers, but for some reason researchers don’t always want to pay for the time people to give those answers. I truly hope that you guys are not one of those researchers.

Thank you for the opportunity to participate in your research.",1
2026-07-02 12:18:24,2026-07-02 13:09:58,0,,100,3094,1,2026-07-02 13:09:59,R_7RyZ6UXi5WTt0Fr,,,,,,,anonymous,EN,1,P000207,4,4,3,3,5,5,4,3,3,4,3,5,4,5,4,3,5,4,2,1,3,"I think my first foremost reason for punishment justification is to stop their future crimes. This is close to punishment determent but both are important to allow prisoner rehabilitation back into society ",5,3,4,7,3,1,4,3,9,3,3,3,3,7,1,7,4,1,4,1,5,7,3,7,7,7,3,3,4,4,7,3,4,3,4,1,7,7,1,7,7,3,5,3,3,4,7,4,1,1,3,7,5,1,7,4,3,3,4,3,4,1,1,7,7,1,1,7,7,4,1,1,1,7,1,1,7,10,5,47,,,,,,,,,25,10,"I think a lower sentence should be given to Darryl because of his severe paralysis. ","A decade would be enough time served but make sure he contributes back into society ",1,4,1,39,3,4,4,4,3,3,2,,3
2026-07-02 12:41:50,2026-07-02 13:12:05,0,,100,1814,1,2026-07-02 13:12:05,R_7hKBWKKN1QdKbDr,,,,,,,anonymous,EN,0.8999999761581421,P000234,6,6,6,6,6,5,4,6,6,6,6,6,5,6,6,6,5,1,2,4,3,Justice served for crimes and if they can be rehabilitated back to society,2,4,2,5,5,3,6,5,9,4,4,5,4,5,4,4,4,5,4,4,4,4,4,4,5,4,4,6,4,5,6,4,4,6,2,1,7,7,1,6,4,4,4,4,5,5,4,4,4,4,4,5,5,4,4,5,5,5,3,5,6,4,4,4,4,4,4,4,4,3,4,4,3,2,6,7,2,5,5,46,35,30,"Around the same amount of time regardless of his health be sure another life was lost because of his criminal actions ",justice and for others to know you can't get a way from committing crimes,,,,,,,,,1,6,1,41,2,3,4,6,2,3,3,Thanks!,1
2026-07-02 12:32:21,2026-07-02 13:12:13,0,,100,2391,1,2026-07-02 13:12:13,R_5gMZEbNrmnxOz6I,,,,,,,anonymous,EN,0.10000000149011612,P001673,5,6,7,7,7,6,6,7,7,6,6,5,7,7,5,6,6,1,2,4,3,Because first by being guilty they deserve to be punished as its the main reason secondly core reason is punishment deters other from committing such a crime the third reason is prisoners gets rehabilitated in prison and they cant commit other crimes,4,3,3,2,3,2,3,3,9,1,3,4,1,5,1,3,2,1,7,1,2,3,7,5,5,5,3,7,4,5,7,3,5,7,2,2,5,5,6,4,4,3,2,6,5,5,7,1,1,2,1,7,7,1,7,2,2,2,7,2,6,1,1,6,7,3,4,7,6,3,2,2,2,6,1,5,5,10,100,24,,,,,50,15,it would be more morally just considering his condition,rehabilitation for Darryl,,,,,1,7,1,52,1,2,4,2,1,3,3,,2
2026-07-02 12:42:06,2026-07-02 13:13:52,0,,100,1906,1,2026-07-02 13:13:53,R_1knrjQhjAjNobCB,,,,,,,anonymous,EN,1,P000747,6,7,6,7,7,6,6,7,6,7,4,6,3,7,2,4,4,2,1,3,4,"Because if there is no punishment for crimes, then crime would get much worse without any fear that they will pay for the crimes that they do. ",2,3,1,1,2,3,3,7,9,1,4,4,5,7,1,5,1,1,1,1,1,4,1,7,6,5,2,7,4,5,7,1,4,2,2,1,7,7,1,7,5,1,1,1,7,6,6,1,1,4,6,7,7,1,7,5,4,7,1,7,2,1,1,7,7,1,1,7,7,7,4,1,1,3,2,3,5,10,5,24,,,,,,,,,25,25,Because a crime is a crime regardless of his health condition.,He did the crime and should pay for that to deter him.,1,7,7,56,2,6,2,6,2,3,1,Nothing further,3
2026-07-02 12:40:23,2026-07-02 13:15:50,0,,100,2126,1,2026-07-02 13:15:51,R_1mV5V7y3a9Aieac,,,,,,,anonymous,EN,0.5,"P000813
",5,6,5,5,6,4,5,6,5,6,4,7,5,6,6,6,5,2,3,1,4,"I prioritized incapacitation first because it's the only function that instantly and certainly protects society. Retribution comes second as it upholds moral justice, but it only addresses past wrongs. Deterrence ranks third since it's unreliable and depends on rational behavior. Rehabilitation is last because, while ideal, it's rarely achieved effectively in practice.",5,5,3,6,5,3,7,7,9,4,5,6,6,5,5,3,6,3,6,7,5,4,5,5,6,5,4,5,4,5,4,4,4,3,4,5,5,6,5,4,5,5,3,4,6,5,4,5,6,5,5,4,6,5,4,5,4,5,2,6,5,6,4,5,5,6,4,6,6,5,5,6,4,4,4,6,4,5,5,47,22,10," He's permanently paralyzed and no threat,"," It honors the victim's life with a consequence, avoids cruel and pointless imprisonment, and saves public resources",,,,,,,,,1,6,3,27,2,1,4,6,2,3,1,,1
2026-07-02 12:24:00,2026-07-02 13:17:11,0,,100,3191,1,2026-07-02 13:17:12,R_7iFr2BfWudy78r8,,,,,,,anonymous,EN,1,P000017,6,6,6,6,6,2,2,5,2,7,5,7,3,6,6,3,6,1,2,3,4,"I ranked in this order because there are consequences and should be for negative actions. Not always, but a lot of the time if somoene is punished harshly, others will refrain from acting in the same manner. Although crimes can be committed behind bars, it is less likely to affect the outside world like it would if they were free. In a perfect world, prisons would be equipped to properly rehabilitate people. Unfortunately, they aren't able to do so very well.",2,4,1,1,1,1,7,5,9,3,4,6,3,6,2,1,2,5,4,3,1,3,5,5,5,4,5,6,4,3,7,1,3,5,4,1,6,6,5,2,2,3,1,2,3,4,6,1,1,2,2,5,7,2,5,4,6,3,4,5,4,6,2,2,7,7,6,4,4,7,1,2,1,3,4,4,1,5,5,47,30,30,"Although I believe his intent was not to kill, he did, and he was of age in most states to be tried as an adult and was old enough to know right from wrong.",I hope he will learn his solution to a temporary problem permanently took someone's life.,,,,,,,,,1,7,1,46,1,1,3,5,2,3,2,"I don't have any comments, but it was an interesting study.",1
2026-07-02 12:55:43,2026-07-02 13:18:16,0,,100,1352,1,2026-07-02 13:18:17,R_3xZfVcvnHRJUfUl,,,,,,,anonymous,EN,1,P001049,6,6,6,5,6,5,5,6,6,6,6,6,5,6,3,4,5,2,3,1,4,"I ranked incapacitation first because it directly prevents further harm, followed by retribution because it reflects fairness, then deterrence because its effect is uncertain, and rehabilitation last because its success varies.",3,5,2,5,5,3,5,4,9,3,2,2,5,7,3,3,4,5,3,3,2,6,4,6,6,5,5,5,4,5,7,4,3,4,5,1,5,5,5,4,4,4,5,3,5,5,7,4,2,3,5,6,7,3,6,4,4,3,6,5,5,1,1,5,6,2,1,7,7,5,4,1,2,6,1,2,5,5,5,47,,,,,,,,,32,26,"Because incapacitation is no longer relevant due to his medical condition, the sentence is reduced while still reflecting the seriousness of second-degree murder and maintaining proportional punishment.",It is meant to ensure accountability for taking a life and reinforce that severe violence carries serious consequences even when public safety is not at risk.,1,7,1,37,2,1,4,5,2,3,2,,3
2026-07-02 13:03:43,2026-07-02 13:19:38,0,,100,954,1,2026-07-02 13:19:39,R_35P6PNywolpNtUB,,,,,,,anonymous,EN,1,P000168,5,6,6,5,6,4,4,6,7,6,5,5,3,5,5,4,4,2,1,4,3,"If you have some sort of punishment for doing crimes, the crime rate would lower and there would be no need for prisons.",1,5,1,4,4,2,6,6,9,6,5,6,6,5,4,1,6,6,6,2,4,4,5,6,4,2,2,7,4,6,4,4,3,4,4,1,6,6,5,1,1,4,3,4,4,5,4,4,4,4,5,4,6,7,4,4,4,4,1,5,5,4,5,5,4,6,6,4,5,4,3,4,4,2,4,4,2,10,100,24,,,,,,,,,50,25,He's dying anyway,There is grace in this world.,1,6,1,55,2,1,3,5,3,1,1,,3
2026-07-02 12:56:08,2026-07-02 13:20:06,0,,100,1438,1,2026-07-02 13:20:07,R_5RWyeZaY2kY9O0F,,,,,,,anonymous,EN,1,P000394,7,7,7,7,7,7,7,7,6,6,7,7,2,4,7,7,7,1,3,2,4,"I believe punishment and fear of punishment is the best for deterring crime. For violent crimes especially. Violent criminals deserve the harshest punishments and shouldn't be let back into society at all. It's better for the general public if these animals are kept locked up in cages where they belong. ",2,6,1,1,4,2,7,7,9,7,7,7,6,5,7,1,7,6,7,6,4,2,6,1,6,1,6,7,4,4,2,1,2,1,2,1,6,4,2,5,2,7,2,6,6,4,1,6,6,7,5,2,6,3,3,3,2,1,7,2,7,1,1,7,6,2,2,5,7,7,4,7,1,6,2,2,6,5,5,47,,,,,50,50,"Doesn't matter if he is no longer a threat to society. It doesn't excuse what he did. He should be locked up for the rest of his life. Really, I think he should have gotten the death penalty in the first place.",Punishment is the most important thing. He shouldn't get out early just because he just happened to develop an auto-immune disease that paralyzed him. He may not be a threat to society anymore but that's just because of things outside of his control. He still killed someone and deserved to be punished for that. If the auto-immune disease makes his life in prison worse then that's all the better. Murderers and rapists deserve no mercy.,,,,,1,7,1,33,1,1,3,3,3,3,1,"The shark story isn't equivalent because animals do not understand human laws or values. They do not live under human laws. People that commit crimes do live under human laws and values and can consciously make the decision to break society's laws. Animals are inherently innocent because of their lack of understanding of human laws. If we assume that ""innocent until proven guilty"" is the standard (which, let's be real here, it really isn't for most people) then animals would always be innocent if they cannot undergo a fair trial. Since putting an animal on trial would be impossible since it cannot defend itself, we assume that the animal is innocent. Now any animal that is infected with rabies or incredibly, consistently violent towards humans probably should be killed for the safety of everyone, and to put the poor thing out it's misery. But a one off attack should not result in the animal being killed.",2
2026-07-02 13:02:30,2026-07-02 13:22:06,0,,100,1175,1,2026-07-02 13:22:06,R_3DT0DIxsIy6hBL3,,,,,,,anonymous,EN,1,P000138,5,3,2,4,3,2,3,1,5,1,4,4,3,6,2,3,6,3,4,1,2,Deterrence doesn't work,7,1,7,7,1,1,2,1,9,4,1,2,1,2,1,6,5,5,6,1,1,7,5,6,6,6,3,6,4,1,7,1,2,1,2,1,2,1,7,2,2,2,3,2,3,1,7,6,1,1,1,5,6,1,7,1,1,1,7,1,1,1,1,7,7,2,2,6,7,1,1,1,2,7,1,1,5,5,5,47,23,23,The victims age and the severity of the crime,I'm not sure,,,,,,,,,1,7,1,47,1,1,6,2,3,3,3,,1
2026-07-02 12:25:34,2026-07-02 13:22:30,0,,100,3416,1,2026-07-02 13:22:31,R_3fYSi7RLf6EHK8W,,,,,,,anonymous,EN,1,P000586,7,7,5,6,6,6,4,7,6,6,7,6,4,6,6,5,6,1,2,4,3,"Yes there should be punishment for any crime committed, which should be also a way from keeping other from commit crime. then comes prison that should be a rehabilitation place for some criminals, then when people are locked up they should not be able to commit crime.",3,5,3,5,5,3,5,3,9,3,3,5,4,5,3,2,3,3,4,3,3,3,5,5,5,4,4,3,4,4,6,5,5,5,3,2,6,5,5,3,4,3,2,4,5,3,5,5,3,5,5,5,5,3,4,3,6,4,5,4,5,5,5,3,5,4,4,4,5,5,3,4,2,5,3,5,4,0,100,24,,,,,,,,,35,30,"He already got some blow as well, that's why I gave him 3 decades","He take the live of someone else, the punishment should be live in prison, but based on history, I would like to not go beyond.",2,5,4,55,2,2,4,3,3,1,1,N/A,3
2026-07-02 12:48:54,2026-07-02 13:24:26,0,,100,2131,1,2026-07-02 13:24:26,R_7QtFYnBFzbXzlr3,,,,,,,anonymous,EN,1,P001311,6,6,6,6,6,6,6,6,6,6,4,4,4,6,5,6,6,4,2,3,1,"The main reason to punish a criminal by imprisonment is rehabilitation so that thye can reform and be law-abiding citizens hence it forms the main reason for punishing a criminal. ",3,4,2,6,5,3,6,3,9,2,6,2,5,6,3,2,6,4,2,3,5,2,6,6,5,4,3,4,4,5,7,6,4,2,3,2,4,5,6,4,5,4,6,5,5,6,6,2,2,2,2,6,7,2,6,4,6,5,4,5,3,1,1,7,7,1,1,7,7,3,4,3,2,6,2,2,6,5,5,47,,,,,35,35,I would still sentence Darryl to 35 years in prison for comitting a second degree murder and violent behavior that was unprovoked.,The sentence will help to reform Darryl's behavior so that he learns to restrain and solve differences through dialogue and not fights.,,,,,2,7,7,29,2,7,4,6,2,1,1,The study was meaningful and engaging.,2
2026-07-02 13:21:17,2026-07-02 13:34:42,0,,100,805,1,2026-07-02 13:34:43,R_5SShBcq8iGVovFn,,,,,,,anonymous,EN,1,P001809,6,3,6,3,7,3,5,3,3,5,7,5,6,5,3,5,3,1,4,3,2,i ranked them from the general knowledge to other lesser reasons,3,5,5,3,6,6,3,3,9,6,3,2,3,6,6,5,2,6,6,2,6,2,2,6,5,2,3,6,4,6,3,3,3,6,6,3,3,6,3,5,4,3,6,6,3,5,3,6,3,6,3,6,2,6,3,6,3,2,6,5,6,6,6,3,3,2,7,6,6,6,3,6,1,6,2,5,3,7,63,38,,,,,28,32,because it is an offence you cant come back from,,,,,,2,5,4,57,1,2,4,5,2,1,1,,2
2026-07-02 13:27:38,2026-07-02 13:43:11,0,,100,933,1,2026-07-02 13:43:12,R_5kLfLiwadLf356k,,,,,,,anonymous,EN,1,P001399,7,7,5,6,7,6,4,2,6,4,6,7,3,1,5,5,7,1,2,3,4,"yes they do deserve it, it sorta stops others but theyre going to break the law regardless, no they can not commit some crimes while in, and no i do not believe its a rehab",1,7,1,7,7,1,7,7,9,1,1,7,1,7,1,1,4,5,3,3,1,1,7,1,7,7,7,7,4,1,7,1,1,1,1,1,5,7,3,2,4,6,2,4,6,6,7,1,6,7,6,3,7,1,7,1,6,1,7,6,6,5,1,7,1,2,1,7,7,5,3,4,1,1,4,4,1,5,100,24,,,,,50,50,a life for a life,keep him locked up forever,,,,,1,7,1,40,2,4,2,6,2,1,1,,2
2026-07-02 13:33:30,2026-07-02 13:44:49,0,,100,679,1,2026-07-02 13:44:50,R_1GCVxQWqH8PAoiv,,,,,,,anonymous,EN,1,P000214,7,7,7,7,7,5,7,7,7,7,7,7,7,7,7,7,7,3,2,1,4,"Preventing crime should be the most important factor, and I ranked the choices based on that factor.",1,4,4,4,3,1,4,3,9,3,4,4,4,4,4,4,5,4,3,2,4,4,6,4,4,4,6,6,4,4,7,2,5,4,4,1,4,4,7,1,2,4,3,5,5,5,6,4,3,4,4,6,6,2,6,3,1,1,7,2,4,1,1,6,7,1,6,4,7,2,1,7,6,6,1,1,4,10,5,47,,,,,30,25,Reduced the sentence because of the reduced threat.,"Rehabilitation and safer society. ",,,,,1,6,1,49,1,2,6,3,1,3,1,,2
2026-07-02 13:04:37,2026-07-02 13:44:51,0,,100,2413,1,2026-07-02 13:44:51,R_3ZTZbRtO5wI67nR,,,,,,,anonymous,EN,0.20000000298023224,P000651,2,4,5,2,2,2,2,2,2,2,3,2,2,2,2,2,2,2,3,1,4,I feel like rehabilitation is often the last thing on people's mind when it comes to punishing criminals.,3,1,1,2,2,1,1,1,9,2,2,7,1,7,2,1,1,1,6,1,1,4,3,7,7,6,1,3,4,5,6,1,6,1,2,1,6,7,4,6,1,1,4,1,1,3,6,6,1,1,1,7,7,1,7,1,1,1,7,1,1,1,1,7,7,1,1,7,7,1,1,1,1,7,1,1,7,5,5,47,,,,,,,,,28,20,"I think that with the circumstances, Darryl does need consequences. I don't believe that there should be no punishment, but I believe that there should be rehabilitation. ",I hope he will reflect on his actions and face the severity of what he's done. I hope he'll feel remorse and work to change himself.,1,7,1,20,2,2,4,1,3,3,2,"I have no suggestions, but I want to make it clear that I am not advocating for absence of justice. When answering the questions, I was considering that there are people punished too harshly for light crimes, due to a number of factors (such as race), and people who are let off for very serious crimes, like rape and pedophilia. I believe in rehabilitation, but I don't believe rapists and pedophiles deserve a kind sentence. At the same time, I don't believe the power to kill should be in the hands of the government, because too often there are miscarriages of justice.",3
2026-07-02 13:10:02,2026-07-02 13:50:16,0,,100,2413,1,2026-07-02 13:50:17,R_6170TpNs0nJtaGu,,,,,,,anonymous,EN,1,P000947,7,7,6,7,7,1,4,1,5,7,4,7,1,3,1,1,4,1,3,2,4,"Because I feel that all criminals, if they commit a crime deserve to be punished. I believe while they are locked up they can not commit other crimes, I then feel that while prisoners are locked up they can get rehabilitated, but not all use the resources.",4,6,1,6,7,4,7,7,9,5,1,7,7,6,1,6,7,7,4,1,1,2,7,1,4,1,7,7,4,2,6,7,1,3,4,1,6,6,6,2,1,3,1,7,3,5,4,5,7,6,6,2,4,5,4,4,4,4,7,4,5,1,1,7,7,1,1,7,7,6,1,6,1,5,1,1,6,10,5,24,,,,,,,,,50,25,I feel he commented murder so he has to be punished accordingly regardless of his condition.,"I hope it will teach him that taking someones life for your own satisfaction is not right, and needs to be punished.",1,6,4,55,2,2,3,4,3,3,3,,3
2026-07-02 13:12:39,2026-07-02 13:51:56,0,,100,2357,1,2026-07-02 13:51:57,R_7HpKsAwcQUrkSs3,,,,,,,anonymous,EN,1,P000137,7,7,5,5,7,7,5,6,7,6,7,7,6,7,7,4,6,1,3,4,2,"I think it's better for society when criminals receive their punishment because first and foremost, I believe that their punishments are well deserved. I'm seeing too many instances of criminals, with repeated offenses, getting arrested and getting released back on to the streets which makes it seem like people can commit crimes without impunity. 

I also understand that not all criminals are necessarily bad people and some commit crimes because their life circumstances are desperate enough that they have no other choice, so prison can probably help them assuming the systems are setup properly that will benefit society as a whole (in reality, I don't believe that's the case because felons lose a lot of rights once convicted and their lives are significantly harder. But in a perfect world, if a criminal actually gets rehabilitated and reintegrated into society so they'd become upstanding citizens, it's beneficial in the long run). 

While punishment like long prison sentences or death sound like a deterrent for average people, I feel that those who commit crimes to warrant such punishments probably do not care about those deterrents.

The prison system, as it stands, does not protect prisoners from crime. I've heard many horror stories of prisoners committing crimes within prison so the reason of ""While they are locked up, prisoners cannot commit other crimes."" to be invalid. ",4,5,4,4,6,2,6,4,9,4,2,3,3,4,2,2,7,3,7,2,1,7,6,7,7,6,6,7,4,4,7,2,5,6,3,1,6,4,3,6,1,1,5,1,5,6,5,7,4,1,1,1,7,1,4,1,3,1,7,2,4,1,1,7,7,1,1,7,7,7,1,2,1,5,2,5,4,10,5,47,30,50,"Because Darryl is convicted as a felon, he lost many rights to allow him to actually function in society and having a severe disability will leave him with a slow and painful death if he were released on his own devices. Assuming he is imprisoned with facilities to accommodate his disabilities, his basic needs to survive with some semblance of dignity would be met (food, shelter, etc).","I don't know if the sentence will actually accomplish anything because even if Darryl no longer imposes a threat to society, he killed a girl that had barely started her life and no matter what, she's not coming back. He may have been desperate and angry when he committed the crime, but I feel he needs to spend the rest of his life having to live with the fact that he took the life of a child. 

If he's at all regretful of what he did, he will also be living with that regret and perhaps he will be allowed to use that regret better himself as a person.",,,,,,,,,1,7,1,38,2,3,4,2,3,1,1,"You should mention in the description that there are writing portions. 

Also, there was one math question that I had trouble with, which is regards to the lily pads and lake. The unit asked was minutes but, there aren't enough ""minutes"" in the options. Did you mean ""days""? I assumed days, so I answered in ""days"".",1
2026-07-02 13:37:22,2026-07-02 13:52:46,0,,100,923,1,2026-07-02 13:52:46,R_7QzXIPqkfxn7jHd,,,,,,,anonymous,EN,1,P000753,7,6,7,7,6,7,7,7,6,7,6,7,6,6,6,7,6,1,2,3,4,"A crime that harms someone or puts you at an unfair advantage taking away from others should be punished. jail prevents more crime and gives the state a chance to rehabilitate criminals. ",4,3,3,5,2,1,4,4,9,3,4,7,4,4,5,3,5,4,5,1,4,1,5,5,5,5,4,5,4,3,5,4,4,3,4,4,3,2,6,2,3,4,4,4,4,4,5,4,3,1,1,4,4,4,3,4,5,4,4,4,4,2,2,6,6,1,1,6,6,6,1,2,1,5,4,4,1,10,100,24,30,45,"Daryl targeted a young girl. He had intent to harm because of his actions the minor was killed fighting for their life. ","Fear, in hopes no one else will target a minor for no reason other than self-pleasure or sick actions ",,,,,,,,,1,7,1,41,1,4,3,4,3,1,3,"i loved it would have liked a little more detail though ",1
2026-07-02 13:32:20,2026-07-02 13:59:07,0,,100,1606,1,2026-07-02 13:59:08,R_5Be4k3sPxUg9CLv,,,,,,,anonymous,EN,0.8999999761581421,P000399,5,5,4,4,4,5,5,5,3,5,5,5,5,6,4,5,4,4,2,3,1,not all criminals deserve punishment  because  how can you punish with a thorn in your neighbors eye when you have a plank in yours,5,3,3,5,4,3,5,4,9,2,3,3,3,5,3,5,3,3,2,3,3,5,2,5,5,5,3,5,4,3,5,3,4,4,4,3,4,4,5,3,3,3,5,2,2,3,6,4,2,3,4,4,5,5,4,3,5,6,3,4,4,4,3,5,5,5,2,5,5,4,3,4,3,3,5,4,3,10,100,24,,,,,,,,,30,25,Paralyzing alone can be a form of punishment but all in all what would Jesus do in this situation," using better programs to help people to over come anger  and find the root cause to rehabilitate ",2,4,4,58,1,1,5,4,3,1,1,,3
2026-07-02 14:13:23,2026-07-02 14:42:10,0,,100,1726,1,2026-07-02 14:42:10,R_3TLXJIuRgojkg5J,,,,,,,anonymous,EN,1,P000800,5,5,5,6,5,5,4,5,7,5,6,6,5,7,6,5,6,1,2,3,4,I chose this format because when they get punished they then realize the mistake they have done and the rehabilitation process can start.,3,6,2,3,5,4,6,4,9,4,5,5,5,5,4,4,4,5,4,3,5,5,7,4,5,5,4,1,4,4,4,4,5,6,4,4,7,7,5,7,7,2,2,5,5,5,4,5,6,4,6,4,6,3,4,4,6,5,5,6,6,5,4,5,3,3,4,4,5,5,3,3,2,5,3,6,6,10,100,47,30,25,"This is a serious crime which resulted to death ",I hope it holds him accountable for his actions and will serve as a remind to others too not to repeat,,,,,,,,,1,5,6,62,1,2,6,2,2,1,1,,1
2026-07-02 14:30:41,2026-07-02 14:43:07,0,,100,745,1,2026-07-02 14:43:08,R_5goKjlDrxgfVqJP,,,,,,,anonymous,EN,1,P000874,6,7,7,7,7,7,5,7,6,7,7,6,3,7,5,6,6,1,3,2,4,"I have a very strong justice meter, and I think that when people do harm and commit crime, it is only just to punish them for it. Society has a moral obligation to. I also think the next most important issue is public safety, which is achieved when criminals are prevented from committing more crimes. Punishment also serves as an important warning to deter people from committing crimes, and usually works on the average person but there will always be people who don't care. And finally, rehabilitation only works for certain people and for minor crimes. I don't think that should be the goal for major felonies. ",3,5,2,4,6,5,6,6,9,6,6,5,5,6,4,3,6,6,6,5,2,4,4,3,3,2,5,5,4,5,7,4,5,4,5,1,5,4,6,3,3,3,2,3,5,5,3,4,5,5,5,6,5,3,5,3,5,7,2,6,6,3,2,5,5,5,5,6,6,4,5,5,3,5,3,4,5,5,5,47,,,,,45,30,"He should be punished duly for his actions, even if he was a minor at the time. However, if he is no longer a threat to society, perhaps he could be released early on parole. ",Justice and retribution for his murder.,,,,,2,6,4,19,2,3,3,6,2,1,1,,2
2026-07-02 14:59:54,2026-07-02 15:29:14,0,,100,1759,1,2026-07-02 15:29:14,R_6oASChNeVJ82HWJ,,,,,,,anonymous,EN,1,P001101,5,5,5,5,6,5,7,6,5,6,5,6,3,5,5,6,6,3,2,1,4,"I ranked them the way I did because it seems obvious to me that someone who is locked up can't commit more crimes, at least not in the community. I also believe punishment deters people from committing crimes in the first place. I do personally think criminals deserve to be punished but it's not high on my list of reasons they should be. Last, I don't really believe prisoners get rehabilitates for the most part...I think a lot of people come out of prison having learned to be better criminals and that's a real problem. ",3,3,2,5,5,2,5,5,9,4,3,2,5,6,2,2,5,6,6,3,3,4,6,3,6,3,5,5,4,3,6,3,3,2,4,1,5,5,6,2,3,4,2,3,4,5,6,4,2,2,2,3,5,3,6,3,2,2,6,3,4,1,1,7,7,2,1,7,7,3,1,2,1,6,2,2,6,5,5,47,50,50,"I think that if you murder someone, you should get life in prison. The details don't really matter because someone is dead because of the criminal's decisions. I don't really care if he's not a threat, the 50 years is his punishment, not to keep him off the streets.","It will accomplish punishing him for what he did, and hopefully deter others from doing the same. ",,,,,,,,,1,5,1,49,2,1,2,2,1,1,1,"yes, the last page asked about race, but wouldn't let me select more than one and didn't have an option for biracial. ",1
2026-07-02 15:31:56,2026-07-02 15:41:36,0,,100,580,1,2026-07-02 15:41:37,R_7g6MIbAOIJrOdRp,,,,,,,anonymous,EN,1,P001107,5,5,5,5,5,5,5,5,5,5,5,6,5,5,5,6,5,2,4,1,3,it just makes senes,4,3,4,5,4,3,5,5,9,4,4,3,5,3,4,2,4,4,4,3,3,4,4,4,3,4,4,4,6,3,3,3,4,5,5,5,3,4,3,4,3,4,3,4,4,4,3,5,4,3,4,4,4,3,5,4,4,4,3,3,5,3,5,4,5,3,3,4,3,4,5,4,3,4,3,4,5,10,100,24,,,,,23,14,I think he deserves it,he helped but get less time,,,,,1,5,5,20,2,4,3,5,2,3,3,,2
2026-07-02 15:40:36,2026-07-02 15:54:36,0,,100,840,1,2026-07-02 15:54:37,R_3z6WaLtb0KtGV77,,,,,,,anonymous,EN,0.699999988079071,P001815,6,6,6,6,6,7,5,7,5,7,6,6,6,6,6,6,6,1,3,4,2,criminals do not deserve to live free,3,7,6,6,6,6,6,7,9,7,7,7,5,6,7,2,6,5,6,3,6,7,7,6,6,6,5,7,4,6,6,5,6,6,5,5,5,5,6,5,5,6,2,6,7,7,5,6,3,5,5,5,6,6,5,6,6,6,7,6,6,6,5,4,6,7,6,6,5,7,3,2,2,1,7,6,1,10,100,24,,,,,,,,,50,50,daryl killed a man and deserves to be punished,rehab,2,7,1,35,1,3,4,5,2,1,1,,3
2026-07-02 16:09:24,2026-07-02 16:26:45,0,,100,1041,1,2026-07-02 16:26:47,R_5e5wKCV2Fj6MsT0,,,,,,,anonymous,EN,1,P001733,7,6,7,7,7,7,6,7,7,7,7,7,6,7,7,7,7,3,2,4,1,While prisoners are locked up they cant commit crimes on civilians.,2,6,1,1,1,2,5,7,9,4,5,2,4,5,3,5,6,5,5,3,5,6,4,3,5,3,5,4,4,4,5,5,5,5,6,4,2,1,5,1,2,4,2,5,6,2,4,5,6,4,5,3,5,5,3,3,6,6,4,5,6,4,4,6,5,4,5,5,5,5,4,6,5,5,2,5,3,10,100,28,,,,,,,,,35,20,"Based on the crime, I still gave him 20 years due to the severity.",I hope he can understand and change his ways during those years.,1,7,4,35,1,2,5,7,2,3,1,Great survey.,3
2026-07-02 16:16:56,2026-07-02 16:51:40,0,,100,2083,1,2026-07-02 16:51:40,R_3fll2cuQn0q0G6v,,,,,,,anonymous,EN,1,P001920,7,7,7,7,7,7,6,7,7,7,7,7,4,2,6,7,7,1,3,2,4,"Criminal deserve all the punishment they get. These criminals need to learn how not commit crimes, i order to get out. They should shouldn't be released until they prove that they will not commit crimes again. Some criminals should Never get out!",4,7,1,1,4,4,7,6,9,7,7,6,7,7,7,1,7,7,7,7,7,1,7,3,3,4,6,7,4,4,6,5,6,7,4,1,6,7,3,7,7,7,1,1,7,7,1,7,7,7,7,1,4,7,1,7,6,7,4,7,7,7,3,4,1,7,4,1,1,7,6,6,3,1,7,7,4,10,5,24,,,,,50,50,He committed a serious felony. He deserves to spend the rest of his life in seclusion in prison.,To take one maggot off of the streets.,,,,,2,5,4,55,1,1,6,5,2,1,1,No comments to present.,2
2026-07-02 17:33:29,2026-07-02 18:00:49,0,,100,1640,1,2026-07-02 18:00:50,R_5qlzJhgtOf2ofjX,,,,,,,anonymous,EN,1,P001596,7,7,7,7,6,7,7,5,7,7,5,5,3,4,5,5,7,2,3,4,1,criminals should be held responsible for their crimes. however society should stress rehabilitation while in jail. it would benefit society to not have criminals going in and out of prison constantly.,7,3,1,7,5,3,5,1,9,1,5,7,1,7,3,3,1,5,1,1,5,3,6,5,5,7,5,6,4,1,7,1,5,1,5,1,4,2,6,2,2,3,4,4,5,3,5,2,1,3,1,5,4,1,5,1,1,1,7,1,1,1,1,7,7,1,1,7,7,5,1,1,1,7,3,3,5,10,5,47,30,5,"i know he deserves to do time. but be paralyzed it does not matter where he does his time. so give him a symbolic 25 years, maybe all 25 years to be served if he commits another crime.",i don't feel his medical needs could be properly met in prison. so let him know if he commits another crime he will be gone for 25. but for now he will have access to better medical aid.,,,,,,,,,1,6,1,66,1,1,3,1,1,3,3,,1
2026-07-02 19:37:23,2026-07-02 20:17:23,0,,100,2400,1,2026-07-02 20:17:24,R_3nwPcz1hlz4BNdw,,,,,,,anonymous,EN,1,P000988,6,6,5,6,6,6,5,6,6,6,5,6,6,6,5,5,6,1,2,3,4,Dont do the crime if you cant do the time. Criminals must be punished it deters other criminals they cant do anything while in jail and some people do get schooling in prison.,4,2,6,7,1,1,5,2,9,1,2,7,4,7,7,4,5,6,3,1,1,4,6,6,7,7,6,3,4,3,7,1,1,1,1,1,7,7,7,1,1,1,5,1,1,1,7,3,1,4,2,7,7,1,7,1,4,5,4,3,4,4,1,7,7,1,1,7,7,5,1,1,1,6,1,3,7,10,100,24,15,10,"Even if paralyzed he still has to serve prison time For him,  Frankie and Frankie's family.",So Frankie and Frankies will feel he was punished.,,,,,,,,,1,4,1,55,2,4,3,4,2,3,3,I think it was great different a nice change of pace.,1
2026-07-02 19:56:01,2026-07-02 20:22:06,0,,100,1564,1,2026-07-02 20:22:06,R_3vbXB9IAwIABtmN,,,,,,,anonymous,EN,1,P000081,2,5,3,5,5,3,2,5,5,5,3,5,2,6,1,1,5,3,2,1,4,"No. 1 is for safety of the community. 2 and 3 seem like the best order. As for 4, I'm not sure prisoners actually get rehabilitated.",5,4,3,7,5,2,7,1,9,1,1,5,1,7,1,1,5,6,5,1,2,3,2,7,5,3,1,3,4,2,7,1,1,1,3,1,7,5,2,3,3,3,2,3,5,4,7,2,2,1,1,7,6,3,7,1,1,1,6,2,1,1,1,7,7,6,1,7,7,5,1,1,2,7,1,1,1,10,20,24,,,,,,,,,40,30,I gave a lower sentence because he was a minor.,"He was very close to a legal adult, and the crime was premeditated and savage. The punishment probably won't make him law-abiding, but he will be off the streets.",1,5,1,75,2,1,4,2,1,2,2,"Enjoyed the study! BTW, my husband is a defense attorney.",3
2026-07-02 21:00:56,2026-07-02 21:26:24,0,,100,1528,1,2026-07-02 21:26:25,R_1QRBn2AWbQ7java,,,,,,,anonymous,EN,1,P000801,6,6,6,5,5,5,4,5,5,6,6,6,1,3,5,5,5,1,3,2,4,"Victims should be able to get justice and so criminals should be punished.  Also, while they are locked up they could not commit more crimes.  I'm not sure that it deters other criminals and I don't believe any real rehabilitation occurs in prison, so those were lower on my rankings.  ",4,3,3,5,5,2,3,5,9,5,5,4,3,6,3,2,6,6,5,3,3,3,5,6,6,3,5,5,4,5,7,2,2,2,4,1,6,5,7,3,2,2,4,5,5,5,6,5,3,2,2,7,5,2,7,3,2,2,6,4,4,2,3,5,6,5,4,5,4,2,1,3,1,5,5,6,5,10,5,47,,,,,25,15,"I recommended this sentence because part of the considerations would be his posing a threat to society.  Due to his paralysis, he wouldn't be much of a threat to anyone. ","Justice for the victim and her family and punishment for the criminal. ",,,,,1,7,1,57,2,1,5,3,3,1,1,,2
2026-07-02 21:50:17,2026-07-02 22:22:56,0,,100,1958,1,2026-07-02 22:22:56,R_60rxCZE6KWddXJ0,,,,,,,anonymous,EN,1,P000133,7,7,6,7,7,6,6,5,7,7,6,7,5,6,7,6,6,2,1,3,4,"When a criminal see another criminal being punished for their crimes,  it gives a warning to the criminals to stay away from the crime. Also, criminal need to punished to keep the society safe and secure. .",1,6,1,5,6,5,7,6,9,5,5,6,5,5,4,2,5,5,4,4,5,5,5,5,5,3,4,5,4,4,4,5,4,5,4,4,5,5,4,4,4,6,3,4,5,6,5,5,4,4,5,6,6,5,4,4,4,5,6,3,4,3,5,6,6,3,2,5,6,2,1,5,4,4,5,5,4,5,5,46,,,,,,,,,27,5,As Darryl recently contracted a severe autoimmune disease that has permanently paralyzed his limbs so he is no longer a big threat to society.,It should show that the purpose of the law is to protect society from any kind of harm.,2,6,3,25,2,3,4,4,2,1,1,"The study was unique and engaging, I really enjoyed it.",3
2026-07-02 22:17:25,2026-07-02 22:49:16,0,,100,1911,1,2026-07-02 22:49:17,R_1TLQbRqsGU8A4rn,,,,,,,anonymous,EN,1,P000175,5,5,3,3,4,3,4,5,5,4,5,5,3,5,4,3,4,4,3,2,1,"Because punishment is not a one size fits all solution and it shouldn't always result in jail. Also, many of the worst criminals don't ever see jail because we live in a two tier system that rewards bad behavior for the rich and privileged and unfairly penalizes the poor, people of color, and other marginalized groups. ",5,2,3,5,1,2,7,3,9,1,2,5,1,4,2,2,3,3,3,3,3,4,3,5,5,4,2,5,4,2,5,2,4,1,3,1,4,3,4,2,2,3,4,3,3,3,5,3,2,3,2,5,7,2,5,2,2,1,7,2,2,1,1,7,7,1,1,7,5,4,1,1,1,7,1,1,7,5,5,47,50,25,"I assume the information presented that Darryl has an autoimmune disease paralyzing him and making him no longer a physical threat is true. Therefore, he still must be penalized for the crime of murder, but he may likely not live long enough to survive in prison for 50 years. ","Punitive and safety for the public but also reflecting the circumstances of the person who committed the crime. I would recommend lifetime monitoring and essentially house arrest after the initial prison sentence was fulfilled, along with extensive rehabilitation programming.",,,,,,,,,2,5,1,52,3,6,4,1,3,3,2,"I understand the need for cognitive data, however, it was unnecessarily discriminatory. As someone who lives with long Covid, and several other chronic health conditions that directly affect memory, cognitive and also mathematical skills, this proves to make this study unfairly biased against us and others with disabilities. We have a multitude of other equally valuable skills beyond one size fits all cognitive and math tests! Please do better and address this. ",1
2026-07-03 16:43:02,2026-07-03 17:10:00,0,,100,1617,1,2026-07-03 17:10:00,R_37e5e0QC8RzXdaV,,,,,,,anonymous,EN,1,P000256,7,7,7,7,7,6,7,7,2,7,6,7,2,2,7,7,7,1,3,2,4,Criminals cause bad things to happen to others. It serves them right to get a taste of payback. They also have a hard time doing more crimes while in jail. A lot of people openly say they don't do certain crimes because they don't want to go to jail. But the rehabilitation part is wrong. They don't rehabilitate so much as just get too old and feeble for basic-tier criming.,2,6,1,5,2,1,2,7,9,7,7,7,6,7,1,1,2,5,4,6,5,2,6,5,5,2,6,7,4,2,7,2,1,1,2,1,3,3,3,1,1,5,2,5,6,6,6,7,1,5,5,5,5,2,7,2,6,2,3,5,5,6,6,2,6,7,7,2,7,7,3,1,6,2,6,7,2,10,5,47,,,,,50,30,"He still deserves to go to prison for a long time. He took a life with his violent, reckless actions. To let him off because he has it rough now would be a miscarriage of justice.",Justice.,,,,,1,6,1,57,2,1,3,6,2,1,1,"The key difference with the shark scenario is that we don't know if that individual shark chewed on the kid. If I knew for sure it was The One, I'd definitely terminate it.",2
